Protein	UniquePeptides	TotalPSMs	Cp1	Cp2	Lf1	Lf2	Mt1	Mt2	Cp1_noPF	Cp2_noPF	Lf1_noPF	Lf2_noPF	Mt1_noPF	Mt2_noPF
AT1G01050.1	2	3	0	20895991.32	340536500	251984510	56875791.51	45299561.04	0	0	168095860	251984510	0	0
AT1G01080.1	14	35	2187003335.77	554415338.946	2163210366	2164582009.949	417254489.063	618136362.55	1571612866.06	174635152.816	1182363230	1808578748.28	0	0
AT1G01090.1	12	24	1923516329.09	526478632.09	964673072	955494219.67	550236447.084	867393392.325	1508810388.69	336248025.04	244486552	583701939.36	0	0
AT1G01100.1	1	4	0	0	50186676	0	0	91835652.2	0	0	50186676	0	0	91835652.2
AT1G01140.1	1	1	0	0	26988270	26761006.71	27151185.98	12555421.94	0	0	0	26761006.71	0	0
AT1G01170.1	9	25	106660550.688	111271263.755	918792404	1112038370.84	12475197646.3	9330046097.6	0	0	563003576	993332310.84	11987750247.8	9330046097.6
AT1G01290.1	4	5	0	0	0	10143674.31	476562067.11	461912499.49	0	0	0	0	291714555.52	423771593.24
AT1G01300.1	2	2	0	3541547.674	213797296	166527115.32	32537980.424	25655524.89	0	0	85142544	98867289.43	0	0
AT1G01320.1	4	7	24740267.33	0	181883988	117848792.38	77088262.95	103125671.97	0	0	141214396	37283192.25	77088262.95	22181403.15
AT1G01370.1	4	5	0	0	0	0	633343154.61	807952499.44	0	0	0	0	633343154.61	0
AT1G01420.1	3	3	72581247.46	0	48182805	132866483.67	0	0	0	0	0	132866483.67	0	0
AT1G01470.1	4	5	5328717.422	0	1755432768	1300927148.679	99881594.7	85446047.26	0	0	1005941760	799787514.1	60144084.04	0
AT1G01620.1	2	4	0	0	688616208	145978537.4	36553602.74	104461336.1	0	0	688616208	145978537.4	36553602.74	0
AT1G01725.1	4	9	11810037.045	19300049.332	37471623	102154897.07	852624775.98	989147954.07	0	12171658.64	0	29629725.04	852624775.98	907298200.93
AT1G01790.1	17	36	1418785742.1	461670193.34	1287117741	1631094429.766	427432148.646	392149709.39	1230969541.18	199756789.71	493004276	1071832603.56	45563135.53	0
AT1G01800.1	6	10	37522502.261	46249924.07	1031631256	1354352972.8	52394472.781	48747888.17	0	0	1031631256	562202284.2	0	19361107.67
AT1G01820.1	3	6	19106898.27	0	194130648	206498688.08	369872516.517	242381350.9	0	0	156428792	0	363027282.97	227282448.69
AT1G01900.1	1	1	0	4661447.619	18562710	27473085.89	0	0	0	0	18562710	0	0	0
AT1G01910.1	2	3	0	0	97807332	74005465.44	17233645.6	88372356.442	0	0	97807332	39988562.3	0	0
AT1G01960.1	4	5	13011096.66	0	128434238	125306054.18	10130997.45	0	0	0	89163346	63415138.13	0	0
AT1G02090.1	2	2	0	0	64075748	46157808.66	0	0	0	0	64075748	0	0	0
AT1G02100.1	1	1	0	0	22270484	21483110.14	0	0	0	0	0	21483110.14	0	0
AT1G02120.1	1	1	0	0	20395104	24683876.13	26665643.11	32569570.29	0	0	20395104	0	0	0
AT1G02130.1	2	3	0	39159977.97	290368848	253772766.86	0	48723766.27	0	39159977.97	68498704	77583780.66	0	0
AT1G02140.1	3	4	0	24243170.24	252428160	253540826.95	14832775.54	0	0	0	143198024	213524452.64	0	0
AT1G02150.1	3	5	142384400.6	22337599.754	37230428	30051751.57	0	0	142384400.6	0	37230428	30051751.57	0	0
AT1G02160.1	3	4	0	5122323.651	21203715.5	0	392139083	531649243.68	0	0	0	0	230887714.3	503942975.8
AT1G02170.1	1	1	1204478.705	2280916.66	72442776	70698360.2	45643778.09	49381929.92	0	0	72442776	0	0	0
AT1G02270.1	1	2	0	0	0	0	55290760.84	53389085.32	0	0	0	0	55290760.84	53389085.32
AT1G02280.1	4	7	352089962.1	163433308.746	88117428	159721834.75	121642309.84	135580664.46	172145605.5	31772410.6	0	51008956.75	82896752.93	23045872.07
AT1G02305.1	3	5	0	10190383.78	73979812	22819739.71	106885685.38	0	0	0	73979812	0	85226628.67	0
AT1G02335.1	1	1	0	9409467.725	55143108	38437055.38	9229866854	9832157359	0	0	55143108	0	0	0
AT1G02360.1	1	2	0	0	44550132	37622012.53	6460709.912	10222936.34	0	0	44550132	37622012.53	0	0
AT1G02370.1	5	6	0	0	0	0	595166662.37	426066344.74	0	0	0	0	498929137.32	275390716
AT1G02410.1	5	7	0	5485777.285	10560069	16917256.24	524717658.67	333460489.36	0	0	0	0	524717658.67	162143241.5
AT1G02475.1	3	7	419020250.2	354956033.45	121720320	446447356.4	172762087.92	113741097.3	419020250.2	307535031.5	121720320	0	116582816.1	0
AT1G02500.1	3	4	66045698.88	21020671.158	484884560	379646086.5	180725299	250406854.69	0	0	404394432	239385002.8	0	101315978.3
AT1G02560.1	11	36	3898467226.355	1077480378.46	2255213422	1989201392.42	464061661.57	465432627.271	2624826881.2	759347214.53	1268598534	1532677049.8	0	0
AT1G02730.1	1	1	0	0	531825856	405741286.5	44416637.67	93028715.28	0	0	0	0	0	93028715.28
AT1G02780.1	7	26	35907745.99	59553226.243	1178584648	786373488.54	632184122.9	665707898.03	23112392.44	48916122.39	1169172880	781266667.89	459841628.13	325065071.38
AT1G02820.1	1	1	63903937.82	72462437.27	22543980	0	25742946.46	45933288.22	0	0	0	0	0	45933288.22
AT1G02910.1	14	29	950770200.268	1392061436.67	723316408	599572052.82	96926297.468	116775671.286	584554775.44	1392061436.67	209544064	117143283.98	0	0
AT1G02920.1	3	7	87342746.96	39332260.573	902223136	409116029.98	66369002.53	0	0	29900922.92	334661984	327812673.1	0	0
AT1G02930.1	6	15	87167860.88	167890490.428	1351174838	1668493130.37	220383133.14	256689020.33	25013617.47	43867477.95	1227724136	727241684.97	147295412.8	201893799.27
AT1G02950.1	1	2	0	0	58679512	41910583.85	0	0	0	0	58679512	41910583.85	0	0
AT1G03000.1	1	1	0	2845214.891	0	0	116354984.8	41324924.36	0	0	0	0	0	41324924.36
AT1G03030.1	3	6	97884483.26	52935047.14	80718402	159064310.22	11099659.02	0	73588587.29	52935047.14	0	68850266.36	0	0
AT1G03090.1	32	65	46775246.64	78863930	530537283.5	479471748.7	9677521931.84	8666842031.703	0	0	113008976	221217310.16	8877611489.12	7790531637.06
AT1G03100.1	1	3	137334817.8	111289056.7	762486528	915831764.4	39820019.15	28428568.53	0	111289056.7	762486528	915831764.4	0	0
AT1G03130.1	1	4	9081948091	12898039418	3654888960	0	0	0	9081948091	12898039418	3654888960	0	0	0
AT1G03160.1	36	75	2080363673.426	3017804061.95	991539318.5	1334029657.147	411503306.106	1107520154.893	1568393290.4	2469130394.26	268442885	641867105.63	0	0
AT1G03220.1	3	4	0	6234877.765	293346500	167805318.63	9094392.164	204698571.03	0	0	293346500	95091204.51	0	0
AT1G03230.1	5	7	0	48386432.933	263093488	117644921.07	6874141.342	0	0	0	263093488	54241135.78	0	0
AT1G03310.1	3	8	107997905.79	30327249.42	63818728	175470649.75	0	0	107997905.79	16653331.84	63818728	175470649.75	0	0
AT1G03330.1	2	2	0	0	138170932	110793944.6	5495469.195	889197918.44	0	0	138170932	0	0	0
AT1G03350.1	1	2	0	0	29827098	0	0	0	0	0	29827098	0	0	0
AT1G03400.1	1	1	0	8958570.768	12131670	10079628.55	0	0	0	0	12131670	0	0	0
AT1G03475.1	23	74	10515557419.82	3942837760.36	15286614408	13959154068.798	1591521574.313	2066397318.54	9728248156.22	1418220257.62	4791970291	4221373581.88	0	0
AT1G03600.1	13	73	18112386804.819	25951862072.27	12424952017	12743158933.12	7856612270.05	7777510751.68	14353922267.2	25928489284.9	9723483962	7634326166.3	4861293053.05	6117762707.08
AT1G03630.1	21	83	6515331638.624	3927021276.696	3029639855	1987794475.927	1954234745.27	1469393811.5	5977376901.414	3725869139.05	1725869800	745920367.27	1599310613.82	772647736.92
AT1G03680.1	6	28	7277362257.5	2294050749.43	7039331824	8748577253.6	73614140.194	48113247.25	4838988913.5	1281046146.03	7039331824	6324228435.6	42023685.05	0
AT1G03860.1	15	38	18856941.575	178567540.6189	1057938920	1301979958.78	14401738258.9	17076192783.29	0	0	351621514	418635160.3	13754962807.6	14322147791.79
AT1G03870.1	5	16	0	0	1181996223.3438	1149382886.2	110763825.21	25068635.946	0	0	1181505404	1149382886.2	40578360.31	0
AT1G03900.1	2	3	0	8034292.517	125369368	17027024.76	13352402.28	0	0	0	125369368	17027024.76	0	0
AT1G04040.1	32	98	132688379.544	274643943.613	385665481.1094	345171719.51	44955599841.16	35595675240.87	0	9761074.936	76044232	46018131.29	38536057677.35	32239359614.87
AT1G04080.1	8	9	40944809.09	35399051.02	415758270	423851295.83	0	0	0	0	235162590	240860782.57	0	0
AT1G04170.1	5	6	37010641.79	0	384241456	257572762.11	41188219.06	70611672.1	0	0	349748696	55314659.34	0	39132878.57
AT1G04190.1	3	3	1906042.841	0	69467576	99371562.35	36519990.63	49335845.232	0	0	0	99371562.35	0	0
AT1G04210.1	1	1	19103569.4	31204814.79	10764155	12722533.25	0	0	0	31204814.79	0	0	0	0
AT1G04270.1	2	7	7944364.457	30129671.52	1093958080	1083790090.26	124609237.9	179801929.92	0	0	1093958080	1083790090.26	0	151148047.2
AT1G04280.1	3	5	27330667.85	0	0	5014039.533	115915705.1	101125968.95	0	0	0	0	115915705.1	72980598.53
AT1G04410.1	7	24	178272410.67	119885653.12	4070297040	3623492186.9	1203194309.65	1667574959.49	13408468.66	46831434.65	3988927752	3440179222.3	853612147.8	689392314
AT1G04420.1	10	33	1792509960.62	433393322.94	2229998928	2852906472.96	573424334.91	863988408.29	1707182296.17	201729682.04	1936989264	2633036460.26	0	0
AT1G04430.1	15	23	58044758.95	0	205906274	145179936.56	929763406.2	1278269298.12	0	0	80611622	0	834791466.73	860404700.29
AT1G04510.1	1	1	0	0	55062992	67181357.23	0	0	0	0	0	67181357.23	0	0
AT1G04530.1	4	8	0	0	296421624	199153114.47	13006422.58	30433324.61	0	0	296421624	183524451.32	0	30433324.61
AT1G04620.1	17	39	936459376.933	2137777971.476	564879805	973963639.124	167062346.61	220161579.56	823229348.1	2078339759.53	180664604	458507629.21	0	0
AT1G04630.1	2	5	0	0	70292680	48619800.06	777675401.8	834166260.1	0	0	0	0	777675401.8	834166260.1
AT1G04640.1	18	41	36630610.342	34758362.483	414502989.25	501230743.575	11412704384.94	8806375868.63	0	0	369410250.25	295771722.33	8007509530.24	7536381076.07
AT1G04690.1	12	25	53357426.058	49852679.533	2007658889	2006330927.63	574141795.31	370039060.01	0	0	1337402025	1632444914.73	340293405.88	68556761.5
AT1G04820.1	1	4	0	0	515048636	0	60536758.98	54115205.73	0	0	515048636	0	60536758.98	0
AT1G04850.1	2	4	0	0	93123552	109495773.42	0	0	0	0	93123552	109495773.42	0	0
AT1G04900.1	5	8	21925576.08	44220964.78	22062412	36575734.09	342151046.19	232342499.46	0	0	0	36575734.09	91819541.95	218930354.64
AT1G04910.1	1	2	0	3704400.866	0	7559087.951	39735389.83	22833235.48	0	0	0	0	39735389.83	22833235.48
AT1G04940.1	1	2	55280060.97	33474510.86	27128534	60094952.54	30903140.17	52111481.56	55280060.97	33474510.86	0	0	0	0
AT1G04980.1	2	3	0	0	94414828	25179424.515	29070838.94	13107096.69	0	0	94414828	16249602.83	0	0
AT1G05010.1	3	7	0	0	550423307	569970985.8	51575972.17	69128167.51	0	0	550423307	345450390.5	0	0
AT1G05030.1	2	2	20186801.002	49340278.15	0	0	0	0	13011670.42	18497264.19	0	0	0	0
AT1G05060.1	2	2	0	0	10595297	11065726.38	152875319.55	149818151.89	0	0	0	11065726.38	82347416.89	0
AT1G05140.1	5	9	167587488.08	304123559.58	54191193	116729408.65	25902220.37	148274120.34	167587488.08	304123559.58	0	0	0	0
AT1G05150.1	1	2	0	0	19735790	0	0	0	0	0	19735790	0	0	0
AT1G05180.1	1	1	0	3423187.117	173349360	0	0	20889628.83	0	0	173349360	0	0	0
AT1G05190.1	21	92	13792167478.78	3935079134.3	9600809228	7719513704.49	3773297882.76	3791726600.34	12170898355.4	2827397480.7	7929118176	7480903704.7	3156680316.12	2295410271.53
AT1G05205.1	1	1	0	0	0	0	89383304.74	110430086.8	0	0	0	0	0	110430086.8
AT1G05270.1	9	20	29730275.36	11481723.0196	203353923	211267767.71	1584261394.85	1435576636.22	0	231522.3566	0	0	1269323213.4	1435576636.22
AT1G05350.1	2	4	0	0	79140964	14268029.84	11823216.76	0	0	0	79140964	14268029.84	0	0
AT1G05385.1	5	10	357777187.45	259686495.34	176909498	310737995.11	12489062.14	47213022.39	103944100.7	197610576.4	100487492	247804128.95	0	0
AT1G05430.1	4	6	8957839.383	0	69082857	18701312.91	154402148.45	190894598.83	0	0	0	0	154402148.45	93426705.89
AT1G05500.1	4	6	0	0	148623618	173481814.54	168158538.47	99414966.5	0	0	96449798	25276672.05	60892640.57	99414966.5
AT1G05560.1	2	4	0	0	119374484	135419471.78	130352031.8	108378541.5	0	0	119374484	135419471.78	0	0
AT1G05940.1	1	2	0	0	12266864	11947129.81	0	0	0	0	12266864	11947129.81	0	0
AT1G06000.1	4	4	0	0	174379656	352482563.73	9303684.676	0	0	0	0	352482563.73	0	0
AT1G06130.1	8	19	75084854.799	38297818.966	355391397	337227900.25	2622217479.24	1525267198.22	68035545.18	0	60054712	267205749.43	2586316230.9	1430625594.2
AT1G06190.1	8	14	583991915.288	296786707.219	164719752	144966882.27	236151646.411	224283233.643	391097555.07	261624141.199	78989380	0	0	0
AT1G06200.1	2	3	0	0	14968447	12493100.34	81820892.52	105839463.57	0	0	0	0	81820892.52	83893129.57
AT1G06210.1	3	3	20778268.17	15564454.49	75076570	98767482.3	144497132.94	133913000.88	0	0	61331544	39978779.14	0	0
AT1G06220.1	2	2	0	8339159.759	52259088	50296450.26	30035949.66	0	0	0	36071224	18692382.23	0	0
AT1G06290.1	13	23	57387185.561	18104247.402	365747188	221701076.23	691680771.03	608677322.39	0	0	223118948	151984809.13	582498142.69	339902534.06
AT1G06400.1	6	14	5725374.132	103694779.457	576724248	357381892.14	85392950.78	141633469.84	0	72820720.89	476420288	89271711.49	0	108553333.4
AT1G06410.1	3	5	0	0	90000874	52152660.95	33020998.433	44774225.15	0	0	68558418	52152660.95	0	0
AT1G06430.1	11	37	2241404989.183	4720707430.72	1426444264	1525102411.57	717157351.82	255877149.23	2145342826.96	4630590827.61	1361964248	929229767.35	0	0
AT1G06460.1	10	23	41423402.629	109276298.824	168420714	214260418.52	3507490941.54	3830209323.41	0	0	76419624	114971139.07	2089079246.74	3729115660.13
AT1G06510.1	3	5	120040583.59	22089602.62	74253152	95296376.01	0	8760602.703	120040583.59	0	74253152	95296376.01	0	0
AT1G06530.1	30	71	100415037.784	19876792.318	819727564	678092739.565	15453946839.28	17307305412.1315	0	0	416975714	98185285.52	14478717965.38	15563938356.87
AT1G06640.1	2	3	0	0	206223800	162325999.77	7701186.46	10652627.62	0	0	206223800	90336339.79	0	0
AT1G06680.1	19	397	150973194448.239	160007608155.37	79928067540	77918015400.2531	4430585246.946	4237932016.25	150894960946.519	159891481310.07	79899297468	74085440443.12	3767968337.4	1935831989.9
AT1G06690.1	11	29	1675602664.38	1088953585.54	1391688984	2158780666.69	385344303.28	365739947.678	1528305031.08	559418317.39	862014624	1822878500.5	128404150.36	0
AT1G06700.1	2	2	3862705.372	0	0	0	1171395222.9	3753015442.83	0	0	0	0	27940147.9	3702606745
AT1G06760.1	6	10	1439829.551	19810980.69	39460911	36048314.2	921024049.97	898069582.95	0	0	0	0	921024049.97	610738689.1
AT1G06820.1	7	15	593221171.38	275621500.48	243318116	202973711.09	58271782.71	29413577.07	593221171.38	196268289.86	81894142	48751982.23	0	0
AT1G06890.1	3	4	3183399.173	9134799.213	158537562	16106482.25	218728920.59	187309948.74	0	0	0	0	218728920.59	91599502.87
AT1G06950.1	52	146	8143906719.348	2547468327.401	5516349147.25	4514146225.76	1806184879.966	1731824418.781	7134940989.77	1597949682.01	3566973952	2401471667.88	756305904.87	692296972.14
AT1G07010.1	1	1	0	0	9647116	59496028.19	0	0	0	0	0	59496028.19	0	0
AT1G07030.1	1	1	0	0	0	0	69079701.28	108875353.2	0	0	0	0	0	108875353.2
AT1G07040.1	12	23	223289401.158	47555862.28	226145565	367086457.03	1205644389.7	1007765450.36	184710592.75	12326442.42	112951004	68022623.07	1205644389.7	348913560.68
AT1G07090.1	2	3	4546799.44	17847158.953	0	14751916.18	100648315.94	78961833.78	0	0	0	0	100648315.94	57267034.66
AT1G07110.1	9	16	30145389.623	22783812.48	481260310	431362030.06	95236330.9	162231844.94	0	0	317838320	319479866.77	59916993.25	20581606.45
AT1G07140.1	4	14	2159905.028	3019513.574	1264405372.5	788250694.56	130354287.73	50059947.574	0	0	1161171260.5	788250694.56	20779368.08	0
AT1G07180.1	8	13	32335707.283	0	123481304	99601035	797263319.21	828994805.5	0	0	0	0	569271984.71	731978804.22
AT1G07210.1	3	4	0	0	13070132	9101682.984	152388565.87	162280832.74	0	0	0	0	152388565.87	60307483.08
AT1G07240.1	1	1	0	0	24372914	24713981.46	0	0	0	0	24372914	0	0	0
AT1G07250.1	4	5	0	0	164631996	157540608.86	11737825.27	17685556.58	0	0	81616552	117321841.68	0	0
AT1G07320.1	14	59	8913630870.08	3136045949.63	4894623125.13	4631804097.21	1161611451.629	1156085607.53	7715488780.08	2785882983.33	3242541683.13	3937371349.68	209026571.91	80224453.09
AT1G07440.1	3	3	0	0	69011348	478233804.32	0	29592448.32	0	0	0	478233804.32	0	0
AT1G07510.1	8	12	70300599.46	46914303.76	37382828	191083535.47	422522376.07	399542629.47	0	0	0	0	339259071.13	230898771.99
AT1G07615.1	2	3	2575012.231	0	0	0	80888718.42	85797486.74	0	0	0	0	80888718.42	47364451.29
AT1G07670.1	10	16	9048280.353	49876083.787	272483729	207925169.282	219536703.632	288950986	0	0	158230347	144658843.72	144416071.06	201385976.02
AT1G07700.1	3	9	187647695.98	38626977.81	168102432	223449095.6	64370161.25	56619196.85	187647695.98	13184869.69	91861520	61820384.33	0	0
AT1G07750.1	4	5	193116848.021	212246786.9	386234036	572690683.83	52093064.95	43870421.86	0	0	321516988	290708884.53	0	0
AT1G07790.1	2	5	135077224.7	56659182.9002	468005840	916854315.1	290837077	374055079.1	0	0	0	121789241.3	290837077	374055079.1
AT1G07830.1	3	5	551810778.7	2538973.902	81165582	164035252.6	192174292.27	271297933.15	0	0	0	0	29401895.07	271297933.15
AT1G07890.1	18	66	159313345.634	146691111.603	12953666304.8	15237371202.79	1328789579.79	1518063099.09	33767346.85	112040040.99	12876077416.8	13876519384.24	743750740.04	989994053.24
AT1G07920.1	36	198	3382511503.63	4857223683.981	79959201739.5	67278350464.24	51941052307.99	52333696242.38	2235251937.72	3311350883.61	79457474782	65334309042.39	50050875318.03	45591614947.56
AT1G07990.1	1	2	0	0	20928352	29493012.04	0	0	0	0	20928352	29493012.04	0	0
AT1G08110.1	10	32	390957714.41	470201915.002	1999297932	2238471349.52	557257498.625	323281981.21	323588916.26	50535014.61	1399628028	2148530066	302450539.18	196291049.73
AT1G08160.1	2	3	0	1949778.761	124419204	82905252.65	0	0	0	0	124419204	56254770.31	0	0
AT1G08190.1	1	1	0	4779014.352	12545884	32686346.18	0	0	0	0	0	32686346.18	0	0
AT1G08200.1	4	6	0	2530546.084	354142640	321310653.23	41800294.23	37922161.384	0	0	354142640	90240887.42	0	0
AT1G08220.1	4	7	0	0	0	0	325384581.137	304414158.47	0	0	0	0	325384581.137	193963969.28
AT1G08360.1	3	6	0	26853123.87	827729740	842530555.48	303789889.88	234433999.053	0	0	133665488	794309597.4	277744253.4	197778655.4
AT1G08370.1	2	2	0	0	80915808	69500990.35	12062617.04	0	0	0	38935260	40239621.89	0	0
AT1G08380.1	1	4	176114762.9	0	0	0	0	215117878.8	176114762.9	0	0	0	0	0
AT1G08420.1	3	4	21813423.079	0	102586850	141227286.64	14962796.26	19695364.896	0	0	74512784	141227286.64	0	0
AT1G08450.1	18	31	128892740.018	51804455.124	2843272833.5	1209769057.4	1462167729.593	1321437050.76	0	0	2187929177.5	422269801.72	1015085736.07	799361549.89
AT1G08480.1	14	34	153224614.5702	48973599.505	607799420	682757256.13	7887899189.545	9452676676.4038	0	0	473488416	415389938.46	7722422503.245	8970942356.7
AT1G08490.1	4	6	163307551.95	22159451.5	157653416.5	143545007.048	14241887.649	5654537.646	64357246.7	14615383.22	151818860	0	0	0
AT1G08520.1	25	48	2529966139.347	428604989.179	1200452556	696113981.19	620220667.472	406065543.995	2484327921.797	93248472.153	425806568	210562946.75	88699566.12	37674815.74
AT1G08530.1	1	1	26498578.43	15839456.02	0	0	4294530.407	0	26498578.43	0	0	0	0	0
AT1G08550.1	18	38	2082690227.381	2420022684.58	817628500.75	1101619056.1224	73748018.93	36181901.982	1536320392.71	2358823648.05	670020344	719279144.2	0	0
AT1G08620.1	1	1	0	0	0	0	28496787.05	52391167.82	0	0	0	0	0	52391167.82
AT1G08640.1	6	17	714719157.989	275186997.921	410716560	680575520.216	102773753.89	93132679.31	376493611.789	256769160.95	348096800	657256153.3	65810628.73	0
AT1G08660.1	1	1	7117600.612	12129303.32	11205360	13191143.6	0	0	0	0	0	13191143.6	0	0
AT1G08750.1	1	1	0	0	36282732	28514071.2	0	0	0	0	36282732	0	0	0
AT1G08820.1	1	1	0	0	25746930	27409510.38	0	0	0	0	0	27409510.38	0	0
AT1G08830.1	3	12	86876681.88	33583378.11	3730683104	3627792286	744937464.93	576322928.52	0	0	3730683104	3627792286	674257915.2	554379908.3
AT1G08880.1	1	2	11101441.89	38325989.13	6110372	0	146191683.4	0	0	38325989.13	0	0	146191683.4	0
AT1G08930.1	5	8	807626149.1	239857093.4	660954254	612535207.542	429227489.56	356816209.68	0	0	34281702	13189264.7	429227489.56	22767154.48
AT1G08970.1	2	2	19420937.19	4743974.821	152704036	93738251.07	117730252	159536681.12	0	0	152704036	0	0	0
AT1G08980.1	7	10	29579727.85	13274863.322	699626344	644254295.47	201996131.43	242130253.75	0	0	315335440	508617910.68	0	0
AT1G09010.1	7	9	59080262.626	0	425969536	212003087.149	167572302.008	207303273.168	0	0	320741100	209828151.14	0	0
AT1G09020.1	6	9	66416902.31	18387736.83	308075296	436881975.03	9478302751.76	20068089891.69	0	0	228781480	176747517.43	0	0
AT1G09070.1	4	7	4723110.386	3293797.868	751431952	233493596.773	308503806.78	162444027.2	0	0	165108944	0	273146974.77	134824174.09
AT1G09080.1	1	1	29920400	69760606.58	35325836	14766617.76	18593976.51	19624486.31	0	0	35325836	0	0	0
AT1G09130.1	11	32	1901796146.44	520321134.49	1377408888	1184712947.82	124585465.824	84236646.59	1783046929.92	383663741.96	882164276	1110822116.7	46846977.59	0
AT1G09210.1	13	31	30911581.503	13370334.589	2063926870	1649416618.47	452155914.67	400964285.56	0	0	1892246934	1420076256.97	269102784.3	164908454.23
AT1G09220.1	1	2	0	0	65897988	45561592.06	62567546.56	60216454.64	0	0	65897988	45561592.06	0	0
AT1G09270.1	2	2	0	0	114321304	81914508.03	0	0	0	0	114321304	0	0	0
AT1G09300.1	5	6	0	0	0	11106049.71	346761331.54	282885066.95	0	0	0	0	242923655.24	125773868
AT1G09310.1	8	15	517812976.28	102636924.71	4758003598	2996308921.32	538847766.154	462473840.17	0	0	2411444878	2909861348.87	472014220.04	209164620.2
AT1G09330.1	1	1	5543520.923	9198691.445	76553360	37458133.87	21589456.74	18483025.76	0	0	76553360	0	0	0
AT1G09340.1	36	219	42483049511.652	7273556316.55	36194212672	38016128742.004	14118874962.645	11929963092.3	36958716733.7	6740676558.09	32276325417	36149731745.6	10723875759.1	10428143615.65
AT1G09430.1	4	6	142133269.842	137705486.1	672845280	487444331.41	148035689.94	109827586.75	0	0	373746240	473074368.6	0	0
AT1G09490.1	2	3	4820618.045	0	64800320	82097237.95	0	53147649.91	0	0	45731832	82097237.95	0	0
AT1G09560.1	2	6	64247610	284991832.2	387081223	241862375.43	12295927.59	0	0	167059469.5	387081223	241862375.43	0	0
AT1G09590.1	8	22	133647647.501	127091443.2181	1942562337.5	1880383188.6	1277776002.55	1894265378.86	87291172.79	44586526.53	1942562337.5	1764372654.3	802282849.65	1615703269
AT1G09620.1	20	41	77592894.7448	94518937.102	1673494858	1654283830.56	898279276.81	750711392.51	0	0	1535971522	1226991170.82	669206827.03	207178824.7
AT1G09630.1	3	7	2034002.046	12726934.95	157124040	143895226.88	4441715.322	0	0	12726934.95	157124040	111046352.7	0	0
AT1G09640.1	8	24	106972928.226	183303836.28	3452306572	3167798572.61	423694595.39	561454917.82	36432464.15	91370966.48	3424270868	3167798572.61	0	0
AT1G09740.1	2	3	0	5587694.35	98163968	101965750.97	463889395	1650330820.61	0	0	52870220	101965750.97	0	0
AT1G09750.1	10	27	44183343.06	85042383.022	5631369240	3285704718.61	952452465.46	874389189.82	0	0	3777535972	2460944700.47	389795223.06	730956603.42
AT1G09760.1	7	14	29024706.54	0	333437646	356637348.83	202444197.79	307225246.53	0	0	249287408	356637348.83	0	0
AT1G09770.1	1	1	0	3615121.085	33864920	22613365.71	5299519.183	0	0	0	0	22613365.71	0	0
AT1G09780.1	14	21	822398376.087	1103115993.68	1910144263.25	1595602848.763	149534711.004	344423568.995	0	0	1245227036	1012281136.303	27174859.25	145069414
AT1G09794.1	3	3	48962781.72	0	220330486	232252167.85	259079380.81	145051531.8	0	0	0	0	57211985.31	145051531.8
AT1G09795.1	10	25	969695636.92	207135223.03	685597560.75	503508377.39	35761850.848	69049861.61	969695636.92	159835355.37	343364236.75	389197356.8	0	0
AT1G09830.1	11	28	737081877.02	193313888.669	747547374.625	880749868.8714	74278265.7543	282200423.7769	605916188.21	27919332.39	623727938.625	637598637.2714	0	0
AT1G09850.1	3	5	27001207.263	55000011.17	182970980	305119170.64	790415983.87	101225166.19	0	13178773.84	56690060	208556326.39	0	31676159.41
AT1G09870.1	5	6	8235734.007	8640681.601	144277228	237778670.68	432931931.53	541254387.332	0	0	65883076	136024279.77	29490233.3	0
AT1G10130.1	2	3	22947192.73	0	0	0	80472548.64	136031001.58	0	0	0	0	80472548.64	81381781.87
AT1G10200.1	6	16	76799009.005	50834502.384	623494525	442212960.15	599266023.74	558820765.31	0	27116741.05	519763182	157199177.44	599266023.74	269718658.3
AT1G10270.1	4	7	0	68333159.18	24086296	21507117.1	213171281.35	141894000.71	0	0	0	0	213171281.35	141894000.71
AT1G10290.1	5	9	0	0	253066883	153790251.96	135099282.85	208910265.82	0	0	184618075	137389960.34	108716008.53	0
AT1G10310.1	7	15	21151243.23	0	83004796	134871209.01	626620242.23	540404822.47	0	0	54623554	71805188.59	626620242.23	368526897.22
AT1G10360.1	2	2	7531056.925	8450653.063	297288444	213261067.44	901500303.107	881434167.2	0	0	65325484	159527105.6	0	0
AT1G10370.1	5	9	5418023.845	0	516579308	435935088.2	1433168386.46	726566556.61	0	0	477870208	435935088.2	0	0
AT1G10390.1	4	9	0	21472786.779	92005129	117903630.47	170941563.42	206691265.36	0	16197621.17	23690720	99849444.8	170941563.42	27170482.99
AT1G10510.1	15	38	1004516979.79	246387711.93	570530086	426516059.12	465776593.17	472515621.7	900902433.15	220630362.71	272811768	284634306.8	51712383.42	0
AT1G10522.1	1	5	88178243.07	61925285.39	38087988	44364585.11	104007903.6	60738485.06	88178243.07	61925285.39	38087988	44364585.11	0	0
AT1G10590.1	3	5	8757158.962	0	204707442	141840209.3	136395337.52	86122963.5	0	0	195879760	141840209.3	136395337.52	86122963.5
AT1G10670.1	4	4	7285904.88	12991088.69	77517160	86207586.564	51743670.78	198636012.374	0	0	35634828	36791796.76	0	198636012.374
AT1G10700.1	2	2	142419380.05	64314962.25	63722724	63658899	181412160.21	160655522.7	101243675.9	0	0	47486010.01	0	0
AT1G10760.1	50	127	5093803235.83	1405863223.754	8126533413	16087031991.93	479491396.553	628599219.789	3348564171.47	868651637.358	4771846884	12840169377.05	0	0
AT1G10830.1	3	5	78277904.67	59287442.98	0	0	21451628.21	0	78277904.67	59287442.98	0	0	0	0
AT1G10840.1	6	9	55041401.86	11018180.29	679832288	607196626.89	21171354.77	39070971.85	0	0	531130032	432778744.75	0	0
AT1G10950.1	9	21	116922468.7	22686266.94	797524622	596763797.49	1646686086.31	1689432378.12	0	0	269304460	227611103.2	1179017482.35	1678593774.83
AT1G11170.1	1	1	0	0	0	0	523506567.2	229207281.1	0	0	0	0	0	229207281.1
AT1G11260.1	6	8	17683393.56	7647891.622	617002504	123118831.9	150800376.88	116562451.33	0	0	617002504	0	34611515.36	28425779.02
AT1G11310.1	1	1	0	0	16736384	0	0	0	0	0	16736384	0	0	0
AT1G11360.1	1	1	0	0	46751184	42814173.32	17351721.34	0	0	0	46751184	0	0	0
AT1G11390.1	3	4	348799551.84	151316424.546	979550796	1374726419.84	307324091.86	322420023.91	0	0	0	0	180576412.56	215079125.31
AT1G11430.1	1	5	387945942.5	134083618.8	245676496	240227952.1	0	0	387945942.5	134083618.8	245676496	0	0	0
AT1G11475.1	1	2	0	0	0	0	52829750.43	38047923.83	0	0	0	0	52829750.43	38047923.83
AT1G11530.1	4	5	0	0	159599342	272819629.73	44161363.01	21494129.44	0	0	159599342	170295036.17	0	0
AT1G11580.1	3	6	0	7152948.45	100220398	171236302.38	9559026.881	10621849.02	0	7152948.45	35605288	171236302.38	9559026.881	0
AT1G11650.1	3	5	20259346.35	2948178.61	366324336	247020359.6	28995406.69	65305858.5	0	0	366324336	138703688.8	0	0
AT1G11660.1	3	4	5348679.944	0	123670664	95666478.35	0	16297196.45	0	0	123670664	34278587.63	0	0
AT1G11720.1	8	12	277102750.05	130742656.729	165342276	257387723.81	28622014.23	12967093.78	277102750.05	21070767.95	37598672	73365344.88	0	0
AT1G11750.1	8	23	1284993618.85	292671391.296	1249566800	1438847497.05	107830335.31	66501442.29	1249102373.75	160759640.4	1060765080	1406854883.4	0	0
AT1G11820.1	1	1	0	0	38203580	39897262.83	0	0	0	0	0	39897262.83	0	0
AT1G11840.1	10	23	202185527.35	148080556.595	4448754768	7366404295.65	302470452.61	420665703.847	0	0	4176649520	6240437707.1	262457103.9	218525503.47
AT1G11860.1	59	414	2414467864.778	2778999296.248	25508904018.5	30213943085.9842	571593692733.86	506867487541.7	688683043.96	578501047.54	22606651901	26833559093.3	570546561825.76	506157292582.84
AT1G11870.1	8	16	343157342.2	32547273.962	249636971	253506480.667	231985141.467	319892504.98	343157342.2	6807148.509	138420064	141455277.64	125757113.51	127354559.2
AT1G11890.1	1	1	0	0	20562632	0	61819219.45	88038262.32	0	0	0	0	0	88038262.32
AT1G11905.1	1	1	0	6188923.157	17502562	11869635.41	0	0	0	0	17502562	0	0	0
AT1G11910.1	6	16	110397961.938	179623867.802	1566734286	1985477509.76	400554380.33	221022732.17	0	39208270.89	979827774	1308048034.46	357400401.9	93027470.32
AT1G11930.1	6	9	89148815.826	47199497.618	365171853	483604166.33	64530783.62	37539724.43	9471661.466	0	310193032	366885444.86	0	0
AT1G12000.1	1	2	11505916.06	7375279.182	55337052	49922257.28	38861579.37	21003627.42	0	0	55337052	49922257.28	0	0
AT1G12050.1	5	9	10411908.94	46581529.966	432027476	684526167.259	112323917	31638597.61	0	0	432027476	305795385.959	112323917	0
AT1G12080.1	5	6	0	0	411992256	12927286.03	0	14144624.84	0	0	411992256	0	0	0
AT1G12230.1	10	25	1917492399.2	841955426.57	2586040364	1713592169.4	58587003.98	40179289.53	993058594.1	508102663.87	1761853828	1446812831.22	30222903.98	0
AT1G12240.1	6	6	31261645.9	113003418	379684690	126781957.43	0	0	0	0	379684690	0	0	0
AT1G12250.1	9	33	1319499391.32	893594022.39	590709754	640575902.42	4822935.673	0	1319499391.32	893594022.39	345853320	622354157.6	0	0
AT1G12270.1	6	9	21107015	4892085.149	2787734244	2738802040.92	22017191.679	40429178.35	0	0	2760372524	2682983447.93	0	0
AT1G12310.1	2	5	195580093.2	360158605.2	633611328	459151051.2	58804921.93	39361917.66	0	0	455355232	459151051.2	58804921.93	39361917.66
AT1G12350.1	3	3	77547035.55	93236773.83	170646746	207103434.87	0	0	0	0	39212564	160152634.13	0	0
AT1G12360.1	1	2	0	0	39741396	0	5231473.196	0	0	0	39741396	0	0	0
AT1G12410.1	7	14	1272441695.34	426090533.87	1075286428	1130906304.64	102638218.89	82905782.56	864782119.54	376220338.6	765304480	517309122.8	0	0
AT1G12520.1	3	5	168881530.14	41431604.441	130751112	123091668.41	27217597.05	59243928.97	107560939.88	0	92803020	38974287.42	0	0
AT1G12640.1	2	2	8960576.18	2527891.26	29093960	18317566.54	24478701.7	0	0	0	29093960	0	24478701.7	0
AT1G12750.1	1	2	0	0	0	0	88971781.93	169965775.4	0	0	0	0	88971781.93	169965775.4
AT1G12760.1	1	1	0	0	0	0	20998197.32	59715282.26	0	0	0	0	0	59715282.26
AT1G12780.1	4	6	0	0	517051800	346185017.57	0	0	0	0	517051800	262824981.12	0	0
AT1G12800.1	13	21	625105822.95	103142038.214	378814106	319889079.725	60499438.606	66503809.457	595203310.18	10618791.32	309728768	0	0	0
AT1G12840.1	24	64	245063867.4	268190114.2522	7815657744	7780530815.84	3408226486.35	3100727320.25	10507471.01	49552056.45	7238989460	6260204953.62	2891760721.62	1807383360.17
AT1G12900.1	7	50	10086468489.771	2468903961.095	7123240163.25	9299042800.83	247021670.72	263809670.08	10086468489.771	2468903961.095	4682360410.5	9299042800.83	10856437.68	257484094.367
AT1G12920.1	1	2	0	0	35067560	23142830.92	0	0	0	0	35067560	23142830.92	0	0
AT1G13020.1	9	15	153860064.048	9604506.534	621087956	279857829.37	194374531.584	155869762.22	0	0	542186498	139482920.92	14190475.97	15549888.44
AT1G13060.1	3	6	39053667.56	0	398788312	347467032.4	61498336.68	58311315.21	0	0	398788312	164556096.4	0	58311315.21
AT1G13100.1	1	1	0	2084620.469	53418312	36894318.09	24662199.47	42133744.63	0	0	53418312	0	0	0
AT1G13110.1	9	22	7243136.7937	13031639.285	650780116	973214999.47	221549041.619	548734360.833	0	0	461018444	853945420.03	110684664.93	403019702.17
AT1G13220.1	1	1	0	0	7357103	0	934329624.4	963047205.1	0	0	0	0	934329624.4	0
AT1G13270.1	5	12	603903344.15	360806057.27	442447812	515739750.25	13235562.84	64874680.08	505309004.16	305291133.78	106298152	191388323	0	21522071.1
AT1G13280.1	7	22	1056624774.35	651026234.32	672628880	1162095634.15	1656960394.02	1727312997.18	1056624774.35	630757499.15	394598768	770559538.5	1104954319.9	1438488166.44
AT1G13320.1	3	7	0	0	353165952	315586789.8	29238704.51	21478452.62	0	0	353165952	192382700.9	11361673.44	0
AT1G13440.1	3	36	43920905.007	48022826.126	2043127336	1467320916.03	800336625.804	729140811.32	0	0	2043127336	1467320916.03	742168702	729140811.32
AT1G13470.1	1	4	0	0	43871864	34150680.76	40741923.03	34887916.12	0	0	43871864	34150680.76	40741923.03	34887916.12
AT1G13560.1	1	2	0	0	62946452	77604026.6	30542677.9	56950144.44	0	0	0	77604026.6	0	0
AT1G13690.1	1	1	0	0	20786372	16221310.91	0	0	0	0	0	16221310.91	0	0
AT1G13750.1	3	5	0	3444237.833	111204882	135070441.03	8413395.073	8305437.203	0	3444237.833	60571454	94849152.9	0	0
AT1G13820.1	2	3	253992442.09	107404139.18	55083423	0	0	0	45509192.09	94758342.66	39794832	0	0	0
AT1G13900.1	6	8	73754574.4	124102319.5	532840052	803829449.23	40075322.48	62506159.76	0	0	398175576	347114482.12	0	0
AT1G13930.1	20	75	262220548.435	284173449.218	35084133981.5	32975238077.86	6067488564.85	7644261008.12	50113307.87	192908311.597	32180041734	32791213841.5	5482375207.98	5678454765.46
AT1G13960.1	3	3	2564543.237	9348113.106	0	0	141476836.18	64507184.31	0	9348113.106	0	0	92918256.1	0
AT1G14000.1	7	15	0	0	536484234	293436117.48	154218797.874	136494610.5	0	0	461927786	212239750.49	72201488.22	50948054.48
AT1G14030.1	14	32	1091067428.79	275817442.93	777325788	749924168.37	0	0	982830882.19	119723404.18	452416848	447599836.62	0	0
AT1G14060.1	1	1	0	0	0	0	39279920.95	19071281.99	0	0	0	0	0	19071281.99
AT1G14140.1	6	8	0	0	34705241.5	19342956.983	458751062.21	492421263.95	0	0	0	0	218602012.3	436263141.16
AT1G14150.1	4	12	1050984270.7	1440785426.7	630293237	866335590	116754228.71	119728018.08	728999312.3	963781601.3	538630793	587115381.7	0	0
AT1G14210.1	1	1	0	0	31894948	0	0	0	0	0	31894948	0	0	0
AT1G14270.1	2	5	176140374.55	131392324.43	54368452	29108544.17	0	9347163.758	40443783.65	131392324.43	23865410	29108544.17	0	0
AT1G14310.1	1	1	6740518.451	0	40993376	25378995.82	50130462.62	36872662.99	0	0	0	0	50130462.62	0
AT1G14320.1	4	6	68711237.35	63919065.93	1413603456	1225964592.9	532336341.78	683631571.2	0	48231010.2	131317408	0	214497128.38	550582411.8
AT1G14345.1	4	10	1680931676.85	1396677750.1	965999120	526782764.4	14389314.09	31745809.68	1680931676.85	1202703668.4	550282256	234775081.7	0	0
AT1G14380.1	2	2	0	0	34954304	32003342.69	0	0	0	0	0	32003342.69	0	0
AT1G14410.1	4	8	268964271.31	158985184.54	101822130	43898472.09	108313935.1	476364201.36	220007639.18	148079506.34	40034204	23402093.24	0	0
AT1G14450.1	1	3	0	0	0	0	389555974.4	321597278.5	0	0	0	0	389555974.4	0
AT1G14610.1	13	24	29930730.7	81704538.724	899118618	897010337.3	289515798.536	259388009.736	0	0	676988926	617396152.84	143784282.61	96787251.8
AT1G14620.1	4	5	6656230.888	34572711.822	29827682.5	8120707.564	384247544.35	351611415.78	0	0	0	0	292236244.35	198119614.27
AT1G14630.1	1	1	0	0	0	0	18183739.71	0	0	0	0	0	18183739.71	0
AT1G14650.1	3	3	0	28793804.55	88152128	139008269.11	10124726.72	15483905.64	0	0	14425824	126092637.63	0	0
AT1G14670.1	4	7	11424231.77	4785524.046	149168244	79043837.8	409614728.97	359261509.61	0	0	135823536	37641827.94	196840276.31	214250688.59
AT1G14810.1	10	36	2759649439.69	1137758328.78	2070019036	2544181315.77	186088805.71	131663151.06	2158911446.01	858556482.72	1671664492	2217715918.67	0	0
AT1G14830.1	4	5	10288666.08	18782091.2	127978576	137721992.96	52068862.76	63340391.84	0	0	76627348	92316776.85	0	0
AT1G14850.1	6	9	0	0	61553501	59232214.64	167531915.7	157406540.41	0	0	15575766	17502301.44	88233906.03	114903946.84
AT1G14880.1	5	13	0	0	535238510	175985796.67	290056886.4	164435029.63	0	0	535238510	137991137.23	149929852.2	156072292.71
AT1G14930.1	1	1	0	0	0	0	0	0	0	0	0	0	0	0
AT1G14980.1	15	52	48447980.739	504219479.61	2046352141	2306344493.76	38574029904.5	33993264913	0	0	1326803764	1739187004.8	38574029904.5	33885692658.5
AT1G15060.1	5	9	61190212.8	27526171.3	224096204	165056271.152	224732295.02	232774488.39	30504006.98	12395225.81	40384620	51645218.59	118518563.92	55832908.99
AT1G15120.1	10	27	83557453.774	64206789.797	438110713.5	772944228.77	14114822912.39	13919375276.69	0	7343060.771	273297088	352916071.9	12447669049.39	10748360103.2
AT1G15130.1	4	5	4075744.871	12766197.07	118174734	136339378.68	106962993.76	88858402.07	0	0	70806058	108735643.81	0	0
AT1G15140.1	10	27	2775554070.25	752575324.25	2362479317	2459213468.8	507631645.34	667775654.5	2721746230.81	290566570.22	1812826160	1522024288.32	0	0
AT1G15220.1	1	2	33985103.45	27136107.65	18874596	33119403.45	51723879.75	61113270.85	0	0	0	0	51723879.75	61113270.85
AT1G15250.1	3	8	105808010.815	107033226.311	329211928	230709523.941	306101249.19	400425984.18	0	0	329211928	223158030.5	197282994.69	400425984.18
AT1G15270.1	2	6	14312356.48	15476219.89	329804048	280205593.2	92660351.44	143324939.05	0	0	329804048	122459194.4	30983207.28	23658584.75
AT1G15340.1	11	17	31968018.89	20616314.86	1109800864	1232823015.15	118912392.33	15301159.71	0	0	940659344	1099366434.73	0	0
AT1G15390.1	3	3	74983896.19	25483782.17	89998236	135171684.71	130276874.84	103153873.27	15293936.69	0	45303116	0	59622981.56	0
AT1G15410.1	3	3	19679587.82	0	49571170	178140194.03	23847042.601	245873224.92	0	0	0	178140194.03	0	0
AT1G15480.1	4	4	4306481.997	0	4989199.5	0	403711431.21	466831490.47	0	0	0	0	98005115.44	313349165.97
AT1G15500.1	1	1	11319195.82	9852923.219	22428726	10078277.89	0	0	11319195.82	0	0	0	0	0
AT1G15690.1	24	101	315423904.3229	419017725.6975	15428689144.625	13139145341.6327	9462070145.03	12031327383.734	169604521.5679	130197067.1225	14230895704.625	11759273426.75	7797108010.65	11428234758.194
AT1G15710.1	3	4	96369565.55	19602918.788	96080122	67365218.25	8856159.356	23529891.32	96369565.55	0	28482498	0	0	0
AT1G15730.1	7	8	276537243.923	18043710.086	84804783	101795369.16	442319397.9	346708972.1	276537243.923	0	0	0	0	0
AT1G15790.1	1	1	136674214.3	7236991.364	49250856	26347670.36	0	34895948.43	0	0	0	0	0	34895948.43
AT1G15810.1	6	8	75664588.915	45381920.98	155372512	147550473.894	803993692.56	1237130318.49	0	0	0	0	745056264.56	264698389.58
AT1G15820.1	16	160	178951353880.827	332870088273.99	101209932634.5	85974208361.547	15572748605.07	13557787297.05	178915976726.756	332870088273.99	101002327626.5	85813570680.47	14667711224.7	13476550443
AT1G15930.1	2	5	0	0	312644464	243281483.31	62720547.18	99467561	0	0	312644464	243281483.31	0	0
AT1G15950.1	4	5	0	0	176046248	137235948.58	152712474.36	266789550.5	0	0	176046248	41125891.12	0	0
AT1G15980.1	16	41	5252203702.118	6240784557.584	4911295222	5757093349.44	872290641.448	299398565.794	3529097568.05	5418588571.594	2295251592	2272040791.1	0	0
AT1G16000.1	4	6	0	4292351.32	0	0	251526016.53	190036551.13	0	0	0	0	251526016.53	190036551.13
AT1G16030.1	1	4	0	0	0	0	224781520.3	328163024.3	0	0	0	0	224781520.3	328163024.3
AT1G16080.1	11	31	1344789743.44	131207188.321	2755720996	2095222822.37	225027366.538	124661807.94	1214621571.94	72752413.121	2404277380	1245555443.3	0	0
AT1G16210.1	8	10	0	17073071.64	434722476	282402979.79	163772557.73	81082222.88	0	0	349552204	230406007.65	0	0
AT1G16240.1	2	4	0	7455101.628	61634720	48982585.44	41399271.07	47226470.6	0	0	61634720	36345013.86	26151856.47	12290843.28
AT1G16350.1	6	7	30063430.665	12418324.55	464248652	529756033.38	38288304.95	75158154.2	0	0	383144472	327795696.37	0	0
AT1G16410.1	2	2	22455770.11	2008395.831	83027030	151906522.38	0	13316633.37	0	0	83027030	0	0	0
AT1G16460.1	6	10	52075802.97	6746049.47	460089468	551587083.41	23738340.45	79853392.2	0	0	418151056	409840127.61	0	0
AT1G16470.1	8	14	11170080.798	8426471.906	1873728278	1885397611	244517548.411	323454331.46	0	0	1227105660	1740950314.1	185233956.55	0
AT1G16560.1	1	1	0	0	62087684	48157908.66	113516741.8	326888113.5	0	0	0	48157908.66	0	0
AT1G16610.1	1	1	0	9132486.715	0	0	0	79691780.6	0	0	0	0	0	79691780.6
AT1G16700.1	3	6	100913383.3	181737038.4	62153488	268455484.8	1193108763.55	1929593961.89	0	0	62153488	0	1151533167.8	1852711054.1
AT1G16720.1	24	49	1841646848.241	590134864.565	1966316032.5	1527566463.678	107622836.694	108724684.96	1394829525.661	366209001.88	1266454128	826553204.02	0	0
AT1G16740.1	4	6	29936776.53	15310803.27	26563390.5	41885442.565	532554838.3	674697848.63	0	0	0	0	358305211.7	446194854.63
AT1G16790.1	4	9	236449611.71	314697884.11	423056370	478403360.46	82775717.08	123667198.41	105502895.68	314697884.11	414100936	39625090.86	0	0
AT1G16800.1	1	2	0	26379412.52	762880512	867960350.3	0	0	0	0	762880512	867960350.3	0	0
AT1G16850.1	2	2	0	0	81398152	61695568.51	24692538.57	20312126.18	0	0	81398152	0	0	0
AT1G16860.1	1	1	0	0	24352524	22041033.69	14557248.48	8753701.339	0	0	24352524	0	0	0
AT1G16870.1	17	31	14570386.05	31797003.9	64892671.5	50938296.993	1739290652.96	1580609324.77	0	0	47469605	44256625.98	1359757940.6	1308831553.25
AT1G16880.1	10	41	8096724355.5	6384914329.08	6083436441.2	5959246264.6	149425846.34	156575036.25	7986614096.8	526576977.34	6057121893.2	3338674164.6	33634148.69	0
AT1G16890.1	1	2	0	0	0	102388411	0	0	0	0	0	102388411	0	0
AT1G16950.1	1	3	35786637.94	25498095.54	364558560	391606982.7	10440479026	11522300515	0	0	364558560	391606982.7	10440479026	0
AT1G17050.1	6	14	199390665.84	10487684.731	204452396	233388968.962	130714112.098	14141288.582	199390665.84	0	185563872	143801904.64	0	0
AT1G17100.1	5	11	8033280.236	0	1383527412	1000681377.14	22077273.39	0	0	0	1383527412	443304445.44	0	0
AT1G17147.1	1	3	62191384.73	40055929.07	114998352	186602597.1	0	0	62191384.73	40055929.07	0	186602597.1	0	0
AT1G17160.1	4	6	471043847.23	282924623.77	234658234	367978367.28	0	0	227832351.43	54865504.59	170745640	52342167.79	0	0
AT1G17220.1	19	36	1786656637.502	247477685.667	876710995.5	782984230.8	591771888.45	1023277953.49	1387293622.372	49397036.97	538003379.5	468820343.22	0	16333062.24
AT1G17290.1	17	49	123879363.921	93517456.103	4342449502	3635660537.683	6792116180.41	5815164663.16	55765152.41	14871981.24	4228320924	3418987717.8	5968706304.29	4975809477.43
AT1G17350.1	5	7	0	0	42484254	58395298.17	389369499.33	229678361.4	0	0	0	0	207835562.1	229678361.4
AT1G17370.1	1	1	0	0	27590990	0	20979330.34	0	0	0	27590990	0	0	0
AT1G17420.1	1	1	4523663.697	4390450.754	0	0	0	18343452.26	0	4390450.754	0	0	0	0
AT1G17470.1	1	1	0	0	35432960	26156855.8	0	0	0	0	0	26156855.8	0	0
AT1G17510.1	1	1	0	153353149.9	0	1600380.309	0	0	0	153353149.9	0	0	0	0
AT1G17530.1	1	1	0	0	0	0	45880551.55	59964953.04	0	0	0	0	0	59964953.04
AT1G17600.1	1	1	0	0	0	0	52258497.43	60058478.05	0	0	0	0	52258497.43	0
AT1G17650.1	9	25	1079073695.98	248709379.762	1023519358	1017200168.233	432308565.16	356897100.33	903319070.28	63683931.62	786878886	741052540.96	212609991.39	213519265.48
AT1G17720.1	4	6	0	0	142428714	138767382.42	0	0	0	0	106229054	113891815.63	0	0
AT1G17745.1	10	19	453432104.74	513223194.23	423862788	459349982.63	137841868	35984894.37	285243513.1	393846551.38	159733900	44222244	0	0
AT1G17840.1	1	2	0	0	21772216	0	0	0	0	0	21772216	0	0	0
AT1G17860.1	5	7	4903924.801	20400581.836	544457532	426265900.36	53358127.98	112513228.63	0	12698870.15	342698076	150215933.98	0	0
AT1G17880.1	2	5	0	0	384926568	337415140.6	29497085.21	45148987.63	0	0	384926568	337415140.6	0	0
AT1G17890.1	5	7	0	0	359173780	249763221.72	24802967.08	23612688.552	0	0	271519540	153468774.46	0	0
AT1G18060.1	4	7	340624656.24	332660755.98	153366100	123495625.3	11670629.08	0	256056623.61	268744993.98	69077512	0	0	0
AT1G18070.1	14	23	64191509.463	0	1610044308	1156834686.24	157035188.959	83523013.217	0	0	1302598180	875422732.36	48182938.06	24323177.91
AT1G18080.1	14	29	90123239.683	117266109.284	4127322685	4240765725.051	709418344.756	758708263.99	0	0	3059327101	3928274052.09	328238002.73	326718988.9
AT1G18170.1	8	24	1101187229.13	2380799665.36	851494425	1121258193.8	87501322.027	16334260.59	1088460621.3	2380799665.36	580082105	598105488.3	0	0
AT1G18210.1	11	26	6784961.844	7888111.315	1747874244	1270582653.39	22807437.699	210466161.05	0	0	1747874244	1270582653.39	0	0
AT1G18260.1	3	3	6604527.772	0	93875329	55864544.42	84195486.7	67844741.74	0	0	93875329	0	0	0
AT1G18270.1	10	15	0	3330483.865	404622848	516353718.69	5846002.177	10793037.48	0	0	268070912	400185375.11	5846002.177	0
AT1G18360.1	2	3	22856668.59	29003722.69	15066504	23735192	0	0	22856668.59	29003722.69	0	0	0	0
AT1G18450.1	4	5	27153190.31	58380550.989	21306091.25	90955455.33	115151979.02	90790256.51	0	0	0	90955455.33	37438343.64	54895774.76
AT1G18480.1	4	5	8448736.311	15016188.03	45360356	21746557.58	311879486.7	343012670.11	0	0	0	0	240301125.17	232904548.27
AT1G18485.1	1	2	10865445.94	0	0	0	0	0	10865445.94	0	0	0	0	0
AT1G18490.1	3	4	6936612.619	0	31762374	0	448229873.89	347618184.64	0	0	0	0	448229873.89	295559044.6
AT1G18500.1	3	5	296519030.02	71030040.73	181273838	115311702.98	8700369.398	0	215698537.53	20818176.28	96130214	0	0	0
AT1G18540.1	7	13	138851676.57	90973531.601	1986584552	1578576548.466	467880720.76	615885915.22	0	15919891.19	1329258656	528941347	276443972.35	532935690.3
AT1G18590.1	6	8	0	51057357.82	229852022	204719834.347	13451189.17	119699675.3	0	0	109700170	202265049.32	0	0
AT1G18630.1	5	9	0	0	0	0	477887464.18	423275866.75	0	0	0	0	477887464.18	286786224.43
AT1G18640.2	7	14	458838841.5	143744963.03	293758408	295635034.01	32914328.537	8474477.775	311541925.36	89396918.11	113046112	213526700.88	0	0
AT1G18680.1	2	2	0	0	0	0	58700096.29	57433499.6	0	0	0	0	58700096.29	0
AT1G18720.1	1	1	0	0	44056580	18052152.16	0	0	0	0	44056580	0	0	0
AT1G18730.1	7	14	988476346.08	1588147379.76	396657012	594086398.29	138543130.24	120275741.58	581194136.2	813213146.86	179774132	343085512.39	0	0
AT1G18830.1	1	1	13784936.63	5245810.211	0	0	16968387.49	9164069.136	13784936.63	0	0	0	0	0
AT1G19120.1	1	1	0	0	37770264	37179902.18	20793103.77	20507672.89	0	0	0	37179902.18	0	0
AT1G19130.1	2	4	20636487.26	0	204965960	337349175.2	0	0	0	0	204965960	337349175.2	0	0
AT1G19140.1	11	18	18277290.809	10007183.99	147286036	236521598.012	2939798624.23	3343933148.39	0	0	0	69608435.47	2939798624.23	1684876754.4
AT1G19150.1	5	17	1025179415.92	1017808246.59	1034493734	1179762856.7	80764048.21	80351638.59	959370166.57	979529792.1	890161828	631607392.6	0	0
AT1G19240.1	1	2	0	0	0	0	15347709.26	51225214.21	0	0	0	0	15347709.26	51225214.21
AT1G19360.1	7	11	0	30986599.58	78494752	67228110.68	374163003.73	253597885.59	0	0	78494752	27993242.49	167595689.76	106510121.74
AT1G19520.1	13	18	0	12242468.9	33524780	5245437.243	1388781886.75	1109912608.644	0	0	0	0	1176105458.75	599760062.06
AT1G19570.1	16	78	599466368.4	430409573.088	13735386945	19662146809.03	1424083812.92	1625580752.85	465373546.17	361018054.78	13735386945	19662146809.03	1243427313.49	1089264631.08
AT1G19580.1	13	35	18558157.8	0	262150438.5	265687540.94	6247023117.42	7101248283.6	0	0	151724178.5	235283254.2	6247023117.42	7055571819.68
AT1G19670.1	4	5	83300066.071	66181697.986	388971960	471173206.1	360861009.46	393986295.42	0	0	142340304	289659724.5	108973309.7	199139481.6
AT1G19690.1	1	1	15990230.76	8881798.366	20892182	14810344.57	0	0	0	0	0	14810344.57	0	0
AT1G19700.1	1	1	7087395.89	0	0	0	62853614.05	58449711.99	0	0	0	0	0	58449711.99
AT1G19740.1	1	1	65695584.13	8910720.462	26081898	27026453.3	0	0	65695584.13	0	0	0	0	0
AT1G19800.1	1	4	31471186.77	49540287.89	51395280	25163931.65	15104633.21	17948725.5	31471186.77	49540287.89	51395280	25163931.65	0	0
AT1G19870.1	3	3	0	0	57390678	39876507.976	0	20217577.57	0	0	57390678	8076587.79	0	0
AT1G19880.1	2	2	0	0	0	0	94500702.01	68085837.62	0	0	0	0	0	68085837.62
AT1G19920.1	7	12	200736277.52	33267118.908	442909524	762989795.03	91508555.96	54917533.24	74700659.41	0	131833932	762989795.03	0	0
AT1G20010.1	5	14	99608271.95	9927298.917	2046921476	1884625054.9	327687374.3	393950035.93	0	0	1070028132	1336442096.6	327687374.3	190254551.98
AT1G20020.1	18	86	27471283902.216	23872682963.42	16957128166	21169960581.734	1741798946.23	2012045139.93	27348149393.21	23859801346.24	15831938226	15088370267.71	286561353.93	301595642.1
AT1G20050.1	1	2	0	0	145082512	139346199.3	184647042	229282005.2	0	0	0	139346199.3	184647042	0
AT1G20110.1	3	3	8296192.09	2334731.011	102067006	69385256.61	0	0	0	0	71651428	17704322.83	0	0
AT1G20160.1	1	1	60833933.2	0	67603144	72685355.16	0	0	0	0	0	72685355.16	0	0
AT1G20190.1	1	1	0	0	122970864	79082261.82	9774497.715	0	0	0	122970864	0	0	0
AT1G20200.1	8	12	13464475.73	0	962892820	984258156.53	40588158.95	26712454.75	0	0	699399128	608728349.53	27876859.45	26712454.75
AT1G20220.1	2	2	0	0	89627332	61029824.06	0	0	0	0	47131956	29861252.66	0	0
AT1G20225.1	4	7	12290987.994	3745774.062	414484280	397532017.29	88957168.08	96680293.55	0	0	414484280	376250015.93	0	0
AT1G20330.1	6	9	15882936.4	16849687.27	232149150	278441551.68	215696432.86	242214892.6	0	0	158567504	186125328.83	51940541	167060473.27
AT1G20340.1	3	53	93227398821	52854106059.7	42625936176	1898488625	546660985.8	215263507.3	93227398821	52854106059.7	42625936176	1898488625	546660985.8	215263507.3
AT1G20430.1	4	5	6328494.245	0	19888308	27197014.4	282335378.71	437083299.31	0	0	0	0	242947277.52	155883733.11
AT1G20440.1	17	61	185063409.606	287561618.183	12005283077	4933236442.54	795844847.65	1058988631.526	128604457.47	181870953.87	11984608219	4519190675.03	493164493.94	852623675.97
AT1G20450.1	16	51	1166675619.658	297866799.187	5025559078	2925363772.72	940622342.634	1126410644.24	112033442.93	181377129.91	5025559078	2175986591.63	571560126.96	813514499.98
AT1G20510.1	10	19	8840398.194	52054367.423	369178836	429499183.6834	1004671874.05	946327713.03	0	0	78032424	365268819.0934	539734785.92	502287630.33
AT1G20560.1	1	1	0	0	14993749	12756483.35	564334279.4	74838512.76	0	0	0	0	564334279.4	0
AT1G20580.1	2	5	26902793.57	32602035.95	194895911.5	151360265.19	43503869.68	21506687.21	0	0	194895911.5	91992092.34	43503869.68	0
AT1G20620.1	35	178	6299724751.469	7007049312.038	32057065273.75	51572032249.77	94452989161.67	104984481099.303	4035385147.17	6283954531.95	23008465081.75	43086719981	83392856553.6	80430371261.75
AT1G20630.1	3	5	1657444.431	833395.5897	136438764.375	0	410574192.19	932937.1711	0	0	134986924	0	410574192.19	0
AT1G20693.1	3	5	1647769.529	117792981.7	186224172	104325128.71	116042694.617	369172437.805	0	117792981.7	151607696	0	4040766.717	0
AT1G20760.1	2	2	0	0	0	53405214.6	231482278.57	612474773.7	0	0	0	25719737.95	181829150.8	0
AT1G20810.1	8	20	1338454134.62	1346832113.457	1031044848	1263399995.89	140405292.64	174838574.82	982858407.46	1246593742.39	865785168	566215667.09	0	0
AT1G20816.1	2	2	58602920.273	20175026.73	0	66495123.12	0	0	52668361.2	20175026.73	0	0	0	0
AT1G20830.1	4	5	51005087.241	25774296.261	15008004	70693303.28	478316873.24	530210243.1	33195054.811	19898238.67	0	0	0	0
AT1G20950.1	9	11	5558725.142	0	386580322	460629613.92	262833418.8	326589093.76	0	0	239946940	365307538.87	0	0
AT1G20960.1	6	8	14852215.91	31568797.358	679444630	615626676.42	155190053.78	163491163.79	0	0	679444630	53632733.2	0	0
AT1G21060.1	1	1	0	0	76187584	110554721	34063484.44	11421054.99	0	0	76187584	0	0	0
AT1G21065.1	6	9	109458476.67	0	298268304	320470098.14	615897677.08	381154208.86	20402419.74	0	298268304	189427568.2	415130511.15	0
AT1G21080.1	3	5	6559628.882	6416731.949	151537228	127989320.88	30340931.29	38221082.92	0	0	151537228	110315585.46	0	0
AT1G21250.1	8	14	17524993.49	64810470.74	243580565	363187788.388	432318325.62	481089890.96	0	0	127898312	230497575.53	312589220.86	352227866.66
AT1G21350.1	1	1	15239296.88	0	0	0	0	0	15239296.88	0	0	0	0	0
AT1G21400.1	6	9	19740697.68	24872366.1	35118359.5	25032470.98	510029469.28	564270081.98	0	0	0	0	510029469.28	428437561.41
AT1G21440.1	6	18	605209938.08	368837639.98	546720442	933862596.2	95565091.58	29514724.95	605209938.08	221647723.99	462176690	804667992.6	0	0
AT1G21500.1	4	23	3363703714.3	10026576673	2278029664	1400244359.9	181522133.748	298319095.21	3363703714.3	10026576673	1770210304	1400244359.9	172076660.55	0
AT1G21600.1	6	12	209430744.2	106891874.92	137740393	80509056	12599480.46	0	209430744.2	77552061.82	50672736	35489584.33	0	0
AT1G21640.1	2	3	34178466.931	9517311.81	11692863	3847030.814	0	0	34178466.931	0	0	0	0	0
AT1G21670.1	11	14	38886191.503	15951997.039	719380416	877980212.677	84752994.453	55161092.405	0	0	459309062	607233760.31	0	0
AT1G21680.1	16	28	6635522.175	0	1495398657	2185429786.71	10730954.32	37540072.28	0	0	1020890153	2185429786.71	0	0
AT1G21720.1	2	4	0	0	262177388	307899270.48	0	67800529.07	0	0	262177388	307899270.48	0	0
AT1G21750.1	29	73	289444229.744	216519893.089	10116861773	7268817428.78	2696602588.054	2443115923.68	65970483.88	0	9281097229	5715829222.1	1900939627.85	1795919999.91
AT1G21770.1	3	8	1973826.455	2288728.588	132779512	117396052.83	279695484.43	86810560.1	0	0	63043072	80165100.42	279695484.43	29425307.64
AT1G21900.1	3	5	0	0	129134260	107337463.66	50650505.96	28682463.51	0	0	106044114	97233226.9	30432993.71	0
AT1G21930.1	2	2	0	0	8322193.5	7818948.837	98763881.01	75639204.19	0	0	0	0	98763881.01	0
AT1G22200.1	1	1	0	0	18323518	14549315.01	0	19424046.32	0	0	0	14549315.01	0	0
AT1G22270.1	1	1	0	0	22311820	23030371.82	0	0	0	0	0	23030371.82	0	0
AT1G22280.1	6	8	17253385.23	0	261453276	138595595.22	111490404.22	73967205.308	0	0	261453276	107332131.89	0	0
AT1G22300.1	9	28	87799950.828	15366254.14	2942761156.5	2913414277.75	1386429114.215	1122233647.61	16114667.68	15366254.14	2935770192	2906596724.21	131549388.81	949066393.82
AT1G22330.1	1	2	0	4250043.393	69758968	50422486.82	10333429.12	11217603.29	0	0	69758968	50422486.82	0	0
AT1G22410.1	6	12	185668006.43	70023487.48	278250302	65437410.762	36696860.81	74832176.45	127007433.73	29733390.57	204521286	0	0	0
AT1G22430.1	3	4	0	0	109627298	116982858.2	55244180.3	48153185.79	0	0	109627298	33679757.76	0	0
AT1G22450.1	17	61	77804005.727	111924813.83	2069897293	2767643403.657	24022584855.19	30055428612.6	0	10320072.4	1871320412	2643133415.46	19467310805.2	29746648587.6
AT1G22520.1	5	16	0	0	214763952	213628672.98	3305909080.97	4271965575.37	0	0	162743650	188860806.84	3305909080.97	2519070699.3
AT1G22530.1	34	62	212736268.666	79158136.273	6026123622	3126250173.9	684860698.12	525566008.45	0	3431122.392	4610849930	2199560190.94	351240672.21	144353782.49
AT1G22630.1	2	2	139655432.83	55779552.84	675343924	1043553139	9984560.685	17201810.29	139655432.83	0	0	0	0	0
AT1G22700.1	8	18	1020917821.75	1645314303.85	220856304	376433274.09	144151280.706	148506467.39	821659213.4	1402411073.57	167005640	203894632.56	0	0
AT1G22740.1	2	2	10807894.61	31098354.4	168184744	145335556.67	8301614.91	140880279.052	0	0	41092864	113374134.9	0	0
AT1G22800.1	6	10	24503768.97	0	115024272.5	104449395.879	1095546678.01	929263962.4	0	0	0	75636133.07	753574159.61	703551486.4
AT1G22840.1	9	22	38118240.193	56929684.52	583360392.5	775206497.57	11757035743.9	15827941303.48	0	0	558474080	355311992.7	7512749712.8	15827941303.48
AT1G22850.1	6	10	195375196.52	226604588.927	142069360	306711552.242	27098983.45	0	93242564.27	130682447.146	12709032	0	0	0
AT1G22940.1	10	24	345612759.92	117285222.839	379981410	580695581.966	31779135.19	36912185.43	306752223.12	24918682.92	259051744	453260034.42	0	0
AT1G23100.1	11	18	90108899.16	11615803.461	131347176	308614229.159	3238979469.56	3288246645.01	0	0	0	0	2497980168.8	2919857265.71
AT1G23130.1	5	9	0	29085698.11	1164635448	1979067143.6	652184770.65	107474818.15	0	23516318.83	947377316	1396726751.3	0	0
AT1G23180.1	5	5	195834379.55	27741752.84	79346660	97841309.54	0	0	148631104.51	0	0	42353085.01	0	0
AT1G23190.1	10	20	100643038.875	34385273.691	1650048272	2094358034.96	203072208.53	321525940.53	0	0	1236718112	1663066536.66	134787520.68	198732453.36
AT1G23290.1	1	1	0	0	0	0	75684463.93	93514988.1	0	0	0	0	75684463.93	0
AT1G23310.1	25	101	457993554.87	497276001.597	18848957174	14329029216.539	13758794798.04	7650311282.89	167046272.08	277103954.45	18358980970	14081934217.4	11812589999.39	6222324856
AT1G23730.1	1	1	7222735.75	0	63681232	64767102.74	8562262.379	0	0	0	63681232	0	0	0
AT1G23740.1	18	74	8159639003.36	1121677919.48	10306731418	11575981562.6	112184027.54	227206732.54	8159639003.36	1071288577.87	9615106778	9466147990.7	24526045.68	0
AT1G23800.1	14	29	21997419.49	21882425.419	359242294	590353671.939	1448977947.92	1390770750.776	0	0	290624252	274043456.61	1153504809.28	887778564.54
AT1G23820.1	4	6	6302807.109	11737421.826	484186128	564972238.89	62958914.453	15225203.92	0	0	444880640	500564205.6	0	0
AT1G23860.1	1	1	0	0	5771877.5	7660729.419	60985253.59	34411413.23	0	0	0	0	60985253.59	0
AT1G23900.1	5	7	0	0	223728700	162032824.93	58726432.697	26019668.61	0	0	131024356	162032824.93	0	0
AT1G24020.1	5	11	0	2390428.156	786168917	842997986.93	187989401.77	199395613.97	0	0	786168917	775694262.9	0	33774783.37
AT1G24040.1	3	3	100633573.76	113097382.05	64057687	101072378.42	0	0	0	113097382.05	0	0	0	0
AT1G24050.1	1	2	0	0	75272328	76222959.46	33485328.54	36151142.93	0	0	75272328	76222959.46	0	0
AT1G24100.1	6	8	0	39980754.47	467026604	362501001.885	17981645.465	103151927.191	0	0	355036118	104867323.19	0	0
AT1G24160.1	1	1	165974973.4	65931248.29	153117840	219018319.5	0	0	0	65931248.29	0	0	0	0
AT1G24180.1	25	58	336313643.755	143157892.601	835950507	927955790.912	13293532054.83	14625164705.69	0	0	417729496	426446832.9	9283064652.96	13574181602.04
AT1G24340.1	22	33	6165949795.347	12606908.468	135573011.5	163001937.518	2192968782.8	2501982105.85	0	0	0	0	2136033378.6	1858462546.42
AT1G24360.1	12	56	6037601566.44	3534316610.09	3793947059	3359632767.04	904514087.568	1106705419.43	4087984798.84	3022777938.59	3514790931	3126387080.26	801263581.3	428186402.73
AT1G24460.1	2	3	0	0	73375045	38966728.88	27798737.92	366298567.89	0	0	0	0	27798737.92	366298567.89
AT1G24490.1	6	9	773416216.3	1036360326.1	224257770	238864859.09	95993509.67	156411044.58	607829741.44	512570730.4	51433080	0	0	0
AT1G24510.1	8	11	8514567.467	19798778.717	683084956	754670989.21	654965184.71	483775082.61	0	0	631790576	570776396.93	0	0
AT1G24610.1	5	9	31122814.66	0	119546939	141296943.35	290119252.73	235751936.6	0	0	0	108867929.06	258724469.75	166845583.09
AT1G24764.1	1	1	71845786.75	19153967.99	81248848	88409418.08	460761003.4	191080062.7	0	0	0	88409418.08	0	0
AT1G24793.1	1	2	0	0	0	0	74908958.58	54912871.31	0	0	0	0	74908958.58	54912871.31
AT1G25220.1	2	4	118552347.901	39277171.91	13836840	47841478.42	75495920.258	57771308.198	118552347.901	39277171.91	0	0	0	0
AT1G25350.1	4	4	0	8575500.887	238119192	226839393.15	163645978.27	12553833.28	0	0	166644656	73273246.61	0	0
AT1G25375.1	1	2	0	0	78469208	72975276.82	570656762.5	358131859.5	0	0	78469208	72975276.82	0	0
AT1G25380.1	13	26	22320711.03	39964583.49	52114973	94545771.88	2474547358.52	2744450086.08	0	0	43044056	0	2283600859.19	1940614667.85
AT1G25490.1	4	9	22767132.51	61948743.811	338939806	335485213.78	1273782113.13	223768955.9	0	0	206138682	335485213.78	0	0
AT1G25570.1	2	3	0	0	63974426	31200508.39	0	0	0	0	63974426	0	0	0
AT1G26090.1	7	21	263434229.93	120790551.25	197948400	248412618.52	20607680.174	0	239427189.32	120790551.25	180949196	215231940.41	0	0
AT1G26110.1	4	7	23992669.95	52173110.93	144915988	165843447.22	169563986.7	193759932.5	0	0	126437396	49666742.02	0	193759932.5
AT1G26160.1	1	2	54474626.14	0	28719050	78382220.48	0	0	54474626.14	0	0	0	0	0
AT1G26190.1	1	1	0	0	0	0	32257247.51	27220221.41	0	0	0	0	0	27220221.41
AT1G26220.1	1	2	37010934.78	5406691.961	64157708	77221966.94	0	0	0	0	64157708	77221966.94	0	0
AT1G26230.1	3	4	28467471.853	0	18109032	20168529.19	167984263.2	137175271.6	28467471.853	0	0	0	0	137175271.6
AT1G26340.1	2	7	49978889.68	20433809.885	107571084	83177053.14	87813732.94	43744990.62	0	20433809.885	107571084	83177053.14	0	43744990.62
AT1G26420.1	1	1	0	0	0	0	37139115.27	11554411.18	0	0	0	0	37139115.27	0
AT1G26460.1	18	38	2166735.195	20355841.242	63655203	109562738.462	5202365308.56	5757976247.93	0	0	32487406	28245798.75	4089293708.86	5442380161.41
AT1G26550.1	8	16	108671571.674	81576917.381	196042576	134979215.641	1260321159.69	944505235.26	0	23043156.721	66925620	0	490946961.09	892262170.9
AT1G26560.1	4	4	6761802.449	31396711.942	238891548	129620241.89	155716367.82	94668312.37	0	0	185908180	28417115.71	0	0
AT1G26630.1	6	22	189402081.56	143911014.38	4691350408	3900793387.99	628113722.86	1056419079.5	86342121.32	36238534	4691350408	3810412289.6	596021158.4	999783571.7
AT1G26670.1	1	2	0	5463804.109	6178702.5	21081004.24	1358160432	1273893442	0	0	0	21081004.24	1358160432	0
AT1G26690.1	1	1	0	0	15112136	16515792.39	8909895.15	0	0	0	0	16515792.39	0	0
AT1G26740.1	1	2	0	0	0	0	215836127.3	218177201.3	0	0	0	0	215836127.3	218177201.3
AT1G26750.1	5	9	0	0	30673516	13292245.55	551639703.09	706283192.65	0	0	0	0	439989088.79	706283192.65
AT1G26850.1	13	18	50057316.82	58507360.53	414865381.625	256510116.84	761536918.23	871982438.51	0	14503378.75	224034832	25329118.03	350330988.58	563425540.73
AT1G26880.1	1	3	0	0	135979776	177728661.4	88601064.73	183443270.6	0	0	135979776	177728661.4	88601064.73	0
AT1G26940.1	1	1	0	0	17688870	16241546.11	0	0	0	0	17688870	0	0	0
AT1G27020.1	2	4	0	0	83706300	151252759.95	92188960.39	131653996.93	0	0	83706300	151252759.95	0	0
AT1G27030.1	4	5	0	0	71961654	199538515.35	0	9116729.087	0	0	25011624	144634551.17	0	0
AT1G27090.1	7	16	11911467.93	0	315618616	294556640.34	206919426.78	250807917.75	0	0	315618616	168129036.86	206919426.78	250807917.75
AT1G27130.1	5	8	0	14784130.84	945007888	1506708122.5	105176405.11	211038114.71	0	0	757958992	813724127.6	63230558.64	75094321.78
AT1G27300.1	1	1	18987099.48	0	0	16975164.99	0	0	18987099.48	0	0	0	0	0
AT1G27310.1	1	1	10595358.3	10282009.49	340741152	184839378	0	0	0	0	0	184839378	0	0
AT1G27320.1	1	1	0	0	21436794	19605675.41	12789614.76	15148868.65	0	0	21436794	0	0	0
AT1G27350.1	1	1	10042613.72	0	167041984	72823530.48	0	0	0	0	167041984	0	0	0
AT1G27385.1	1	1	0	0	32790766	34744050.01	18251506.89	0	0	0	32790766	0	0	0
AT1G27390.1	11	19	10558373.76	37677774.506	332684105.5	251657041.52	3470154551.25	3706418687.85	0	0	45099490.5	131175702.01	2014706578.25	1510076432.1
AT1G27400.1	2	5	0	14590104.41	217698518	181057289.19	62373700.17	80099900.65	0	0	196950672	152741269	62373700.17	0
AT1G27435.1	4	6	0	0	31763822	25584057.81	182405716.08	96719802.67	0	0	0	0	182405716.08	79952073.47
AT1G27450.1	9	28	407637638.72	96397989.81	1473557719	1515151147.43	74999218.81	0	407637638.72	96397989.81	1451192215.5	1425192905.5	0	0
AT1G27480.1	2	2	57663910.729	62087860.15	97680468	141339382.87	59282182.86	65656565.65	0	28241646.83	0	102224304.7	0	0
AT1G27530.1	3	3	0	0	165445856	155572469.45	20328969.95	21112333.28	0	0	31282952	121141096.18	0	0
AT1G27650.1	1	1	0	0	0	0	39701007.9	23627808.64	0	0	0	0	39701007.9	0
AT1G27680.1	1	2	68575033.8	0	10978987	55458598.05	0	0	0	0	10978987	55458598.05	0	0
AT1G27930.1	2	3	115245723.999	72353746.04	63045924	58841204.97	136327493.89	156519524.03	0	0	0	0	136327493.89	116349804.7
AT1G27950.1	1	1	0	0	0	21632284	23288041.1	4188996.327	0	0	0	21632284	0	0
AT1G27970.1	4	10	0	0	772259114	481232050.65	403132808.8	614505426.06	0	0	772259114	241557882.05	167902868.7	24817301.62
AT1G27980.1	1	1	0	0	8516973	23992378.95	13524717.26	24235135.37	0	0	0	23992378.95	0	0
AT1G28120.1	1	2	0	0	49111856	50654800.36	0	0	0	0	49111856	50654800.36	0	0
AT1G28140.1	7	12	565995101.53	661225488.05	313834856	177739429.17	24433578.59	8329539.967	485220846.96	641735817.25	0	104564713.1	0	0
AT1G28150.1	1	3	89209592.26	0	53307812	46855636.11	0	0	89209592.26	0	53307812	0	0	0
AT1G28200.1	9	13	220503289.48	110916572.23	866531797.5	898656839.2	172897310.02	269605956.26	0	0	790047569.5	581734506.41	29104198.7	0
AT1G28210.1	1	1	4165995.86	0	243271808	229592583.9	0	43475377.21	0	0	0	0	0	43475377.21
AT1G28290.1	3	4	28231761.65	74577682.996	55582567	150278062.21	7198088.738	101622754.432	0	66037811.931	50716388	118219959.8	0	0
AT1G28330.1	3	4	161370563.578	22075617.299	348588228	247411121.26	90256377.25	143521493.59	0	0	319828064	247411121.26	23793563.63	0
AT1G28340.1	1	1	0	0	14202762	8137928.481	0	0	0	0	14202762	0	0	0
AT1G28350.1	3	3	0	0	171985814	161276010.77	14957277.51	32673016.68	0	0	75893576	100818067.79	0	0
AT1G28380.1	1	1	5627517.029	0	41214164	49907217.5	0	0	0	0	41214164	0	0	0
AT1G28420.1	1	1	0	0	0	0	24910237.3	0	0	0	0	0	24910237.3	0
AT1G28510.1	9	22	0	0	162801869	213138061.85	2356711319.9	2344308621.77	0	0	0	0	1877782094.3	2046264693.17
AT1G28530.1	1	1	9040387.359	4301610.623	0	0	0	0	9040387.359	0	0	0	0	0
AT1G28540.1	5	6	9033257.341	0	0	0	284468792.1	331932202.9	0	0	0	0	243988592.89	148330572.89
AT1G28600.1	1	1	0	0	0	30216398.97	0	0	0	0	0	30216398.97	0	0
AT1G29040.1	1	1	30808007.42	0	41212944	38707951.85	0	0	30808007.42	0	0	0	0	0
AT1G29070.1	1	1	52412776.21	5600433.613	0	0	0	0	52412776.21	0	0	0	0	0
AT1G29150.1	8	13	3910052.654	4102832.675	1263918358	1059635989.3	104742120.33	94945938.13	0	0	1111723590	975379299.2	0	0
AT1G29250.1	3	5	6526074.693	0	221389488	116866559.7	176905722.95	178072113.31	0	0	221389488	116866559.7	0	178072113.31
AT1G29310.1	4	8	3542939.9758	7749651.8854	360537137.5	343687861.78	108147151.02	99608707.35	0	7319461.864	22565282	343687861.78	61710951.91	60865177.91
AT1G29350.1	1	1	0	0	96768992	107634160.1	0	11676660.95	0	0	0	107634160.1	0	0
AT1G29470.1	7	11	0	0	389661762	430988274.06	189113903.66	309891341.86	0	0	204203336	367541401.85	59332137.1	0
AT1G29530.1	1	1	0	0	11128175	0	33053535.48	56364453.03	0	0	0	0	33053535.48	0
AT1G29630.1	1	1	36213630.22	0	209091920	280438164.4	0	0	0	0	0	280438164.4	0	0
AT1G29660.1	5	8	58757979.643	37764517.518	539627092	525853673.49	0	0	0	0	350661460	483708817.75	0	0
AT1G29670.1	14	46	256527710.64	177672752.325	4366640478	3410534539.48	1549608152.67	1427042566.06	98904351.16	78294992.805	4216640180	2552083781.14	1127941025.87	870700899.34
AT1G29700.1	6	12	310126933.14	121495307.61	358143844	439010260.99	0	0	178687825.51	49535228.74	161214616	235648252.38	0	0
AT1G29790.1	2	3	0	0	32995166	34906264.51	57313952.16	211099731.78	0	0	0	34906264.51	57313952.16	156216799.4
AT1G29810.1	6	10	25903849.536	13604053.47	74010623	149958453.92	585839050.74	571561235.08	0	0	0	60358584.64	303698268.45	356168473.4
AT1G29840.1	2	2	3303611.684	0	8498742	40761702.48	32224658.85	9599264.535	3303611.684	0	0	40761702.48	0	0
AT1G29850.1	4	6	0	4296955.477	257959629	207679888.69	31720610.96	89933861.51	0	0	243790580	142537663.19	0	0
AT1G29880.1	20	36	113221218.166	65422725.488	3186260131.75	3185746753.85	710199433.15	762306909.02	0	0	2288008124	2486155711.86	362119077.15	230393490.21
AT1G29900.1	36	89	4592270373.18	1382222038.93	3263711484	2964263539.89	868482486.55	1058576212.39	3483439952.5	786381903.98	2287289590	1863016432.18	0	0
AT1G29920.1	1	3	119377825.4	75967103.03	79686784	23137935.04	0	0	119377825.4	75967103.03	79686784	0	0	0
AT1G29930.1	1	2	242806947.2	293847235.5	177907168	72921791.54	34367349.58	12663771.61	0	0	177907168	72921791.54	0	0
AT1G29990.1	5	8	14096615.66	18340650.73	271453422	296111041.84	42366263	18139224.132	0	0	233128594	296111041.84	0	0
AT1G30000.1	2	2	0	0	0	0	57477587.54	41902601.77	0	0	0	0	57477587.54	0
AT1G30120.1	5	10	547293395.09	118547528.238	237379630	267872301.34	40852255.96	38268860.69	173632134.39	108037062.12	216876520	60066736.84	0	19628524.1
AT1G30230.1	9	23	45145468.117	25774107.54	3289718625	2795246663.9	303298578.45	422272124.78	17311115.86	0	3165345648	2795246663.9	233646341.98	329836907.7
AT1G30360.1	22	48	71739850.488	86101694.88	4859218947	2714538199	1761513495.18	1723821040.023	0	0	3485839847	2043298122.58	1517276033.47	831997928.43
AT1G30380.1	3	26	14953507420.8	26390914921	16777535054	14223272234.124	5598048962.8	5191427241.8	13412032064.8	26390914921	15651470080	14214066159.5	5598048962.8	4271532031
AT1G30400.1	3	3	0	0	74103561	50389617.89	0	0	0	0	45416789	23255590.64	0	0
AT1G30470.1	3	4	0	0	121219869	50401895.16	0	167770147.9	0	0	121219869	0	0	0
AT1G30510.1	4	8	242440898.5	191429074.39	240350405	249462746	1062331735	3420744081	242440898.5	191429074.39	0	0	0	0
AT1G30530.1	2	2	0	0	0	59111605.41	0	39694015.34	0	0	0	59111605.41	0	0
AT1G30580.1	17	45	28180330.913	16261658.114	2700551960	3004478562.13	988788927.7	1354214995.9	0	0	2478134392	2373564738.8	716325862.45	931587059.31
AT1G30630.1	4	7	67896550.658	27831691.88	528108210	387830872.1	67977355.97	88623139.86	0	0	402625306	249640193.6	26190857.33	0
AT1G30680.1	5	6	72660446.728	156344920.483	23139032	36111996	239661158.04	336171920.86	0	0	0	0	163961812.6	225446101.51
AT1G30690.1	9	10	0	0	444547166	219375277.11	59032869.22	119722094.54	0	0	444547166	42653687.41	0	0
AT1G30910.1	1	2	9954454.813	0	0	37805878.38	23740675.4	0	0	0	0	37805878.38	0	0
AT1G31020.1	4	4	0	0	41698549	14323157.82	196152930.71	47760856.57	0	0	0	0	196152930.71	0
AT1G31160.1	9	29	552526045.718	147628351.267	596722608	693085421.21	1254501105.171	1094125244.972	543830408.62	107066928.28	522804496	641227541.3	1028514119.231	977405308.68
AT1G31170.1	2	7	154439913.19	74389875.14	121202904	185543662.41	220877026.85	85770595.3	154439913.19	39089241.34	85228072	130814279.1	164928155.8	70374624.01
AT1G31180.1	9	27	1339704372.63	241446172.757	991496142	1326190628.29	81919493.96	15943067.32	1242244609.51	195020116.3	513329362	1146242647.64	0	0
AT1G31190.1	8	21	696234341.37	161517455.16	892919434	901746208.85	35643117.447	65793095.833	673156931.41	113369893.77	450715224	797312224.23	0	0
AT1G31220.1	4	7	187326919.21	114607090.06	109808211	95592073.94	184530519.301	875709714.64	187326919.21	70807786.17	0	0	0	0
AT1G31230.1	14	25	1001804637.36	454506569.789	742397482	768829085.166	167261834.742	95220091.983	861449960.79	105946920.85	182509000	511783235.12	0	0
AT1G31330.1	12	109	203121567812.03	284820082533.58	104189668669	113661972297.1	14635355340.32	15800245413.94	203023809841	284804191140.5	104189668669	113661972297.1	14425225064.42	15539418742.24
AT1G31340.1	1	3	0	0	184037344	193875427.3	57004739.06	110474752.2	0	0	184037344	193875427.3	0	110474752.2
AT1G31440.1	3	3	0	0	69902985	68641213.59	37107142.21	45086157.17	0	0	69902985	0	0	0
AT1G31630.1	1	1	0	8438494.358	0	0	0	0	0	8438494.358	0	0	0	0
AT1G31690.1	1	2	0	16296324.43	39820360	26383740.93	12797098.85	12222010.22	0	0	39820360	26383740.93	0	0
AT1G31730.1	9	14	12552781.13	10244675.23	297588376	285474376.59	82213372.45	67354868.033	0	0	230856300	211489381.49	0	0
AT1G31800.1	9	11	510353079.9	165206809.357	159043210	137593330.782	102887068.59	127356646.38	510353079.9	0	38069468	39804906.88	0	0
AT1G31812.1	7	17	10031214.85	9412629.479	2138475764	1270716463.23	365108083.4	391561534.72	10031214.85	0	1392935796	541664341.88	253735782.32	116634251.14
AT1G31817.1	6	10	6731299.784	0	18004468	57674592.166	411297896.474	314583789.985	0	0	0	0	411297896.474	223961401.9
AT1G31850.1	1	3	0	0	14810931	20931482.51	0	3597275.269	0	0	14810931	0	0	3597275.269
AT1G31860.1	4	8	226319350.27	70369483.766	229566068	227697854.68	33501398.555	47441776.029	183231119.88	21651157.186	123233528	85465580.28	0	0
AT1G32050.1	1	1	0	0	5949665.5	0	38421749.07	47879225	0	0	0	0	0	47879225
AT1G32060.1	21	133	48396577121.3	10174652202.903	46697900754	63582548035.11	1906741118.77	1871611673.794	43465102284.3	8107160426.427	46676679224	51072351205.2	1152988281	1113304171.6
AT1G32080.1	3	14	327506887.095	52970574.567	627733912	555710386.71	121311178.5	119938048.24	318912352.04	46971279.65	627733912	507339194	121311178.5	52566224.31
AT1G32160.1	6	11	166708738.8	40986931.968	179005658	293906584.15	70979410.27	134526625.6	120948823.41	0	95875194	200689851.09	0	0
AT1G32200.1	12	33	1126718680.96	105006325.213	1126667992	865295077.08	145186013.048	40321308.01	1002092100.8	99036941.71	1126667992	415165488.4	0	0
AT1G32210.1	2	3	8285511.56	0	116963840	129017905.46	86024647.47	30296548.94	0	0	90472336	129017905.46	0	0
AT1G32220.1	7	22	931584055.05	1532234421.5	992862064	1372596727.47	202136469.53	38423170.65	746937527.95	1142429963	777265408	907158374.9	50119543.65	0
AT1G32260.1	1	1	0	0	0	0	36477023.4	26817725.32	0	0	0	0	36477023.4	0
AT1G32400.1	1	1	0	0	13256403	20746399.13	22262216.5	21421772.05	0	0	0	0	0	21421772.05
AT1G32440.1	6	8	297893070.21	65185667.54	201555324	300149099.568	8349336.159	0	202737194.6	33589911.5	124675464	196460487.69	0	0
AT1G32470.1	8	138	348793673.53	251769438.53	8410550351.8	8885489680.08	86906017207.1	88775403784.1	348793673.53	251769438.53	8393843754	8873195857	86906017207.1	88775403784.1
AT1G32500.1	10	22	746557583.74	128892763.501	420278063	493847217.22	0	41445710.092	677640905.76	94847257.69	309250339	178471456.84	0	0
AT1G32520.1	3	4	56827597.46	37705622.229	97575332	137328021.09	0	0	56827597.46	0	0	94997912.33	0	0
AT1G32550.1	1	3	156098136.2	37249537.07	7481582	64394702.77	0	0	156098136.2	37249537.07	0	64394702.77	0	0
AT1G32580.1	3	7	0	0	18675356	2146974.499	473757191.4	235859041.36	0	0	0	0	473757191.4	235859041.36
AT1G32900.1	25	59	2021111096.423	9557029308.29	169052090	671075315.22	670234882.14	777470967.658	1778251773.903	9431145594.15	0	392146376.04	0	0
AT1G32928.1	1	1	0	0	0	0	42106807.86	0	0	0	0	0	42106807.86	0
AT1G32990.1	10	45	10222539893.2	2640812803.85	6526112014	5827207399.29	619188287.97	864860044.02	10222539893.2	1712163842	6462392560	5718398564.3	254291159.67	783040576
AT1G33140.1	11	46	107926642.23	244058421.537	6355050472	6305336904.917	1415929213.43	2826009888.8	23384851.42	33757580.95	6355050472	6300893158.8	1061933528.1	2526952841.9
AT1G33170.1	3	3	0	0	39943284	17293535.34	88565308.84	78747509.5	0	0	20343642	0	88565308.84	0
AT1G33240.1	9	13	18783256.52	6752706.418	15927703.5	23493014.78	947643355.91	880878482.95	0	0	0	0	650713870.35	525486011.55
AT1G33270.1	1	3	15296071.5	11119346.27	21067530	24979114.54	11835315.95	10017327.61	0	11119346.27	21067530	0	11835315.95	0
AT1G33290.1	1	1	10925945.42	0	4720878.5	18239329.17	0	0	10925945.42	0	0	0	0	0
AT1G33330.1	1	1	16184507.51	5564761.477	5472941	8527496.22	16878138.73	16790123.47	16184507.51	0	0	0	0	0
AT1G33490.1	1	1	0	0	107477904	136298251.2	26729293.53	32898575.55	0	0	107477904	0	0	0
AT1G33590.1	18	49	395256670.045	1796857433.368	6222111552	6166435431.04	778549491.48	406924035.28	264850464.26	1398396127.37	6121806448	5176066700.24	203516091.86	0
AT1G33600.1	9	22	353412634.121	876627856.32	1223735948	1625431605.75	90165403.27	392542062.75	0	762612582.16	1126537648	1451691583.2	69623281.51	0
AT1G33610.1	1	1	0	0	285112800	129928022.8	0	0	0	0	285112800	0	0	0
AT1G33680.1	1	1	0	0	9784463	21212855.72	0	0	0	0	0	21212855.72	0	0
AT1G33780.1	3	3	110177663.09	36787352.24	194947804	56154795.7	0	16397638.64	110177663.09	0	21033896	0	0	0
AT1G33810.1	6	23	779940328.66	360368359.16	454886287	480180255.79	356604078.29	113057641.683	555639858.22	360368359.16	264952011	344881636.99	138702475.53	96167322.35
AT1G33990.1	1	1	0	0	23788584	14600691.63	0	0	0	0	23788584	0	0	0
AT1G34000.1	7	36	2783808819	5190894605.7	2473670444	2108951736.09	717757622.2	1019498580.5	2481494254.6	4391218745.6	2281703836	1522664356.3	197068525.6	128930663.4
AT1G34060.1	2	2	7046852862.09	15214995.177	36197972	52816567.3	67705076.43	69442138.4	0	0	0	52816567.3	0	0
AT1G34070.1	1	3	0	408944269.7	266538384	2173208881	516011906.9	917780831.8	0	408944269.7	0	0	516011906.9	917780831.8
AT1G34130.1	3	6	17046106.59	13752804.024	91634042	129497009.72	76508373.69	31274430.59	0	0	23290554	101340013.11	76508373.69	0
AT1G34220.1	2	3	5163759.188	0	146072528	140705354.25	24161401.333	0	0	0	146072528	39771129.65	0	0
AT1G34350.1	1	1	0	0	0	0	51962457.96	77379646.25	0	0	0	0	51962457.96	0
AT1G34360.1	3	6	0	0	0	0	80963267.41	69578040.28	0	0	0	0	80963267.41	69578040.28
AT1G34430.1	12	42	2569707524.44	611740486.94	1096369665	841079782.585	347832200.9	194678119.39	2569707524.44	507256371.65	987263520	626312699.015	44541149.83	0
AT1G34550.1	1	1	0	0	10462989	0	58074672.87	20767749.39	0	0	0	0	58074672.87	0
AT1G34750.1	1	1	0	0	25021748	8304418.276	0	15042146.75	0	0	25021748	0	0	0
AT1G34760.1	1	1	0	0	25339062	0	0	0	0	0	25339062	0	0	0
AT1G35160.1	8	17	15480188.46	301090828.372	1796900668	1438735415.93	357216853.16	312652658.27	0	0	1398803772	1297271497.5	286850531.32	32504869.06
AT1G35340.1	2	2	106731126.41	0	30086325	17532367.04	20086749.75	33511724.29	106731126.41	0	0	0	0	0
AT1G35420.1	9	18	830775686.39	117827045.189	491970830	779116585.49	91335197.455	189361078.694	603623873.59	100880155.55	335831172	387805533.75	0	0
AT1G35580.1	4	5	17498007.01	0	328641520	83429063.98	39423287.36	146661696	0	0	328641520	33195414.05	0	0
AT1G35620.1	8	16	13069076.79	21152147.58	440950372	552462465.69	102623783.47	98348542.99	0	0	413314258	497942673.05	62094565.53	98348542.99
AT1G35680.1	6	25	2804217963.7	681628773.8	1453555790	1349104545.89	281017090.97	285631057.71	2804217963.7	681628773.8	1386827412	1349104545.89	95026364.79	25144236.39
AT1G35720.1	29	112	584929469.412	613447205.38	21144037105.625	22228355401.47	2838497323.1	2967866279.39	376933876.77	399334395.31	18182584641.625	22228355401.47	2074660706.34	1698205035.85
AT1G36160.1	5	7	13974237.25	16076056.12	177543025	177886641.41	60306353.11	136907653.79	0	0	29134693	177886641.41	0	0
AT1G36280.1	1	1	20912819.11	0	0	0	0	0	20912819.11	0	0	0	0	0
AT1G36310.1	3	3	3214038.982	0	84202312	25995865.272	25199197.99	22446198.18	0	0	84202312	0	0	0
AT1G36390.1	6	12	322386387.95	67383761.653	411850842	261603627.92	35388771.287	0	322386387.95	22697514.19	227752426	119101107.69	0	0
AT1G37130.1	4	4	2624728.556	0	292917552	58808480.99	52362546.89	64549120.09	0	0	234629584	41159599.65	0	0
AT1G41830.1	10	18	74270907.434	226677711.04	1147512916	1352192167.71	109756142.36	144964231.6	0	134735388.67	808199372	1125642575.98	0	0
AT1G41880.1	2	5	11318889.1	12691772.29	246786896	325864733.4	292006016.85	265969435.67	0	0	0	0	292006016.85	194423818.3
AT1G42430.1	2	3	19130539.1	38517991.22	29285034	27206934.98	0	0	19130539.1	38517991.22	0	0	0	0
AT1G42480.1	1	1	0	0	14258928	0	10439955.64	0	0	0	14258928	0	0	0
AT1G42550.1	6	9	31404392.74	0	208453174	195775170.44	38465869.75	56166656.902	0	0	98563268	156283346.14	0	0
AT1G42960.1	4	17	1547583662.4	790547273.1	837792486	656724033.94	232196759.07	146266757.83	1547583662.4	458474226	452077416	640765739.93	199291934.13	42011638.83
AT1G42970.1	25	171	71102996559.835	11656815429.677	55734921827.5	92453729633.811	3021100721.358	2777052962.619	71102996559.835	11622499712.787	48804430299.5	92400256220.53	2152928853.697	2475745110.6
AT1G42990.1	1	1	0	12625949.24	302688832	308460157.3	29041901.83	0	0	0	302688832	0	0	0
AT1G43170.1	35	101	627096114.391	651048167.711	14914633652	13518097382.75	5245350085.763	6793081408.43	294044334.94	374534720.79	13746207456	11828033748.14	2136814811.833	3042877778.3
AT1G43190.1	1	1	0	0	46199444	43524148.13	0	12652715.11	0	0	46199444	0	0	0
AT1G43560.1	3	6	612680913.53	120186742.503	1052793408	1442199169.8	0	0	338246421.23	110948061.13	229961536	120276776.8	0	0
AT1G43670.1	14	41	15505684.853	61202175.643	4824033680	5338164491.05	371313978.77	274039614.831	0	0	3507986832	5338164491.05	222103070.51	214535582.73
AT1G43690.1	1	1	0	0	52720876	27341434.1	135133557.7	249275613.4	0	0	0	27341434.1	0	0
AT1G43700.1	1	1	328892204.8	307037857.5	132865584	95331231.2	0	0	0	0	132865584	0	0	0
AT1G43890.1	4	6	17055936.78	54329704.04	310639132	257777802.58	13746071.36	33909802.28	0	34254634.78	244859376	257777802.58	0	0
AT1G44170.1	4	4	0	0	102288920	122866204.8	59106561.72	166534719.61	0	0	46445892	40564518.99	23435961.42	72418113.61
AT1G44446.1	5	7	177325027.088	121533485.61	36795373	11818685.841	62152184.84	48286120.07	142210043.64	121533485.61	0	0	0	0
AT1G44575.1	9	175	57027487695.759	101508605506.014	43378574557.2	59413931177.87	3106682645.61	2374374348.48	57024109973.93	101507254055.07	43378574557.2	59413931177.87	2700153680.11	2138064800.3
AT1G44790.1	1	2	0	0	36091504	21528890.86	11081985.01	0	0	0	36091504	21528890.86	0	0
AT1G44820.1	3	3	0	0	181471204	167677083.23	26751977.76	0	0	0	0	167677083.23	0	0
AT1G44835.1	2	3	0	0	68830246	65594799.71	0	11606238.41	0	0	40664104	65594799.71	0	0
AT1G44920.1	1	1	0	0	1616738.625	0	0	0	0	0	1616738.625	0	0	0
AT1G45000.1	1	2	0	0	77849816	57776622.83	17195329.16	10252704.66	0	0	77849816	57776622.83	0	0
AT1G45145.1	6	10	74716358.41	0	1508309600	658637698.27	124552802.6	160501613.9	0	0	1085866272	586663844.66	0	0
AT1G45201.1	11	28	214153697.41	65432352.934	1284272712.5	2051960195.56	1039427590.023	598694591.483	189115519.72	18145420.864	498818168	1665477080.46	880483068	299122861.61
AT1G45230.1	1	1	45363552.04	9644803.456	93899592	129153607.1	0	0	45363552.04	0	0	0	0	0
AT1G45474.1	9	33	1382682393.985	1435414774.97	925516127	882462695.94	310440273.989	289919091.06	1002554933.98	1243106362.27	908779048	784016768.44	0	0
AT1G45545.1	1	2	0	0	131254600	64713424.2	15031233.85	0	0	0	131254600	64713424.2	0	0
AT1G47128.1	8	27	97798558.348	238425581.0337	5109646096	4820222136.91	684374695.12	490079945.3	0	212365453.4	4829944132	3763731262.81	0	241885193.3
AT1G47200.1	6	11	25216659.299	0	661214036	496851762.76	147313866.558	101951511.28	0	0	576971580	496851762.76	91351079.15	82496891.91
AT1G47260.1	23	97	15002563.131	90581268.214	2202070639	2632091440.54	37875602322.51	41969432815.04	0	0	1341749412	2210463282.93	32883890194.51	40337593122.25
AT1G47278.1	1	3	0	5472160.415	0	0	140297159.6	93748760.69	0	0	0	0	140297159.6	93748760.69
AT1G47420.1	15	54	112942736.44	53835420.98	615503591	829302634.366	17820968521.85	20218043891.22	0	0	234231156	767340114.54	16988891996.85	18110541284.9
AT1G47530.1	2	3	20164125.33	21354222.26	171348464	175917832.05	43828958.43	60490924.72	0	0	171348464	86681784.22	0	0
AT1G47550.1	1	1	0	0	25617216	0	50159313.06	44690916.12	0	0	25617216	0	0	0
AT1G47710.1	4	5	0	0	243442722	352612935.73	32607018.96	77106780.63	0	0	98285120	352612935.73	0	0
AT1G47830.1	2	2	0	0	175512648	131386720.64	63718775.5	42878928.89	0	0	175512648	0	0	0
AT1G48030.1	42	179	302679655.67	219907928.537	6805650229.5	8010984874.534	104792733709.4	76109874379.73	64679441.84	146573666.74	4579386777.5	6671310054.6	104467292202.25	67412609818.1
AT1G48090.1	2	2	0	0	11092377	30607608.33	0	0	0	0	0	30607608.33	0	0
AT1G48200.1	4	5	0	51147232.54	0	8048649.096	317580887.47	338398116.48	0	0	0	0	155504793.3	315237651.63
AT1G48320.1	2	2	0	4184101.861	42639012	12378244.84	178557269.21	125233765.7	0	0	0	0	178557269.21	0
AT1G48350.1	8	31	3455162635.22	755478362.076	3372427100	2761964098.96	499527295.79	726101557.14	3455162635.22	342882401.03	3055139484	2425366492.06	0	0
AT1G48410.1	12	18	86104805.047	235028251.128	467130252.75	469132769.801	373367058.66	416657107.9	0	0	227256502	278820271.17	195541338.58	165470945.81
AT1G48420.1	16	33	411854831.455	171230814.152	1065840118	1556723776.155	1488080846.99	1236881113.81	257064937.03	52771026.91	546168936	1184861265.83	1292020499.95	977413941.82
AT1G48440.1	1	1	2566694.641	0	0	0	22383557.61	0	0	0	0	0	22383557.61	0
AT1G48460.1	4	7	114601110.56	52260970.62	194679286	110890314.95	151603612.37	256332311.46	86618842.29	52260970.62	28021446	37757847.28	0	0
AT1G48520.1	20	42	1104462179.153	206992099.071	1119387103	991010882.68	1351813876.32	1516823620.42	801599229.77	59538336.98	596938660	517453991.32	436027249.48	621777855.52
AT1G48600.1	8	11	12000781.698	13060212.28	1245130564	686328626.83	259781101.87	119421731.64	0	0	852736052	381624865.78	29733644.55	0
AT1G48610.1	21	56	21210354.849	177073954.075	776609693	588012894.77	5518536713.97	4969971071.12	8272599.324	66644354.2	313630416	282580526.1	5257667791.43	4334661637.08
AT1G48620.1	17	40	26078347.646	118217145.654	269141287	313360463.89	3466588704.56	3411752142.78	12376982.91	42461359.69	188434860	98744445.93	2748217999.06	2836721090.98
AT1G48830.1	6	13	103086846.77	116565295.797	1607321782	1814222259.4	716885330.98	447301076.78	0	0	1607321782	1151347858.2	188576447.55	154665301.46
AT1G48850.1	15	38	1243745546.52	719245551.764	1248782723	1419209809.58	170384599.27	379084550.15	1187375033.14	312418913.474	918880802	804632488.68	0	0
AT1G48860.1	4	10	266196672.54	58341797.51	197637060	156930819.1	9239246.587	21526536.64	266196672.54	18181528.85	179822228	116300807.05	0	0
AT1G48900.1	5	5	26162962.524	64403900.331	411692332	113804481.983	61322850.65	64760230.44	0	0	365214076	0	26528976.95	0
AT1G48920.1	10	17	261000197.311	226982723.85	3039153448	2611078944.1	261658255.35	378021492.05	0	196063390.25	2451657218	1907953265.4	0	208208092.55
AT1G48970.1	1	1	0	248441.2537	473307392	597588516.1	0	0	0	0	0	597588516.1	0	0
AT1G49040.1	1	1	12311873.53	9260095.995	93505432	117365612.5	0	0	0	0	0	117365612.5	0	0
AT1G49140.1	5	14	12593726.28	4909250.952	190997295	174068361.78	2667186536.2	2187390872.2	0	0	0	60050608.37	2667186536.2	2187390872.2
AT1G49240.1	1	3	7240317.022	0	1389290112	1049484122	64333949.07	77528668.45	0	0	1389290112	1049484122	64333949.07	0
AT1G49300.1	3	4	0	0	177014844	214128513.36	73727393.08	80651535.45	0	0	43231348	214128513.36	0	0
AT1G49380.1	3	3	84250257.41	49002448.61	0	9844178.855	32727822.21	0	68867639.94	12708790.41	0	0	0	0
AT1G49400.1	2	4	0	0	64484032	53990595.85	322222084.2	385041152.5	0	0	0	0	322222084.2	385041152.5
AT1G49410.1	3	4	0	0	0	14407855.38	672093188.98	881043276.8	0	0	0	0	387289744	881043276.8
AT1G49480.1	1	2	0	6668976.633	34636360	21722181.28	127471423.1	128566416.5	0	0	0	0	127471423.1	128566416.5
AT1G49630.1	2	2	17563981.6	0	13173753	22330001.95	22237406.34	14143438.13	0	0	0	22330001.95	0	14143438.13
AT1G49650.1	5	7	83204587.15	5208647.75	130450704	83862414.373	354764788.78	250367064.23	12262500.54	0	91173154	47138382.53	27937705.89	49182866.37
AT1G49660.1	2	3	0	0	125260360	137922075.34	16387938.69	8143694.119	0	0	125260360	61822698.06	0	0
AT1G49670.1	11	17	0	29680203.529	402567269.5	342814290.626	683585691.173	665136515.39	0	0	137708136	230258113.58	535394775.223	144549667.06
AT1G49750.1	10	28	495739516.96	1669395449.45	3608970224	4468993288.77	184799992.952	382404247.97	263006859.2	1623325295.14	3491626216	3184242779.87	38649934.7	0
AT1G49760.1	10	18	23779816.995	5634828.692	738677420	408559722.199	391586722.51	292453051.056	0	0	572753032	313909171.09	132842253.33	153409412.9
AT1G49780.1	1	8	6358900692	6115427476	456169120	15367283262	29634328946	33984977324	0	6115427476	456169120	15367283262	29634328946	33984977324
AT1G49820.1	5	8	11030095.55	0	187422618	278026727.22	104857714.55	219565175.31	0	0	187422618	142861999.81	0	0
AT1G49970.1	8	24	1524253083.2	425430940.85	1310339043	1040787468.3	1440137183.02	170673411.25	1280195708.7	389025101.31	1233215792	743882897.6	0	0
AT1G49975.1	5	18	470419017.3	889517360.12	176940014	561819156.21	190027938.828	224079138.74	470419017.3	889517360.12	138371927	234254435.55	139511169.5	0
AT1G49980.1	1	1	0	0	104501000	102664787.4	50966584.99	0	0	0	104501000	0	0	0
AT1G50020.1	2	3	95249135.78	138809689.81	0	32950883.373	25657701.55	23294740.62	53132214.41	138809689.81	0	0	0	0
AT1G50140.1	2	2	0	0	28288966	0	29061137.16	28829165.56	0	0	28288966	0	29061137.16	0
AT1G50170.1	1	1	31971900.92	0	21707690	19224155.8	0	0	31971900.92	0	0	0	0	0
AT1G50200.1	27	51	164637072.953	564851950.507	3694072764	4148401463.6	1410749580.53	1256306630.65	0	0	2492860744	3757272434.29	319665186.56	446589398.35
AT1G50240.2	1	2	26947809.19	0	195130144	430900068.9	15834341.87	10702242.88	0	0	195130144	430900068.9	0	0
AT1G50250.1	18	77	3468414181.128	4830986848.59	2102613949	2106537233.468	165105525.58	140453583.68	2828696298.82	4830986848.59	1527534294	1433986344.59	13339435.13	0
AT1G50320.1	4	10	507130518.07	55674241.72	565968658	780220593.32	5894858.403	724172.4044	152483149.57	0	237281336	780220593.32	0	0
AT1G50370.1	3	6	0	0	236924208	132319318.17	0	0	0	0	236924208	132319318.17	0	0
AT1G50380.1	10	13	66026241.831	14115711.8	306570704	450056242.87	184434285.956	236297516.42	0	0	198456322	301061466.68	41870725.2	0
AT1G50430.1	2	4	0	0	52133340	47826681.28	57014420.45	70647423.05	0	0	52133340	0	57014420.45	0
AT1G50450.1	14	34	1167361984.77	1810838319.392	981754232	1149389827.36	167317910.591	128315229.504	809015648.74	1618878616.11	823466782	1034300855.52	0	0
AT1G50460.1	2	3	0	0	9186258	0	158239380.74	168068445.34	0	0	0	0	158239380.74	112492031.1
AT1G50480.1	20	39	432858742.666	603015441.174	2964111024	5405488323.51	520999158.53	815389324.25	9478353.535	0	2275124324	4591190571.21	159718280.59	165921476
AT1G50500.1	1	1	0	0	25011370	53041951.45	0	0	0	0	25011370	0	0	0
AT1G50510.1	1	1	0	2703860.104	30715248	28295962.14	41488514.22	32196089.38	0	0	0	0	41488514.22	0
AT1G50570.1	1	1	0	0	17078086	18523515.36	0	0	0	0	17078086	0	0	0
AT1G50670.1	3	4	0	0	181097032	166753025.57	20373915.89	25921666.4	0	0	116202460	111284262.14	0	0
AT1G50900.1	3	7	333949116.77	13571378.91	141048910	68226531.95	0	0	333949116.77	0	86203374	27027567.75	0	0
AT1G50940.1	17	46	0	200025598.1	307591870	432698933.4	7769409063.15	5780271933.71	0	0	210213196	279323034.54	7184879046.95	5760318743.39
AT1G51060.1	4	7	20148792.55	39409922.43	60130170.375	40826681.26	780778412.31	857857475.06	20148792.55	0	59352643	40826681.26	780778412.31	0
AT1G51100.1	7	9	608535365.17	95872693.46	383204992	649870225.21	64831385.93	45004932.78	570078223.31	0	175144894	211575667	0	0
AT1G51110.1	12	32	2714641605.59	3355000352.7	1583621078	1282158929.806	138661803.75	195530320.12	2086826017.49	3175490694	757014404	755954277.4	0	0
AT1G51160.1	1	2	0	0	34177536	24314452.34	0	34078330.22	0	0	34177536	24314452.34	0	0
AT1G51390.1	6	12	13146912.62	9399683.72	43763540	106618201.71	1701033207.21	1294076280.4	0	0	0	45683512.22	1169515159.61	1213166411.05
AT1G51400.1	3	8	1237814385.17	498661537.11	862154920	608684130.91	830817434.43	481486636.6	1237814385.17	182491721.01	0	112013262.1	125253105.1	370348847.5
AT1G51510.1	2	4	0	0	205783312	117465024.53	10320349.81	5574805.791	0	0	205783312	117465024.53	0	0
AT1G51560.1	2	5	88998562.06	23728024.34	76220012	67028408.39	32935039.14	0	88998562.06	23728024.34	44165852	0	0	0
AT1G51570.1	4	5	263136601.9	52282703.45	548802216	411535341.33	128636257.749	105182346.82	0	52282703.45	75001352	81765821.61	0	0
AT1G51590.1	2	2	0	0	20706458	12606142.43	74005438.64	79284848.92	0	0	0	0	38134450.38	39572378.9
AT1G51610.1	1	1	0	0	0	0	37600554.08	35360807.3	0	0	0	0	37600554.08	0
AT1G51630.1	2	3	0	0	144919664	171117461.5	55693537.77	124097361.54	0	0	144919664	0	35633409.29	37630223.59
AT1G51650.1	10	33	76242159.22	0	464837219.5	559629025.322	24688904930.6	20014684188.2	0	0	292279936	505604001.6	24265879345.2	20014684188.2
AT1G51660.1	5	6	3461365.511	19065311.933	116128222	111726909.32	427618581.7	274993993.72	0	0	0	0	361898985.57	152177155.26
AT1G51680.1	1	1	0	0	42782224	0	0	0	0	0	42782224	0	0	0
AT1G51690.1	2	2	0	0	82767444	76202819.8	0	0	0	0	0	76202819.8	0	0
AT1G51710.1	7	8	0	19563501.064	320049946	280705504.95	24929858.173	61990527.22	0	0	219894018	97509843.81	0	0
AT1G51730.1	1	1	0	0	28147946	34712085.11	0	22392674.94	0	0	28147946	0	0	0
AT1G51760.1	2	2	0	0	143227512	129221380.58	41276033.45	100498073.8	0	0	0	129221380.58	0	0
AT1G51805.1	5	8	14365868.996	0	209940925	168829069.62	55454292.98	107757120.82	0	0	199748824	112653694.07	0	107757120.82
AT1G51980.1	31	116	124497684.255	102991808.3394	4485465893.5	4205971436.579	70749489562.49	77632756531.52	0	41426097.6	3114088334	2625070080.02	65828915711.05	76760461218.87
AT1G52000.1	19	52	111839504.167	114223976.604	2067953666	1510149075.23	1539293045.5	617676157.33	59928754.42	9227999.451	1619814118	1118887449.18	1443718208.8	493569864.71
AT1G52040.1	22	64	332835176.686	387464425.657	1388779099	1290461663.5	2942373592.95	3090092080.21	140358814.97	256590664.88	947425409	546555620.08	2781658130.45	2573444903.25
AT1G52220.1	3	20	2074179624.1	1098066780.2	1868301832	1761115635.7	60150155.94	14581609.866	2074179624.1	1098066780.2	1662891128	1468099952.5	0	0
AT1G52230.1	1	15	44332237.05	147085.1358	138780604.5	126329595.8	0	0	44332237.05	0	138780604.5	126329595.8	0	0
AT1G52340.1	2	2	0	0	101766826	44250898.83	6679347.974	12218072.29	0	0	101766826	0	0	0
AT1G52360.1	4	7	0	5239821.411	268289000	283875278.73	48904996.94	81514379.94	0	0	268289000	206965883.31	0	0
AT1G52370.1	1	1	0	0	0	0	38886228.93	31451001.66	0	0	0	0	38886228.93	0
AT1G52380.1	3	4	0	0	95450364	134186574.63	147089620.9	230501132.5	0	0	29939852	134186574.63	0	0
AT1G52400.1	32	120	4224383989.3526	3733973432.53	4970483767	6899948783.47	25748183953.26	33043401817.76	1980035488.75	2669246024.08	3476617235	5420643718.65	21848153401.56	29973808031.33
AT1G52410.1	25	55	297506346.734	213389088.467	2527917173.5	2900981026.35	340131855.329	92119643.383	50197956.697	89905347.617	1693199417	2540990971.9	0	0
AT1G52420.1	1	1	0	0	0	0	66604319.19	55432202.1	0	0	0	0	66604319.19	0
AT1G52510.1	10	30	2101806735.35	1121157539.28	1438699284	1965033788.35	321197675.65	59104620.11	1925416275.35	879320069.76	914582864	1547200277.1	60746858.92	0
AT1G52590.1	2	3	35360520.028	38149979.453	0	0	0	0	26713511.25	38149979.453	0	0	0	0
AT1G52600.1	4	10	0	0	164751690	223884359.31	104167492.35	72446904.11	0	0	132897814	223884359.31	88437245.82	34697750.36
AT1G52670.1	2	6	256602969.86	54119048.78	173161448	73939025.42	13909469.67	11683952.62	208300739.8	54119048.78	122792356	0	0	0
AT1G52730.1	4	5	0	0	256882368	182286153.67	29742794.46	52318505.85	0	0	114162936	182286153.67	0	0
AT1G52740.1	4	18	3203778.09	2508563.017	30376998.25	23585020.6729	1849335431.13	844987810.723	0	0	0	0	1849335431.13	844987810.723
AT1G52760.1	3	6	3181349.436	32210919.51	229502008	164567895.86	207258711.38	354397952.56	0	32210919.51	229502008	91472783.92	0	305046693.9
AT1G52780.1	5	7	0	15723302.18	39732252	24048567.7	230229807.99	214557604.18	0	0	31076074	0	189935599.55	93082870.98
AT1G52870.1	1	1	0	9240083.682	0	0	0	0	0	9240083.682	0	0	0	0
AT1G53000.1	18	45	140468564.58	146624191.33	1019207488	726806579.61	7532193915.35	7064795342.62	0	0	186828344	83069504.95	7295343808.15	6601392145.02
AT1G53070.1	4	5	0	0	209898210	173947783.7	43379459.48	8493820.403	0	0	114822484	124188151.05	0	0
AT1G53120.1	2	2	20706469.77	0	9009163	10125906.37	64459983.03	60277630.7	12112266.61	0	0	0	0	25815730.08
AT1G53210.1	11	28	37050513.433	39656333.182	2907165744	2626596316.35	924505024	844946076.63	15685703.87	8909542.42	1956802672	1428290471.34	663547544.01	405248534.14
AT1G53240.1	16	75	147050513.58	152092238.1711	3301295525.5	3743372266.452	63022052823.475	52654728958.9	87249788.93	52608262.58	3201649632	3587669138.37	63022052823.475	51960679294.8
AT1G53280.1	6	17	653343352.71	207970219.81	1306781140	1932140333.84	57933280.728	43954045.46	346227236.97	189467634.12	1306781140	1927045564.45	0	16302311.1
AT1G53310.1	18	32	172778715.573	31780394.54	2311898143	2182349749.832	245011410.188	459601656.72	0	0	1341941187	1837606648.6	69223195.13	48072476.52
AT1G53400.1	1	2	0	0	21730258	26200824.19	11918322.78	0	0	0	21730258	26200824.19	0	0
AT1G53430.1	2	3	3618893.877	1980309.45	42966446	37092166.18	12026365.36	12370930.06	0	0	0	14167158.73	12026365.36	12370930.06
AT1G53440.1	1	1	0	0	0	0	19533151.65	0	0	0	0	0	19533151.65	0
AT1G53460.1	1	2	9315445.038	0	8690405	8614738.878	86694672.06	61171664.06	0	0	0	0	86694672.06	61171664.06
AT1G53500.1	2	2	0	2698009.462	38461458	42006764.16	0	0	0	0	0	42006764.16	0	0
AT1G53520.1	4	11	127744743.9	44940215.628	286023264	148995262.56	121108256.8	82938772.3	114533130.86	41317677.2	140379240	133992783.9	0	0
AT1G53530.1	1	1	0	0	0	0	96218580.32	139487592.4	0	0	0	0	0	139487592.4
AT1G53580.1	11	25	0	6576777.561	1121576943	917312949	2915638860.85	1359937393.65	0	0	918089712	609770903.42	1843670744.87	669969795.61
AT1G53645.1	5	8	0	0	32027652.5	25541261.85	479581687.1	487821321.93	0	0	0	0	324318005.8	415245378.2
AT1G53670.1	5	8	355422299.47	104463999.31	251106568	257475993.42	126692301.89	68824424.25	314492264.66	0	49743176	66504476.81	85869269.82	0
AT1G53750.1	15	27	6614963.004	15482243.596	1841582846	1535079461.8	75822923.991	46678581.49	0	0	1452621774	1233562290.11	41471177.95	0
AT1G53760.1	8	17	38536528.243	102782871.063	35443133	11140865.17	1337583256.95	1395206559.98	0	0	0	0	1337583256.95	1169713875.73
AT1G53840.1	1	1	4650272.814	7219385.065	39970528	35887286.1	292681445.5	230969663	0	0	0	35887286.1	0	0
AT1G53850.1	7	18	29888541.149	36991166.489	1902639168	1977404569.1	140538399	1619222474.23	0	0	1902639168	1977404569.1	50520879.08	47727266.83
AT1G54010.1	1	1	0	0	60057464	16014317.41	0	18330987.7	0	0	60057464	0	0	0
AT1G54030.1	2	2	983617.5494	1723430.566	132820240	84456677.98	32045883.24	25940195.98	0	0	132820240	0	0	0
AT1G54060.1	2	4	47758856.37	100046966.5	625243904	657088186.17	265405237.56	335234798.28	0	0	0	0	265405237.56	335234798.28
AT1G54100.1	9	11	0	7109534.417	923582816	1287165811.33	414228194.27	212712271.051	0	0	437653696	1123267553	0	0
AT1G54150.1	1	2	0	0	0	0	73542098.21	64516068.78	0	0	0	0	73542098.21	64516068.78
AT1G54220.1	26	61	589558404.114	180985217.134	725422045.5	956953442.55	12173072171.09	11591047943.99	0	0	145407428	114683553.69	10813929630.8	10412006870.65
AT1G54270.1	6	15	6524058.908	4665901.241	667166484	752444600.95	422374147.35	313056748.86	0	0	238983616	752444600.95	315780911.07	252724621.26
AT1G54290.1	2	3	0	0	65250484	67564940.4	122212139.2	91071480.66	0	0	65250484	0	122212139.2	91071480.66
AT1G54340.1	1	1	0	0	22699128	0	42800737.69	0	0	0	0	0	42800737.69	0
AT1G54350.1	5	14	169124844.93	150816497.16	115622396	175905912.27	15848317.18	8534221.638	136827946.46	150816497.16	41817876	175905912.27	0	0
AT1G54410.1	3	11	180830501.402	497834999.1	1786945504	1093374649	1118410832.77	2670782542.841	0	497834999.1	1786945504	1093374649	1118410832.77	2662071602
AT1G54500.1	8	21	2597162038.74	2272398646.84	845932402	1339525402.35	61984214.76	40364758.4	1738630880.5	2223591452.63	530859450	545906144.7	0	0
AT1G54520.1	7	14	377751111.79	361268709.24	196525652	141163922.64	155914949.8	120295908.08	347667556.85	361268709.24	149757228	44783345.57	0	0
AT1G54570.1	3	4	34855453.86	73897233.882	71938158	78116919.91	0	26346129.03	16845074.43	67509980.89	0	36771964.17	0	0
AT1G54630.1	2	5	190719186.9	160079954.6	0	225033313.65	0	10782152.41	0	0	0	225033313.65	0	0
AT1G54690.1	1	1	0	0	0	0	92099905.88	0	0	0	0	0	92099905.88	0
AT1G54780.1	14	104	33587133674.79	62546117834	20619928239	19855033720.89	1482927486.01	1182041681.8	27846466931.55	62546117834	20573600427	15396479588.08	1299412925.75	879511150.65
AT1G54990.1	4	9	43420976.73	16563270.93	244213892	297360771.78	66661390.45	56615809.82	0	0	180308204	297360771.78	0	56615809.82
AT1G55090.1	1	2	0	0	19621004	37055478.25	0	18515477.9	0	0	19621004	37055478.25	0	0
AT1G55120.1	1	1	0	0	23668800	0	0	0	0	0	23668800	0	0	0
AT1G55160.1	14	39	229833981.062	28664701.979	563622056	693612232.18	8181028414.89	7374826293.87	0	0	526844400	675910422.79	8098949849.04	6966849915.78
AT1G55210.1	3	4	60240978.223	69248426.09	477269632	547050877.5	41044271.47	0	0	0	353106048	547050877.5	0	0
AT1G55260.1	2	5	0	0	849329136	760598375.1	37885187.71	80288768.19	0	0	849329136	383363927.7	0	0
AT1G55280.1	1	1	6693777.735	22123190.34	0	14347977.54	0	0	0	22123190.34	0	0	0	0
AT1G55370.1	1	1	5981100.271	5976099.269	0	0	0	0	0	5976099.269	0	0	0	0
AT1G55450.1	9	22	80988641.11	64669187.045	500479268	694090767.55	4210614546.07	5376429611.81	31355852.16	0	247357848	308501926.89	1905198329.47	1211971686.91
AT1G55480.1	30	103	10042210567.345	5132107653.465	7671417698	9791534416.18	1228307630.62	1059646577.119	9271324937.64	4632765092.515	7208487142	7970136563.36	126475764.27	105525572.56
AT1G55490.1	12	38	6091262854.76	1340903344.553	4814367136	4386237633.71	357848486.15	269576626.55	6091262854.76	1334354180.717	3036601964	3015751268.21	158177904.63	21845320.93
AT1G55510.1	1	3	0	0	0	0	44411294.81	0	0	0	0	0	44411294.81	0
AT1G55540.1	1	1	29355412.7	37385610.98	43200152	16803936.08	0	17996736.3	0	0	43200152	0	0	0
AT1G55670.1	7	42	54243019908.42	101871017745	30373478518.5	23535256907.36	5748421876.7	4945548319.2	43674376865	76688871364	25751716398	15574010274	5303198122.9	4945548319.2
AT1G55805.1	5	10	2328000762.6	3894969654	77013254.5	32468222.08	384780275.72	275034544.71	2309731517	0	0	0	303096250.73	261147908.4
AT1G55830.1	1	2	118064174.8	109521886.6	42016860	58864984.32	0	0	0	109521886.6	0	58864984.32	0	0
AT1G55850.1	1	1	0	0	0	35532814.05	0	0	0	0	0	35532814.05	0	0
AT1G55890.1	20	39	52414870.199	388290758.033	93102920.5	116965322.696	3301995207.44	3231951392.976	0	0	48904250	0	3301995207.44	2732925836.14
AT1G55900.1	10	20	109549712.85	147904018.218	109501254	129918797.897	1685380043.44	1688702548.64	0	0	17001376	0	1268363894.26	1573644172.04
AT1G55910.1	1	2	0	0	37251168	31544475.79	0	0	0	0	37251168	31544475.79	0	0
AT1G55930.1	1	1	0	5258331.13	11424667	0	0	0	0	5258331.13	0	0	0	0
AT1G56000.1	7	13	38461543.473	150155426.45	148164595	188192644.03	657400473.63	509624594.773	0	0	70445748	70185633.31	558114376.19	213377373.53
AT1G56050.1	10	31	765172804.65	243525208.95	571119812	797124032.75	1359164796.2	1012109210.64	405891738.2	101869112.66	519690028	326191086.4	1047711384.98	644315693.81
AT1G56070.1	63	193	1226946629.109	863205494.687	34507437002	31323057901.4	10853287239.293	12379081682.823	76443808.629	214393243.16	27718254836	23660233452.7	8774662065.003	10695466372.053
AT1G56110.1	4	7	25389658.169	27217707.728	536285968	673406724.17	59078029.92	0	0	0	165660880	673406724.17	0	0
AT1G56130.1	1	1	0	0	43924904	0	73910215.36	47656796.85	0	0	43924904	0	0	0
AT1G56180.1	1	1	15381045.74	18089807.51	55914460	19461721.67	15904753.72	0	0	0	0	19461721.67	0	0
AT1G56190.1	11	44	3693140248.13	892632229.77	4025025398.25	4054667593.962	242466445.36	258092315.02	3693140248.13	811455258.22	2871408630.25	3458317648.162	0	0
AT1G56200.1	1	3	71232908.16	46830899.79	44629135.5	48551695.87	0	0	71232908.16	46830899.79	0	0	0	0
AT1G56330.1	1	2	7297100.037	0	10997989	238218994.5	45615855.51	0	0	0	0	238218994.5	0	0
AT1G56340.1	11	25	17313906.069	70129040.452	2776381320	2129652857.9	329030402.713	409723285.4	6700586.539	21188924.13	2555926136	1814476505.6	193033409.89	224135066.93
AT1G56450.1	5	9	0	93123959.46	306423704	313213499.52	30497054.54	0	0	0	306423704	206014874.72	0	0
AT1G56500.1	45	112	6734292562.606	8749425947.54	3888969801	3456504634.521	578397521.458	549491805.333	5050304281.97	7244515360.32	1942982469	1725605572.316	0	0
AT1G56560.1	11	22	11234121683.99	21863239047.657	5663730855.5	7199306517.89	3035710670.52	2930349981.27	0	0	0	0	2698960745.25	2683965324.75
AT1G57540.1	1	1	0	0	0	25394486.54	145777693.1	140266457.1	0	0	0	0	0	140266457.1
AT1G57590.1	1	1	0	854031655.4	14337671	47762880.3	132198103.1	90163559.69	0	0	0	47762880.3	0	0
AT1G57610.1	5	11	2939879.708	5073634.244	110728167.5	46038729.39	1691072953.17	1702241282.83	0	0	0	0	1691072953.17	1551994585.63
AT1G57720.1	13	28	20909170.94	366091226.699	4682792586	3867080811.81	588110790.39	650066551.05	0	0	3819702074	3058729590.79	511567995.9	0
AT1G57770.1	9	18	458957504.94	129282632.514	515999908	806906714.71	261300541.562	242485580.37	443224629.28	41486155.7	157091612	613075927.93	0	0
AT1G57990.1	1	1	0	0	23454328	8679421.325	0	0	0	0	23454328	0	0	0
AT1G58080.1	2	5	156642468.28	24169430.95	76392380	73302795.8	0	0	156642468.28	0	76392380	33038604.35	0	0
AT1G58180.1	3	3	4907391.767	0	7049935.5	11213421.548	182057611.71	185816251.47	0	0	0	0	182057611.71	0
AT1G58270.1	8	18	19783624.27	42585847.413	685350168	397936515.316	1189815604.91	689678937.43	19783624.27	37458223	563412656	291460032	660741593.41	508397796.99
AT1G58290.1	9	15	755846893.63	216990497.26	96387032	90797438.568	34739397.4	42689956.497	595128902.93	162967976.77	33972832	35190894.39	0	0
AT1G58380.1	2	8	0	0	828356068	969964813	15006153.49	59203680.03	0	0	828356068	969964813	0	59203680.03
AT1G59610.1	10	21	13046703.258	3840487.473	570278624	552183485.77	203247472.15	203706542.14	0	0	414093388	494799065.43	117351974.25	115433675.04
AT1G59700.1	3	4	0	0	288935224	420928306.3	0	16291860.44	0	0	191872944	275441761.3	0	0
AT1G59840.1	7	14	433386864.92	575110800.89	225824284	204019044.68	795698820.015	470669528.85	377794001.81	329650388.49	0	120340925.62	0	0
AT1G59870.1	51	109	165469739.986	206417189.0273	4454158648.0625	5025915785.245	4898533415.705	5056024524.96	0	0	3170987869.5	3978130003.04	4072220017.28	3960000930.67
AT1G59900.1	42	137	165607236.461	256377442.197	3318538494	3168821102.822	45755266212.01	39851370267.81	0	0	1621998244	1892367219.04	44753369094.98	38325576733.67
AT1G59910.1	1	1	0	0	0	0	62983693.39	72356225.19	0	0	0	0	62983693.39	0
AT1G59990.1	3	3	55976681.598	17351818.025	25111486	16022590.47	38544578.2	20175613.48	55976681.598	0	0	0	0	0
AT1G60000.1	4	6	206806396.557	47467965.334	87987496	181852430.72	0	0	92356436.257	0	67282920	181852430.72	0	0
AT1G60070.1	1	1	0	0	52441204	28319511.72	0	0	0	0	52441204	0	0	0
AT1G60420.1	3	3	0	0	170139736	156043875.6	0	0	0	0	112510656	37299309.98	0	0
AT1G60550.1	4	7	7881150.693	31425661.546	90638548	65567013.484	115792430.51	207056965.27	0	0	44150052	33568458.22	98222138.66	166597693.21
AT1G60710.1	7	14	0	4568875.755	685323322	390589256.05	5897352.673	123351328.46	0	0	685323322	323566658.29	0	0
AT1G60770.1	15	30	11537378.16	5799359.239	67268904.5	183421437.184	1385270287.54	1547976345.57	0	0	0	0	1385270287.54	1491208284.64
AT1G60780.1	3	3	0	2775042.947	0	84124200.86	57749671.441	56659132.057	0	0	0	84124200.86	22001466.43	0
AT1G60950.1	2	2	142050653.8	0	0	0	0	0	142050653.8	0	0	0	0	0
AT1G60990.1	1	1	14108682.9	0	21983818	25267017.73	0	0	14108682.9	0	0	0	0	0
AT1G61150.1	1	1	0	0	36094484	23735566.71	0	0	0	0	0	23735566.71	0	0
AT1G61250.1	4	6	0	0	520570944	349903983.94	56074025.58	135039481.96	0	0	520570944	108667679.2	0	0
AT1G61520.1	11	169	137928063189.8	248517158306.095	67425100431	66854228139.9	12409802354.46	11526071492.67	137928063189.8	248517158306.095	67425100431	66612237535.5	8065641002.5	11327747192.6
AT1G61570.1	4	6	2274971.643	0	32504774	55566169.855	2627965755.4	1687207090.34	0	0	0	0	2411840705.6	1187593694.14
AT1G61730.1	14	27	7594602.966	29860450239.99	50804975	32798111.154	2413365331.59	1965914103.7933	0	29832031116.86	0	13343922.8	2111604137.75	1965385941.78
AT1G61770.1	1	2	3803191.281	20209496.28	33860652	57657605.84	39653852.54	0	0	0	0	0	39653852.54	0
AT1G61790.1	4	9	73890527.69	0	260271400	225878073.13	306386879.51	302503321.83	0	0	72266632	178670294.81	292616540.95	253418575.84
AT1G61870.1	8	14	8872618.7	0	105046623	62044433.921	1225609893.98	1050401692.18	0	0	0	0	1225609893.98	740807284.6
AT1G61900.1	2	3	0	30098443.27	106259260	28446508.13	0	0	0	0	65670692	28446508.13	0	0
AT1G61980.1	1	1	0	0	0	0	25903844.13	40738012.95	0	0	0	0	25903844.13	0
AT1G61990.1	4	5	0	0	9829767	0	335673934.92	357577376.93	0	0	0	0	83765572.31	357577376.93
AT1G62020.1	4	5	0	0	245038152	284842265.5	0	398766349.57	0	0	179424996	141210694.35	0	0
AT1G62180.1	6	9	236174306.81	41979472.078	138435792	77730010.54	45539638.15	48281706.95	236174306.81	0	36329512	35408740.13	0	0
AT1G62330.1	4	7	0	0	33960558.5	18602406.576	111327000.18	147460567.4	0	0	0	0	91435055.91	147460567.4
AT1G62380.1	4	7	14097077.262	13291096.51	1152562152	704910481.62	21135294.27	17464013.87	0	0	1152562152	472454636.8	0	0
AT1G62390.1	3	4	75515710.8	38319121.45	106476224	96628659.4	32701469.86	86558985.27	0	0	48302096	96628659.4	0	0
AT1G62430.1	2	4	0	0	30312300	109209804.96	0	0	0	0	30312300	109209804.96	0	0
AT1G62480.1	11	30	234097337.72	64516858.995	6611533058	1455518881.7	76405536.953	476346620.49	35986380.66	0	6611533058	1056685742.8	0	0
AT1G62570.1	1	3	0	0	39472820	98432007.54	0	0	0	0	0	98432007.54	0	0
AT1G62640.1	5	13	497084058.92	180082083.52	403295152	325600246.7	6295160.817	356523847.43	229520690.62	104830254.6	371064040	293622127.42	0	0
AT1G62660.1	2	2	0	0	183875560	0	0	0	0	0	183875560	0	0	0
AT1G62730.1	4	6	0	11825537.95	22939093	14918896.63	368567663.74	542499358.76	0	0	0	0	177504296.92	542499358.76
AT1G62740.1	8	13	61457388.93	88236083.78	439979782	415135590.33	370264173.071	457423029.23	0	88236083.78	191301198	214938223.37	0	0
AT1G62750.1	34	121	10647948927.77	1452696631.376	11279149920	12179575223.22	462095458.662	431078874.18	8914703490.97	976461861.856	10832946002	10814691525.1	140126560.1	0
AT1G62780.1	7	19	1085755601.82	145970132.19	731180914	1395083135.6	21856469.89	38765140.63	1085755601.82	65479774.16	447174706	991264192.7	0	0
AT1G62810.1	1	2	47951614.8	0	42266804	40763239.96	11849696.56	0	0	0	42266804	40763239.96	0	0
AT1G62820.1	4	7	0	0	242420042	265482988.91	32250150.88	135822174.81	0	0	187943642	265482988.91	0	0
AT1G62920.1	1	1	0	0	26680394	0	0	0	0	0	26680394	0	0	0
AT1G63000.1	5	7	2574430.271	14220267.186	620008296	508696983.31	251993706.924	275551931.55	0	0	450370344	242021019	39802777.2	0
AT1G63160.1	1	1	0	0	24066564	26066295	0	0	0	0	24066564	0	0	0
AT1G63310.1	1	1	0	0	13509949	10479053.53	15485188.57	0	0	0	13509949	0	0	0
AT1G63460.1	3	4	0	6645954.052	155556224	88488327.55	7281660.827	34346329.19	0	0	155556224	34225190.39	0	0
AT1G63500.1	2	2	0	11752434.23	52128642	32420955.42	19089123.02	13552912.52	0	0	32388036	21140164.87	0	0
AT1G63610.1	4	5	149059276.35	72078766.51	184043522	145436808.92	11639165.84	0	108659458.47	0	162992784	0	0	0
AT1G63660.1	2	2	0	0	65711752	39049022.52	0	32355577.22	0	0	13054448	39049022.52	0	0
AT1G63680.1	9	11	157174388.13	75912552.609	119228657.25	95092446.996	852664072.56	1646217056.86	109578778.26	52539269.31	13498464.25	0	0	0
AT1G63770.1	32	89	2282220074.327	489794089.373	5275837886	6155199914.22	1231802339.67	1091335280.13	1639529276.12	258005515.19	4250087284	4033318370.27	478316172.88	516919108.86
AT1G63940.1	25	101	5774476504.56	2488122332.601	4712149173	5031209429.66	12586645090.33	11219240160.89	4767991916.26	1626840256.8	3206556468	3181633137.07	11950440340.58	10347344315.23
AT1G63970.1	4	10	569739266.35	86415815.922	411264324	303427458.12	72723661.32	49085197.04	74777155.45	12715955.98	369651144	303427458.12	42601119.56	0
AT1G64100.1	1	1	0	0	0	0	32715956.26	27396244.9	0	0	0	0	32715956.26	0
AT1G64150.1	1	2	61316982.91	52233581.17	18418472	35277824.88	0	0	61316982.91	52233581.17	0	0	0	0
AT1G64190.1	11	26	1383152042.72	649658156.08	716189434	911007500.63	413081733.45	82333216.48	1338069357.66	345697970.16	400253848	456297400.58	0	0
AT1G64200.1	1	1	0	3117821.407	0	0	16568345.72	0	0	0	0	0	16568345.72	0
AT1G64330.1	1	2	0	0	19897716	8424978.111	58368462.79	36187696.11	0	0	19897716	0	58368462.79	0
AT1G64355.1	3	7	196552340.63	356933841.02	67331720	19298444.25	0	14886538.58	164095345.23	356933841.02	44171776	0	0	0
AT1G64400.1	3	3	0	6392653.194	75301560	63925110.03	0	0	0	0	75301560	0	0	0
AT1G64430.1	5	6	144904203.647	118125627.41	37448785	19534838.758	0	32292207.5	53674379.55	82054559.76	0	11247636.03	0	0
AT1G64500.1	4	6	4647451.708	0	118499540	63648323.49	53296427.6	10698288.31	0	0	98294992	14000107.41	16027582.21	0
AT1G64510.1	4	15	526905940.33	43711457.308	506709100	373603719.54	0	5258028.751	526905940.33	39883053.22	261932964	373603719.54	0	0
AT1G64520.1	6	12	0	0	676577578	566920773.37	56064629.04	59201519.662	0	0	676577578	346919151.78	0	6621670.712
AT1G64550.1	3	3	6746851.157	0	87651760	41262201.507	43276894.87	20575208.56	0	0	87651760	26749563.68	43276894.87	0
AT1G64650.1	1	1	0	0	40194080	44769203.37	28771625.87	94370021.64	0	0	40194080	0	0	0
AT1G64680.1	4	6	611903910.3	734409328.35	96134449	184220784.22	42801912.174	75011257.41	133406903.9	734409328.35	0	82235424.02	0	0
AT1G64710.1	3	6	18629161.17	24832535.27	321421876	443006114.83	49736439.21	49873568.71	0	0	321421876	443006114.83	0	0
AT1G64740.1	3	5	0	9332411.814	149127632	219201000.09	0	142067120.67	0	0	149127632	137938450.75	0	0
AT1G64770.1	17	55	2400100405.596	4907676309.17	1790996803.5	2165934871.72	222915074.17	262643201.04	2226512267.09	4313499172.31	883709827	1917812468.03	0	33065429.95
AT1G64790.1	3	4	0	0	120786690	114892786.83	187501130.1	241347371.2	0	0	100722296	44862202.43	0	0
AT1G64850.1	2	4	54738962.47	52653472.03	175564928	154523556.3	108505793.89	109275277.86	0	47270331.16	175564928	154523556.3	64793996.09	0
AT1G64880.1	9	14	11633055.44	31683272.15	12010918	25335325.102	932772567.28	776299431.71	0	0	0	0	932772567.28	736040536.39
AT1G64890.1	2	3	0	0	23793544	27329172.94	2201785.157	14971498.676	0	0	23793544	27329172.94	2201785.157	0
AT1G64900.1	1	1	0	0	22389628	119897312.2	64731926.09	43518894.17	0	0	0	119897312.2	0	0
AT1G64970.1	7	12	307332673.67	366454791.003	174805774	315682915.31	244771187.2	840826704.264	173436840.58	346242475.72	55334248	114912843.81	0	0
AT1G65010.1	1	2	0	0	0	0	122719904.9	7717949.919	0	0	0	0	122719904.9	0
AT1G65020.1	1	1	0	0	28247212	54292735.73	0	0	0	0	28247212	0	0	0
AT1G65032.1	4	7	26031019.44	11762393.422	0	12248015.65	318254187.64	194187941.93	0	0	0	0	318254187.64	194187941.93
AT1G65130.1	1	1	11440814.31	7059816.339	93376816	76079390.09	117247783.3	0	0	7059816.339	0	0	0	0
AT1G65220.1	1	1	16773902.44	0	0	30973472.95	0	0	0	0	0	30973472.95	0	0
AT1G65230.1	6	15	1109726903.06	1506309548.3	531121827.5	489582265.27	53547891.38	101558132.68	1001969481.46	1154826228	289703231.5	0	0	0
AT1G65260.1	21	77	5126005489.29	1953045655.926	4293510226	4204661054.95	851799153.31	406646186.51	4007782773.49	1560320141.9	3083296636	3096240078.1	139850270.86	102150463.31
AT1G65270.1	4	5	91007308.81	46697070.886	238278654	258086549.82	156579498.95	196509123.87	0	0	113589640	23556302.55	96234277.53	60972211.05
AT1G65290.1	8	22	15485922.23	16167027.64	124713068	95392425.33	9821761033.38	9282416906.87	0	0	84346624	0	7712681757.38	9113232286.37
AT1G65320.1	1	1	0	0	5838136.5	0	0	0	0	0	5838136.5	0	0	0
AT1G65410.1	2	3	53477534.62	30476873.35	28048945	18866655.505	7289822.968	0	53477534.62	18037367.75	0	0	0	0
AT1G65540.1	36	75	379585111.42	421087227.885	827433451	1024335677.684	10831961952.76	12126095705.41	0	0	158584467	208925276.73	8099889313.89	11037663946.5
AT1G65590.1	9	11	0	77021236.191	632276476	362523931.46	39789845.106	11381801.34	0	10091662.74	632276476	95034360.83	0	0
AT1G65650.1	1	1	0	0	5249961.5	0	0	0	0	0	5249961.5	0	0	0
AT1G65820.1	1	2	0	0	276559561.3	320852423	41877911.05	38179470.01	0	0	276559561.3	320852423	0	0
AT1G65930.1	19	44	114194503.494	166857572.615	9308643586	7292721997.63	510707490.33	1182112625.99	0	20757121.68	6024721090	5710543807.05	255468061.68	24889768.86
AT1G65950.1	1	1	1351488835	1340986327	1102475264	4257127026	20808574.12	25785866.06	0	0	0	0	20808574.12	0
AT1G65960.1	11	24	126752491.93	117114145.36	5257073248	4913127108.59	1048556575.638	1274644188.41	0	41232328.444	3354274016	3403691026.35	274395608.9	325458182.1
AT1G65980.1	5	13	0	0	2027705584	2762539456.5	47437980.83	0	0	0	2027705584	2762539456.5	0	0
AT1G66070.1	1	1	0	0	27193350	12774675.39	7992776.524	0	0	0	27193350	0	0	0
AT1G66130.1	4	6	0	0	439278640	376872461.87	0	12980777.5	0	0	313349224	272224136.77	0	0
AT1G66200.1	1	4	0	0	341325104	418151770	0	0	0	0	341325104	418151770	0	0
AT1G66240.1	6	15	90180414.49	34342249.91	616461718	463252587.31	518622122.4	660537507.09	0	0	545187892	367588544.01	497449477.8	624519621.32
AT1G66260.1	1	2	0	0	26696974	18652523.8	0	0	0	0	26696974	18652523.8	0	0
AT1G66410.1	1	2	40877142.21	54421036.08	438857280	749080409.5	178112577.8	80013614.04	0	54421036.08	438857280	0	0	0
AT1G66430.1	12	30	1915949825.08	519024750.87	1499312096	1263037306.23	101241440.02	62415227.86	1869100980.18	199071836.63	1063023036	831025864.7	0	0
AT1G66520.1	1	1	7344818.126	6387384.167	19061352	0	67058411.57	43697515.76	0	0	0	0	67058411.57	0
AT1G66530.1	1	2	0	0	35245376	26779286.79	0	21109019.49	0	0	35245376	26779286.79	0	0
AT1G66580.1	4	9	8266072.058	8085626.169	464212852	362140678.91	168654695.67	281288158	0	0	464212852	282058499.15	168654695.67	281288158
AT1G66670.1	10	23	1556088249.372	268322766.07	1412389063.5	1422198841.298	743292908.25	1141330827.37	1434235254.272	235820200.12	769327552	1252631602.07	0	0
AT1G66680.1	1	1	0	0	12552536	12486846.29	0	0	0	0	12552536	0	0	0
AT1G66820.1	2	3	577849476.7	252733855.4	232799616	541615580.7	31200178.88	11225956.83	269297718.1	0	0	209926783.7	0	0
AT1G66940.1	1	3	0	0	24536132	22439371.06	20316120.7	0	0	0	24536132	0	20316120.7	0
AT1G66970.1	13	24	9820444.822	77737070.565	3452716664	5499066322.64	622330986.26	788638091.14	0	0	2312944152	4899647728.64	208193651.2	0
AT1G67080.1	1	3	42840110.36	36005925.03	0	0	0	0	42840110.36	36005925.03	0	0	0	0
AT1G67090.1	14	129	127463907233.94	13573564580.85	113636139877	106170341570.9	5655359481.041	2545057605.104	122702324639.64	13396706156.31	112998240578	106170341570.9	5610794132.831	1048273697.61
AT1G67230.1	3	7	0	19662069.346	27757482	29486853.55	0	0	0	19662069.346	27757482	29486853.55	0	0
AT1G67280.1	15	43	3504940524.73	988006776.658	3193893030	3823525357.26	123302236.18	217545504.67	2737434059.03	389658757.918	3013158944	3623741095.27	0	0
AT1G67350.1	11	31	34594543.299	44650042.163	625964398	716976960.21	10167736090.31	10144960143.818	0	0	376279856	126946020.8	10167736090.31	7396107775.6
AT1G67360.1	3	4	0	0	57818332	276985988.88	0	0	0	0	29871966	276985988.88	0	0
AT1G67430.1	1	1	0	0	0	0	60656978.5	87523648.39	0	0	0	0	60656978.5	0
AT1G67440.1	1	1	0	0	0	59831472.89	0	0	0	0	0	59831472.89	0	0
AT1G67550.1	8	8	39381440.829	23429421.36	165964366	315389713.64	53595180.57	60358191.421	0	0	83275116	163791607.72	0	0
AT1G67560.1	3	4	47880759.253	99930435.17	156709562	105803388.629	83735709.88	199540295.868	0	99930435.17	0	0	0	0
AT1G67620.1	1	2	0	0	0	0	82818577.87	82950482.9	0	0	0	0	82818577.87	82950482.9
AT1G67680.1	4	4	0	0	64825829	101343872.91	23842317.26	24366075.714	0	0	50680276	87424603.26	0	0
AT1G67700.1	12	51	3338625879.076	1001570422.15	2452977947	1912707201.51	2083964262.87	2339115703.23	3282816269.16	983063962.12	1715974252	1770556375.78	1859572097.34	1857858323.75
AT1G67730.1	4	7	0	0	371337120	444706701.17	326588353.01	282065781.07	0	0	67401024	61007122.67	262178298.73	144116155.19
AT1G67785.1	2	5	14811775.09	30580369.597	444969.1875	18389845.1	255781155.71	771576388.5	0	0	0	0	255781155.71	771576388.5
AT1G67830.1	1	2	12224983.45	9312534.061	37878748	32803089.16	0	0	0	9312534.061	0	32803089.16	0	0
AT1G67930.1	2	2	5301895.357	0	63755138	20474768.29	63172585.01	54429912.28	0	0	31942022	0	0	30702718.33
AT1G68010.1	48	191	680780965.25227	669433325.908	29569846593.25	23920493560.135	35236349806.426	34213795009.836	194482562.24927	100976187.062	24525796401	22064261880.2	29986957279.476	26438975307.96
AT1G68070.1	1	1	0	0	0	7658404.416	11507641.17	0	0	0	0	7658404.416	0	0
AT1G68100.1	1	1	0	0	13123982	0	0	0	0	0	13123982	0	0	0
AT1G68260.1	3	4	105664567.38	26966793.84	81084614	72987941.67	0	0	105664567.38	0	50762572	0	0	0
AT1G68530.1	1	1	3810261.787	4917405.841	80272032	43354025.08	19121113.93	0	0	0	80272032	0	0	0
AT1G68560.1	21	48	121346043.224	493581915.36	3142597846	2703936646.224	686854615.2	589150426.291	0	218011602.53	2982658186	1679813025.52	274263798.77	138958701.36
AT1G68590.1	5	17	710310127.88	102787212.97	1261226562	1045308909.37	45956514.01	26212656.738	385187882.48	76791472.89	833439682	943141145.6	45956514.01	0
AT1G68680.1	3	10	0	0	70261621	75965610.39	984564670.6	1303162939.9	0	0	37951284	43152083.14	984564670.6	1303162939.9
AT1G68760.1	2	3	0	0	111378252	113710597.41	0	0	0	0	70113904	113710597.41	0	0
AT1G68830.1	24	59	4349518210.76	6888682570.16	2501405789	2033368718.8	323352278.82	461182818.224	3040961322.21	6740153497.22	1150218972	1466825235.98	10688061.65	0
AT1G68910.1	3	4	3997641.235	0	21436211.5	13939235.37	101867202.46	73410438.79	0	0	0	0	101867202.46	28207362.03
AT1G68990.1	1	1	5384741.275	0	10042608	13220026.04	44808986.33	35825969.08	0	0	0	0	44808986.33	0
AT1G69200.1	9	18	724309564.65	432841203.32	394630220	477875097.75	28222920.72	21964991.114	697166045.83	232936432.3	69516588	0	0	0
AT1G69210.1	1	2	0	0	0	0	74756534.04	73268972.88	0	0	0	0	74756534.04	73268972.88
AT1G69250.1	2	2	0	0	52575004	29435908.54	0	49492295.16	0	0	22243836	29435908.54	0	0
AT1G69295.1	1	3	0	14201763.81	115314376	264928102.8	30295030.08	19783855.98	0	14201763.81	115314376	264928102.8	0	0
AT1G69340.1	2	2	5801475821	516517818.3	6694366588	6125236147.2	18887687.4	0	0	0	6662602240	33273065.2	0	0
AT1G69390.1	1	1	50760058.8	30451193.4	27000282	24405513.45	0	0	50760058.8	0	0	0	0	0
AT1G69410.1	1	2	37678737.77	0	106743928	113744795.5	0	0	0	0	106743928	113744795.5	0	0
AT1G69450.1	1	1	0	0	0	0	36881133.5	55161896.3	0	0	0	0	0	55161896.3
AT1G69460.1	3	3	5798819.032	0	93045068	48981114.53	12070066.72	13672109.81	0	0	40553360	48981114.53	0	0
AT1G69510.1	2	3	0	0	128947556	122013268.31	16193044	0	0	0	97605600	122013268.31	0	0
AT1G69520.1	1	1	4050660.486	9256087.947	0	0	127140767.2	209123356.8	0	0	0	0	127140767.2	0
AT1G69523.1	1	1	35176693	46393502.92	19149636	35211524.43	0	40955963.92	0	0	0	35211524.43	0	0
AT1G69530.1	2	3	0	4394007.727	322684848	103933171	23031170.72	14821281.45	0	0	322684848	103933171	23031170.72	0
AT1G69620.1	1	2	11985338.57	13944128.24	208982416	252427148.6	89612140.38	172487315.8	0	0	0	252427148.6	0	172487315.8
AT1G69740.1	16	44	3427149399.27	456924106.61	2070313343	945246142.92	47821813.67	187880832.13	2553055307.77	199426045.35	1807533786	344229541.97	0	0
AT1G69750.1	4	6	0	4717097.371	45481750	68727274.7	338662078.89	371715229.43	0	0	0	0	338662078.89	79976816.19
AT1G69800.1	3	5	0	0	75245988	89171551.13	19134446.87	17354632.28	0	0	41380112	89171551.13	19134446.87	0
AT1G69830.1	31	83	3244753910.504	767340075.392	3197646831.5	5053889868.84	275117316.679	99907987.556	2895109606.91	553072051.21	1797351930.5	4406302086.39	0	0
AT1G69840.1	7	16	0	5923287.141	1453812338	281092400.33	323508291.87	357197190.29	0	0	1437114538	101869800.42	108349703.78	251622323.69
AT1G69960.1	1	1	7892990.947	0	27472230	26990983.97	0	0	0	0	27472230	0	0	0
AT1G70070.1	7	8	229014270.2	10776287.05	46934616	14255471.28	62935500.56	115663076.13	229014270.2	0	11076764	0	0	0
AT1G70190.1	5	8	0	3089280.355	17603620	12711675.36	423729670.75	227349596.54	0	0	0	0	423729670.75	85333596.54
AT1G70280.1	1	1	0	3368568.786	45987292	0	21158618.31	56928146.29	0	0	0	0	0	56928146.29
AT1G70310.1	5	10	0	4233340.512	465724582	483104862.721	5433779.647	22811563.55	0	0	465724582	361855026.621	0	0
AT1G70320.1	5	6	0	19433632.6	120740083	141350428.63	10862996.45	42863180.49	0	0	81941032	87699475.48	0	0
AT1G70330.1	3	3	0	0	145339728	172958877.17	65108694.8	20264514.84	0	0	94284248	57876975.38	0	0
AT1G70410.1	15	30	120700423.162	69022199.444	3773944864	2624775067.17	1470915192.12	1521657659.88	0	0	2881101880	1386665153.82	603150284.45	817116998.9
AT1G70570.1	12	23	323377477.1	85802146.165	721868384	908964254.69	160953741.16	388439921.888	227179058.68	23243215.53	611289511	656351988.35	0	0
AT1G70580.1	5	9	0	5318982.055	507421904	328618548.239	208685406.12	141363567.693	0	0	276648368	324852807.73	157315980.47	25016311.91
AT1G70600.1	1	1	0	0	0	0	91870499.25	157550329.8	0	0	0	0	0	157550329.8
AT1G70610.1	2	2	45376571.48	23842234.248	20758418	14253696.53	13212161.05	24652677.49	28578528.46	0	20758418	0	0	0
AT1G70670.1	1	2	0	0	7421975	8155261.057	0	0	0	0	7421975	8155261.057	0	0
AT1G70730.1	17	39	11688288.09	130910578.422	3312292598	4373443237.86	516038105.07	590281037.62	0	0	2850054750	4103147521.66	179196414.31	222751721.65
AT1G70760.1	2	6	358201962.6	551213267.3	225327584	239063086.14	0	0	358201962.6	551213267.3	54752832	56921970.64	0	0
AT1G70770.1	12	24	0	16247063.351	664865380	572168810.407	756697524.523	638416434.46	0	0	151439776	431229690	449597761.51	369030010.3
AT1G70790.1	1	1	0	0	32925138	19950508.17	5098963.947	6792259.992	0	0	0	19950508.17	0	0
AT1G70810.1	2	3	0	0	9860575	108688709.98	0	0	0	0	0	108688709.98	0	0
AT1G70820.1	16	34	1263744273.62	107796243.683	1178719043	925862160.41	112535745.2	453424002.65	1263744273.62	38791785.94	569110500	635105279.13	0	0
AT1G70830.1	2	3	0	0	127157844	35419193.25	502031292.52	203520271	0	0	127157844	35419193.25	0	0
AT1G70840.1	1	2	0	0	0	0	33847496.14	150867605.3	0	0	0	0	33847496.14	150867605.3
AT1G70890.1	10	34	97021668	131357069.72	6454414176	5145014697.7	406310836.07	344733272.767	0	53957904.67	5368220896	5038973492	113086949.72	128135727.46
AT1G70940.1	1	1	9716331.31	0	19698606	0	0	0	0	0	19698606	0	0	0
AT1G71040.1	5	8	34163032.101	140325721.347	1259030256	1136508204.78	80392754.92	180215565.8	0	122737957.417	1259030256	0	0	0
AT1G71220.1	14	19	31944018.69	41992032.99	793001430	725265783.02	158269382.679	117267284.28	0	0	464235842	243243703.48	104266954.74	0
AT1G71240.1	3	3	32050841.542	13561170.07	58609850	28590615.41	0	13385822.6	32050841.542	0	0	0	0	0
AT1G71260.1	3	4	10518527.3	0	0	15208556.32	367605433.5	514830484.53	0	0	0	0	263044145.9	236473065.53
AT1G71270.1	1	1	0	0	22962264	22400373.7	28708069.76	26070766.83	0	0	0	22400373.7	0	0
AT1G71290.1	1	1	55048805.79	0	430430816	482304861.4	0	0	0	0	430430816	0	0	0
AT1G71300.1	1	1	59982719.77	12990024.9	31299138	40426601.35	0	0	59982719.77	0	0	0	0	0
AT1G71310.1	10	26	7120424.771	166627981.275	139876443	146847590.57	2886947341.78	2380768634.13	0	0	114439843	33623056.88	2886947341.78	2300139745.93
AT1G71370.1	1	2	0	0	0	0	173904339	75043165.3	0	0	0	0	173904339	75043165.3
AT1G71410.1	1	1	18501364.1	0	87836752	92948623.81	0	0	0	0	87836752	0	0	0
AT1G71480.1	2	5	260478488.7	255101826.49	114096392	190293687.07	0	0	149091702.9	155919018.4	50726416	190293687.07	0	0
AT1G71500.1	13	63	10547814262.3	13771553877.88	5671830194.5	5874518124.2	360248468.44	213580379.96	10547814262.3	13771553877.88	4993299591.5	5346453980.5	162293647.63	115551849.56
AT1G71695.1	8	18	8821247152.407	926453247.15	9212316547	8308019914.9	178912363.08	250276481.86	55870862.83	163863416.71	774095680	656792361.56	129647780.75	99861200.92
AT1G71720.1	6	11	201045484.49	167342748.211	214766838	140297083.916	66257955.86	73558270.95	165302589.53	142469521.432	48019448	59004400.79	0	0
AT1G71730.1	6	10	13452129.621	0	29447912	0	790635747.32	1167504865.83	0	0	0	0	410928254.99	505378708.53
AT1G71810.1	9	19	371282117.669	587244567.62	207270373	334012701.15	127069765.23	130257003.67	200420858.32	587244567.62	93913154	262179374.16	0	0
AT1G71820.1	4	4	0	8750516.169	114404488	79197536.04	32766357.55	90016581.35	0	0	55184084	53035591.11	0	0
AT1G71840.1	1	1	0	0	26267128	28327774.59	0	0	0	0	26267128	0	0	0
AT1G71860.1	4	5	0	0	304370140	199380249.77	4121199.62	0	0	0	304370140	61291177.87	0	0
AT1G71950.1	3	4	0	0	359455196	340818539.98	63577174.33	53884468.97	0	0	298537736	185710364.78	0	0
AT1G72020.1	2	6	0	0	147375373	122713454.55	4763275490.9	5093836977.1	0	0	0	105629737.5	4763275490.9	5093836977.1
AT1G72040.1	1	1	0	0	0	0	0	0	0	0	0	0	0	0
AT1G72150.1	34	86	169497930.255	203590591.9104	13735838569	6052391099.05	1650737032.98	1667887432.091	0	65291020.144	10288778122	5130027098.89	1400925210.13	1132333637.17
AT1G72160.1	14	24	5950374.817	180717722.253	2018287800	1648151534.16	386515269.144	195931126.9	0	0	1533536528	1209356412.47	131603867.66	95785353.1
AT1G72170.1	5	16	3720105.789	14802523.775	91285506	161993846.9	3532814599	2916289307.83	0	0	64674236	129417269.24	3532814599	2884288706.9
AT1G72190.1	1	2	0	0	0	0	90917185.66	96932485.86	0	0	0	0	90917185.66	96932485.86
AT1G72230.1	3	6	0	2130477.119	276971252	103998363.45	0	10057780.44	0	0	276971252	68098513.42	0	0
AT1G72330.1	7	15	35209409.44	24743590.62	228755752	89205976.86	639007894.59	395187369.97	0	0	208963770	0	628758562.67	374395971.36
AT1G72370.1	14	44	133588080.341	121536187	7110620027	7779542136.68	1736108384.2	2617431229.65	0	71010840.03	7002665592	7696318081	1344787450.02	1426013345.66
AT1G72440.1	1	2	23825751.25	5102499.638	19537252	0	85941909.56	156543324.8	23825751.25	0	0	0	0	0
AT1G72550.1	8	15	0	27699002.298	610400986	557870712.86	67352774.39	66592163.65	0	0	508028002	448917930.57	10213496.38	0
AT1G72610.1	2	14	509755865.99	736203481.6	0	0	1551823168.6	1515765905.5	509755865.99	736203481.6	0	0	1551823168.6	1515765905.5
AT1G72640.1	4	10	206688989.702	30516283.564	153667020	198336389.2	7800328.306	0	206688989.702	0	153667020	118004004.48	0	0
AT1G72680.1	2	2	0	0	114969840	68043409.07	31951633.71	13931506.41	0	0	48346432	40149889.96	0	0
AT1G72750.1	6	11	0	11475355.9	25478309.5	67027614.148	2040524474.95	2449553749.08	0	0	0	0	1914706229.55	1819287732
AT1G72820.1	3	4	0	0	0	0	45246041.318	38310007.571	0	0	0	0	45246041.318	28413652.32
AT1G72880.1	2	2	0	0	33698721	0	0	0	0	0	33698721	0	0	0
AT1G72930.1	3	3	41659379.5	0	284937008	280621214.33	41752066.99	54289702.98	0	0	104685568	153136542.13	0	0
AT1G73020.1	1	2	0	0	0	0	87450116.19	109015580.8	0	0	0	0	87450116.19	109015580.8
AT1G73030.1	5	7	76512622.26	10263119.784	174606648	106675837.76	695809370.32	585823921.26	76512622.26	0	163552790	26559316.01	97509870.78	0
AT1G73060.1	8	15	844845254.452	826287812.22	709208586	742425782.797	1220800575.36	1477913459.219	782946269.86	826287812.22	0	376301819.78	0	0
AT1G73100.1	3	4	0	0	57106452	32847306.64	223340627.1	158962765.22	0	0	0	0	59106518.39	158962765.22
AT1G73110.1	11	23	1256171550.564	83870354.123	807400244	1295574006.5	37724956.95	89957642.63	1179470073.254	47688173.99	272286464	246505128.91	23360396.94	41971745.65
AT1G73140.1	1	1	0	0	146945440	14372570.72	20172811.65	17413726.2	0	0	146945440	0	0	0
AT1G73170.1	2	3	56666041.73	0	44825524	23773179.05	0	0	56666041.73	0	44825524	0	0	0
AT1G73230.1	2	5	0	0	244938364	263913527.25	0	0	0	0	162410052	263913527.25	0	0
AT1G73430.1	2	3	0	0	38146220	39136521.24	0	0	0	0	38146220	24949966.91	0	0
AT1G73470.1	1	1	70381921.33	0	37811572	56910057.34	0	0	0	0	37811572	0	0	0
AT1G73530.1	1	2	63086216.02	17061237.07	0	0	0	0	63086216.02	17061237.07	0	0	0	0
AT1G73570.1	1	1	334492380.6	52932159.59	80283952	0	0	108210671.9	334492380.6	0	0	0	0	0
AT1G73600.1	1	1	0	0	70531592	0	0	0	0	0	70531592	0	0	0
AT1G73650.1	1	2	0	0	239928240	321485004.4	284322862.6	323845488.1	0	0	0	321485004.4	0	323845488.1
AT1G73740.1	1	1	0	12640491.1	47577256	57900454.1	47018973.94	81855951.3	0	12640491.1	0	0	0	0
AT1G73750.1	2	3	1528097.944	34541871.18	64980779.5	26905266.98	20219280.664	157685625.78	0	34541871.18	58894746	0	0	0
AT1G73885.1	2	6	494253159	688555324.3	96127360	89692601.01	15449102.265	33772080.41	494253159	688555324.3	96127360	89692601.01	0	0
AT1G73940.1	1	1	0	0	0	0	303027288	248161941.4	0	0	0	0	0	248161941.4
AT1G73980.1	12	16	11837014.38	11792890.471	136824516.5	150636822.428	1023406741.82	915606819.6	0	0	0	0	865004164.19	430324187.9
AT1G73990.1	25	48	1365384505.956	2506366553.44	710173016	1071149424.282	1183862807.81	1140027094.463	1033212289.47	1357422943.53	159527156	493663054.21	258519432.93	829038162.61
AT1G74020.1	2	3	0	13898300.151	18594078	14838168.39	27359858.43	9065196.458	0	0	0	14838168.39	27359858.43	0
AT1G74030.1	3	5	38657601.026	18932112.877	49364236	35697297.181	0	0	38657601.026	13950681.09	25320930	0	0	0
AT1G74040.1	1	1	8678993.524	0	0	0	0	0	8678993.524	0	0	0	0	0
AT1G74050.1	7	18	61537891.744	84681063.532	3538587230.8	2812282298.5	851042108.42	795536594.36	28826959.77	74996637.44	1726984446.8	1927686419.4	337629361.62	538030766.4
AT1G74070.1	10	24	1306855287.298	2630574258.34	733355815.5	1112768140.83	196662703.14	40111813.781	765736411.72	1695669371.34	509724714	620117269.2	16261156.58	0
AT1G74090.1	5	7	8255505.594	10089336.28	336429984	367083311.25	31547123.4	70518564.852	0	0	336429984	188504077.52	0	0
AT1G74100.1	3	4	0	0	281815804	33048640.89	8231015.067	8281372.72	0	0	281815804	0	0	0
AT1G74160.1	1	4	0	3315463.205	286485216	349176070.5	95429733.1	183444335.8	0	0	286485216	349176070.5	95429733.1	183444335.8
AT1G74210.1	1	1	0	0	43140064	79104276.08	0	0	0	0	43140064	0	0	0
AT1G74230.1	7	20	251729689.474	44670881.308	468955544	364733991.5	12783245926	11694034190.09	0	0	201418256	364733991.5	8948249930.3	10694478142.89
AT1G74260.1	27	58	1788914010.19	521460916.339	1386585817.5	1604611043.96	124285964.697	216943814.391	1307061815.2	233967312.28	820901173	1187245600.76	0	0
AT1G74270.1	2	3	28435232.27	0	140814704	189049610.99	70405664.27	50230352.52	0	0	140814704	133392034.3	0	0
AT1G74310.1	1	1	10283003.26	3935428.537	17561422	21012015.36	25261239.95	0	0	0	0	0	25261239.95	0
AT1G74360.1	1	2	318590774.1	71215934.29	0	0	0	0	318590774.1	71215934.29	0	0	0	0
AT1G74380.1	2	5	0	0	29312958	29929002.55	84535446.75	125695352.38	0	0	29312958	0	84535446.75	55146301.03
AT1G74400.1	1	1	0	21680114.83	0	0	0	0	0	21680114.83	0	0	0	0
AT1G74470.1	39	151	21005915921.435	17908684126.296	7267595843.5	5561330009.06	3643792267.736	3149539740.75	20984394442.236	17331395248.699	6466029932	3830687025.22	394905852.52	350015348.94
AT1G74480.1	1	1	0	0	0	92816950.56	0	0	0	0	0	92816950.56	0	0
AT1G74560.1	4	4	0	0	234827168	193982857.36	70446474.98	40494215.78	0	0	138826688	114396251.75	0	0
AT1G74640.1	7	11	260349154.603	187837103.27	312149450.5	218647322.84	53089278.86	150755945.197	144154337.17	60483004.15	239030667.5	0	0	0
AT1G74730.1	3	11	11089957960.806	8803191624.69	1267145664	1405162979	138624949.2	443693364.99	11084438046	3664340468.69	1254479360	0	138624949.2	426728210
AT1G74790.1	1	1	0	0	45614412	42108007.84	54165308.15	39155900.32	0	0	45614412	0	0	0
AT1G74850.1	6	10	350533981.02	164661348.35	49099616.5	38864119.505	59009133.5	66861427.55	350533981.02	54929985.42	19091546	0	0	0
AT1G74880.1	6	16	769806260.59	770545924.53	1339959784	1079468508.976	126456529.578	115948425.45	712103614.3	419680872.73	1219708736	672835066.4	0	0
AT1G74910.1	7	9	0	0	710535444	326322405.37	73247059.89	95205690.908	0	0	603388212	229217390.26	0	0
AT1G74920.1	8	20	20934325.139	135713882.252	1200899556	1707788434.7	180984164.02	254897185.43	14146193.89	0	1200899556	1598404901.3	0	0
AT1G74960.1	6	16	680309213.86	50145562.403	420491534	368633093.87	68601785.24	27005011.69	680309213.86	9259517.977	330896446	251705350.77	0	0
AT1G74970.1	7	30	5547429354.04	1318736751.1	4023905780	3329074679.02	348990772.46	347040643.68	4164174802.4	975156272.7	3940553424	2390309327.52	132074284.32	89962835.09
AT1G75040.1	8	16	77763147.564	116787699.31	5270030930.5	1232747200.049	233129189.3	65009694.628	0	116787699.31	5265039292	690802026.1	85683901.02	0
AT1G75200.1	8	12	5927981.451	21421418	70870539	101868309.646	484847583.31	622338620.32	0	21421418	0	0	431768992.09	532584505.52
AT1G75210.1	2	4	0	0	30954718	69504720.23	105371016.86	135105897.52	0	0	0	0	105371016.86	135105897.52
AT1G75220.1	1	1	0	0	0	0	11109847.68	22630144.13	0	0	0	0	0	22630144.13
AT1G75270.1	4	8	0	10241307.83	375211644	625146809.67	61303261	898983236.05	0	0	308533740	625146809.67	0	48365454.55
AT1G75280.1	9	15	36731738.516	76200854.706	1541254536	2652301812.15	520321754.37	265018405.51	0	0	1178621060	2205633059.25	0	0
AT1G75330.1	6	17	1215872570.03	442370738.07	874411148	1257666574.08	93646897.332	93767178.759	927848009.93	264096319.83	664507708	951193729.58	0	0
AT1G75350.1	11	25	2265417953.54	546557963.32	1918552032.5	1487819351.2	121219282.409	232217563.36	2004506460.34	229609289.38	1397652708	1353483924.8	39606107.08	0
AT1G75500.1	1	2	0	0	67214344	79126032.66	33650161.98	27767548.8	0	0	0	79126032.66	33650161.98	0
AT1G75630.1	4	26	77494161.268	40546885.772	1908308266	2008074128.63	1546347348.76	1715436180.93	0	0	1908308266	2008074128.63	1534740860.8	1693177578.7
AT1G75690.1	2	3	93943716.21	0	17084824	0	32435866.36	167344465.3	93943716.21	0	0	0	0	0
AT1G75840.1	3	6	107690890.1	83361932.87	362184534	439561727.64	69735965.96	58863535.053	0	0	340890318	439561727.64	0	0
AT1G75950.1	4	8	0	0	609069416	555698317.76	0	43729964.57	0	0	560273976	375656106.56	0	0
AT1G75990.1	2	3	0	0	82040634	86320346.28	7577804.815	15910225.72	0	0	82040634	55991836.08	0	0
AT1G76010.1	5	10	17861368.56	17580361.399	663479040	574397016.4	298051221.61	233066480.345	0	0	663479040	436730488.5	252328860.6	227039182.47
AT1G76020.1	1	2	0	0	49017216	0	0	0	0	0	49017216	0	0	0
AT1G76030.1	12	27	76429626.798	130298613.05	3679710954	3873995310.882	1544077847.06	1945205012.46	0	55379611.24	3642095168	3851708613.8	1089696507.54	1917192740.26
AT1G76040.1	1	1	0	0	23940660	0	9190768.899	0	0	0	23940660	0	0	0
AT1G76060.1	3	4	69603282.24	102046023.6	16868428.5	27621510.33	242555382.61	250329061.42	0	0	0	0	103791171	250329061.42
AT1G76065.1	1	1	0	0	43111128	25395036.25	54838345.75	42537800.26	0	0	0	0	0	42537800.26
AT1G76080.1	9	18	1945813221.51	226808774.9	2745856452	2522432058.74	33630833.61	43645547.06	1763963803.61	138840257.96	758919680	560240930.2	0	0
AT1G76100.1	1	16	7400398245	6198208187	3462661616	4648718393	21840397.97	0	7400398245	6198208187	3462661616	4648718393	0	0
AT1G76110.1	4	4	0	15783803.73	19607161	179334170.053	175884575.86	229744711.99	0	0	0	0	124027150.02	75269940.83
AT1G76140.1	13	25	335166760.043	49016252.097	922866602	1079256488.59	370783307.74	248935466.77	76357506.04	13469257.47	774973438	578133281.45	258277720.65	34547516.49
AT1G76150.1	9	14	0	0	373676772	405211925.916	593193623.99	351734268.93	0	0	179757700	129035844.11	427070639.92	110655118.02
AT1G76160.1	6	11	28324042.15	10806936.85	938007156	859114169.71	460328295.26	855030175.88	0	0	938007156	799111010.52	0	0
AT1G76180.1	18	76	1835910783.27	1630293905.473	10035998757	4825986590.527	2495836189.822	2647697876.19	1234324295.61	1578085271.36	9515041129	4233941520.667	2379306776.22	556223036.1
AT1G76200.1	5	12	9507483.985	0	201681192	168215131.25	3038663759.19	3119688677.84	0	0	140612420	67300438.64	2100302761.09	3048483193.8
AT1G76280.1	1	1	21489441.81	0	0	0	28151040.6	25455402.79	0	0	0	0	28151040.6	0
AT1G76300.1	1	1	0	0	19860890	8224697.119	8745563.876	14142767.39	0	0	19860890	0	0	0
AT1G76400.1	7	9	46400797.5	53516543.651	428419840	436482048.65	161623085.817	108802865.19	0	0	99211790	171450402.41	121952654.73	0
AT1G76450.1	6	17	897208092.18	626187652.31	572572306	628262385.15	89082054.95	0	784922605.28	444538655.5	441819220	257658557.98	0	0
AT1G76520.1	1	1	0	0	10847907	28390832.59	0	0	0	0	0	28390832.59	0	0
AT1G76680.1	10	18	16375331.801	19609429.009	1127270640	1623322952.69	196079106.911	99333310.2	0	0	898650994	1568249539.71	0	0
AT1G76730.1	6	15	300351242.28	105275852.484	377382664	427873958.9	235028473.951	226237749.125	231684834.39	76106797.39	115610916	312882188.43	0	0
AT1G76810.1	6	6	0	777043.0438	162923724	71198727.16	11684915.37	0	0	0	130434542	21218683.53	0	0
AT1G76850.1	2	3	1188070.223	0	103772377	86147401.67	0	54730196.104	0	0	103772377	22584653.99	0	0
AT1G76860.1	1	2	0	0	56558256	53331143.03	0	0	0	0	56558256	53331143.03	0	0
AT1G76880.1	5	8	0	17583658.557	38012460	31944329.16	575645815.12	434390062.73	0	0	0	0	575645815.12	374858683.15
AT1G76890.2	4	6	187867460.76	34942852.871	34587628	30829081.16	326066903.8	353352846.49	0	0	0	0	191817477.7	254186691.95
AT1G76990.1	2	3	7276336.389	24498537.75	60247825	53958091.97	132066142.6	678158933.3	0	0	50482600	26513719.96	132066142.6	0
AT1G77060.1	3	6	326222572.21	62222294.785	319363008	360702058.5	31050033.21	99374953.05	165739090.01	34842023.72	319363008	175442030.4	0	0
AT1G77090.1	10	36	2566219280.42	2203722146.08	1664153461	2709498819.45	407032026.92	221869588.63	2566219280.42	2075758590.07	1475554138	2336007122.05	0	0
AT1G77120.1	3	3	8286001.773	0	134181084	218052024.23	15618890.15	102047644.38	0	0	45995920	131214929.13	0	0
AT1G77122.1	3	3	102293936.21	43418095.86	113261021	73824627.3	67096754.76	35319167.76	27208062.07	0	53326820	0	0	0
AT1G77130.1	1	2	0	0	10433409	4507966.623	40115492.73	45290227.18	0	0	0	0	40115492.73	45290227.18
AT1G77140.1	3	4	0	0	65867023	16658815.27	10589692.82	0	0	0	65867023	16658815.27	0	0
AT1G77180.1	1	2	0	0	25286276	20648846.69	0	330709936.5	0	0	25286276	20648846.69	0	0
AT1G77370.1	1	1	0	0	28264186	10232208.04	30951516.53	22848629.36	0	0	0	0	30951516.53	0
AT1G77420.1	1	1	30054650.33	32269855.42	25430608	19615237.39	0	0	30054650.33	0	0	0	0	0
AT1G77490.1	18	78	10359804407.189	18562047649.29	6502947007	7223429680.02	448240977.034	342184233.464	9933882754.36	16250982156.29	4983079951	6422264228.43	110317883.49	0
AT1G77510.1	26	54	219450251.745	183705439.887	5239292816	2346067784.53	1224657911.589	1063210999.17	37424593.28	10946344.32	4431209956	2027855092.48	757145351.26	339278917.99
AT1G77590.1	11	32	487811864.765	174115259.19	400127815	464204261.52	721710558.26	282531631.86	383325180.815	98078347.07	262104420	408819939.04	214461900.13	71890244.53
AT1G77670.1	3	3	22505639.04	3771277.976	84088988	83307978.059	44298284.08	0	0	0	34287344	54731290.13	44298284.08	0
AT1G77750.1	5	7	22210718.019	0	73438984	83671095.19	290603405.73	411180446.99	0	0	0	0	152296062.45	384599924.56
AT1G78010.1	3	3	62799297.1	0	66023043.5	81176507.029	66515293.99	72124594.66	26913661.41	0	13280719	0	0	37198316.18
AT1G78060.1	14	23	114228841.252	211693119.828	4473214760	4671404606.48	244357076.434	174121072.6	57509716.95	67514181.9	1105728920	1219658751.68	44002484.22	0
AT1G78140.1	6	8	210055974.617	420458493.34	66312733	142554129.83	71888562.4	141024595.271	167491618.53	369412042.56	0	0	0	0
AT1G78150.1	3	3	35039534.21	57380388.95	99541756	57219736.44	0	0	0	57380388.95	77431850	0	0	0
AT1G78240.1	1	2	0	0	26314504	19468895.84	39794227.6	55674709.38	0	0	26314504	19468895.84	0	0
AT1G78300.1	10	25	68415889.066	176343815.682	2294601942	1409345576.92	344619330.39	278618107.13	0	14157899.55	1773017124	1342847477.63	296931705.81	161316042.24
AT1G78340.1	1	5	5813006126	5168537234	443484256	11967539320	12204533279	16330380585	5813006126	5168537234	0	11967539320	0	0
AT1G78370.1	9	23	231186338.99	102976408.768	4896695616	5725221325.98	259072641.01	256710975.21	58759971.78	27307659.048	4681193744	5725221325.98	40318016.81	0
AT1G78380.1	15	58	833027104.74	405352671.758	18533418259	12921580798.91	649541921.28	1213233234.45	680389528.68	301443861.17	18533418259	10654610649.02	314122275.86	807887170.78
AT1G78560.1	1	3	38522055.92	11070147.82	78351920	103238815.8	0	0	38522055.92	0	78351920	103238815.8	0	0
AT1G78570.1	6	8	56000518.51	0	327457428	415357372.34	120156750.47	111233737.47	0	0	269825268	152338725.02	0	0
AT1G78590.1	2	2	0	0	9371309	5764622.186	65546470.55	50779122.92	0	0	0	0	65546470.55	0
AT1G78620.1	3	10	191302275.04	97953239.44	204620430	205160428.7	17147338.99	17514487.124	191302275.04	74995049.79	176733324	205160428.7	0	0
AT1G78630.1	9	44	4458863252.86	1564869745.45	2676239434	2061809084.69	223194514.06	158440831.33	4458863252.86	1564869745.45	2414238084	2061809084.69	25249651.85	49988409.48
AT1G78670.1	2	3	0	1104958.837	119933456	123493057.11	62729901.02	882742825	0	0	119933456	97117323.51	0	0
AT1G78680.1	3	4	0	0	535158768	351274176.06	23639881.756	0	0	0	211725968	237347357.06	0	0
AT1G78690.1	1	1	0	0	0	0	34399044.79	59426984.48	0	0	0	0	34399044.79	0
AT1G78820.1	4	6	37437536.41	56817280.18	595885528	409228227.09	308013795.33	190884094.87	0	40374619.68	327403224	342127647.5	0	0
AT1G78830.1	7	26	56193582.14	157816275.298	1134781054	852128140.187	511783186.25	442253019.61	0	111438904.438	1129410096	825921683.6	363138618.95	351456491.71
AT1G78850.1	10	19	70301566.909	94378613.95	1178257204	531930684.13	89151602.67	122174361.63	0	38288775.89	858885900	412186468.98	0	0
AT1G78870.1	1	1	0	0	49112516	83631740.3	7549041.68	0	0	0	49112516	0	0	0
AT1G78890.1	1	1	13306751.66	0	21245516	28721587.56	65352921.76	0	0	0	0	0	65352921.76	0
AT1G78900.1	53	207	1037441910.34	1063921383.548	26320532813.188	25304015822.17	16498352344.116	20648234514.293	537585030.75	716334002.66	22931024298.188	21548344061.35	13991803408.34	17930026564.13
AT1G78915.1	10	18	614899272.91	802248595.44	349999752	360833690.87	86427792.1	163210971.55	425387171.64	700445688.35	108755581	86115681.55	0	0
AT1G78920.1	6	10	4391480.272	3685849.256	264434789	232436979.58	324859941.91	239136627.71	0	0	171129893	127659386.17	238456557.85	0
AT1G78995.1	1	3	48497863.39	16778879.55	0	0	836867401	0	48497863.39	0	0	0	0	0
AT1G79010.1	4	13	9016014.831	16071757.366	153991062	201679811.99	4583254848.38	5486015509.9	0	0	143582304	0	4583254848.38	5486015509.9
AT1G79040.1	10	115	51802530459.76	85442867670.7	31606029508.75	31704270974.19	4857759034.19	4030696652.37	51768462666.42	85442867670.7	31494260046	31598685066	4857759034.19	3146365416.7
AT1G79050.1	4	10	67250454.36	39793357.91	162978032	112801181.21	0	26109781.63	67250454.36	39793357.91	123228544	56636962.03	0	0
AT1G79080.1	1	1	16425634.09	7345151.117	0	0	0	32182235.05	16425634.09	0	0	0	0	0
AT1G79090.1	1	1	0	0	17241656	33942221.73	0	0	0	0	17241656	0	0	0
AT1G79230.1	24	75	376936206.2451	274510377.5211	1474715726	1910748930.1	13624078079.66	14853939677.1	155231499.24	27831221.338	934253872	1094988430.03	13269318423.84	14436326813.92
AT1G79280.1	6	9	22285662.929	6049443.758	51170640	44162566.95	150972030.38	101775081.68	0	0	12380515	17221969.68	110695520.17	85201664.22
AT1G79340.1	11	22	66514010.17	26569422.44	1528264384.25	1275574430.35	323836788.69	464568224.15	0	0	1182510588.25	1122638872.45	88336218.29	127566941.18
AT1G79380.1	3	4	0	0	123785668	84724310.53	13244975.3	13897868.398	0	0	69888560	65675877.97	0	0
AT1G79390.1	2	3	0	0	20121336	57342207.38	312667994.9	325668719.86	0	0	0	0	212487375.8	325668719.86
AT1G79410.1	1	1	0	0	275292448	321838778.5	0	0	0	0	0	321838778.5	0	0
AT1G79440.1	42	130	181098826.785	274958169.072	2988990363.75	3626210998.47	29870882914.58	28159356644.921	34249848.74	22166684.77	2327277832	2755820352.15	26550040462.63	24426539929.06
AT1G79500.1	1	1	0	0	83866352	111487556.9	0	0	0	0	83866352	0	0	0
AT1G79530.1	3	7	53337091.97	56053076.74	41687760	0	121609218.968	248890195.57	28758514.66	56053076.74	0	0	112536043.4	231093869.3
AT1G79550.1	18	50	190742682.75	198790747.706	5722397255.25	6189428222.67	735967373.336	614404097.56	17554818.25	153327801.7	5426457046	4086798328.67	417549922.506	506568883.05
AT1G79560.1	6	6	178860912.93	71329598.33	49678172	94254757.763	7530866.769	129290995.7	178860912.93	0	0	0	0	0
AT1G79590.1	1	2	0	0	13934036	0	0	0	0	0	13934036	0	0	0
AT1G79600.1	18	37	713882067.22	1421082970.52	215113212.5	572362155.63	24237495.39	79279411.39	217604700.54	1405400170.28	40402244	262787355.88	0	0
AT1G79650.1	1	1	0	13305905.81	0	4935973.419	83957285.75	177916187.2	0	0	0	0	0	177916187.2
AT1G79690.1	8	12	4488229.152	4140005.291	1074272330	811067881.61	584637183.16	556952983.74	0	0	934396572	469580958.06	0	0
AT1G79720.1	3	3	12700568.96	0	59433872	73794968.61	24917379.81	30801203.2	0	0	40950076	22624209.65	0	0
AT1G79750.1	8	12	108872544.138	96068680.227	1311476697	1120322167.554	2250669151.91	3494152853.48	0	0	0	0	2250669151.91	531101387.08
AT1G79790.1	4	8	208898175.01	41518522.633	227841284	318796273.81	10386418.04	20959850.82	151772131.58	27219941.52	80012964	229482828.21	0	0
AT1G79850.1	8	38	4389897455.48	1156288906.62	2456665769.5	1623683950.4	885632205.02	887511359.94	4389897455.48	1112914669.1	2417861269.5	1583352689.77	660123226.95	632114737.21
AT1G79870.1	8	16	356650785.08	243546669.278	1529306002	1542287279.83	180178458.49	227074672.05	19263211.6	0	1063738040	1542287279.83	32783471.09	41582324.53
AT1G79890.1	1	2	0	3022162.686	0	0	83695057.22	63650582.92	0	0	0	0	83695057.22	63650582.92
AT1G79920.1	4	8	0	0	174169828	145892797.35	0	12084458.94	0	0	174169828	145892797.35	0	0
AT1G79930.1	5	11	11905437.363	0	780885720	952650827.76	114746329.93	169091633.95	0	0	780885720	648394087.9	0	96948716.93
AT1G79940.1	1	1	0	0	22784388	12994932.84	39231014.38	43553150.5	0	0	0	0	0	43553150.5
AT1G80030.1	12	35	856039673.77	1406707658.1	739796239	705451861.671	263102854.237	160879823.3	800839047.83	1406707658.1	492262864	257920638.14	37179018.5	0
AT1G80070.1	7	8	11253746.915	496797354.7	171234817	242282885.96	20207733.994	62058134.47	0	0	99424225	140173370.21	0	0
AT1G80230.1	12	31	30535934.51	53533217.864	516288798	492665444.38	5217219562.575	6149084149.05	0	0	61117064	366150085.57	5145135942.345	6130574975.83
AT1G80270.1	18	40	220980510.021	271195422.84	244412920.5	1984036872.726	2891380521.4	3323773993.22	175317397.3	222739193.5	28226387.5	1810150266	2471952778.23	3025116131.18
AT1G80300.1	8	13	151732621.6	119276122.6	321425610	509765340.41	26367880.141	2432580730.232	17869408.81	43141354.35	225884062	409566081.11	0	0
AT1G80310.1	1	1	0	0	0	23965294.89	0	0	0	0	0	23965294.89	0	0
AT1G80360.1	2	2	0	0	105446104	133565840.01	36089588.09	59662539.63	0	0	0	112424507	23722385.79	0
AT1G80380.1	16	66	5633339523.48	926748983.71	7424560756	8805570838.82	346936959.73	404337983.35	4624936970.48	782963628.75	6536616036	6170119196.42	56706736.8	37085327.87
AT1G80410.1	11	16	6774326.712	19293826.534	730167952	624039899.58	134725536.07	90615813.349	0	0	444363472	530620803.7	64945074.72	0
AT1G80460.1	9	13	15970457.45	5010470.248	853359974	456258796.2	90868876.84	109750152.99	0	0	731767504	274822557.74	19996576.19	0
AT1G80480.1	10	26	1243383816.18	242865856.26	758388807	617467559.57	125978202.49	157672528.794	1198293644.79	133917901.72	243006064	477572337.3	26933731.96	32618423.26
AT1G80490.1	7	9	80775464.66	11132612.77	395714708	387050716.57	72492985.892	90175724.66	0	0	189590516	367789579.74	0	0
AT1G80560.1	5	12	383516526.94	100245360.61	272804460	284999702.23	0	0	314417834.76	32489763.21	239060136	105618142.05	0	0
AT1G80600.1	13	38	2632515076.17	540362939.254	2526323688	3130147717.16	3829102694.42	716120586.29	1195971171.07	243771734.39	1875881680	2892270952.95	0	0
AT1G80620.1	5	7	42573135.66	4467021.527	26211789	0	329109406.86	380023626.76	0	0	0	0	289790525.83	200177241.14
AT1G80670.1	2	4	32077512.15	4263790.592	14762508	13575127.25	79022058.19	76651500.29	0	0	14762508	13575127.25	0	76651500.29
AT1G80720.1	2	3	0	0	0	0	81916301.88	53021486.34	0	0	0	0	81916301.88	53021486.34
AT1G80770.1	1	1	16549008.95	0	0	0	32760345.87	0	16549008.95	0	0	0	0	0
AT1G80890.1	3	4	112000560.9	0	77799656	110603601.37	1157789104.7	838985048.6	0	0	0	0	949163354.6	838985048.6
AT2G01140.1	10	24	1247612663.39	1340942923.93	1379215456	1481649149.32	71645934.98	118048876.904	871383113.3	793693687.43	662426400	567380695.6	44956139.38	39613988.48
AT2G01220.1	1	1	0	0	15158343	19871057.57	39075197.02	45673511.31	0	0	0	0	39075197.02	0
AT2G01250.1	9	27	25330656.988	33155141.679	2138547188.5	1774546193.55	1311029397.809	994173296.703	7110427.868	22583934.77	1695413796.5	1774546193.55	598146577.92	332739265.55
AT2G01270.1	3	5	0	0	50461774.5	59640489.77	91577523.76	110280427.11	0	0	0	48111724.25	91577523.76	85535379.69
AT2G01350.1	6	9	259817633.39	118630643.192	207572460	236208570.18	15434187.94	0	207047881.74	28077797.55	97465828	62486273.72	0	0
AT2G01460.1	1	1	0	0	31150266	28410338.79	0	0	0	0	31150266	0	0	0
AT2G01470.1	7	12	14436097.187	55130644.679	358458188	302599046.15	305535662.79	191351803.19	0	52176192.28	183625610	113599733.77	103224638.89	33334144.6
AT2G01600.1	1	1	0	0	29804942	26003979.97	0	0	0	0	0	26003979.97	0	0
AT2G01630.1	2	3	0	0	52004562	29264600.17	0	0	0	0	52004562	29264600.17	0	0
AT2G01690.1	4	5	0	0	147969444	128436088.74	72305383.46	25831841.31	0	0	40021040	107264875.87	0	0
AT2G01720.1	10	17	761645350.215	97696538.18	1200409064	984679877.13	445993837.23	635333528.43	0	0	652163272	677419872.6	138225344.61	362273417.19
AT2G01755.1	2	2	108602519.05	7713519.18	104092756	100219525.67	30852258.07	0	0	0	26988412	55707596.21	0	0
AT2G01870.1	1	1	0	0	17862526	30026793.35	17665791.71	0	0	0	17862526	0	0	0
AT2G01918.1	1	1	43049205.65	0	114039688	72453247.76	38445205.67	0	0	0	0	72453247.76	0	0
AT2G01970.1	5	6	15466832.932	32598901.28	196709494.5	290744946.54	850657855.62	840157336.86	0	0	178187792	0	763725844.2	239804607.9
AT2G02040.1	4	7	0	0	119705088	196465539.2	79285647.93	111567802.46	0	0	69704902	196465539.2	0	0
AT2G02050.1	17	51	141078143.28	186528174.25	467939121	615541987.402	20620224621.59	20421765077.5	0	0	377242430	403861665.76	15590650049.69	20210113451.21
AT2G02070.1	1	1	0	0	15935792	17542478.74	52310116.22	8405691.318	0	0	0	0	52310116.22	0
AT2G02100.1	1	1	3255126.422	0	0	0	59218173.02	5852879.266	0	0	0	0	59218173.02	0
AT2G02390.1	3	6	0	0	218763040	180822093.95	140735916.7	29177770.6	0	0	218763040	180822093.95	0	0
AT2G02470.1	1	2	0	4322029.157	55951380	61987113.55	20537111.55	0	0	0	55951380	61987113.55	0	0
AT2G02500.1	4	11	373264615.07	90986735.473	352697438	372612011.83	0	0	202502786.84	59768261.503	209285726	320214404.7	0	0
AT2G02510.1	3	7	0	0	109348231	108451883.9	884478927.98	1078478000.69	0	0	0	0	727338647.58	1078478000.69
AT2G02560.1	1	1	0	0	49305124	27520247.33	0	0	0	0	0	27520247.33	0	0
AT2G02730.1	1	1	51615355.69	0	0	29619334.19	13741397.63	37171742.64	0	0	0	0	13741397.63	0
AT2G02740.1	6	16	501081702.85	197635941.52	258246823	273086815.64	64239497.519	16679931.32	390924041.95	197635941.52	186905372	136628104.3	0	0
AT2G02850.1	1	3	0	0	72946080	104387808.8	49952455.55	62361771.2	0	0	0	104387808.8	49952455.55	62361771.2
AT2G02990.1	2	2	3103762.717	0	241428328	91853176.19	129056958.5	85588663.24	0	0	241428328	0	0	0
AT2G03120.1	2	2	1509432.1	0	77972561.5	51712893.32	219533.4242	48590336.01	0	0	77972561.5	0	0	0
AT2G03140.1	2	3	0	15382120.46	20925258	25666526.454	0	8565177.499	0	0	0	25666526.454	0	0
AT2G03390.1	3	7	36555311.03	19642189.9	215964810	204313873.97	0	23439758.32	22106635.03	0	215964810	139492804.95	0	0
AT2G03420.1	7	20	3106705940.83	3197840781.365	1281574976.5	1015504509.506	2074511043.78	4056611344.832	989755710.83	3197840781.365	618409232	674287526.4	0	0
AT2G03430.1	1	1	0	10229981.87	42556876	54864853.02	125346115.8	0	0	0	42556876	0	0	0
AT2G03440.1	7	22	96990567.9941	74555709.401	1853329264	1472986440.63	669692484.49	692288084.28	85161666.66	24999310.19	1281308400	1015128346.93	557936654.59	614894906.6
AT2G03510.1	10	18	39058885.368	107252547.613	745847556	711656490.84	949281412.5	866725631.06	0	6903677.643	528111804	222329614.15	564674114.53	372007065.71
AT2G03550.1	5	5	0	0	230054400	219049562.95	0	40445588.749	0	0	87484428	124970030.78	0	0
AT2G03680.1	2	5	0	0	186784832	84338045.35	70399096.58	70001788.88	0	0	113372008	64428879.41	0	70001788.88
AT2G03690.1	1	1	31661097.78	67261737.49	0	0	0	46077117.55	0	0	0	0	0	46077117.55
AT2G03750.1	3	4	0	0	139788892	119547246.4	9605684.528	81650320.1	0	0	139788892	76179575.14	0	0
AT2G03760.1	1	2	0	2729046.235	16075319	7430709.748	0	0	0	0	16075319	7430709.748	0	0
AT2G03810.1	1	2	0	0	38197072	0	0	0	0	0	38197072	0	0	0
AT2G03870.1	1	1	0	0	129702320	113133403.9	28463995.74	27605268.12	0	0	0	113133403.9	0	0
AT2G03980.1	1	2	0	0	63381836	76980316.88	0	0	0	0	63381836	76980316.88	0	0
AT2G04030.1	34	95	5088817914.74	1141828373.367	3612216529.5	4618799914.72	494951996.732	457515146.12	4804892199.71	645614815.8	1972761556	3668573055.85	0	0
AT2G04039.1	5	17	887278475.4	247798057.86	456674980	507099901.75	243717526.64	80598469.93	555536180.3	231521155.45	374086716	507099901.75	0	0
AT2G04230.1	1	1	0	0	427715488	334948899.7	13249833.84	20490548.05	0	0	0	334948899.7	0	0
AT2G04280.1	2	2	0	0	69037818	90975148.34	195081490.38	156372925.22	0	0	0	0	66929015.38	92849387.99
AT2G04350.1	8	9	6282909.821	25990732.767	396684136	501957377.721	178166694.67	228032447.97	0	0	138579436	186093211.45	82481702.2	89373763.31
AT2G04360.1	1	2	0	0	2230890.75	6824877.49	0	0	0	0	2230890.75	6824877.49	0	0
AT2G04390.1	11	35	127892349.372	97041181.673	4849505134	4824472006.01	1116413636.977	2829003962.23	9605148.818	38566030.255	4849505134	4758424305.7	689866467.6	757600407.3
AT2G04400.1	13	34	1492052862	623473192.32	1085283784	1058793996.982	110800342.1544	5989168.939	1121862831	466093988.5	501836210	839455121.7	0	0
AT2G04450.1	6	6	4444702.475	0	388119912	21172579.642	0	58148511.92	0	0	388119912	0	0	0
AT2G04520.1	3	5	0	7716691.513	241393276	212234719.34	74002920.14	6410486.297	0	0	219927680	198531799.03	37336487.66	0
AT2G04540.1	13	19	0	0	104175389	23242197.85	1781039590.98	1094651024.32	0	0	33697992	0	1259380099.41	863538683.68
AT2G04690.1	3	4	116857292.2	43650390.01	303435142	294590207.15	0	0	0	0	303435142	25653886.29	0	0
AT2G04700.1	8	16	1964345736.53	363183908.443	1736301880	1727278125.09	79928493.001	108419486.206	1458288900.63	269073598.03	594937216	1547358637.19	0	0
AT2G04780.1	3	5	0	0	562840628	423745014.57	43605506.43	72650108.64	0	0	159523860	97695783.97	43605506.43	72650108.64
AT2G04842.1	14	24	880515483.51	135930146.924	815227952	638996899.23	47102966.63	86512421.234	623305910.52	0	353785684	388374992.65	0	0
AT2G04865.1	2	2	4009084.36	0	120948424	69205663.9	56156129.399	41874410.45	0	0	0	0	9678212.109	41874410.45
AT2G04880.1	7	8	0	5653337.987	65831055	52096509.77	233094042.67	244846475.319	0	0	0	0	149013677.34	158336088.37
AT2G04900.1	1	2	0	0	0	0	129267389.8	174024340.3	0	0	0	0	129267389.8	174024340.3
AT2G04940.1	7	10	17077455.77	18185636.76	14964404	51243421.9	1280650858.09	1304073104.47	0	0	0	0	1130381288.04	1035133776.87
AT2G05070.1	1	1	29004620.42	22380402.77	21439406	14880119.37	5560004.786	23250484.67	29004620.42	0	0	0	0	0
AT2G05310.1	3	12	495517680	1574022867	395022096	405723807.31	70846274.59	52448524.13	495517680	1574022867	262545536	405723807.31	40951645.7	0
AT2G05380.1	5	15	6452327.701	21548486.711	38983045.469	202110371.802	2785470375.355	3146713233.1	4711972.07	19767928.87	4070606.719	199975618.2	2779898528.2	2420664060
AT2G05520.1	4	11	139998375.6	95409034.39	213607134	315444938.2	6133644645.9	6631811245.55	139998375.6	95409034.39	195636224	315444938.2	6133644645.9	1024024003.2
AT2G05620.1	1	6	1694715943	3749265620	907169984	1259784435	208442991.6	231625456.6	1694715943	3749265620	0	1259784435	208442991.6	231625456.6
AT2G05710.1	62	212	1224914917.8636	912397121.894	7280289287.5	11310850930.52	76700688363.79	55200495190.27	637567873.853	380485729.58	3499549311	10786855655.84	68078916987.92	55058404792.35
AT2G05830.1	3	5	0	0	219596352	305135059.72	30360032.79	15072738.11	0	0	164941584	305135059.72	0	0
AT2G05840.1	5	8	0	0	341318708	380707338.709	54044655.29	48852805.89	0	0	267779916	358979997.439	37598474.04	0
AT2G05900.1	1	1	0	0	86089200	56407586.01	0	11804817.62	0	0	86089200	0	0	0
AT2G05920.1	7	12	0	35366649.81	445593936	372219092.11	105194792.87	17588779.775	0	0	402709160	160499340.41	19451684.46	0
AT2G05990.1	13	47	4878631909.57	1889042488.954	5547442359	4390982139.2	434572886.34	270564835.64	3787137409.07	1517065690.784	4601842534	3521326696.44	347132517.82	235341697.79
AT2G06050.1	10	23	245618600.349	57991484.276	731082046	515120189.18	593884635.229	488056540.78	0	0	699752832	394778265.05	358472789.23	374022530.36
AT2G06530.1	5	5	281187714.71	63779954.246	826972953	719321051.1	86754101.847	308860472.1	0	0	246233801	42079405.63	0	273992394.6
AT2G06850.1	15	37	272999247.522	270987581.12	3766566549	1092409877.04	827477684.95	1480144502.86	133942348.73	173707557.085	3756005236	901045038.15	313702095.05	307253173.2
AT2G07050.1	8	12	0	16283217.241	280102066	200653626.991	238712311.68	338392668.93	0	0	125398330	139597241.74	137074681.55	96897686.94
AT2G07190.1	1	1	0	0	0	0	81795205.48	40545620.25	0	0	0	0	0	40545620.25
AT2G07340.1	1	1	0	160361953.3	51131904	51245689.46	0	0	0	0	0	51245689.46	0	0
AT2G07360.1	2	2	0	0	82544930	19454626.94	26742617.55	31788119.13	0	0	82544930	0	0	0
AT2G09990.1	5	10	6583416.207	22744593.518	793253912	853763804.5	378543824.55	312783214.23	0	15330009.06	793253912	825052141.82	134783832.8	288643799.2
AT2G10940.1	2	8	241721872.3	175250444.06	4808703744	2084057866.4	852736723.8	408693327.7	118240196.6	141286501.1	4808703744	0	852736723.8	408693327.7
AT2G11000.1	1	1	175928498.9	8583510.213	35660768	99474626.96	6739980.93	0	0	0	35660768	0	0	0
AT2G11890.1	1	2	0	0	27959254	25324993.04	0	0	0	0	27959254	25324993.04	0	0
AT2G12190.1	1	2	0	0	0	39582513.93	42477573.5	48598834.35	0	0	0	39582513.93	0	0
AT2G13360.1	25	123	707326768.443	794009472.3	19741729176	19995261664.8	16230395695.21	11964740949.56	497256431.75	310060254.14	18081627304	16081669236.5	13838322232.13	10594877051.9
AT2G13370.1	1	1	21476126.34	24267768.62	0	0	0	0	0	24267768.62	0	0	0	0
AT2G13540.1	8	9	12629788.2772	7428023.184	174281610.25	245809115.927	390226270.46	356075208.84	0	0	109522144	151883653.49	0	0
AT2G13560.1	37	118	361804965.515	346728289.566	1053298123.5	1528836102.555	20193953288.07	18037526363.79	0	6888955.937	800977657	978634393.85	19850105506.84	16922740984.48
AT2G14120.1	5	10	18915455.97	0	111009994	298403561.95	99739887.76	116192280.87	0	0	35006160	84578868.7	46705167.4	116192280.87
AT2G14170.1	23	76	97818754.052	57753290.927	580559716.25	1003317300.397	12300488391.11	9124719069.58	7381655.881	7709235.134	536244726.75	645251743.9	11578205570.4	8705847333.48
AT2G14260.1	8	18	224368302.576	78144941.5	870062594	825984312.11	114771133.704	161576772.06	140038227.4	23075491.92	870062594	628765694.01	0	0
AT2G14610.1	5	6	10799265.35	48193397.518	1601621848	123424131.586	204476992.72	58245964.87	0	0	1506878584	0	21057914.52	0
AT2G14720.1	7	9	12377991.56	0	685440385	705416501.27	299409578.33	351460120	0	0	412487981	386397050.75	0	0
AT2G14750.1	4	9	565426180.35	366598264.958	356835586	236545841.16	58876868.32	61856063.38	64151658.05	352067181.93	290673602	226409251.91	0	0
AT2G14835.1	1	2	35021573.73	0	0	26265928.58	57908376.26	42249189.57	0	0	0	0	57908376.26	42249189.57
AT2G14880.1	2	6	85282972.33	68367234.35	12227822	15910927.5	38366841.98	85494116.3	37076480.58	68367234.35	12227822	0	38366841.98	0
AT2G15020.1	1	2	0	0	0	0	36177458.55	43507709.51	0	0	0	0	36177458.55	43507709.51
AT2G15050.1	1	2	0	18698128.68	82630688	75142680.46	7816687.637	0	0	18698128.68	0	75142680.46	0	0
AT2G15290.1	2	9	586681280	368495914.09	655066832	819172153.6	26334951.49	55728167.7	586681280	368495914.09	655066832	819172153.6	26334951.49	0
AT2G15320.1	1	1	0	0	15803501	13216965.04	0	10306600.72	0	0	15803501	0	0	0
AT2G15430.1	2	2	0	0	0	0	83309065.96	67281321.44	0	0	0	0	15835715.82	67281321.44
AT2G15570.1	1	1	34061019.63	4850900.254	34921560	19140787.43	0	0	34061019.63	0	0	0	0	0
AT2G15620.1	27	83	5552102540.55	1486905283.74	5284964430	3430501116.02	202088891.666	395125008.925	5043006744.05	1128965861.07	4092888490	1903368139.53	0	0
AT2G15690.1	1	1	0	0	0	0	92068440.09	125734648.5	0	0	0	0	0	125734648.5
AT2G15860.1	1	1	0	0	0	10997258.22	0	0	0	0	0	10997258.22	0	0
AT2G15890.1	5	9	218603302.75	373656827.93	107929004	64714775.93	0	0	190897143.55	373656827.93	0	47000682.83	0	0
AT2G15970.1	2	2	0	0	80314954	20052185.6	1701937451	1476116419.86	0	0	47243576	0	1701937451	0
AT2G16070.1	1	2	18711851.06	10402204.39	0	0	0	0	18711851.06	10402204.39	0	0	0	0
AT2G16270.1	1	1	0	0	9233492	0	61619438.18	52574992.28	0	0	0	0	61619438.18	0
AT2G16460.1	8	18	0	15547493.07	90061916	50722156.21	1461849050.11	1548472208.56	0	0	0	26200173.55	1108187707.89	1170538584.26
AT2G16485.1	1	1	66057235.09	36390616.41	5919991	0	8279357.016	22006516.43	0	0	5919991	0	0	0
AT2G16595.1	1	2	0	9100880.175	23591560	41701027.54	6053911.815	0	0	0	23591560	41701027.54	0	0
AT2G16600.1	8	36	174614880.049	89929573.424	4161766434	6160812669.7	1780670010.72	1795016827.37	6307387.639	20459533.409	4143741000	6160812669.7	1514165672.81	1647922884.47
AT2G16640.1	1	1	9492563.213	12179106.03	0	0	0	0	0	12179106.03	0	0	0	0
AT2G16710.1	5	7	0	0	0	0	599747040.68	411807743.07	0	0	0	0	323363346.28	204908221.76
AT2G16780.1	2	4	12494842.97	2226950.61	83326752	105151093.88	112086649	173944090.4	0	0	83326752	105151093.88	0	0
AT2G16930.1	4	5	0	0	23918071	8802407.625	365031767.95	358168363.53	0	0	0	0	222724396.95	347579510.9
AT2G16950.1	7	11	17734713.664	97156650.02	669600912	607509971.44	28830133.53	55166022.31	0	0	669600912	382971321.5	0	0
AT2G17120.1	4	12	32345674.809	895066.0882	503996418	471180087.1	941735126.62	454221199.873	0	0	503996418	262493265.2	101392939.2	133128131.1
AT2G17130.1	7	20	29742819.463	6099942.964	115508605	120536747.7	5667670267.1	4498838428.5	0	0	0	120536747.7	5667670267.1	4430946571.4
AT2G17140.1	1	1	0	0	19668586	29253719.73	0	0	0	0	0	29253719.73	0	0
AT2G17200.1	5	6	0	12253684.201	308936820	268349075.74	53717965.73	91478855.07	0	0	308936820	62989022.05	0	0
AT2G17265.1	9	24	717810551.87	170655084.396	662120489	644088381.622	2270140477.19	919534482.48	532812194.86	164502488.83	472326245	351753009.79	0	0
AT2G17280.1	1	1	0	0	0	14274924.87	0	0	0	0	0	14274924.87	0	0
AT2G17340.1	4	7	46886230.76	24004056.65	533300796	459153932.85	11613625.37	0	0	0	533300796	346728472.45	0	0
AT2G17380.1	2	2	0	0	184664816	145440768.55	0	0	0	0	0	145440768.55	0	0
AT2G17390.1	4	6	23900615.477	10129129.446	431301256	628116309.8	83138101.99	33638763.32	0	0	431301256	273281194.7	0	33638763.32
AT2G17410.1	1	1	3412410.636	0	0	0	21732332.45	15006432.41	0	0	0	0	21732332.45	0
AT2G17420.1	6	11	47803964.886	0	427140314	381403140.69	286928339.3	272560965.27	0	0	374385712	362117876.65	121317655.71	0
AT2G17630.1	2	2	39557137.57	15341872.41	23926769.5	16517456.56	0	0	17547467.73	0	0	16517456.56	0	0
AT2G17650.1	11	20	0	0	119691235	149496752.577	1711697343.96	1294150446.96	0	0	0	49636205.08	1696833913.23	952942132.89
AT2G17695.1	5	16	364812940.51	210724530.9	2428222624	2499235857	150622721.58	144514914.75	364812940.51	210724530.9	191544480	150482157.9	87493236.35	84662347.51
AT2G17720.1	3	6	0	0	49635522	27478872.9	75933997.752	100109793.2	0	0	46296244	0	75933997.752	100109793.2
AT2G17790.1	5	6	0	0	155720884	131562941	95218329.321	8967699.394	0	0	83835162	93614037.58	0	0
AT2G17840.1	13	32	13232248.51	11990060.88	2513796392	1569393130.09	501976932.501	388669768.99	0	0	2402071776	1300717037.79	304384688.73	162847461.97
AT2G17870.1	1	2	0	0	90332488	85438395.29	0	0	0	0	90332488	85438395.29	0	0
AT2G17930.1	2	3	0	0	0	0	61625780.28	61791327.2	0	0	0	0	15631789.75	61791327.2
AT2G17972.1	4	11	541236323.63	714416344.5	221914490	195710803.66	29041496.53	33048020.51	528686276.24	630293851.91	208707086	170045501.18	0	0
AT2G17980.1	6	9	292343545.4	815656375.105	1246598516	1267094349.23	26989755496.47	24311967625.16	0	0	1133934752	150511932.54	26846412269	64461477.01
AT2G18020.1	1	7	14083028.57	27190148.59	937992504	837650455.2	243019399.8	241531764.9	14083028.57	0	937992504	837650455.2	243019399.8	241531764.9
AT2G18030.1	1	1	0	0	9693667	0	12076259.7	0	0	0	0	0	12076259.7	0
AT2G18040.1	3	6	33882301.5	0	247311737	297102692.6	188933197.74	238408067.3	0	0	247311737	163303424.6	173662689.79	127099572.4
AT2G18050.1	2	2	0	7600027.351	13516548	37406442.128	54455015.72	33032258.8	0	4488188.396	0	0	54455015.72	0
AT2G18080.1	1	2	0	0	72738704	92932630.62	0	0	0	0	72738704	92932630.62	0	0
AT2G18110.1	5	12	10118122.47	0	324932728	313492839.28	73644637.34	48261683.59	0	0	324932728	313492839.28	0	48261683.59
AT2G18210.1	1	2	0	0	0	0	107282477.1	112929391	0	0	0	0	107282477.1	112929391
AT2G18230.1	4	6	0	0	154141822	803416293.27	87048701.74	164906866.4	0	0	139921616	803416293.27	0	0
AT2G18250.1	1	1	0	0	41683696	35606718.13	0	0	0	0	41683696	0	0	0
AT2G18330.1	19	30	90450760.029	35712374.43	92758086	97584362.01	2154084666.93	2219788073.277	0	0	0	0	1837349550.11	1944766491.56
AT2G18400.1	1	1	0	0	0	0	49085581.12	38875009.04	0	0	0	0	0	38875009.04
AT2G18660.1	4	9	28787858.74	164735223.018	429552916	64091377.044	286167475.85	211884814.65	28787858.74	103709939.1	314114044	0	183434500.17	167410657.79
AT2G18690.1	3	3	5121908.39	0	334332384	32181092.463	21273147.02	17252051.36	0	0	334332384	0	0	0
AT2G18710.1	12	29	1891547358.24	1878145393.64	872653485	840288391.589	447118673.034	187817282.67	1637523383.84	1371496459.64	213003152	403405632.28	0	0
AT2G18750.1	3	3	0	0	0	38990177.54	134332750.25	137543809.31	0	0	0	0	134332750.25	0
AT2G18770.1	3	5	0	34916822.57	35232511.5	26535961.83	179810999.04	243741130.24	0	0	0	0	147217655.88	243741130.24
AT2G18960.1	18	39	38007464.755	19268366.942	2387225045	2362640002.85	1361260165.86	1626266623.253	0	0	1995653237	2218109985.05	986818243.54	949301882.43
AT2G19080.1	10	17	26811989.033	33336447.311	147013576	98013496.16	3603766327.93	3679644161.43	0	0	0	0	2430406942.73	2901629326.63
AT2G19330.1	1	2	119901886.6	82430899.92	220041600	85027914.87	0	0	119901886.6	82430899.92	0	0	0	0
AT2G19480.1	6	7	3100182.83	6187327.47	668293120	326428396.723	301257704.2	98354335.05	0	0	668293120	116213870.9	43348681.94	0
AT2G19490.1	2	3	9946941.018	4460967.775	8355848	16320136.71	219166556.15	137709991.3	0	0	0	0	219166556.15	137709991.3
AT2G19520.1	5	13	27006015.16	57275559.364	275636070	245983555.04	327422234.73	161274345.33	0	10667404.99	131863768	168694218.29	155599012.22	89377609.7
AT2G19570.1	1	1	0	0	35100700	0	0	0	0	0	35100700	0	0	0
AT2G19680.1	9	19	6219783.036	12072840.703	556169734.625	730970776.671	10322949339.8	11813950006.48	0	0	209541776	651806065.8	9482854360.1	8984652896.48
AT2G19730.1	7	27	73949061.74	185095059.21	2465639720	2971338748.84	697313814.52	791697678.24	20936643.82	52581460.45	1775782380	2228880939.4	661830701.29	537116467.55
AT2G19740.1	1	1	0	0	118865776	133536832	0	98939152.66	0	0	0	133536832	0	0
AT2G19760.1	3	7	39638742.52	0	996122188	603596031.09	0	0	0	0	996122188	603596031.09	0	0
AT2G19790.1	1	1	0	0	51895952	37182766.7	18381681.82	0	0	0	51895952	0	0	0
AT2G19860.1	26	87	166849028.86	452552141.064	964111524.69	1466153316.959	11199801266.883	11096955452.62	0	0	241973447.69	562666821.59	11078768135.52	9889436354.9
AT2G19870.1	2	2	26199617.446	2377098.603	0	0	0	11997009.76	26199617.446	0	0	0	0	0
AT2G19900.1	1	1	0	0	60821308	119878140.9	0	0	0	0	0	119878140.9	0	0
AT2G19940.1	17	54	3148505402.51	1236751378.935	2636470724.5	3703246459.45	374865607.46	348051310.32	2130074479.07	815371808.47	2569521376	3340464963.12	0	0
AT2G19950.1	1	1	0	0	0	0	36592550.07	43388476.44	0	0	0	0	36592550.07	0
AT2G20050.1	1	1	18164731.15	11043773.06	0	0	33344971.32	23218676.65	0	0	0	0	33344971.32	0
AT2G20060.1	8	15	333291491.9	124810985.8	24087156	19358176.07	840953758.24	664545471.45	0	0	17620332	19358176.07	709703167.04	529116626.99
AT2G20120.1	1	1	0	0	0	10077122.63	0	0	0	0	0	10077122.63	0	0
AT2G20140.1	9	13	43523830.572	41615850.457	1824594736	1132318684.87	1281186122.4462	1640733940.668	0	0	1486319392	845860845.16	65724016.23	0
AT2G20190.1	1	1	13052915.41	0	34278568	22253405.13	21101824.9	23600817.34	0	0	34278568	0	0	0
AT2G20230.1	6	8	41420977.893	40323271.635	455642512	382644979.25	36246535.96	56385423.42	0	0	423065444	270168685.48	36246535.96	0
AT2G20260.1	6	45	19493049436.18	36562883669.23	10055137443	8520083643.5	1934541933.46	1639029983.24	19464534646.8	36562883669.23	10042756780	6653468999.5	1560533123.33	254413217
AT2G20270.1	5	14	523643642.75	107824009.526	238730001	297630862.95	523278146.434	381022772.53	395419902.05	0	130362072	166745016.07	514485035.92	318379747.22
AT2G20280.1	2	2	0	16534402.999	23647263	0	13949534.134	33936692.06	0	0	23647263	0	0	0
AT2G20360.1	41	155	653563914.83228	387307272.664	2888178073.19	3479869616.1862	46526551455.694	52339311358.027	0	0	1688488849.19	2852149249.01	46434134934.194	50533511003.6
AT2G20390.1	4	5	0	0	8440887	5406784.223	301445007.74	250404051.78	0	0	0	0	301445007.74	82897815.16
AT2G20420.1	57	176	4241788355.908	416140642.952	8555536221	10194973505.87	105046539855.966	83629686216.16	10658371.78	36718221.452	5099457090	6629280856.39	95986576299.4	79433018157.64
AT2G20450.1	4	11	8583511.568	5588845.31	798918144	342864815.86	992189527.43	541275444.844	0	0	798918144	249527786	902619446.8	329403702.09
AT2G20490.1	1	1	0	12921544.48	31982844	45435304.27	0	0	0	0	31982844	0	0	0
AT2G20530.1	13	33	4939739.5	25224146.8	257009782	311934527.51	8060899288.07	9619840583.438	0	0	81849376	311934527.51	5893647113.87	4934141783.56
AT2G20580.1	11	17	0	22227765.19	1204953822	1242585358.826	27451768.546	9354657.643	0	0	1079196560	1053804904.966	0	0
AT2G20610.1	9	15	35286410.577	13307125.32	673919864	435173222.48	7099993.288	50060039.53	26656223.91	0	673919864	351351530.83	0	0
AT2G20630.1	8	17	43387538.9	30640146.726	983090305.28	437768555.64	131178355.521	89661021.68	0	0	756355225.28	409737101.71	68015808.78	40847516.04
AT2G20690.1	8	31	1620413167.25	670724851.73	1183463028	2002538368.54	160372814.775	27093743.275	1620413167.25	540617355.54	731777596	1532096698.5	0	0
AT2G20760.1	5	11	63873226.49	86973850.31	619236052	547894992.83	210651761.994	179670992.96	0	0	619236052	394002677.98	162449398.7	131141749.8
AT2G20810.1	1	1	0	0	0	0	17872328.03	13844167.91	0	0	0	0	0	13844167.91
AT2G20820.1	1	2	0	0	66221664	96445678.25	85954236.89	163201403	0	0	0	96445678.25	85954236.89	0
AT2G20830.1	4	9	0	0	9421104	40148184.99	267809643.18	207019523.31	0	0	0	0	267809643.18	207019523.31
AT2G20860.1	10	15	18113999.3	14246515.84	89696446	75487343.032	1391309735.15	1232966215.15	0	0	0	0	1016391930.95	1138231826.77
AT2G20890.1	16	69	11653909695.141	11318374365.559	7987231728	7351687297.7	2141373431.09	1675900142.207	11641209191.8	8105010836.1	7963249234	6269439962.3	1950895021.17	1056303716.137
AT2G20900.1	1	1	0	0	26534760	33946621.57	13180189.26	0	0	0	26534760	0	0	0
AT2G20920.1	4	7	405437535.85	515059465.93	0	201350895.06	0	0	315906693.78	117123672.93	0	36399916.36	0	0
AT2G20940.1	3	4	0	0	0	0	340959688.45	408425129.05	0	0	0	0	108948920.15	352472457.71
AT2G20990.1	22	47	36565844.688	106192917.563	2358464245	2704898050.12	2052376218.553	2145651711.27	0	6455542.99	1727099276	1772542292.73	1586759483.02	938792556.45
AT2G21130.1	2	2	0	0	72852572	108613575.49	0	0	0	0	0	108613575.49	0	0
AT2G21160.1	4	8	42586769.284	50632717.98	650211112	595051306.55	798405944.93	889870705.28	0	50632717.98	530415728	537051303	702349587.8	554583682
AT2G21170.1	18	82	12961750087.038	3269907288.04	11447954841	14033657265.046	389960492.97	739900167.58	12640018049.29	3089032289.71	9671163659	13914235944.636	79321015.08	75655095.72
AT2G21190.1	1	1	0	0	20497154	18483092.19	0	0	0	0	0	18483092.19	0	0
AT2G21250.1	7	8	28760385.48	0	864609712	1123421334.98	111943146.2	225339960.51	0	0	576594984	584195817.18	0	0
AT2G21270.1	2	2	0	0	98493680	95817211.16	0	9555636.061	0	0	53172736	45013262.71	0	0
AT2G21280.1	11	25	913697925.508	781548946.08	807253168	1304794533.63	2219588180.81	911025523.65	661417574.95	207690116.87	476856976	1021828928.72	1390438898.54	0
AT2G21330.1	13	77	20036921096.97	9665458946.79	18086511961	19390930625.3	530183733.81	629150171.307	19642896512.97	9611423020.16	17925828384	18841584621	311695583.65	282310035.9
AT2G21340.1	2	3	78955661.46	28264346.12	27552694	38212682.61	0	0	49226985.3	0	27552694	38212682.61	0	0
AT2G21370.1	8	12	277189425.719	49604076.868	320236637.25	465932802.647	44184266.46	76293846.83	135258311.109	0	79155488.5	404810446.557	0	0
AT2G21385.1	9	24	1003721083.83	151502905.035	955015898.88	1006141858.71	32483507.1499	26286076.7349	1003721083.83	115863011.45	516344404.88	772744906.53	0	0
AT2G21390.1	6	11	0	0	367209420	290247113.39	39731957.5	44350330.08	0	0	337049708	290247113.39	0	23170224.79
AT2G21410.1	7	8	44573724.66	17311267.85	362384098	358608114.395	67893541.08	73978159.86	0	0	227678618	158910178.18	18260575.23	0
AT2G21480.1	1	1	127328653	39458364.29	39232780	48111350.61	0	0	127328653	0	0	0	0	0
AT2G21520.1	1	7	213373385.5	440608446.1	139659004	176569722	91039537.47	117418724.8	213373385.5	440608446.1	139659004	176569722	0	117418724.8
AT2G21530.1	11	38	3297508928.1	1023675346.202	2045381915	2524582241.24	238783453.85	120102758.92	3297508928.1	719343513.702	1478856279	2106763214.63	0	0
AT2G21580.1	3	6	3801409.731	13646794.282	152463872	520474292.8	219613715.06	353810834.72	0	0	74310800	130810362.4	219613715.06	0
AT2G21600.1	1	2	0	0	21445566	22915978	80301263.49	59691794.49	0	0	0	0	80301263.49	59691794.49
AT2G21620.1	9	16	11494716.513	4576198.736	1070688440	1172930921.61	0	35649556.13	0	0	905256808	714028898.56	0	0
AT2G21640.1	1	2	0	0	0	11272040.25	39497951.06	72023255.37	0	0	0	0	39497951.06	72023255.37
AT2G21660.1	12	44	179705047.451	348019017.9014	3226021456	5021636293.93	2123386874.06	2947102659.34	143582087.85	253074390.5	2920922576	5021636293.93	2073459909.27	2915920026.14
AT2G21710.1	1	1	0	41471599.45	0	0	0	0	0	41471599.45	0	0	0	0
AT2G21860.1	5	13	252101785.79	128237243.237	148011548	184667882.81	136773976.63	199173118.8	218544291.1	80260305.717	94334194	130444299.16	0	0
AT2G21870.1	54	201	479506112.613	311503709.436	6859364656.75	9868879514.757	81341232800.43	88428343813.12	0	167173808.967	4716574288	9137586805.08	78112421297.22	81009482216.3
AT2G21960.1	15	51	2839090923.659	4056538977.35	1276691923.25	2084492586.83	568756814.874	694292353.56	2266852094.92	4056538977.35	862054788	1497814662.31	0	0
AT2G22125.1	2	2	0	0	62392924	67290681.25	0	0	0	0	62392924	0	0	0
AT2G22170.1	3	8	9486358.686	131603137.95	1788487744	1564191323.6	35656391.76	10243361.65	0	63595835.8	1629647616	1564191323.6	35656391.76	0
AT2G22230.1	5	17	2079534267.5	1016530704.17	753956807	573007084.02	483382777.25	1331657564.68	2079534267.5	638855980.59	505666855	119338813.1	51968499.27	53987387.76
AT2G22250.1	6	14	342336122.9	90804173.78	424446096	354100499.94	66015794.606	127651232.2	314772237.49	36095485.77	289443380	130660780.56	0	0
AT2G22300.1	1	1	0	5307221.955	16820180	14480278.89	81254566.88	195641933.7	0	5307221.955	0	0	0	0
AT2G22360.1	7	15	248449044.35	249204164.68	175967268	171252836.7	56497823.46	0	125989182.19	227623147.49	43100728	0	0	0
AT2G22400.1	1	1	0	0	38936596	34798409.25	0	0	0	0	0	34798409.25	0	0
AT2G22420.1	2	2	17708741.17	0	52268992	80571204.61	348966733.4	290544777.6	0	0	0	80571204.61	0	0
AT2G22425.1	1	2	4628490.974	6400421.326	91914008	43065520.64	0	0	0	0	91914008	43065520.64	0	0
AT2G22450.1	4	7	151141664.86	32247600.432	66323048.5	38187285.26	0	56631300.24	151141664.86	10141614.4	0	0	0	0
AT2G22475.1	1	1	0	0	28101224	18527490.04	109643686.1	5141823.188	0	0	28101224	0	0	0
AT2G22480.1	11	22	627243527.95	469808659.54	650245068	685273078.49	86668167.405	63150222.75	301545998.18	258580776.75	206437484	453645794.94	0	0
AT2G22500.1	24	47	53535304.92	140278917.911	366426257.5	147023891.46	8007588087.2	8464716627.54	0	0	269152808	0	5722851758.6	5305901251.84
AT2G22540.1	1	1	0	0	2545966.5	2369276.861	27485186.29	0	0	0	0	2369276.861	0	0
AT2G22570.1	1	1	0	0	0	14300498.3	26203508.39	50866013.71	0	0	0	14300498.3	0	0
AT2G22680.1	1	1	0	0	5349639	0	47495722.5	73031791.63	0	0	0	0	0	73031791.63
AT2G22780.1	6	13	1749884262	1832691077	1396544080	1392534014.64	1525646432.7	1797987782.66	0	0	1396544080	1368177867.92	1164847480.5	707477746.9
AT2G22870.1	2	2	23426408.475	0	0	0	18923723.045	0	23426408.475	0	0	0	0	0
AT2G22970.1	2	4	0	0	127121660	138176394.54	33932994.7	11179581.3	0	0	127121660	138176394.54	0	0
AT2G22990.1	1	1	0	0	125352168	26412519.22	3681481.164	0	0	0	125352168	0	0	0
AT2G23010.1	1	1	0	0	12903556	27781502.36	0	0	0	0	0	27781502.36	0	0
AT2G23090.1	2	3	0	0	22609740	16849186.138	63964373.86	70823311.732	0	0	22609740	15678263.94	27351104.9	0
AT2G23120.1	5	10	0	0	224370613	161847589.09	152892329.52	73761780.06	0	0	194509413	127714889.93	125663095.94	42024511.17
AT2G23310.1	2	4	0	0	6498823	15821311.52	201476122.5	205425603.53	0	0	0	0	201476122.5	205425603.53
AT2G23350.1	8	10	125163351.09	61263395.499	334786292	330931529.81	75406178.77	94558949.08	0	0	270562376	166708769.44	0	37542697.01
AT2G23360.1	1	1	0	0	0	0	286577550.8	277534121.9	0	0	0	0	0	277534121.9
AT2G23370.1	9	15	48291242.44	0	35611190	7874011.051	1135544971.46	1125822304.6	0	0	0	0	987393385.21	1107508673.09
AT2G23390.1	1	1	0	0	0	29017888.9	0	0	0	0	0	29017888.9	0	0
AT2G23600.1	6	15	23878515.66	47528887.5	1220686552	1784415205	212282808.61	295105493.54	0	0	1092206528	1637220807.2	0	76722081.78
AT2G23610.1	2	2	0	0	160816500	275456234.3	48409424.73	41574844.8	0	0	83496980	110414656.1	0	0
AT2G23670.1	3	14	2405718088	6881025231	1794579744	1899329187	9763154.965	13395997.81	2405718088	6881025231	1713772992	1899329187	0	0
AT2G23810.1	1	1	0	0	147224944	0	19834686.93	0	0	0	147224944	0	0	0
AT2G23820.1	5	8	39460299.81	25381583.715	115585698	105009657.32	461044849.41	308228376.031	0	0	68344960	0	427069703.2	193564613.82
AT2G23890.1	1	2	8901154.029	9770181.905	10980091	0	37646875.89	0	0	0	0	0	37646875.89	0
AT2G23930.1	2	3	6568151.332	8332321.704	146850264	163855685.7	63863664.97	63699016.46	0	0	75713208	163855685.7	0	0
AT2G24020.1	7	17	683447887.91	191575419.757	1007612714	803700223.93	0	18772718.29	538050396.21	23210630.68	1007612714	613423019.61	0	0
AT2G24060.1	6	12	396398775.17	164832106.327	150553656	172614116.882	0	75107064.3	396398775.17	6977610.307	123176756	111242084.61	0	0
AT2G24090.1	3	8	800712299.82	173333615.29	49367622	109949470.7	5672250.155	0	800712299.82	173333615.29	0	109949470.7	0	0
AT2G24180.1	3	6	0	6994121.078	85070891	79702397.33	56220441.94	143938475.64	0	0	72649500	79702397.33	33347316.47	41794573.32
AT2G24200.1	13	23	74125242.975	137261422.93	3786489710	5173921699.52	335551774.27	867061109.06	0	0	3420931200	4137435800.13	0	103739746.1
AT2G24270.1	14	31	69173159.853	94432167.434	3917628085	3388211608.637	3461039578.95	6752855966.84	0	8862788.064	3245837944	3388211608.637	196497558.11	87729500.96
AT2G24280.1	6	9	40523140.86	49690477.98	756303000	778511065.72	234039834.57	204108141.95	0	14843464.51	422987032	466096553.5	135736084.7	0
AT2G24390.1	3	3	7430749.904	0	150615822	135688256.37	0	0	0	0	85007598	74932638.85	0	0
AT2G24420.1	13	23	37254544.277	68457873.29	969952406	1378619479.81	642380348.7	535024190.7	0	0	565194994	1092088717.41	267558059.59	258367154.55
AT2G24590.1	3	5	4747588.967	1775773.107	183426388	142740582.12	471457150.08	331356343.04	0	0	145242288	0	161830559.6	195471008.24
AT2G24765.1	5	6	86817405.838	31264688.39	201286357	287903786.76	0	40080052.36	0	0	28918362	287903786.76	0	0
AT2G24820.1	22	55	2732186883.56	1325550252.871	3242798712	4526962205.75	2157873349.559	1226427426.67	1206873686.99	1066986213.28	2166835192	1813602400.9	1799487835.6	757896883.1
AT2G24940.1	5	16	79903676.036	45302330.42	2960584544	3997550132	301900350.45	225512290.69	22746774.01	45302330.42	1623840448	3997550132	290780395.68	137808908.9
AT2G25060.1	2	3	0	0	130378940	74487737	24426155.05	18436556.19	0	0	130378940	40021910.08	0	0
AT2G25070.1	6	7	0	0	275168164	251251636.28	13131109.36	4616949.996	0	0	226765940	92424271.36	0	0
AT2G25080.1	11	35	5423966011.7	1263432744.42	4261073507.75	3506454185.97	1730979549.14	1574497437.192	4546361641.3	1078996310.98	2343483116	2902152955.7	1417054773.18	1160857480.5
AT2G25110.1	3	5	0	0	121730390	47711786.058	56109406.74	149041186.27	0	0	61262070	0	56109406.74	126261605.5
AT2G25140.1	4	5	5961591.719	3891252.839	0	38309639.444	111779839.69	69165190.05	0	0	0	0	111779839.69	35144404.21
AT2G25310.1	2	3	0	5842917.566	124306520	151762083.33	65121440.18	78763574.13	0	0	124306520	137087895.6	38910521.62	0
AT2G25430.1	1	1	0	0	19420506	17388621.59	0	56071887.77	0	0	0	17388621.59	0	0
AT2G25450.1	9	14	27140137.31	89242401.77	861242742	447481385.41	154100399.03	157818678.27	0	0	774814496	115829339.7	31887957.79	127138961.72
AT2G25530.1	4	5	5186784.299	34509648.54	0	32038748.67	151846995.53	166179338.87	0	0	0	0	151846995.53	51674306.37
AT2G25570.1	2	3	20263355.03	0	51149715	42159826.81	122682622.11	46714509.69	0	0	0	0	122682622.11	46714509.69
AT2G25830.1	13	32	449313657.993	58019818.189	477971822.5	415077506.49	1530465705.38	1901258733.69	364445619.1	29880259.8	255627728	360591514.71	1392189340.98	1263368780.2
AT2G25840.1	11	28	626202103.746	164994857.559	804178270	585873303.682	834125207.08	707679297.09	519643070.54	0	545917028	364489961.07	682682213.27	463841293.17
AT2G25870.1	3	4	153188127.83	135601531.6	71982929	25203842.7	168326563.35	208905432.43	27576944.52	0	37250668	0	63467253.08	34004734.53
AT2G25910.1	1	1	0	0	8786511	13052937.14	0	0	0	0	0	13052937.14	0	0
AT2G25950.1	1	2	35071829.48	0	77360704	67061008.9	0	0	0	0	77360704	67061008.9	0	0
AT2G25970.1	6	10	0	0	415472352	448469532.335	28801357.967	0	0	0	321465016	448469532.335	0	0
AT2G26060.1	4	5	0	0	107434496	108124924.27	0	63714149.04	0	0	34788218	96037422.44	0	0
AT2G26080.1	32	108	195705625.705	230233297.463	4979860758	4232027530.68	55969825372.59	52495497154.3	14748911.91	0	1581732736	3059408929.47	55452129597.19	50789542164.1
AT2G26100.1	3	5	0	0	39293783	33603575.37	130495152.21	190314746.07	0	0	0	0	130495152.21	134618406.37
AT2G26140.1	24	50	516660366.007	278823110.907	240188621	332070544.203	4042384701.12	4206425595.59	0	0	11224753	25657769.71	4028350192.9	2140625961.58
AT2G26210.1	2	3	0	0	140853640	152320468.57	0	0	0	0	140853640	87552279.29	0	0
AT2G26230.1	12	24	41403007.503	27356314.602	368133626	288893405.17	1078677441.41	1005898706.64	0	0	158097556	91240096.75	1056717451	583096784.56
AT2G26240.1	2	9	868739.5328	0	15840762.94	14440232.63	77943437.12	48457614.66	0	0	15840762.94	14440232.63	77943437.12	35456466.88
AT2G26250.1	1	1	0	0	15405179	0	0	0	0	0	15405179	0	0	0
AT2G26280.1	1	1	33133273.53	2646742.032	31405476	16712168.49	9200159.694	8420827.218	0	0	31405476	0	0	0
AT2G26340.1	11	31	1927381439.4	1389195850.58	829523116	873192775.384	91733186.9	44938876.745	1275555768	1389195850.58	362799756	401155965	0	0
AT2G26380.1	1	1	0	0	75683688	85459404.61	0	0	0	0	0	85459404.61	0	0
AT2G26500.1	1	1	44024402.8	78507657.17	79728440	106066870.4	88737307.73	26088627.33	0	0	79728440	0	0	0
AT2G26540.1	4	6	200411301.32	35493026.032	148441081	133309972.6	0	29770390.84	155071816.61	0	82850477	45133495.08	0	0
AT2G26550.1	1	1	13045574.05	13153286	4730341	0	5613285.57	8610179.921	0	13153286	0	0	0	0
AT2G26560.1	1	1	0	0	28347364	25244612.66	18406494.53	14701056.4	0	0	0	25244612.66	0	0
AT2G26570.1	3	3	2995417.545	7785967.866	88419138	90863423.63	0	29988398.39	0	0	88419138	0	0	0
AT2G26670.1	6	21	817057295.73	122808139	600070568	431096642.58	214457023.157	103651891.65	817057295.73	74225153.44	470983488	431096642.58	0	0
AT2G26730.1	7	13	0	0	369086268	380317995.87	81935848.19	54241139.61	0	0	358201528	354249420.42	27937234.31	0
AT2G26740.1	6	9	0	2942933.28	1060084736	985894700.32	49392181.42	52670648.53	0	0	953009632	578661477.62	0	0
AT2G26780.1	1	1	0	8526763.664	12810567	16008477.79	0	0	0	0	12810567	0	0	0
AT2G26800.1	14	35	5702077.973	2284209.59	247314036	315426064.43	4736628157.38	4198180010.3	0	0	59684816	130304940.67	4608315376.08	3853831286.7
AT2G26830.1	1	1	0	0	23229574	53498654.95	0	0	0	0	0	53498654.95	0	0
AT2G26890.1	1	1	11089479.56	6414696.189	14847827	12735649.04	0	15714372.77	0	0	0	12735649.04	0	0
AT2G26900.1	4	17	1261514989.61	545649151.09	1097750944	1137070083.9	94467253.04	87427946.36	1198059267.03	532490127.22	1097750944	1137070083.9	94467253.04	0
AT2G26930.1	11	19	752787845.51	129202786.798	811921938	788048559.404	242572574.8	303561037.28	536636667.45	79689890.9	220808170	218121038.89	0	0
AT2G26975.1	1	1	7168601.79	0	30474892	34790270.93	860823085.8	444484954	0	0	30474892	0	0	0
AT2G27020.1	8	17	3891555.81	60961571.53	2175261248	2185993525.1	650856429.95	454471076.02	0	50012117.08	1408087312	1655400859.8	55161165.82	17885979.93
AT2G27140.1	1	1	0	0	12769348	14263696.57	0	0	0	0	0	14263696.57	0	0
AT2G27150.1	1	1	0	0	0	0	0	0	0	0	0	0	0	0
AT2G27170.1	1	1	0	14192067.82	0	0	22597667.23	28589441.14	0	0	0	0	22597667.23	0
AT2G27190.1	1	1	0	0	36078028	31812282.27	0	0	0	0	36078028	0	0	0
AT2G27290.1	8	19	690266047.56	852715045.51	275180244.5	247620909.46	3247838.749	0	531411648.86	705276488.31	140506120	0	0	0
AT2G27330.1	1	1	0	0	0	0	56957142.72	36764035.36	0	0	0	0	56957142.72	0
AT2G27420.1	1	1	0	19557998.88	86352648	162569934.6	0	0	0	0	0	162569934.6	0	0
AT2G27450.1	1	1	0	0	77409664	91315523.28	0	31253039.94	0	0	0	91315523.28	0	0
AT2G27460.1	2	2	0	26356326.468	64514744	74170318.99	11767490.14	47134060.72	0	0	0	74170318.99	0	0
AT2G27490.1	1	1	0	0	11682135	0	51202007.45	75840777.62	0	0	0	0	0	75840777.62
AT2G27510.1	1	2	35660618.61	7689460.735	0	0	0	0	35660618.61	0	0	0	0	0
AT2G27530.1	4	15	13784729.1	28247090.19	1432178402	1360019425.6	321816665.15	284138540.5	0	18203578.19	1432178402	1360019425.6	280680073.8	169981833.4
AT2G27600.1	4	7	1668914.45	5887007.365	310777994	95905386.28	102793957.22	114890925.54	0	0	231057850	73446405.96	58123523.36	63062469.82
AT2G27680.1	20	55	3604073222.53	830961334.34	3030297149	3625024832.51	439821356.45	423107509.42	3046421655.73	673798766.55	1602032857	2834429826.28	124542509.44	0
AT2G27710.1	3	16	0	14597387.62	1776359000	1404137142.8	104532720.12	28371269.64	0	14597387.62	1776359000	1404137142.8	80918802.61	0
AT2G27720.1	5	18	62874733.489	171842233.38	2418646051.5	1619805718.561	133247827.266	143387096.5	0	0	2418646051.5	1611476777.43	15918096.85	0
AT2G27730.1	12	43	24314320.2028	47153695.3558	1820772869	2315286605.8	25347135718.01	33279126956.995	0	27068641.09	1807277460	2315286605.8	24966520841.31	29460517587.665
AT2G27820.1	3	3	65768172.976	12293352.325	72925674	77216004.13	0	0	45949126.746	0	0	47728598.72	0	0
AT2G27860.1	3	5	0	0	227006480	295164516.86	0	0	0	0	227006480	295164516.86	0	0
AT2G27920.1	3	4	0	0	34381541	91055455.72	10801904.02	0	0	0	21560618	91055455.72	0	0
AT2G28000.1	29	170	29659643607.22	7311684000.328	22269531266.9	20006040266.49	1491076334.78	1343928326.611	29623699674	6511319570.08	20521257338.9	19961503146.9	396676179.34	322575287.9
AT2G28100.1	3	4	0	0	269087530	308959910.11	8306687.571	5565133.644	0	0	269087530	44380896.1	0	0
AT2G28190.1	8	55	12988057757.99	2833877103.08	6547083015.6	7350921365.891	1483913495.64	623758597.08	12957075862.07	2749041888.8	6505917858.6	7233991413.2	140776380.69	0
AT2G28305.1	1	1	46315115.23	49050815.16	42093452	37482011.99	0	0	0	49050815.16	0	0	0	0
AT2G28430.1	10	19	48496178.74	16221027.96	69466905.5	140419255.835	4930880680.91	5579294861.82	0	0	0	0	4930880680.91	4884180039.22
AT2G28470.1	7	15	0	0	685105976	506129185.11	20423374.972	0	0	0	582745896	477776892.5	0	0
AT2G28520.1	1	2	0	0	0	0	334072340.3	238878944.6	0	0	0	0	334072340.3	238878944.6
AT2G28605.1	5	8	362472683.44	237625698.87	299045760	411598027.86	0	33742231.36	148909107.28	92696425.3	94801788	0	0	0
AT2G28720.1	6	12	0	818946677.6	43674220	468368110.39	2573380649.38	2901168556.77	0	0	0	392808481.8	2573380649.38	2901168556.77
AT2G28790.1	2	6	119042237.73	127599350.03	20776188	6527969.006	203862363.38	283686068	80983623.02	22288452.93	0	0	203862363.38	283686068
AT2G28800.1	9	25	1411932137.444	1877122635.62	786439678	626653517.01	62760417.28	37449935.95	1368235158.464	1858786104.65	319039216	140592963.8	0	0
AT2G28900.1	14	93	10650112698.485	6654482346.9893	10881568326.13	13051519351.231	13815309893.02	13872028307.59	6534991743.685	6647758067.4	8484188742.13	13042671920.35	11946351593.82	12994462511.66
AT2G28950.1	3	5	36994390.773	110091024.32	705919834	312359630.07	16527580.897	30024478.89	33073306.62	110091024.32	0	260054268.3	0	0
AT2G29080.1	12	19	0	0	94770091	126521696.6	1607432381.14	2049992705.79	0	0	0	24479215.69	1596531827.88	1416158061.65
AT2G29320.1	2	4	0	0	89473456	156206568.95	20488517.25	0	0	0	53407376	156206568.95	0	0
AT2G29340.1	4	5	48435638.07	0	278932684	268047294.46	22319544.58	15964373.09	0	0	278932684	108673425.4	0	0
AT2G29350.1	1	1	5099415.837	0	88217992	0	0	19367121.09	0	0	88217992	0	0	0
AT2G29360.1	1	2	0	7991194.151	46641596	58900410.7	0	0	0	0	46641596	58900410.7	0	0
AT2G29420.1	6	11	0	0	405464868	789475170.54	459056864.58	557937354.04	0	0	298607348	789475170.54	0	0
AT2G29450.1	8	17	0	57565211.718	1939093256	1712806942.22	163202181.61	138858503.83	0	0	1859678440	1712806942.22	0	0
AT2G29530.1	9	20	0	0	27328880	64302200.81	5821528100.85	4973431620.7	0	0	0	0	4931125803.75	2903188959.7
AT2G29550.1	1	2	0	0	61106748	50819688.26	11931733.47	0	0	0	61106748	50819688.26	0	0
AT2G29560.1	3	4	15938554.34	0	37571220	31521590.8	71137514.16	59397314.35	0	0	23259486	0	71137514.16	0
AT2G29570.1	8	9	184257364.75	12093409.45	425804378	262604009.71	23908389.308	66540561.12	0	0	294466046	192071654.01	0	0
AT2G29630.1	9	13	458595270.33	109590464.93	486112644	485471036.24	113085315.76	55634182.48	286770365.3	0	378895507	126799906.78	0	0
AT2G29650.1	2	3	45898519.26	57564544.2	35234063	9277046.552	10658881.75	0	0	57564544.2	24655162	0	0	0
AT2G29690.1	9	15	226347797.866	77982444.184	339670660	252836144.19	55983734.76	53698615.63	142283295.52	35442002.13	183311752	153967264.67	0	0
AT2G29700.1	3	6	0	67311402.25	87397758	89421792.59	85708883.24	95081016.13	0	0	87397758	66041254.08	85708883.24	78690461.11
AT2G29720.1	16	34	163565152.718	275607465.558	157314569	464070401.21	2943023817.04	2313837152.6	34449478.54	237141847.23	101323728	66584584.48	2819420759.34	1815982155.55
AT2G29960.1	4	8	0	0	363838924	461026400.85	339085832.13	350635984.11	0	0	194195888	461026400.85	318778522.31	350635984.11
AT2G29970.1	1	2	0	0	200285456	263652169.2	41118928.8	45133285.84	0	0	200285456	263652169.2	0	0
AT2G29990.1	6	12	2779464.81	82816309.803	140693055	186321823.01	1252033187.49	1032727758.2	0	0	0	0	1105170699.49	1032727758.2
AT2G30000.1	1	1	2531534.767	4633202.135	10338933	2476107.043	16979362.53	15434764.73	0	0	0	0	16979362.53	0
AT2G30050.1	4	5	0	0	101991109	82253795.889	27435682.61	38921112.45	0	0	101991109	26093814.97	10368074.89	0
AT2G30060.1	5	7	0	0	366198588	287200950.69	0	0	0	0	297319500	236947891.2	0	0
AT2G30110.1	12	20	24999738.162	27054821.12	1137508738.5	984842012.14	64359648.22	75701819.94	0	0	829421702.5	700084702.93	16649150.15	0
AT2G30140.1	4	4	0	0	221497236	83636919.62	21134451.8	16536751.11	0	0	221497236	0	0	0
AT2G30170.1	9	18	525270725.58	180649137.712	747185233	877508073.28	52217721.143	22623493.25	394067689.07	0	571496640	621714048.9	0	0
AT2G30200.1	11	33	1450087863.168	216852392.248	974267327	627309116.59	553236562.72	608359340.28	1403325967.098	127093230.7	928340692	517753826.08	540152297.73	257970150.9
AT2G30330.1	1	1	0	0	14015313	0	10011587.9	9245608.095	0	0	14015313	0	0	0
AT2G30390.1	6	12	322528172.65	363372210.14	199509420	200400466.246	16298016.22	0	112324714.63	363372210.14	92334000	190729819.3	0	0
AT2G30410.1	2	4	17880864.14	38392044.07	206900440	251486298.99	0	0	0	0	206900440	251486298.99	0	0
AT2G30490.1	7	13	4714870.237	0	325574234	414645896.58	29023354.76	54552700.47	0	0	325574234	325809141.67	0	30714954.87
AT2G30520.1	2	2	6240074.401	0	109277004	40929313.17	0	0	0	0	109277004	0	0	0
AT2G30620.1	26	71	85777865.716	715784359.4581	465459086	403746054.35	14357419174.37	13291768852.96	49921819.02	380695890.63	420177040	293344466.85	14111797809.2	12396932560.53
AT2G30695.1	7	19	1183395856.17	267028787.67	967539108	1130202138.34	210031536.155	206629285.44	1004771937.57	168831194.39	622015648	890158013.39	0	0
AT2G30720.1	10	12	26065671.55	41525218.094	93392132	164629172.667	1400560817.2	1339147551.29	0	0	0	0	832749822.59	921372560.46
AT2G30740.1	2	2	0	0	55023500	36016103.43	28049314.63	25648803.28	0	0	55023500	0	0	0
AT2G30860.1	11	51	1446090091.916	1021623845.788	19248715814	22566620987.714	2966119963.67	2775626673.9	1426731546.38	609126333.91	19248715814	22557359296.6	1932217751.27	1887077129.6
AT2G30870.1	9	23	147517356.91	205891178.54	6546802415	8758792056.2	502828713.54	330126224.05	75570211.75	31488170.93	6537525098	8758792056.2	21858177.77	197482781.3
AT2G30880.1	1	1	2722120.053	0	15755798	0	13226076.45	57788905.31	0	0	15755798	0	0	0
AT2G30920.1	2	3	0	8325618.209	12927197	20257266.91	188584574.02	249783290.17	0	0	0	0	0	249783290.17
AT2G30930.1	10	32	204896280.4322	238159193.686	2275528688	1632073619.71	1098372147.15	1471761111.77	25237464.15	46544526.61	1901231288	1169992052.65	725493830.5	1147319648.02
AT2G30950.1	23	103	16528492072.35	24288895493.14	7177142734	7012686554.329	899379663.15	823277063.7	15380708092.73	24288895493.14	6616321840	5497365064.47	550516921.83	682226645.59
AT2G30970.1	41	136	626490860.232	619569790.918	3636755015	4264440039.869	53656330475.45	41423278546.58	0	0	2107634181	3664138571.57	45272066843.15	31814154971.52
AT2G31040.1	8	13	273494703.411	263930948.12	72844775.5	72229086.49	493603646.461	169401726	266601851.32	259674904.503	0	0	0	0
AT2G31060.1	8	13	31867519.214	0	31467072	68096098.224	876753051.16	1229053674.92	0	0	0	0	712079833.56	1171955270.56
AT2G31140.1	4	8	13705089.59	33558957.45	61712640	55030035.1	700668834.25	950195867.47	0	0	35672420	0	646513911.04	950195867.47
AT2G31170.1	14	21	181898777.922	18690204.403	340241448	423758057.35	1177522681.22	916760550.944	90022995.62	0	24754326	146735600.68	1177522681.22	162970756.18
AT2G31190.1	1	1	22657458.43	12277300.67	0	11940264.85	12140869.85	17920294.51	22657458.43	0	0	0	0	0
AT2G31240.1	4	5	0	39635429.3	21185114	51940108.066	98285618.3	126793353.4	0	39635429.3	0	0	98285618.3	55543769.03
AT2G31340.1	8	11	19642519.36	0	35195430.5	27670374.6	523712700.83	530030078.64	0	0	0	0	523712700.83	303886266.07
AT2G31350.1	1	2	4495880.664	0	37287472	34375461.53	31337739.76	38863538.12	0	0	0	0	31337739.76	38863538.12
AT2G31390.1	7	12	6241651.855	0	580655476	536020448.58	91756711.05	150166861.78	0	0	580655476	319454567.1	0	0
AT2G31490.1	8	18	5284786.749	0	681909324	510541601.068	6461783381.62	6310934757.01	0	0	0	0	6461783381.62	6155011128.71
AT2G31570.1	9	16	697903944.182	22632762.758	679784055.5	1082079273.76	1649758208.03	1322601193.39	0	0	547177024	870421661	1259886805.83	565795951.8
AT2G31610.1	3	7	12701543.28	12893518.61	897385452	914208464.32	78768555.14	95120911.39	0	12893518.61	853586784	914208464.32	78768555.14	0
AT2G31660.1	1	1	26071783.75	0	90468872	27472725.14	29891796.87	46698777.94	0	0	90468872	0	0	0
AT2G31670.1	15	39	892699379.13	271732668.052	1896742654	1638686902.54	1372976539.34	1113430261.86	766918164.16	245636175.83	1588913252	1023148208.01	1196379176.86	488014909.6
AT2G31710.1	1	1	0	0	17813998	0	0	0	0	0	17813998	0	0	0
AT2G31725.1	6	13	0	5332620.717	37319161	42932256.22	1237844769.85	1037921330.66	0	0	0	0	1237844769.85	1020882979.43
AT2G31750.1	1	1	0	0	0	35773190.75	0	0	0	0	0	35773190.75	0	0
AT2G31790.1	2	4	0	0	162803512	147946601.68	4975230.849	43789856.568	0	0	162803512	147946601.68	0	0
AT2G31810.1	14	20	627065919.21	214617300.297	508945131	152023698.58	129917974.521	105690988.954	474171435.17	164141083.22	120361234	0	0	0
AT2G31880.1	3	7	0	0	128964634	0	92822263	52344255.52	0	0	128964634	0	92822263	0
AT2G31955.1	3	4	24543138.57	12178424.76	11115538	0	258057077.71	359854249.66	0	0	0	0	89364941.2	359854249.66
AT2G32060.1	2	3	0	0	355290125	301816472.8	19438111.9	681245.7281	0	0	351828128	301816472.8	19438111.9	0
AT2G32080.1	7	11	32621469.904	20354440.2	659151644	603794692.58	88344129.34	106068058.27	0	0	421694510	561246154.27	0	0
AT2G32090.1	4	7	0	36492747.16	330963064	366897721.05	23382522.6	37149263.48	0	0	330963064	333166792.81	0	0
AT2G32180.1	2	2	77229803.57	45451186.76	17121988	35878374.74	18772443.68	0	57135132.01	14959452.49	0	0	0	0
AT2G32240.1	43	65	361217809.153	125004714.941	4041470591	2645148320.65	609091027.56	916298521.445	0	0	2857175811	1731515231.11	28692056.46	106581383.97
AT2G32260.1	2	2	12341770.77	8991927.444	68670112	50863781.19	26671602.203	71870013.96	0	0	0	50863781.19	0	0
AT2G32290.1	3	4	105445805.17	113741132.46	63650809	179692254.95	0	0	55183286.53	102508418.35	0	0	0	0
AT2G32480.1	3	4	261973047.17	260321886.1	21050164	51165973.67	0	0	106801250.07	220354949.92	0	0	0	0
AT2G32520.1	6	12	11517025.952	23507126.38	667338086	876940700.4	1244711281.8	1169677505.8	0	0	667338086	852092133.93	88465433.5	569458473.4
AT2G32640.1	5	8	236854669.93	226292626.15	436922860	399384197.484	61660850.46	53147170.57	137153635.28	226292626.15	0	0	0	0
AT2G32680.1	1	1	10864035.2	4491598.115	94884752	132449870.5	0	0	0	0	94884752	0	0	0
AT2G32720.1	1	1	0	0	51600164	63994615.34	0	0	0	0	0	63994615.34	0	0
AT2G32730.1	14	24	0	21263053.13	1277617202	1361950914.69	63788140.943	41111154.32	0	0	1191291914	939246750.11	0	0
AT2G32810.1	9	12	246240697.182	125925834.225	706937086	831278375.7	92167991.69	135917632.12	0	0	706937086	644931304.59	0	0
AT2G32880.1	1	1	0	0	125862440	79291796.66	26110765.37	42788689.36	0	0	125862440	0	0	0
AT2G32920.1	6	9	16084414.89	0	552339656	417260860.44	91562150.917	78440096.284	0	0	435432184	320360026.91	41239046.36	29212556.21
AT2G33040.1	27	134	8292248915.533	3586965661.672	40314465787	58288692269.85	50960390428.97	50042069534.06	1404987.456	21578466.362	3459738428	5104975780.61	50960390428.97	46198477448.84
AT2G33120.1	5	11	0	11165609.351	413996756	200531656.33	342001773.56	311670988.52	0	0	375480952	157557727.19	219214081.08	212314172.24
AT2G33150.1	30	91	287476749.351	734892909.529	4503142446	3067508878.057	13298322445.68	13119950282.98	83427361.865	289378065.45	4449867086	2575690788.22	12786675046.06	8389550647.83
AT2G33210.1	38	108	306551672.41	534568682.21	1539869190.1563	1654572875	21131426690.22	19089910916.831	0	1618537.296	581179902	964881392.11	19845032906.98	15805826725.98
AT2G33220.1	4	9	74057064.14	34384385.19	290664240	321811258.59	3532856938.5	4713612476	0	0	181471920	280285310.1	3332878958.9	3423649222
AT2G33255.1	4	8	21509314.298	0	94439164	112494940.499	396799856.75	403447954.6	0	0	0	46357704.2	396799856.75	334849813.21
AT2G33330.1	1	2	0	4062809.318	29550240	31008237.95	0	0	0	4062809.318	29550240	0	0	0
AT2G33340.1	6	7	10560131.66	12780899.73	203297042	295014258.61	22628303.305	0	0	0	177237110	273169991.83	0	0
AT2G33380.1	3	7	0	36440324.33	177635280	355372426.7	37820809.53	100321129.88	0	0	177635280	355372426.7	0	0
AT2G33450.1	5	17	2893847689	501293809.25	1232512899	901021667.963	234442701.37	423380449.92	2893847689	501293809.25	1173598096	568649289.8	76451786.75	0
AT2G33470.1	3	5	12762674.5	26940213.44	215034096	283762643.55	39563434.27	79245745.91	0	0	215034096	73818337.82	0	79245745.91
AT2G33530.1	3	4	0	18708401	164765672	188327428.74	151543552.28	76946607.06	0	0	164765672	152363075.57	0	0
AT2G33585.1	4	8	0	0	11368773	9180516.226	576730251.87	517625050.29	0	0	0	0	576730251.87	269835038.59
AT2G33590.1	1	1	14992303.01	15294595.05	111123904	70021011.67	464977093.3	736537928.9	0	0	0	70021011.67	0	0
AT2G33600.1	8	15	0	4669809.427	30163653.5	59835974.199	991953836.12	650283619.01	0	0	18574480	0	864211690.92	650283619.01
AT2G33610.1	2	2	0	0	0	0	37274803.86	0	0	0	0	0	37274803.86	0
AT2G33740.1	1	2	18842368.91	0	54086164	61957884.32	59078136.98	47108239.48	0	0	54086164	61957884.32	0	0
AT2G33800.1	18	75	11132085520.9	2356393697.385	7084859868	5769435486.53	768277387.35	792473733.41	10490174493.7	1751965085.74	5929719000	4854744233.28	390759482.34	260809628.4
AT2G33820.1	2	2	7219167.308	11050138.89	0	0	133433372.56	139119092.96	0	0	0	0	94423480.31	26253853.96
AT2G33830.1	6	18	39939448.42	40299811.95	510663600	440706395.9	433765902.42	443653342.464	0	22175213.72	452638884	342598611.21	187343923.52	305149916.444
AT2G33845.1	3	4	0	0	181879446	79844510.82	61794814.59	45331146.88	0	0	143935834	0	27141884.4	0
AT2G34040.1	13	24	51056684.31	21275722.572	651084582	1109138188	671748297.74	652369158.419	0	0	342120130	769020170.32	466088164.13	358106143.14
AT2G34160.1	2	3	27460621.09	0	113450864	133556763.36	26499369.44	0	0	0	113450864	0	26499369.44	0
AT2G34310.1	1	2	0	0	185487056	143584549.3	6263602.62	0	0	0	185487056	0	6263602.62	0
AT2G34420.1	1	3	16228957.01	25996417.12	49696932	8132515.104	9013964.996	0	16228957.01	25996417.12	0	0	0	0
AT2G34430.1	4	30	11892729795.12	16752207198.95	10994698697	5083562987.523	1049209019.21	599304735.1	11878291349.11	16724664893.9	10912773559	5066071056	1000609139	599304735.1
AT2G34460.1	16	51	4886891263.7838	7202461212.337	2826952873.625	3943427024.572	1449097561.96	1338066414.754	4390834983.31	6422239968.7	2668456140	3086093184.846	384800377.75	758697041.01
AT2G34470.1	4	6	8635946.378	6998642.404	247840508	367843979.79	146309132.695	129797251.14	0	0	247840508	80974654.74	0	37686063.65
AT2G34480.1	11	26	38433866.111	70484870.86	1700177726	1420308526.47	735380352.36	783323830.67	17253366.16	13917969.29	1373873942	1360506769.17	423824705.34	524346867.82
AT2G34510.1	3	4	4279073.967	4879961.988	202641334	95513044.756	25497957.33	11699585.33	0	0	139086222	32893065.89	0	0
AT2G34520.1	2	2	0	0	0	0	49960483.225	0	0	0	0	0	49960483.225	0
AT2G34585.1	1	3	0	0	29592500	12322961.18	7296739.886	5389976.881	0	0	29592500	12322961.18	0	5389976.881
AT2G34630.1	6	10	6988861.264	19767066.71	193755200	307908836.7	2383487293.06	2553722844.492	0	0	0	0	2201803516.02	2449840595.38
AT2G34640.1	9	15	394346853.12	297839549.37	160871234	133365805.983	21232444.011	52256117.281	356043287.79	204152567.47	33674319	0	0	0
AT2G34810.1	10	19	131661548.512	348825029.76	551753052	515955001.24	25049766.06	193163520.8	0	219871409.68	443057900	389639974.96	0	0
AT2G35010.1	13	30	77379271.088	66556786.891	1404153408	1066427360.6	7624550243.29	7005924925.95	0	0	408608676	568669448.72	7347684837.3	6314953528.46
AT2G35020.1	1	1	0	0	29111050	0	26812826.75	0	0	0	29111050	0	0	0
AT2G35040.1	12	32	1855379955.09	630522816.73	1784308826	1375064188.071	95737428.22	50819150.503	1458751511.72	393738488.08	1581810824	989064423.59	0	0
AT2G35050.1	4	5	5368658.489	2273186.188	80364977	50189820.04	0	0	0	0	80364977	16209197.91	0	0
AT2G35100.1	1	1	0	0	0	0	42254980.55	34265093.98	0	0	0	0	0	34265093.98
AT2G35120.1	2	16	24355928.5	4678991.716	471021634	843980751.603	1184991572.8	1330814484.1	0	0	471021634	838629660.1	1184991572.8	1330814484.1
AT2G35240.1	1	3	0	0	10933784	0	143470167.6	157186921.7	0	0	10933784	0	143470167.6	157186921.7
AT2G35370.1	11	132	393523443.63	236410827.03	4598244632.2	7149159467.94	83527293530.05	83267807514.53	378322156.73	172126515.01	4544752582.2	7111625413.66	83472326919.9	83242028212.8
AT2G35390.1	2	2	80515362.85	30015333.395	14983636	10843274.38	17817127.79	100486949	35532438.52	20644724.95	0	0	0	0
AT2G35410.1	13	46	5240631214.87	1371501757.67	3236866514	3774354033.06	595092229.3	974899639.048	4723618387.51	912932450.47	3005802914	2375883212.3	30528219.54	0
AT2G35450.1	5	13	200864279.06	50411013.501	278577100	355794347.96	51392176.155	28471361.47	172138523.57	0	278577100	283136985.18	0	0
AT2G35490.1	13	47	8916592141.26	16162469725.63	6440393395	8070362850.86	337567636.924	301197796.4	8892459076.73	13510228529.73	5851523474	5508628472.16	228159517.34	0
AT2G35500.1	3	4	141521399.95	31394556.002	171624708	49623643.29	0	0	141521399.95	0	62566868	0	0	0
AT2G35605.1	9	17	5647298.726	1540627916.261	22315584	87801255.98	3308793107.7	3740563846.53	0	0	0	0	3008640545.1	3572444504.4
AT2G35660.1	6	11	180361868.16	354548586.87	104767867	191226461.77	40131563.373	0	138137841.65	354548586.87	0	77694977.13	0	0
AT2G35690.1	2	5	0	3797135.642	129135584	90927639.04	126200576.24	61605274.14	0	0	0	27504552.62	0	26633493.09
AT2G35720.1	16	26	315222917.916	104216639.011	255413804	521046591.55	1882194395.75	2555788461.94	0	0	0	0	1666617193.35	1710844043.1
AT2G35736.1	3	4	0	4079904.033	0	14617161.53	294268337.05	220696418.21	0	0	0	0	294268337.05	74051312.82
AT2G35780.1	3	5	0	0	249902340	144544280.26	41541651.618	61698391.38	0	0	249902340	37281304.76	0	0
AT2G35790.1	6	11	0	0	10497585	33951251.18	1652155380.9	1708493083.7	0	0	0	0	962153628.8	1708493083.7
AT2G35795.1	4	6	19325130.975	4982167.217	16130926.5	115543214.49	139005282.165	147502841.89	0	0	0	0	133466630.35	147502841.89
AT2G35800.1	3	4	130350120.12	22850244.86	64040402	69375128.8	16787877.23	20572004.62	130350120.12	0	0	0	0	0
AT2G35810.1	1	2	0	0	66270668	0	0	0	0	0	66270668	0	0	0
AT2G35820.1	1	2	0	0	63881564	60317959.62	0	0	0	0	63881564	60317959.62	0	0
AT2G35830.1	1	1	0	0	76084392	87727972.47	0	0	0	0	76084392	0	0	0
AT2G35840.1	10	16	113433420.539	85222871.07	1039188316	1456854519.2	67334640.261	35931813.86	0	0	895876460	1170278688.96	0	0
AT2G35860.1	2	2	0	15856248.19	41279700	58280283.78	108006006.8	172192839.8	0	0	41279700	24151138.42	0	0
AT2G35880.1	3	3	0	0	76261526	39822974.38	32712262.014	58025014.69	0	0	17995216	22598867.05	9152716.294	0
AT2G35900.1	5	5	12306260.31	10923708.918	39885184	0	327597035.03	318067477.38	0	0	0	0	327597035.03	0
AT2G35940.1	2	3	15732553.69	6459031.837	79938398	94336539.82	72689027.03	76577859.66	0	0	0	34676542.78	72689027.03	0
AT2G36020.1	1	2	0	0	0	8500829.272	74135987.01	156623774.4	0	0	0	0	74135987.01	156623774.4
AT2G36070.1	25	55	2954049.521	16355363.59	301747860.5	201649405.995	3940023723.43	3880586580.216	0	0	23906978	0	3010364824.23	3566273269.65
AT2G36130.1	5	7	87467307.49	24293760	473593952	610908322.49	99134873.52	116427844.3	0	0	181112512	471502152.99	0	0
AT2G36145.1	5	10	185965045.48	62653005.1	671352047	899598139.79	30862173.97	36245277.11	69582587.27	43662930.39	531922856	465693897.9	0	0
AT2G36160.1	1	4	0	13449059.81	700150976	631837649.1	174614633.9	92080509.58	0	0	700150976	631837649.1	174614633.9	92080509.58
AT2G36230.1	4	7	165801103.25	63034270.68	271930172	332255387.1	142600157.84	294948464	91394321.11	41087734.05	194486996	0	0	0
AT2G36250.1	9	24	742245717.11	185741772.52	552220650	636204296.76	82340707.08	49932542.8	554154002.26	9118392.535	470502956	636204296.76	0	0
AT2G36325.1	1	1	5887390.327	0	0	111426994.1	0	0	0	0	0	111426994.1	0	0
AT2G36340.1	1	1	0	12975569.35	0	388525158.6	76068441.43	0	0	0	0	0	76068441.43	0
AT2G36390.1	23	52	1119819532.24	288237674.189	1229198344	2413541422.21	186992365.16	155630699.36	778103981.02	51571568.56	746522949	2183819022.5	0	0
AT2G36430.1	1	1	0	0	20420780	19514960.01	19308051.68	23258067.6	0	0	20420780	0	0	0
AT2G36460.1	14	36	76383765.408	82805757.366	4804025782.5	7257803316.92	644206812.533	823055729.06	30628002.91	0	4765773154.5	5522984806.5	524045146.16	485409401.12
AT2G36500.1	1	1	0	0	0	0	21515941.4	0	0	0	0	0	21515941.4	0
AT2G36530.1	25	89	716251972.6885	525633369.707	16996353291	15930660967.44	2364509942.25	3380978169.68	382714015.15	189852696.608	16028051981	13921129413.88	1611896660.54	1353952113.99
AT2G36580.1	1	1	0	0	97247856	67699851.81	60331119.94	52290822.17	0	0	0	67699851.81	0	0
AT2G36830.1	2	18	72958094.1701	33863254.29	4469247676.5	1534684621.74	108370088.701	81763784.003	72720655.51	33863254.29	4469247676.5	1534684621.74	102191768.6	72211730.11
AT2G36835.1	7	19	335041695.951	267398419.04	350576621	352709251.34	229793620.93	160971966.85	326968298.4	177203670.83	204114835	323260063.82	169489854.49	0
AT2G36850.1	1	1	82599033.92	38697596.81	70440288	36464967.08	0	0	0	0	70440288	0	0	0
AT2G36870.1	2	3	0	0	125212130	66531391.77	0	0	0	0	125212130	61542885.94	0	0
AT2G36880.1	8	17	16183244.025	8336250.623	2229617808	2020477719.27	1376743827.64	1182735116.99	0	0	1829049296	1935411223.62	247463266.3	254109594.35
AT2G36885.1	1	2	217266955.2	215505032.2	111385304	195578332.7	0	0	217266955.2	215505032.2	0	0	0	0
AT2G36970.1	1	1	0	0	0	16190255.39	0	0	0	0	0	16190255.39	0	0
AT2G37020.1	2	4	28376579.96	0	68121884	85588522.56	52382311.15	23622216.31	17569354.48	0	45788148	59402285.07	52382311.15	0
AT2G37040.1	1	1	146628313.6	204124978.3	103738056	111359525.5	0	0	0	0	0	111359525.5	0	0
AT2G37130.1	3	3	0	0	247689436	33257409.13	9872285.364	15931887.66	0	0	247689436	0	0	0
AT2G37170.1	4	7	157068960	6426879.437	1052543280	519531768.23	365731278.89	311682416.22	0	0	1043929680	147128861.8	74180524.46	279062797.93
AT2G37190.1	1	2	0	0	150775473	128548442.6	17448021.6	0	0	0	0	128548442.6	17448021.6	0
AT2G37220.1	7	32	9920156749.5	1922140409.82	6119415422	7036397248.01	167642541.14	156270387.98	8480220353.3	1053806221.53	6119415422	7005506949.1	84958203.97	124028198.52
AT2G37230.1	23	38	106464112.03	94353875.09	288726000	191227480.668	3626817602.06	4021770825.87	0	0	13592860	0	2808678562.25	2981580383.47
AT2G37240.1	4	9	159777376.23	90809215.172	230298248	370368178.92	13875100.48	13757961.18	123788410.6	46096802.42	102839404	286763924.23	0	0
AT2G37400.1	4	7	159969759.3	64079091.66	79320024	70255326.51	4659769.964	0	94257537.69	45684340.74	35125760	25016999.59	0	0
AT2G37410.1	5	13	17490986.1	6464114.678	20075597	22150168.75	497662353.806	458593309.25	0	0	0	0	497662353.806	341908976.85
AT2G37470.1	3	8	157312782.98	807095806.71	136079108	72604826.61	944074960.7	1592693832.3	0	37557327.41	0	0	775811104.6	1466032774.9
AT2G37500.1	7	17	566133658.12	263456599.5	659386400	527560040.35	191253242.319	218609403.34	521435934.48	121024361.95	180281476	527560040.35	0	0
AT2G37550.1	2	4	0	18303361.32	146988716	216736550	27418270.5	67894146.045	0	0	146988716	216736550	0	0
AT2G37620.1	5	12	63750548.99	119424832.5	831877960	489306133.64	162349214.95	166047829.29	0	0	831877960	489306133.64	133950327.7	156023225
AT2G37640.1	1	1	0	8759958.271	74568136	53622262.89	11233336.39	0	0	0	0	53622262.89	0	0
AT2G37660.1	14	60	10417862623.507	3631715441.17	10990836980	10375752739.76	339472354.899	389319676.653	10412027516.54	3331391446.12	10805934842	10312325015.15	72107014.37	67545019.64
AT2G37690.1	7	14	314754061.85	213419212.918	358104325	299884534.42	0	404545565.3	207904677.1	186361256.29	63679608	176048017.22	0	0
AT2G37710.1	8	12	0	58877171.52	395727120	222143334.76	187608820.92	161334577.7	0	0	185986336	145336301.77	157213324.12	39757145.4
AT2G37790.1	2	3	0	0	56435128	104458004.47	0	0	0	0	56435128	104458004.47	0	0
AT2G37860.1	2	6	90021613.1	30516828.58	136546204	103349267.12	152390209.99	576961512.3	90021613.1	30516828.58	136546204	31680961.17	0	0
AT2G37970.1	10	23	29028253.243	82347809.081	588559252	528259497.74	1032262017.28	1068337145.07	0	52079870.48	339213746	415731662.01	1014535894.05	745334812.7
AT2G38000.1	3	3	13315539.62	25283815.6	101090214	56940690.91	19182714.89	25284645.41	0	0	101090214	0	0	0
AT2G38010.1	6	7	5929239.981	10255261.098	244684521	311257874.72	18985844.67	29645251.7	0	0	176909682	170560409.73	0	0
AT2G38020.1	1	1	0	18993833.94	41857264	9789961.34	2144211170	3133099485	0	0	41857264	0	0	0
AT2G38040.1	43	118	6523705024.96	2192967184.178	3977038846	2881477095.846	1009209708.967	3795751504.34	6449654850.5	1913314933.04	2613068206	1703639671.62	185563429.7	76281404.74
AT2G38140.1	5	17	1338748114.383	391271625.89	1480807697	1080564566.45	212781694.027	386346558.185	1134923975.993	342032205.66	1172913073	750543836.85	0	0
AT2G38230.1	8	15	21071368.72	18552473.028	1621007832	1482298621.63	192957340.035	167658497.75	0	0	1155299672	1256729224.75	28026801.19	44630425.78
AT2G38270.1	10	34	1908008394.29	420168236.49	1072020851	1221670064.97	579899913.6	302470274.63	1738029465.59	360026424.22	801150056	833755765.57	0	0
AT2G38280.1	2	2	4508991.655	14301684.05	23567284	30220479.94	73925836.09	43701135.796	0	0	0	13589469.16	73925836.09	0
AT2G38290.1	1	1	0	0	264845040	0	0	0	0	0	264845040	0	0	0
AT2G38380.1	1	1	0	0	0	0	51830048.76	29230431.68	0	0	0	0	51830048.76	0
AT2G38400.1	3	4	2877821.281	16150380.616	6884460.5	14385332.206	114228849.04	60181366.11	0	0	0	0	114228849.04	27878792.83
AT2G38480.1	1	1	0	0	9637217	0	0	0	0	0	9637217	0	0	0
AT2G38530.1	2	6	59224640.992	50059536.62	1196202240	24967106.76	36499837.63	74602263.57	56311709.24	50059536.62	1196202240	0	36499837.63	74602263.57
AT2G38540.1	7	20	2129091667.3	1893441778.42	11473263995	6788302760.25	4392660867.58	4321614538.4	1877060588.1	1827238199.5	4573832408	4652708118.4	4392660867.58	1952280798.4
AT2G38550.1	10	32	962456994.83	748236506.011	695359187	939022340.91	123391653.94	58347210.13	816971461.66	609153481.44	574072932	751046893.35	42045342	0
AT2G38660.1	9	12	25823248.67	13271514.96	73316911	46399398.59	1492221909.9	998028263.34	0	0	0	0	1083683630.2	762621568.07
AT2G38670.1	17	36	28995554.358	3359134.3144	182682647	290327130.88	5030081106.94	4581717295.54	0	0	96793910	138076505.82	4701507123.24	3743852595.7
AT2G38700.1	5	6	20907484.38	19925158.439	224776584	221526100.27	0	13625749.664	0	0	110511452	160373776.27	0	0
AT2G38740.1	2	3	0	0	85433042	115867167.85	10509484.87	28486269.36	0	0	85433042	83306843.2	0	0
AT2G38750.1	6	7	0	0	483045988	186585541	123554389.494	169498940.99	0	0	438386612	0	15681486.53	124577835.7
AT2G38770.1	2	2	0	0	74300100	38812232.9	0	0	0	0	21608636	17784634.49	0	0
AT2G38780.1	1	1	10763619.84	0	0	9687390.622	0	0	10763619.84	0	0	0	0	0
AT2G38790.1	1	1	0	0	9629523	7903001.661	0	0	0	0	9629523	0	0	0
AT2G38810.1	1	4	0	0	0	0	222435924.4	59408589.3	0	0	0	0	222435924.4	0
AT2G38860.1	3	5	10926740.44	0	199470940	247603621.39	129953833.01	80915354.321	0	0	199470940	192951695.97	0	0
AT2G39010.1	7	14	0	0	2155910490	800113568.53	423067915.29	383232047.15	0	0	1717951354	346563575.92	152646412.5	202911905.73
AT2G39020.1	3	4	6830586.706	32105807.26	292655800	207378188.99	65071525.45	0	0	0	231403904	207378188.99	0	0
AT2G39050.1	3	3	23522568.72	8386368.575	86834984	106617982.69	65906658.79	74175941.824	0	0	50172356	106617982.69	0	0
AT2G39080.1	6	11	286629049.02	104473442.678	715899558	542734238.62	95815472.01	874058207.2	228428535.25	68864760.42	545724214	242776065.89	0	0
AT2G39190.1	4	4	56625621.51	78451497.1	14102423	15015930.5	15935067.33	0	10074821.25	60279350.27	0	0	0	0
AT2G39270.1	5	8	70381057.642	84040842.578	29913114	55734017.285	585446097.93	601657395.56	0	0	0	0	396253054.43	413404883.36
AT2G39290.1	2	3	67361504.09	41455521.55	70081992	60618921.7	20157730.04	92780316.09	43478767.64	17246981.66	0	0	0	0
AT2G39330.1	5	10	163218646.85	90449034.15	117873445	134417851.021	195791571.16	140178815.66	126780866.28	75520011.01	0	0	98123433.35	140178815.66
AT2G39380.1	1	1	47102931.4	62082472.64	29643416	29675750.56	0	0	0	62082472.64	0	0	0	0
AT2G39390.1	1	2	0	5088665.271	230283376	190134532.5	0	0	0	0	230283376	190134532.5	0	0
AT2G39460.1	12	33	192015515.58	342357482.965	5238336476	4846770742.27	1068699290.37	1000224580.144	93967978.87	283794983.01	3696195548	3914414190.3	1004068124.15	632867800.71
AT2G39470.1	15	47	2771046211.02	4289039449.103	2083181714	2408556161.41	191872244.64	107809265.11	2712692342.75	3108218100.3	1728721596	1822379791.31	65790531.81	0
AT2G39500.1	1	2	0	0	12840156	13415460.54	259373344	298526333.4	0	0	0	0	259373344	298526333.4
AT2G39725.1	1	1	0	17534144.44	0	0	71067756.14	97841678.42	0	0	0	0	71067756.14	0
AT2G39730.1	57	656	237811374195.571	27233221790.5745	203975819139.5	185194312881.882	36696643801.273	35169174145.509	220250052954.981	26562188597.6695	188623872276.5	184326619574.57	32245116908.8	32726122777.897
AT2G39770.1	5	6	0	8106065.861	615285732	426132255.81	118454678.99	109724956.724	0	0	469820324	180694049.64	0	0
AT2G39780.1	2	3	0	0	198175188	191968007.42	11899392.07	52290296.22	0	0	58920724	191968007.42	0	0
AT2G39795.1	4	9	27778324.59	31053719.16	39616230	30537274.15	988053789.5	1024300740.3	0	0	21013746	0	988053789.5	1024300740.3
AT2G39800.1	13	29	72317377.681	24576953.441	2090409823	1428454950.203	588388324.16	561474416.927	18864092.38	0	1716091751	1056757690.63	314857533.82	357693228.03
AT2G39850.1	12	23	5368068.327	4163687.981	699454073.5	1168964030.73	510253991.82	526797755.12	0	0	388433610	1055306025.32	165019410.16	216435996.99
AT2G39910.1	1	1	0	0	0	0	138340152.4	0	0	0	0	0	138340152.4	0
AT2G39930.1	5	9	211228549.64	61464661.97	108056314	247539941.237	37563646.01	124981734.8	110118538.12	44040033.05	52348904	139902289.08	0	0
AT2G39940.1	1	2	0	0	0	29434972.31	0	0	0	0	0	29434972.31	0	0
AT2G39960.1	5	19	0	0	371635044	328456484.84	293632580.91	243340535.636	0	0	318377640	222614446.73	204599724.4	217815417.66
AT2G39990.1	8	13	94910474.83	131960864.919	1035764240	862519981.53	212037667.162	161569737.55	0	0	576492592	780736425.26	83268632.51	43822131.45
AT2G40010.1	1	1	0	0	5018202.5	48073184.27	158410515.4	139145168.9	0	0	0	0	158410515.4	0
AT2G40060.1	5	7	10911355.78	16429693.587	483295388	394923039	200779308.42	140105143.41	0	0	446031072	206345656.58	17152883.23	74039995.01
AT2G40090.1	6	9	14045711.38	0	129009952	159326031.2	669897420.04	875682535.18	0	0	0	0	494744135.84	703067864.08
AT2G40100.1	7	26	2103955022.826	2698605014.0143	659983970.25	3277338820.48	2000607103.07	2178832288.888	1289649409.426	2697820063.57	219668140.25	3277338820.48	62714544.75	105080981.688
AT2G40140.1	1	5	0	0	0	0	1508909924	2600905377	0	0	0	0	1508909924	2600905377
AT2G40290.1	5	7	0	0	474097742	347750619.52	55911667.29	773876543.07	0	0	474097742	167101998.4	0	0
AT2G40300.1	8	19	1244411738.08	355692457.23	582445615	518504502.11	284442423.2	405964208.85	1218452227.87	313643268.93	332875976	327809718.4	0	0
AT2G40380.1	3	6	0	0	86892632	118543789.67	313066629.6	458160550.6	0	0	86892632	0	290588394.22	248650537.7
AT2G40490.1	18	55	6241641811.69	1198265123.64	3412514040	1933225785.72	536522467.27	477730188.07	6093317773.29	933631871.24	3313280328	1337668494.88	0	0
AT2G40510.1	3	12	49893613.3	38614148.83	1610163244	1439071947.1	315464895.8	499319163.2	0	11037810.92	1610163244	1313852733.5	315464895.8	499319163.2
AT2G40600.1	5	15	0	0	334391848	368095715.245	1420190674.4	1563977811.22	0	0	121234224	366725186.58	1420190674.4	1328027035.72
AT2G40660.1	8	12	5190452.691	3618560	720820720	704115087.74	50707726.983	126017457.12	0	0	394964036	543787180.23	6950533.322	0
AT2G40690.1	3	5	30918782.48	86600373.59	58070106	25192858.11	47897543.53	0	0	86600373.59	58070106	0	0	0
AT2G40730.1	1	1	0	0	16191289	11023498.39	12181960.95	25534352.81	0	0	16191289	0	0	0
AT2G40765.1	3	17	0	1866753.304	400182032	531930544.6	13925968046.8	10188191163.5	0	0	400182032	387664025.8	13925968046.8	10188191163.5
AT2G40800.1	2	4	0	0	0	0	583542524.5	577294269.2	0	0	0	0	583542524.5	577294269.2
AT2G40840.1	30	56	763030257.63	682347970.936	2670139745	7607588343.86	791335143.023	1308851987.664	0	0	1938864379	7325370219.76	0	0
AT2G40880.1	2	3	0	8026625.094	146594040	115048240.5	38107733.514	46404939.43	0	0	146594040	93234663.13	0	0
AT2G40890.1	1	1	0	0	21647916	33826730.63	0	0	0	0	21647916	0	0	0
AT2G40940.1	1	1	0	0	23648476	27594525.05	406575440.3	173319081.3	0	0	0	0	406575440.3	0
AT2G41040.1	6	9	288607320.18	404464683.48	105156849	174868560.26	30605478.21	0	240111631.27	366293315.65	0	35451684.25	0	0
AT2G41090.1	4	5	0	115789939.05	135452650	212644621.05	15331492.04	21513086.76	0	0	0	212644621.05	0	0
AT2G41100.1	3	3	2941024.173	4079058.162	74696698	0	12665706.73	22062862.46	0	0	74696698	0	0	0
AT2G41110.1	1	3	37663874.98	34270135.5	1190461184	1112469049	14740245.36	0	0	34270135.5	1190461184	1112469049	0	0
AT2G41220.1	10	14	208073806.903	209243470.755	308897900	254943838.55	4719220321.625	2771873881.203	120453228.08	174281119.27	32309874	0	0	0
AT2G41250.1	3	3	0	0	35198357.5	0	202609082.23	131331043.4	0	0	0	0	145539953.51	62252441.21
AT2G41430.1	1	1	0	0	28526856	21674218.88	0	0	0	0	28526856	0	0	0
AT2G41475.1	4	8	32863884.77	13531838.37	483817184	63203725.47	367552810.34	430898012.27	0	0	334917056	0	322320509.17	430898012.27
AT2G41490.1	3	3	0	0	21057024	13655273.57	16065919.04	38326184.54	0	0	0	13655273.57	16065919.04	0
AT2G41520.1	1	2	0	0	33346494	22925527.1	0	0	0	0	33346494	0	0	0
AT2G41530.1	11	21	140140013.08	155467629.72	2507904430	3159161206.41	314268442.397	278748422.55	10915021.12	60970249.42	1713665750	3083817801.54	132287792.37	85510097.71
AT2G41560.1	12	23	65348397.686	61491856.369	569201920	518877301.47	567442543.49	569216943.02	0	0	432092036	298776319.4	315751925.53	240180255.8
AT2G41600.1	2	4	68088083.75	0	91600240	96993449.3	422605130.6	492744740.1	0	0	0	0	422605130.6	492744740.1
AT2G41620.1	5	8	6304947.258	6547880.537	40067910.5	21185616.109	77094464.86	180442286.37	0	0	14517194	0	77094464.86	105037718.59
AT2G41680.1	14	40	2467081554.64	560965522.551	2473823698	2834159685.97	396036001.25	178208229.89	2467081554.64	82661090.19	2168534588	2465710717.84	0	0
AT2G41740.1	20	28	139908688.454	121552916.777	1678768465	1008172093.04	129603647.33	350516155.197	0	0	1590623304	659854840.56	15181744.03	0
AT2G41790.1	8	13	5442705.76	8733112.98	561186020	447155286.93	97674427.66	63820467.33	0	0	561186020	324380360.12	0	0
AT2G41840.1	4	15	44557229.11	43659802.49	2309337412	1971776190.3	389371539.91	499812915.73	15487564.92	0	2309337412	1971776190.3	148148445.8	175341160.21
AT2G41945.1	1	1	0	0	0	0	37045023.78	18925625.17	0	0	0	0	37045023.78	0
AT2G41950.1	3	6	109646909.02	20919679.09	124316160	115588055.76	7321831.077	20070283	109646909.02	0	42400380	115588055.76	0	0
AT2G42130.1	9	27	2062421212.64	1783177687.15	1299380684	1930759794.97	44775004.6	146093412.38	1834126997.91	1587817823.6	1264181896	1401653946.67	0	0
AT2G42210.1	14	51	45801997.199	61120575.037	791631661	963249254.58	12279826380.32	11772944709.91	0	0	281957984	410803706.6	12279826380.32	11772944709.91
AT2G42220.1	14	38	5749696516.299	11825219672.92	3620120501.8125	3241903449.99	576830447.18	687248954.741	5449858399.84	11651834149.32	1917078648	2727977354.99	154818826.8	0
AT2G42310.1	2	5	0	18142768.58	128094576	192645497.7	1869669456.7	3053821762.77	0	0	0	192645497.7	1869669456.7	3053821762.77
AT2G42490.1	10	13	568472457.225	590648240	154899297.5	457318972.029	808560053.62	1058152885.69	0	0	0	0	533292199.3	824011665.83
AT2G42500.1	3	5	6615964.03	13862512.5	444050824	439363876.3	27172422.33	0	0	0	444050824	121113842.5	27172422.33	0
AT2G42520.1	6	10	0	0	285212492	269875564.31	250777928.998	177722974.83	0	0	87880056	269875564.31	111429191.36	88231747.69
AT2G42530.1	7	34	5283439492.768	1882822284.96	18341180082	12030488899.2	327608609.17	234289491.47	3751080967.7	1882822284.96	10846086322	7961825546.2	205459172.15	26547987.07
AT2G42540.1	5	29	14881775637	9200102504.6	45890836088	47455907640	368065526.36	373027542.16	11152983432	9200102504.6	34063549048	22868944419	235115874.06	304358145.2
AT2G42590.1	13	31	356775476.448	98516644.402	4964793709	5087097159.6	9935430500.6	13025166305.49	0	17447600.72	4949306396	5087097159.6	187311152.56	273985018.04
AT2G42600.1	21	43	79365967.815	40738304.354	3315105554	3690502332.49	282296897.87	420705735.56	0	0	3117117858	2604560138.67	51497883.78	106934213.21
AT2G42690.1	3	6	14877272.444	3854511.41	777088608	890283871.7	218901802.78	227049844.51	0	0	777088608	554019270.1	35032984.66	0
AT2G42710.1	14	23	40251934.69	13257447.01	124217115.5	108661101.984	1565613203.49	1656244248.96	25762636.28	0	0	0	1148190058.69	1118650978.97
AT2G42740.1	11	31	175154881.2891	154443353.868	5774763379.563	5386546809.99	1590422582.58	1518439527.58	6529244.098	19591408.88	5774763379.563	4710307807.4	1220798564.04	973359126.86
AT2G42790.1	10	15	64558942.264	128652715.184	275340204	315002638.92	1051666500.55	639570287.98	0	0	113018172	124418405.3	867585802	460802172.94
AT2G42810.1	4	5	2996100.791	9872738.346	191157430	151324838.81	67268372.571	100802559.35	0	0	127039978	100637137.32	0	0
AT2G42910.1	5	7	0	4001553.715	421498612	483156870.17	19793734.75	48087029.888	0	0	329922260	280939231.41	0	0
AT2G42975.1	5	6	312513032.99	404651072.95	30585562	130047168.58	103504552.9	180842319.2	15934887.48	386353400.41	0	36044694.9	0	0
AT2G43030.1	15	56	13220477746.65	4324302123.99	9055818494	6817446694.45	815756171.183	720898610.073	13182659942.65	3228632989.39	8284424510	5520198115.2	484030976.61	341743591.37
AT2G43080.1	1	1	0	0	21802828	18660739.42	83459726.54	66007762.13	0	0	0	0	83459726.54	0
AT2G43090.1	8	21	1979353395.23	558526465.73	1023224916	892683755.2	0	18939658.622	1651030969.23	418834578.78	710892300	595321004.7	0	0
AT2G43100.1	1	1	8915621.593	0	97754792	53847705.03	0	0	0	0	97754792	0	0	0
AT2G43180.1	5	12	152479542.597	56440892.64	141433752.25	217410928.77	12293621.95	0	123855876.06	56440892.64	38101642.25	116742825.07	0	0
AT2G43230.1	1	1	0	0	18778302	23367890.83	0	23761824.76	0	0	0	0	0	23761824.76
AT2G43235.1	2	5	45646434.81	11558616.84	18957438	0	0	42578607.6	16418527.73	11558616.84	18957438	0	0	42578607.6
AT2G43350.1	1	1	884076854.3	854304094.4	35190257	89878678.6	0	0	0	0	0	89878678.6	0	0
AT2G43360.1	2	2	0	0	6541851	0	135910294.3	44890761.93	0	0	0	0	100684194.2	44890761.93
AT2G43400.1	13	25	226977784.64	97240112.486	129039065	325200198.774	1611116039.22	1737343922.82	0	0	0	0	1611116039.22	996823020.3
AT2G43420.1	1	1	0	0	60900580	72399401.73	75248434.31	176443953.9	0	0	0	72399401.73	0	0
AT2G43460.1	5	12	109439068.83	67532547.32	1389891945	1245934229.5	646922548.24	874295901.16	0	41931661.77	1389891945	215039313.5	646922548.24	660292846.1
AT2G43530.1	2	4	77813180.14	20992394.36	10256421	89863052.6	293635799.11	322094230.82	36054317.64	0	0	0	90836481.91	322094230.82
AT2G43560.1	10	40	4801818082.3	5185507274.5	2373059590	3156711673.63	214759844.459	258505741.03	4427267361.7	5185507274.5	2373059590	2997882547.93	0	0
AT2G43570.1	2	2	0	0	314088112	0	0	0	0	0	314088112	0	0	0
AT2G43630.1	5	11	309901067.65	151074432.34	133800820	231980992.2	45143318.03	67308124.669	309901067.65	0	0	37897903.65	30179952.05	39803738.14
AT2G43710.1	9	19	692093149.52	99859508.539	468997688	549755473.38	116978811.206	75553631.591	658199780.28	72156606.097	370442343	391370005.15	0	0
AT2G43750.1	18	72	6610715283.19	1744526806.54	6833810390	5832501036.46	176649011.86	310212594.47	6610715283.19	1554994793.14	6533554648	5248341445.6	0	0
AT2G43760.1	1	2	0	0	66452032	33014407.35	12092455.25	0	0	0	66452032	33014407.35	0	0
AT2G43770.1	3	3	4424454.6	0	192222502	203198623.88	86178481.65	37452665.54	0	0	96815222	62563448.16	0	0
AT2G43780.1	3	4	0	0	0	0	2047714637.61	2138399987.54	0	0	0	0	2047714637.61	57126700.54
AT2G43790.1	6	10	7512000.819	9634691.089	472311216	356676894.87	66699307.96	113240590.7	0	0	472311216	213561276.92	0	0
AT2G43820.1	1	2	0	0	21855032	17314514.59	0	0	0	0	21855032	17314514.59	0	0
AT2G43850.1	1	1	682890762.3	984911381.3	306489312	0	60316722.75	44001808.26	0	0	0	0	60316722.75	0
AT2G43910.1	8	10	40330650.223	21690884.348	1537272460	1516775860.35	329281658.12	331935779.64	0	0	1472720912	900343459.35	46889664.42	41671405.64
AT2G43940.1	1	1	0	0	13323937	0	0	0	0	0	13323937	0	0	0
AT2G43945.1	5	19	1061795555.14	394679028.82	855556858	1129244258.2	67118274.06	49567635.12	1061795555.14	338855803.83	702767130	958488263.7	0	0
AT2G43950.1	9	17	1040240814.02	258086837.705	388051322	328028661.65	163501265.955	208180768.38	350591704.8	183193897.93	169424854	226490931.44	0	35057373.62
AT2G43960.1	1	1	1137925.487	2830870.843	4638556.5	14463436.44	0	0	0	0	0	14463436.44	0	0
AT2G44020.1	1	2	0	0	21240916	22186327.36	126662295.4	162120938.8	0	0	0	0	126662295.4	162120938.8
AT2G44040.1	6	14	676748578.55	137464701.06	527833741	471610010.31	96231131.97	121183985.44	523292124.05	102712822.04	378509336	441653101.28	0	0
AT2G44050.1	6	18	1660657084.7	369402281.4	1670181660	2017677755.64	9473653.231	11259483.33	1182494188.8	369402281.4	1179759296	1032165558.5	0	0
AT2G44060.1	14	36	188906251.997	108501924.198	3408526442	2563174641.987	797643782.66	878497156.82	23039142.867	18568361.35	2729409058	1752834581.4	774842212.3	532168489.63
AT2G44065.1	2	3	68012243.87	70081954.55	23068160	45824160.18	241387707.05	297454672.06	0	0	0	0	241387707.05	277150568.2
AT2G44100.1	6	7	0	0	462604634	397533249.89	47343088.3	22443305.48	0	0	316784160	288140766.49	37192793.71	0
AT2G44120.1	4	7	0	0	724255824	615711355.64	207581610.45	187703392.22	0	0	667056848	469466194.9	180880609.11	0
AT2G44160.1	9	13	14526531.671	0	991111381.25	931802354.007	49150473.905	68095496.456	0	0	936467353.25	676463439.84	0	0
AT2G44210.1	3	5	6089537541	14233131964	317884960	277119173.81	68542789.43	19755584.77	0	0	128811344	277119173.81	0	0
AT2G44230.1	1	1	0	0	19424718	10337671.19	7469768.607	24340284.44	0	0	19424718	0	0	0
AT2G44290.1	1	1	0	0	177046512	220523500.3	9221893.115	0	0	0	177046512	0	0	0
AT2G44310.1	4	9	7665040.975	14056020.786	670825992	655397891.94	56740556.66	53452103.86	0	0	670825992	655397891.94	0	0
AT2G44350.1	36	117	223466620.215	213460007.643	2738224506	3274337840.026	45506503099.37	40024322571.96	0	0	1741418040	1789712213.73	41584616173.37	36987007481.74
AT2G44490.1	8	13	78214336.89	71001366.606	339133678	186037112.88	214834026.97	313194616.44	0	0	241232334	110120615.84	113264164.02	276855514.72
AT2G44525.1	4	8	82522738.538	19559132.92	109287736	125862230.9	1361185537.79	1209118441.66	0	0	0	0	938723971.19	1209118441.66
AT2G44530.1	4	6	194321312.83	143265471.5	10237254	116882240.46	13633329.56	0	79904303.97	143265471.5	0	0	0	0
AT2G44610.1	11	24	83519419.199	239978731.622	1437466136	1619587980.39	944234573.67	1118386389.37	0	196627215.402	666500592	667934699.79	222617224.87	1042523095.14
AT2G44620.1	2	5	4957546.041	0	0	0	4254755490.7	4528349907.7	0	0	0	0	4254755490.7	4528349907.7
AT2G44640.1	14	48	2055572331.189	1060973161.263	1500766886	1390431119.575	519798941.47	441723324.388	1773648319.129	715135290.223	828963280	1072448401.56	324804563.2	209123283.5
AT2G44650.1	4	14	1035672744.37	67352944.387	2365971360	1918882356.2	15462139.83	8380742.216	1007106591.4	0	1685097696	1918882356.2	0	0
AT2G44730.1	4	6	58820995.418	52404845.25	24833755	40210165.042	210495699.94	173608171.3	0	0	0	0	170526241.22	121939126.04
AT2G44750.1	1	1	0	0	16173535	31984696.5	0	0	0	0	16173535	0	0	0
AT2G44760.1	5	9	154418866.48	16288822.881	161800866	209154028.96	31215442.75	144403249.588	154418866.48	0	101519062	0	0	0
AT2G44790.1	2	5	10323437.21	0	231082832	159610189.48	109258742.441	195939518.73	0	0	231082832	159610189.48	105481136.9	0
AT2G44870.1	4	6	205605790.15	285374343.55	93406646	129405778.96	0	14055363.97	59180049.96	285374343.55	0	56219378.29	0	0
AT2G44890.1	1	1	24418979.37	8353603.458	86879088	59560254.33	8423892.805	13915751.36	24418979.37	0	0	0	0	0
AT2G44920.1	3	13	1857103070.8	1625571396.5	1262258288	1649007848.3	14335306.82	0	1857103070.8	988002615.5	1262258288	1649007848.3	0	0
AT2G45000.1	3	3	0	18113017.96	64680560	34887895.31	59691324.84	80146060.65	0	0	55674740	0	26400230.78	0
AT2G45030.1	1	1	27117797.35	0	19609846	0	250928439.2	518075212.7	0	0	0	0	250928439.2	0
AT2G45060.1	23	51	16361025.23	70338449.324	488833416	493357121.93	9294621578.94	9068102941.84	0	0	166177650	142054451.08	7128886286.71	8524064594.66
AT2G45070.1	2	2	1263390.425	984452.6079	5410302.5	101008413.0161	62684493.06	115169331.1	0	0	0	100342064.3	62684493.06	0
AT2G45140.1	6	13	0	23386159.659	243441551	273324600.52	50885498.89	57359421.24	0	14720079.93	186830566	188148709.99	50885498.89	57359421.24
AT2G45180.1	1	1	0	0	24061464	0	0	0	0	0	24061464	0	0	0
AT2G45200.1	2	2	4452980.01	0	167506719	74556068.8	146774911.96	139427917.58	0	0	0	0	146774911.96	0
AT2G45220.1	1	1	0	7846277.313	0	0	0	0	0	7846277.313	0	0	0	0
AT2G45240.1	1	1	0	0	51193192	44001942.53	22119422.36	14296528.09	0	0	51193192	0	0	0
AT2G45290.1	3	7	195594556.14	87807730.4	104250286	97951157.5	0	0	195594556.14	54978447.6	46125900	30297292.56	0	0
AT2G45300.1	6	9	253165223.859	66430507.573	235784639	193087573.161	0	0	203814553.939	9705859.333	120863432	67876824.79	0	0
AT2G45440.1	1	1	26531947.21	0	12605197	23134546.58	0	0	0	0	0	23134546.58	0	0
AT2G45470.1	6	22	1350267.149	32379955.72	5900654064	4094531891.63	225687163.59	330551640.36	0	21526300.9	5900654064	4094531891.63	0	234785361.1
AT2G45600.1	1	1	0	0	58258760	49032767.08	0	0	0	0	58258760	0	0	0
AT2G45640.1	2	2	4721668.741	37947861.61	52407144	50174201.56	0	23500248.66	0	0	52407144	21622999.02	0	0
AT2G45740.1	4	13	36300179.252	8284988.483	501362640	531298957.41	813485181.72	792519374.08	5068382.522	0	501362640	213853075.3	789380447.3	748736255.77
AT2G45770.1	7	12	443101864.12	109546752.794	547409833.5	465728216.19	151343309.65	51760088.68	343643425.54	41611434.29	411519024	105727268.51	0	0
AT2G45790.1	8	12	28894816.628	76722383.572	1523571328	1461029793.88	544775416.59	548443826.894	0	0	1443500496	808876138.18	68674311.55	0
AT2G45810.1	2	4	3366999.789	0	49341293	0	0	0	0	0	49341293	0	0	0
AT2G45820.1	13	29	85463381.222	55265641.9185	6566441292	3777561238.97	754928047.471	630265527.74	0	22844544.22	3734027900	3187632271.2	617373504.931	162381517.92
AT2G45850.1	1	1	0	0	19599472	18154965.53	156827692.3	0	0	0	0	0	156827692.3	0
AT2G45960.1	2	10	0	7482360.756	3816836832	1806687525.3	710590403.4	716816267.7	0	0	3816836832	1806687525.3	710590403.4	716816267.7
AT2G45980.1	7	8	28992315.14	18561552.07	212981418	195533155.32	1335204819.99	1250048824.01	0	0	0	0	535839933.09	1117638221.8
AT2G45990.1	11	30	1204857493.6	440012045.84	993960378	2177776436.5	155851126.649	49376730.39	917933182.5	362872568.41	783088732	2166997957.3	0	0
AT2G46090.1	2	2	72972602.63	183038961.81	42706068	17856090.64	0	0	0	183038961.81	0	0	0	0
AT2G46100.1	3	4	101803551.24	61065454.11	76425960	80497152.37	23563308.16	0	59719730.85	61065454.11	59581068	0	0	0
AT2G46110.1	9	18	0	0	30312219	46381998.363	1908160707.38	1376435045.18	0	0	0	0	1908160707.38	1181258592.87
AT2G46170.1	1	1	0	0	11421433	21753209.95	45308788.74	57901590.7	0	0	0	0	0	57901590.7
AT2G46190.1	1	1	36876635.62	88054902.4	0	90104868	0	0	0	88054902.4	0	0	0	0
AT2G46220.1	2	2	25746239.91	16883192.897	0	0	0	0	25746239.91	7864674.897	0	0	0	0
AT2G46280.1	10	21	0	16523413.446	3678767278	1989745522.69	336644180.061	334747198.94	0	0	655210626	1537698213.59	170968369.49	85148259.16
AT2G46310.1	1	4	30867550.12	60591661.52	60988592	56719049.52	0	19918055.19	30867550.12	60591661.52	60988592	56719049.52	0	0
AT2G46320.1	5	8	0	0	11306201.75	71828213.687	251996101.76	249637005.9	0	0	0	0	251996101.76	116926741.5
AT2G46470.1	4	7	0	0	0	0	172494090.82	268125752.18	0	0	0	0	172494090.82	250844387.71
AT2G46505.1	3	19	4609805.84743	26280219.48	0	1466128.8013	2058756715.8	1839956829.2	0	0	0	0	840366885.8	1839956829.2
AT2G46520.1	9	14	41102607.738	24330948.689	461295958	447655211.55	90622873.18	149221434.77	0	0	363957880	318063801.64	0	0
AT2G46540.1	6	20	16338291.57	0	182539182	182242001.734	9608548608.8	11353900226.81	0	0	0	111006902.3	9406136832.7	11199120801.91
AT2G46600.1	1	1	0	0	20821202	15503423.25	0	0	0	0	20821202	0	0	0
AT2G46650.1	2	5	0	0	158292496	231215128.18	109818235.328	147604455.8	0	0	158292496	158281062.6	102823032	147604455.8
AT2G46820.1	7	38	20708358507.733	31227626399	14273080746	12476771047.016	2022771477.476	1373775816.2079	20699568562.9	25562551015	11710818474	12467616367.264	1893850492.4	1043476983.2
AT2G46910.1	3	5	301185285.66	284794178.55	165802480	266988640.02	14246262.5	0	301185285.66	220606850.98	0	0	0	0
AT2G46915.1	2	2	0	26633452.195	0	13346132.38	90623542.31	52831953.05	0	26633452.195	0	0	0	0
AT2G46930.1	1	1	0	0	20680782	28202369.34	0	0	0	0	0	28202369.34	0	0
AT2G47000.1	1	1	195614225.7	35902623	172400416	152379609.9	37496235.7	46369333.28	0	0	172400416	0	0	0
AT2G47010.1	1	1	0	0	40008360	26778425.72	25118109.34	110522386.8	0	0	0	26778425.72	0	0
AT2G47020.1	3	4	0	0	0	0	131633414	89591251.58	0	0	0	0	77701499.24	28270299.01
AT2G47060.1	1	1	0	0	23182508	9379850.253	0	58076543.99	0	0	0	0	0	58076543.99
AT2G47110.1	3	6	25540819.11	0	391350944	491492579.7	440416849.29	487845360.741	0	0	391350944	491492579.7	440416849.29	446190880
AT2G47380.1	2	3	14807149.92	0	47797368	46391567.33	652775914.7	337766980.8	0	0	0	0	652775914.7	234446439.5
AT2G47390.1	30	91	3213593860.4	786255681.796	3567177487	3869893232.65	1321347197.21	1417554935.91	2336971273.24	462014557.13	2646049562	2998977276.2	924177644.23	1127697340.46
AT2G47400.1	6	20	2019283480.3	404737996.588	1471534046	2250313329.96	0	0	1498753794.3	404737996.588	1471534046	2250313329.96	0	0
AT2G47450.1	12	24	1590135393.53	375902053.38	882789862	1282640280.72	751159578.687	1363469887.86	1522694216.36	109287251.56	808945452	106000461.5	0	0
AT2G47470.1	17	44	133450773.183	91681716.31	3942455380	3859167540.76	1727301624.04	1836735994.959	0	0	3711889556	3456152779.7	1665946866.61	1076628155.4
AT2G47490.1	7	10	0	0	48224974	16192058.592	974914897.74	993505535.4	0	0	0	0	522401225.44	993505535.4
AT2G47510.1	17	49	101584466.296	342736748.716	1414131460	1750199111.59	20783391501.82	20601428853.33	0	0	672514112	1046492285.09	20783391501.82	17946800599.4
AT2G47610.1	4	12	6991543.89	5685635.7907	1076885448	674031248.85	292264070	290821364.74	0	0	987259952	560770663.9	292264070	110897951.5
AT2G47620.1	2	2	0	0	0	0	56524590.03	70200852.42	0	0	0	0	0	70200852.42
AT2G47640.1	1	2	9044088.559	0	111292656	102525547	0	0	0	0	111292656	102525547	0	0
AT2G47650.1	1	2	0	0	10375880	24550815.71	36115630.72	43176673.7	0	0	0	24550815.71	0	43176673.7
AT2G47710.1	2	7	0	0	529012376	492205544.62	209979691.8	232249433.78	0	0	529012376	480084646.7	209979691.8	194356404.1
AT2G47730.1	15	58	1049164774.006	452160308.71	10157724028	5316069507.075	969516619.17	1651593210.29	836959557.54	194273182.33	9763247548	4661874196.2	652010493.55	313033961.84
AT2G47750.1	1	1	107884759.4	98411942.62	0	89823578.54	2994524150	263535461.8	0	0	0	0	0	263535461.8
AT2G47830.1	1	2	0	0	0	0	21043419.2	18293815.36	0	0	0	0	21043419.2	18293815.36
AT2G47840.1	3	10	562819430.88	164613094.37	246032888	388396169.48	160847431.99	219303269.66	562819430.88	102851597.33	201216164	342630230.49	71859723.43	0
AT2G47910.1	3	8	161997777.31	0	139192808	119993803.83	45646514.52	39399580.99	161997777.31	0	82373824	119993803.83	0	0
AT2G47940.1	13	34	1430380473.199	307388862.97	736419249.5	689865043.71	380112684.803	528918849.93	1358792462.709	85424014.84	699672606	507112615.97	0	0
AT2G47960.1	1	1	0	0	25259512	0	8668414.82	12586852.15	0	0	25259512	0	0	0
AT2G47970.1	3	3	0	0	130271848	127299732.66	27946678.64	53975988.4	0	0	52872204	83948752.47	0	0
AT2G47980.1	2	2	0	7493407.431	0	20706229.34	24978219.874	11474999.31	0	7493407.431	0	0	16701288.94	0
AT2G48070.1	4	9	687138238.42	666860852.916	375126072	168239240.18	231489793.21	154193621.99	687138238.42	586996867.5	147975048	0	0	0
AT3G01060.1	11	25	598131787.09	872578246.318	446864635	410190734.5	38135658	23987471.84	429915056.9	872578246.318	305658334	257340489.36	0	0
AT3G01090.1	2	2	20698915.54	3991145.569	48535252	71621612.62	0	59078595.81	0	0	48535252	21041306.86	0	0
AT3G01120.1	6	16	366646889.28	100970022.66	570134642	285398139.43	14498124.898	0	323343142.39	29490625.22	402046802	70632678.18	0	0
AT3G01130.1	3	11	0	55192289.15	126258124	160158673.45	11703879275.2	12639154080	0	0	60345572	61781735.91	11703879275.2	12639154080
AT3G01180.1	6	10	287881839.29	195121415.15	590556778	571880660.387	143124961.6	179329691.21	237678846.56	195121415.15	0	0	0	0
AT3G01280.1	25	106	508611411.6	437866253.284	5573745559.75	5205865411.252	75811586216.75	92400001609.75	79143162.98	150333383.48	4725255512	4197508253.1	74832495138.67	81800727010.65
AT3G01290.1	8	12	2910333.626	47092774.455	1708462912	505911612.93	2108408314.06	4178494444.6	0	0	1018512848	118062544.54	460622272.45	507924276.72
AT3G01310.1	6	8	0	0	165753333.5	181828799.55	7507928.273	147714103.279	0	0	108930335.5	142944364.31	0	0
AT3G01340.1	6	11	30891174.94	11834356.34	603397430	719750271.24	57952155.37	40325057.87	0	0	520194622	429011012.9	20444219.41	0
AT3G01390.1	11	34	119601718.62	78733000.708	2450861725	2619118627.227	2322802405.161	2754633053.23	50719727.09	28804558.408	1377718735	2609348417.95	2257042574.73	2656983381.37
AT3G01440.1	6	20	1936195091.4	2367807809.8	1153992236	1393873985.37	102605901.7	110628631.03	1551987295.3	1921053346.8	760632700	925230417.57	0	0
AT3G01480.1	27	115	8471303885.0177	10112712524.56	7050434314.5	8194249650.085	228551400.202	542853052.85	7938713433.54	10074262417.96	5963264896.5	5566299771.49	0	0
AT3G01490.1	1	1	1676391.241	4108657.716	31324518	10848065.03	0	0	0	0	31324518	0	0	0
AT3G01500.1	15	72	38124463654.526	2295221990.761	45462139270.5	37651842371.648	4507350359.536	3764956909.122	38068343026.7	1015894990.12	45456244494	37643251308.51	3922511728.64	3679727225.63
AT3G01510.1	17	35	1042337963.8	188322496.42	1050466588	1345984492.5	166991140.103	226381443.19	841668375.07	100621465.494	690513448	840887581.6	0	0
AT3G01520.1	2	3	0	0	148454454	118274454.31	0	0	0	0	148454454	81817552.54	0	0
AT3G01660.1	7	14	292618305.54	124355626.735	269913834	482969152.09	330277497.307	199702916.93	224667557.59	56229327.61	67885720	329111114.82	0	0
AT3G01670.1	11	15	21752225.486	67275778.765	204961798	93013969.779	531035685.97	873352663.49	0	0	63452562	0	263420509.24	597223002.96
AT3G01680.1	7	13	21318375.565	36469052.62	274766312	263732098.64	571869470.02	656737111.26	0	23195001.32	42532304	172125255.8	459833466.02	175313185.3
AT3G01720.1	1	1	0	0	0	0	32061042.59	33722738.11	0	0	0	0	32061042.59	0
AT3G01740.1	2	4	3399522.052	3226953.129	27368986	106962798.3	255299495.1	181202445.08	0	0	0	0	255299495.1	181202445.08
AT3G01770.1	1	2	144953207.4	14195730.59	0	0	0	0	144953207.4	14195730.59	0	0	0	0
AT3G01790.1	6	8	640925969.4	8424665.704	228858790	1449840620.23	819489167.99	534237079.83	0	0	0	0	781724787.35	272331458.47
AT3G01800.1	7	13	4626751.387	7352445.325	456908427	188588986.53	1199305791.43	1409969095.58	0	0	28134742	0	1025963166.73	1409969095.58
AT3G01830.1	1	1	0	0	32600002	15874846.19	29644903.57	26666001.82	0	0	32600002	0	0	0
AT3G01910.1	16	44	191038903.115	64417277.914	1774235868	2336555900.33	5552853241.34	4969274983	0	14173400.27	1345914160	1748048868.42	4867195124.74	4892946953.9
AT3G01920.1	1	1	34265436.35	23071645.52	42426852	34465202.05	0	0	0	0	42426852	0	0	0
AT3G01980.1	2	2	4291862.982	4116329.794	40704078	0	37361527.24	45729860.66	0	0	21485220	0	0	45729860.66
AT3G02080.1	4	7	53992644.6	19047125.495	1039123320	1100974368.8	94411094.35	104609090.01	0	0	1039123320	952282211.3	0	0
AT3G02090.1	43	206	528919341.0962	398311992.1819	8721882456.75	10088392715.0737	149688231026.881	154114096606.55	143065566.37	178131392.87	6243126986	9323150828.9	142936529007.781	151918524539.49
AT3G02110.1	1	1	0	0	33900272	18657056.78	0	0	0	0	33900272	0	0	0
AT3G02200.1	4	7	0	0	508879132	180251754.63	76515182.27	40791968.92	0	0	508879132	180251754.63	0	0
AT3G02230.1	3	4	11716439.64	0	416513476	367580646.16	76159168.13	0	0	0	416513476	206840682.1	0	0
AT3G02260.1	1	2	0	0	6475682.5	6279859.293	0	0	0	0	6475682.5	6279859.293	0	0
AT3G02350.1	2	3	7787953.47	0	0	0	58258211.44	70852218.74	0	0	0	0	58258211.44	56520931.67
AT3G02360.1	16	34	7168121713.394	4323272958.693	59841557548	60141038745.28	725482210.5	661816874.222	0	0	59350555012	2085984178.43	130160993.85	182670529.16
AT3G02420.1	4	5	0	0	86836391	183392799.54	74221192.42	52613205.68	0	0	31631210	21961052.71	24573891.84	52613205.68
AT3G02450.1	1	2	21434226.71	10559779.24	8801809	6881556.363	0	0	21434226.71	10559779.24	0	0	0	0
AT3G02490.1	3	4	5285123.222	0	5215948.5	12983297.62	96945409.8	113087069.64	0	0	0	0	83456155.28	81511016.22
AT3G02520.1	4	9	9530197.802	0	593208952	396556892.24	95889377.37	101507795.07	0	0	502947296	396556892.24	0	44913281.03
AT3G02530.1	3	3	0	0	245838084	241471010.38	99395812.85	10577600.56	0	0	183985832	100475498.3	0	0
AT3G02540.1	4	5	6758391.18	0	296636652	220831377.82	9593884.219	20806869.05	0	0	81870704	220831377.82	0	0
AT3G02550.1	1	2	0	0	138652304	194230318	0	0	0	0	138652304	194230318	0	0
AT3G02560.1	4	9	3929615.377	0	882901420	817929653.75	162756435.579	220682499.773	0	0	882901420	654560059.65	152868090.4	212400047.7
AT3G02630.1	2	3	137801420.81	32939104.68	84876500	54084996.04	0	0	137801420.81	32939104.68	0	0	0	0
AT3G02650.1	9	17	17088937.05	699825888	161021637	85979363.65	1076609419.49	972092847.55	0	0	31344920	0	886076232.41	901053262.55
AT3G02660.1	9	18	313972169.43	97685034.51	390539061	384169039.21	437588096.41	419261864.08	174972867.57	0	231437422	194894789.14	238306373.91	299092851.07
AT3G02710.1	1	1	0	0	9691943	11578642.24	0	0	0	0	0	11578642.24	0	0
AT3G02720.1	1	1	55156000.96	0	184589488	187921408.3	0	0	0	0	0	187921408.3	0	0
AT3G02730.1	3	15	1447193239	307446419.41	1361778256	1803051660.7	572064043.59	675070004.66	1447193239	285000945.1	1204230288	1803051660.7	468258370.9	0
AT3G02740.1	1	2	0	0	36623668	42681224.56	0	0	0	0	36623668	42681224.56	0	0
AT3G02760.1	5	6	3894304.815	0	297313728	204743250.81	0	0	0	0	245421016	85853245.51	0	0
AT3G02770.1	1	1	33097050257	70128894316	23471163392	18436014368	3774255871	2276961917	0	0	0	18436014368	0	0
AT3G02780.1	3	6	50226420.68	0	207727020	285612155.23	639376473.1	466674595.82	29203995.39	0	153166776	66338348.3	231867816.1	250570743.1
AT3G02830.1	1	1	63518311.09	0	133473776	56020841.99	26028182.96	15744568	0	0	133473776	0	0	0
AT3G02870.1	5	8	5194443.822	0	526668064	569031249.57	5614974.97	0	0	0	280026856	479824293.54	0	0
AT3G02880.1	14	26	98921753.9	10973677.498	1013986022	700618136.27	440046888.475	378402129.76	0	0	896425536	436876258.8	154557795.01	86238465.03
AT3G02900.1	1	1	59264679.34	45752401.39	24088162	0	0	0	59264679.34	0	0	0	0	0
AT3G03060.1	13	21	69297787.135	30513269.916	395361307	32875097.169	1162602821.73	1478493656.14	0	0	0	0	919246765.51	1323781109.5
AT3G03070.1	4	5	0	0	0	0	2363843727.4	2435488653.4	0	0	0	0	2177663711.9	2132397143.6
AT3G03100.1	22	80	104269534.8486	20918403.343	747961584	1038872774.4	15519979044.89	15127259400.813	75144446.33	0	584167486	864098291.17	14692819196.5	12819229925.7
AT3G03150.1	3	6	0	0	263308376	239309825.4	674527168.99	689413208.7	0	0	263308376	239309825.4	67937164.69	646441170.9
AT3G03250.1	15	42	89285112.071	86616738.585	3588492137.875	5453041810.69	869733189.33	860184818.58	0	0	3455548298	4593902993	194204570.05	120496302.3
AT3G03330.1	1	1	0	0	0	6015940.522	26652275.75	10185708.25	0	0	0	0	26652275.75	0
AT3G03420.1	3	5	0	12218363.06	0	0	216192771.1	201783918.37	0	0	0	0	216192771.1	182443788.58
AT3G03470.1	1	1	0	0	16110153	0	48175851.63	33102905.2	0	0	0	0	48175851.63	0
AT3G03520.1	2	2	0	0	45941580	37781555.77	0	0	0	0	24465138	15991822.16	0	0
AT3G03590.1	8	20	131133221.1	268072002.855	140586373	101106181.42	2075851368.08	2608808353.85	0	4578006.42	0	0	2075851368.08	2608808353.85
AT3G03600.1	4	5	0	0	25469638	23319346.52	983961482.66	818516199.04	0	0	0	0	729360467.5	818516199.04
AT3G03630.1	2	2	77780509.48	30090487.684	23809798	0	0	0	77780509.48	0	0	0	0	0
AT3G03640.1	1	1	0	0	14239100	14458206.65	0	0	0	0	14239100	0	0	0
AT3G03710.1	22	45	2264346041.58	435283907.235	2614200946	1765542179.57	314006062.201	403683155.2	1725807978.2	143318298.03	1480072318	937056146.48	0	0
AT3G03780.1	11	21	34048084.13	72587885.955	2460906272	2146248659.114	321323280.075	410302987.61	0	0	2016294904	1820291709.27	86779699.03	80397359.2
AT3G03890.1	4	9	159732536.1	49895204.96	462237656	413268706.33	102555763.93	74952293.314	159732536.1	49895204.96	240253760	61046766.37	0	0
AT3G03920.1	3	5	5750228.861	31184878.64	171625902	163220310.71	0	121275300.2	0	17193859.79	119472642	110178217.53	0	0
AT3G03960.1	15	35	31310931.527	196921086.321	2032236027.875	1847581704.54	240591020.761	245037963.824	0	0	1314971499.875	1474957105.21	57073564.11	89911527.15
AT3G03980.1	2	3	0	0	71046312	66520955.29	0	0	0	0	19943228	66520955.29	0	0
AT3G03990.1	1	1	0	0	31541482	0	0	0	0	0	31541482	0	0	0
AT3G04120.1	1	2	0	0	0	0	119848401.5	137985120.5	0	0	0	0	119848401.5	137985120.5
AT3G04190.1	1	2	0	0	164257760	100312757.7	0	0	0	0	164257760	100312757.7	0	0
AT3G04230.1	2	5	42576965.8	34268425.99	990107784	987417184.11	145967885.948	236298565	0	34268425.99	970969088	987417184.11	0	236298565
AT3G04260.1	10	17	374844471.21	333458594.514	74094596.25	43854226.163	155856298.086	33326945.31	344471183.5	289307052.08	0	4651498.417	0	0
AT3G04340.1	3	5	102175188.03	57908652.41	56820310	65150690.21	25736676.055	82610614.21	102175188.03	37608404.64	0	0	0	0
AT3G04400.1	9	24	235949471.31	278192674.42	3944477990	3949808243.366	2677593218.28	2479006432.39	175154114.21	102269230.29	2516577344	3897895859.8	2313566585.38	2186536243.19
AT3G04520.1	1	2	0	0	43548564	52044365.49	0	704408784.4	0	0	43548564	52044365.49	0	0
AT3G04550.1	8	15	856736322.71	197301802.68	375942708	692343502.91	105137113.65	31281467.6	573851735.21	130699705.63	251834232	289323652.7	0	0
AT3G04590.1	5	11	25213199.297	84122281.868	75820527	48984713.02	249795685.92	192209333.36	0	2985290.928	10604194	40055261.21	249795685.92	159461627.48
AT3G04600.1	4	7	0	18817129.032	120144852	80311429.086	45404715.56	85437264.3	0	14395998.43	120144852	80311429.086	0	0
AT3G04610.1	5	8	0	0	200761442	114999189.43	212600940.87	321970225.12	0	0	153904728	114999189.43	0	0
AT3G04650.1	3	3	123980352.66	7373876.873	44547060	25578664.83	0	35983832.49	123980352.66	0	0	0	0	0
AT3G04720.1	1	3	0	0	264310847	576111336.9	0	0	0	0	264310847	576111336.9	0	0
AT3G04760.1	1	1	13036685.37	0	12500631	0	361575645.4	448234822.4	0	0	12500631	0	0	0
AT3G04790.1	15	56	12883061290.32	3896789742.174	13805074404	15764314199.23	341991557.161	427096279.23	12189384481.9	3235028906.26	13153107148	14278053962.73	0	0
AT3G04830.1	1	2	0	0	81471328	109705063.5	34884072.75	55336743.08	0	0	81471328	109705063.5	0	0
AT3G04840.1	5	14	25581541.47	37997601.26	1864786704	1799748441.88	48073533.64	84200639.32	0	0	1864786704	1703456648.7	0	0
AT3G04870.1	17	35	1587952947.53	487587216.661	1609898876	910699305.47	871049647.44	424404207	1391600990.52	308977249.21	337813448	652146947.56	0	0
AT3G04880.1	3	4	12659456.72	28902709.04	214800268	352847997.84	13718877.82	0	0	0	31187852	352847997.84	0	0
AT3G04890.1	1	3	27026130.28	28892546.74	31587422	52157855.3	0	0	0	28892546.74	31587422	52157855.3	0	0
AT3G04920.1	3	7	44137316.49	0	844652672	936721103.8	285910386.3	385144597.3	0	0	844652672	936721103.8	144105805.2	385144597.3
AT3G04930.1	7	11	49678603.41	54391742.041	28396067.5	29646542.262	1628887028.91	1655304466.5	0	38369375.24	0	0	596032165.41	1423809131.4
AT3G04940.1	2	2	36329337.17	51630485.01	186718856	139299319.18	33582161.56	0	0	0	113308736	86488878.17	0	0
AT3G04950.1	2	2	12985163.842	0	9241253	16661468.276	110725998.19	108005360.23	0	0	0	0	110725998.19	0
AT3G05000.1	1	1	0	0	0	44179263.37	164142826.3	0	0	0	0	44179263.37	0	0
AT3G05060.1	5	7	102691602.713	17744820.01	235063928	114250622.566	193183407.7	148184286.9	0	17744820.01	112320740	49110199.2	0	0
AT3G05180.1	1	1	0	0	25758112	40442259.56	0	0	0	0	0	40442259.56	0	0
AT3G05200.1	1	2	4896023.224	810235.6449	3978405	5504789.752	0	51800425.01	0	0	3978405	5504789.752	0	0
AT3G05230.1	1	1	0	0	63626148	47372563.15	63144534.98	43242057.33	0	0	0	0	0	43242057.33
AT3G05280.1	2	2	0	0	0	0	21001753.28	25584585.55	0	0	0	0	0	25584585.55
AT3G05290.1	1	2	20139653.62	41948316.83	255574320	236664133.4	44040766.24	0	0	0	255574320	236664133.4	0	0
AT3G05350.1	10	27	649166258.14	212696065.762	716473964	869072534.1	490247232.05	407689874.896	594957874.24	14699394.82	423705708	571832424.18	294693609.48	259909606.56
AT3G05420.1	7	7	61534261.886	3818567.19	422133616	341685974.04	32850639.24	729248.6688	0	0	185223432	240710446.97	0	0
AT3G05530.1	10	14	47464495.38	6674983.628	1159243820	1158474495.1	183085711.38	654937667.251	0	0	703001596	877359510.35	22436779.76	0
AT3G05560.1	2	7	5619649.213	62783446.918	1348677344	1312777723.9	660153021.9	465942779.9	0	53052871.57	1348677344	294027943.9	660153021.9	265721369.4
AT3G05570.1	2	3	0	0	0	0	54392356.892	0	0	0	0	0	54392356.892	0
AT3G05590.1	2	3	32647583.93	0	297932024	166458770.67	310281891.7	188322925.62	0	0	249429456	0	310281891.7	0
AT3G05625.1	2	6	0	28730186.94	124637084	75764293.32	0	0	0	28730186.94	124637084	75764293.32	0	0
AT3G05710.1	1	1	0	0	19413564	7898933.576	0	0	0	0	19413564	0	0	0
AT3G05810.1	1	1	4012273.221	2964587.404	38800888	21120278.6	25486262.17	11406425.89	0	0	0	0	25486262.17	0
AT3G05900.1	27	41	31312381.751	32442364.616	3067930130	1155213009.45	268758499.72	496101519.58	0	0	2990621434	537247580.24	0	0
AT3G05910.1	5	7	57316096.357	21439400.268	218438314	186966195.25	273304441.37	196272173.97	0	0	32670856	140144974.13	88119373.51	12600763.06
AT3G05970.1	15	28	135183857.928	306014095.687	789419681	586340690.07	1809831080.57	1502931814.73	0	11582518.72	446175758	134129980.05	1253952631.37	1392811819.17
AT3G06040.1	7	9	0	7811195.466	16204575	19779899.83	950183020.6	495291369.48	0	0	0	0	719862361	387204015.08
AT3G06050.1	22	98	92613876.261	173788864.0941	3953105814	5732230624.85	57101529017.7	50104676536	2366847.414	12253314.16	2384859672	5333746729.4	55831596995.7	45775903841.9
AT3G06200.1	3	5	7141104.872	0	82098888	65978793.02	108193866.02	135633869.8	0	0	32340482	45594737.99	61495736.62	69711963.2
AT3G06300.1	2	5	0	18394747.53	42750084	25413200.38	26872695.62	15183790.74	0	0	42750084	25413200.38	13349043.87	0
AT3G06310.1	3	6	0	0	0	0	1229978546.07	1028012231.2	0	0	0	0	1229978546.07	1028012231.2
AT3G06350.1	11	28	606359279.3	206710581.083	720280248	562781313.63	402267884.39	348015702.5	514577704.78	105834553.32	541041584	346623932.7	0	0
AT3G06400.1	6	10	11552033.42	39788097.35	0	43780477.22	367858492.95	316013858.35	0	0	0	0	367858492.95	208635735.86
AT3G06430.1	2	2	28989820.965	0	14966756	0	37345050.01	47428320.32	28989820.965	0	0	0	0	0
AT3G06483.1	20	42	0	41326061.631	192977742	170460615.49	6167289981.73	5202332280.05	0	0	0	77179944.02	5130821002.82	4842698048.52
AT3G06500.1	1	1	0	0	0	0	29823606.54	0	0	0	0	0	29823606.54	0
AT3G06510.1	22	63	1505210316.78	939425762.546	1344368552	2776779244.196	1257749677.43	771568544.26	1322389252.62	610204045.257	902941938	1923563831.539	990985886.95	344852918.66
AT3G06580.1	6	8	85969860.031	25522939.344	310158280	255714365.45	43283303.24	0	0	0	310158280	105631296.49	0	0
AT3G06610.1	1	1	0	0	50151568	48507375.32	15283170.49	9378455.824	0	0	0	48507375.32	0	0
AT3G06650.1	3	8	56409596.1	0	435401144	489390170.96	49498791.42	61011117.67	0	0	435401144	489390170.96	0	14055705.17
AT3G06720.1	3	4	0	43449510.29	172354032	128300243.27	68862892.18	20277300.63	0	0	22543312	104676663.24	0	0
AT3G06730.1	4	6	214734390.567	224745925.75	134923922	94100622.01	0	3362772.222	124036341.4	224745925.75	0	0	0	0
AT3G06790.1	1	2	0	0	37835412	43349936.59	40958543.5	0	0	0	0	0	40958543.5	0
AT3G06810.1	13	18	75879055.95	111438919.466	328171841	267027244.38	723463723.47	609658848.99	0	0	139537074	96089026.68	532969047.87	301274742.46
AT3G06850.1	15	29	298832685.328	50419740.49	380671178	293349152.34	3943689210.29	3041590787.37	0	0	89614416	70501954.04	3528789915.69	2377532334.5
AT3G06860.1	22	37	111153006.0892	117860348.124	1107862869	953670451.71	3483311153.688	2403236135.226	8059879.13	18416091.06	506406896	221890600.27	2422960406.658	1352163641.73
AT3G06980.1	1	1	21956642.96	2972832.634	339780896	0	0	0	21956642.96	0	0	0	0	0
AT3G07020.1	1	1	0	0	19629502	20729345.17	0	0	0	0	19629502	0	0	0
AT3G07060.1	8	11	27460013.763	11391888.044	24389142	25027925.121	1070070816.85	711971559.71	0	0	0	0	253974892.02	624803428.54
AT3G07100.1	6	7	0	0	249910397	196572630.03	141356675.29	280208259.61	0	0	78038136	153075546.64	0	0
AT3G07110.1	10	17	490921694.138	168191710.979	1790159784	1623621141.39	1185599168.17	1955714899.64	0	0	1382930776	1153185391.47	107706125.85	846631484.1
AT3G07160.1	3	4	0	0	33035447	67020160.56	49209851.12	10782536.05	0	0	15909309	22072953.5	49209851.12	0
AT3G07170.1	2	4	26150248.28	16533872.37	88437846	76423829.88	20971245.94	21151589.42	0	0	88437846	76423829.88	0	0
AT3G07230.1	3	6	56176417.448	104119145.1	573097270	484264072.2	221575097.66	257374211.94	0	0	573097270	114806203.9	0	199175395.71
AT3G07390.1	6	20	157248024.54	199486382.32	3056722184	4103396074.97	828081256.4	658727054.24	157248024.54	168467943.47	2792186808	3762181864.57	504680194	399093938.36
AT3G07430.1	1	1	26978129.88	8487207.885	40864548	59684321.8	23204902.99	0	0	0	0	59684321.8	0	0
AT3G07470.1	2	3	9443256.607	0	442609344	419055024.5	0	0	0	0	442609344	261119301.4	0	0
AT3G07480.1	7	23	50008923.5	24648869.169	515808907	815032551.11	9083708660.12	8094220367.41	0	0	395242497	770378959.1	9083708660.12	8051985511.5
AT3G07568.1	5	9	12474498.96	10913278.345	69707247.5	45489351.07	2863842150.9	2673426895.2	0	0	0	35459053.83	2629430377.5	2413341952.5
AT3G07630.1	3	3	65133631.96	9209028.925	45232670	35001506.45	31072118.41	37339613.148	65133631.96	0	0	0	0	0
AT3G07640.1	1	1	0	0	37449044	33766769.05	13316529.13	0	0	0	37449044	0	0	0
AT3G07660.1	1	1	0	0	17850450	10488962.3	0	0	0	0	17850450	0	0	0
AT3G07670.1	2	2	118386096.07	15735223.07	93520228	45377498.59	11965295.88	0	118386096.07	0	0	0	0	0
AT3G07680.1	4	5	8058728.942	4260560.711	190313112	132498867.93	95689833.17	111292287.14	0	0	190313112	0	72428876	58469365.03
AT3G07700.1	4	4	43210946.414	124269142.68	9900472	38167268.003	8678803.579	20630828.913	0	124269142.68	0	0	0	0
AT3G07720.1	5	6	0	0	388205707	279553905.07	17396017.91	0	0	0	239942988	127479574.44	0	0
AT3G07770.1	29	63	0	36026501.187	377575770	484597320.27	8297032093.6	7009687004.11	0	0	102861948	90656676.01	6463867785.65	6840140280.39
AT3G07910.1	1	1	202885.7341	234069.3311	2885995.5	461809.8702	79125369.69	124652453.3	0	0	0	0	79125369.69	0
AT3G07950.1	1	2	0	0	30458178	26218801.49	37453564.17	21123990.62	0	0	30458178	0	37453564.17	0
AT3G08010.1	5	10	219980770.24	185591210.06	195057698	213495496.11	0	0	219980770.24	132623590.75	0	78982083.21	0	0
AT3G08030.1	10	27	23844495.291	15491923.715	2311276039	1142531657.35	865869352.362	1008244602.14	0	10856903.74	1552652131	447234295.14	428384436.23	533087036
AT3G08510.1	15	25	4861236.064	41070681.647	1369403360	979436060.53	915033159.59	628314880.751	0	0	1017570496	494207084.5	366168083.52	388938408.77
AT3G08530.1	5	10	0	21949556.21	635057936	663233238.72	150310082.53	288937456.23	0	0	403790200	548081884.22	90072483.09	257127014.4
AT3G08550.1	2	2	4917866.293	0	50663997	28193016.718	127546636.15	69031358.68	0	0	0	0	127546636.15	0
AT3G08580.1	21	226	614370234.491	492801947.3859	12002410950.3	12269036541.53	211893973827.5	230538406470.82	358212396.881	342071132.95	9514473257.3	12113192531.4	211893973827.5	226589349169.82
AT3G08590.1	12	23	179866698.982	57252860.387	2055127032	2574607066.95	588930076.722	659433957.74	0	0	2055127032	1921551720.05	79718437.68	0
AT3G08600.1	1	1	0	0	94067608	85147958.28	0	0	0	0	94067608	0	0	0
AT3G08610.1	5	16	0	0	140798027	154881073.7	2256789483.41	1542382718.71	0	0	111464601	112189172.7	2256789483.41	1499755283.1
AT3G08630.1	1	3	0	0	16241142	20612567.83	29679382.37	15773338.53	0	0	0	0	0	15773338.53
AT3G08640.1	3	6	252964706.36	80549784.8	156326930	184350546.4	16589378.14	85458701.56	190144573.89	80549784.8	58774676	79732219.22	0	0
AT3G08740.1	10	26	2032402023.28	246650864.505	1707887063	1938559072.66	57557991.766	118816110.94	1195860762.28	107398166.04	1707887063	1737341293.86	0	0
AT3G08780.1	1	1	0	0	0	18063698.26	0	0	0	0	0	18063698.26	0	0
AT3G08840.1	1	1	0	0	36094356	52155373	94526259.04	88187351.1	0	0	0	52155373	0	0
AT3G08850.1	1	1	11112892.26	0	9955871	26992287.39	0	0	0	0	0	26992287.39	0	0
AT3G08920.1	6	19	1137053633.93	1587113558.22	506158156	465061509.74	31978774.991	80892320.09	1137053633.93	1587113558.22	174483928	371827228.83	0	0
AT3G08940.1	5	38	52571317120.45	87176979535.77	22535785096	22238790743.07	2430392614.1	2299510010.4	52544997476.08	87176979535.77	21187535088	20435419406	2430392614.1	0
AT3G08943.1	4	6	0	0	183909729	201839066.106	18304712.47	2058104272.04	0	0	147787205	133140421.546	0	0
AT3G08950.1	9	13	32762120.468	19784910.6	195971393	161973129.62	1238615513.59	1472590194.23	0	0	45335548	101795874.86	1058584129.1	641873281.49
AT3G08980.1	1	1	0	0	0	10404411.84	58482443.44	58312333.81	0	0	0	0	0	58312333.81
AT3G09050.1	12	21	656997344.25	1183885751.12	479003094	548055035.32	289604789.322	431251404.16	385518760.99	976084081.7	347614440	367087096.95	0	0
AT3G09090.1	1	1	0	7060418.054	18785932	24783112.07	11117896.39	0	0	0	18785932	0	0	0
AT3G09150.1	2	4	16925624.94	0	88693442	27906424.46	0	0	16925624.94	0	88693442	27906424.46	0	0
AT3G09200.1	2	12	0	27447697.85	1141847796	704433903.59	78485408.89	55889216.73	0	0	1141847796	704433903.59	55920897.49	55889216.73
AT3G09210.1	2	3	62053566.72	35531622.96	0	0	0	0	62053566.72	15780474.41	0	0	0	0
AT3G09250.1	1	1	5621207.211	0	0	0	0	0	5621207.211	0	0	0	0	0
AT3G09260.1	2	2	29744985.55	34487132.04	251824304	28328539.03	74428829.94	59585899.78	0	0	251824304	0	0	0
AT3G09300.1	1	2	0	0	7178150	10246922.51	0	0	0	0	7178150	10246922.51	0	0
AT3G09350.1	3	3	0	0	137268940	64673922.23	8939124.129	57518036.94	0	0	137268940	0	0	0
AT3G09410.1	2	2	0	0	107561980	197208590.15	59052184.84	19934587.51	0	0	52472004	93379795.75	0	0
AT3G09440.1	12	27	140617307.652	128466850.41	3259156982	2684235704.946	394460121.08	431906030.895	0	26150674.5	1315363670	2652895250.23	185548981.52	223317185.75
AT3G09480.1	1	1	0	0	0	0	0	0	0	0	0	0	0	0
AT3G09500.1	2	2	0	0	0	0	86874741.33	115202929.96	0	0	0	0	65135546.77	20103595.63
AT3G09580.1	12	15	473764722.85	762157412.71	405666025	527038811.2	269684317.71	76973436.079	128709984.21	595741277.66	34663864	286956699.21	0	0
AT3G09630.1	10	28	64589704.334	44828971.969	3147356752	2689648388.78	987331338.11	927161045.16	21473845.04	0	2287939376	1955771146.98	809491835.13	685837504.65
AT3G09640.1	1	2	0	0	0	0	100821049	138663363.2	0	0	0	0	100821049	138663363.2
AT3G09700.1	1	1	0	0	16220370	27484460.21	63308547.62	45177897.97	0	0	0	0	0	45177897.97
AT3G09740.1	5	8	0	0	330249224	269183458.38	87793257.49	195538815.16	0	0	118566424	172412788.55	54893966.59	74098920.83
AT3G09810.1	10	24	42852717.405	22020804.321	409301036	341502223.17	4535802541.17	3849205070.29	0	0	198728968	172930725.94	4535802541.17	3832968667.1
AT3G09820.1	3	13	0	0	1112045320	992097549.9	110189963.23	205364324.32	0	0	1112045320	992097549.9	110189963.23	205364324.32
AT3G09840.1	27	49	46997621.917	127253847.969	4768216500	4530302103.65	454753198.63	336304562.219	0	0	3925739188	3947404823.81	109863324.64	107451763.11
AT3G09880.1	1	2	0	0	12711693	14891256.41	19764027.82	0	0	0	12711693	0	0	0
AT3G09980.1	5	7	4538216.333	22566523.12	245015196	233332906.36	1368255307.17	1004765646	0	0	169798820	168509474.22	0	0
AT3G10040.1	1	2	0	0	0	0	107579852.3	73721884.8	0	0	0	0	107579852.3	73721884.8
AT3G10050.1	1	1	20173023.17	221559365	9629254	27566504.76	4421787.603	0	20173023.17	0	0	0	0	0
AT3G10060.1	11	42	3533937950.774	5347417124.6	1986863403	2800893300.48	210322954.163	167571236.645	2816797921.174	5347417124.6	1761020115	1011166475.38	180606167.93	0
AT3G10110.1	3	5	0	7221534.651	26566528	13377585.16	246228203.27	189802438.97	0	0	0	0	246228203.27	159264677.65
AT3G10130.1	14	23	386054172.821	993612222.5	86483896.359	176847542.502	19538758.34	97718305.2	270978256.52	869578771	0	0	0	0
AT3G10160.1	5	13	16462983.33	0	27336987	23236272.33	501917041.6	484205639.41	0	0	0	0	501917041.6	484205639.41
AT3G10260.1	3	4	15982454.689	4235166.392	10580757	35540546.518	24201879.7	49589579.18	0	0	10580757	2074903.818	24201879.7	37538476.14
AT3G10270.1	5	7	91003944.838	129756380.67	66570282.5	95744903.61	72334024.88	59859584.28	84554935.37	57012442.34	0	0	0	59859584.28
AT3G10300.1	1	2	0	0	108961016	121455488.6	0	0	0	0	108961016	121455488.6	0	0
AT3G10350.1	4	9	298915223.99	52407013.88	72318610	144159724.885	109558286.93	131405175.03	298915223.99	52407013.88	43003560	55260005.92	33686412.39	0
AT3G10370.1	32	81	126231054.606	318278222.725	720990831.3125	892075237.8	11978526122.15	11020189753.441	0	0	176251376	325295581.57	10847352585.19	10247994941.8
AT3G10380.1	5	5	24934525.019	0	83750514	73324539.49	134950307.836	15147896.65	0	0	83750514	0	2648241.936	0
AT3G10405.1	1	2	28553490.61	16087668.96	0	0	0	12067158.51	28553490.61	0	0	0	0	0
AT3G10410.1	7	12	4435140.088	8286088.771	601398178	947845538.78	29671820.224	20288670.035	0	0	278179392	926119206.75	0	0
AT3G10420.1	1	1	10686437.11	0	66375384	80596452.73	0	0	10686437.11	0	0	0	0	0
AT3G10520.1	6	13	73693983.749	5527822.015	957971764	1315281985.42	206280427.041	199118755.06	5808139.937	0	957971764	1218126259.35	0	0
AT3G10620.1	2	2	32098368.884	0	90050776	110075290.36	29264278.11	18603142.62	8001094.064	0	0	45856693.05	0	0
AT3G10670.1	10	20	1087039348.07	253798593.02	885986642	5117142864.89	27949917.23	216990172.449	1053899482.42	180785973.28	497838324	470864482.5	0	0
AT3G10690.1	29	56	736922916.939	760827366.565	1514167182	1358938414.383	2524433608.23	2835675885.06	473667663.03	394131623.78	89691866	62736066.39	1849974453.67	2247184711.79
AT3G10710.1	1	1	4538693075	10078460287	2630068224	2547488479	330768574.8	314401858.3	4538693075	0	0	0	0	0
AT3G10730.1	3	4	0	0	9246450	15882911.5	86395137.81	93365000.56	0	0	0	0	60640473.24	64229904.74
AT3G10740.1	6	6	12899961.47	0	206607408.75	148185963.233	44060159.61	94891050.1	0	0	206607408.75	0	0	0
AT3G10840.1	3	8	141915922.22	48737799.8	76629676	103183801.59	286301985.5	1022986852.85	141915922.22	48737799.8	0	103183801.59	0	0
AT3G10850.1	6	9	0	16711630.495	706809156	871996749.84	51889495.123	78518447.122	0	0	675557628	622081373.74	0	0
AT3G10860.1	6	16	5798993.372	16832243.885	421690775	517762709.99	21921251525.95	21167028126.57	0	0	332544448	427224864.7	19266801244.5	21013886254.97
AT3G10920.1	19	110	437651732.315	284817472.818	5679962164.13	6788727821.958	62570386948.5	52734418365.1	68589302.23	40804181.57	5415278880	6025240777.7	62444702366.4	52734418365.1
AT3G10940.1	5	10	167442634.66	143319561.998	193099432	318243166.69	0	18997137.05	130237012.65	27433309.16	97907428	296194170.76	0	0
AT3G11070.1	22	41	6379633.903	34072921.084	276730912.5	441680674.979	6792045911.03	8797463819.01	0	0	121108938	50196029	4435580657.62	7822557261.97
AT3G11100.1	1	1	0	0	0	0	25728268.89	0	0	0	0	0	25728268.89	0
AT3G11130.1	9	19	8800310.825	3368031.601	722104617	782736380.505	271921860.81	290402804.864	0	0	652825353	733912204.52	192331172.62	266833754.77
AT3G11170.1	5	6	191572604.931	44713070.329	41650026	86624888.472	51874790.14	15357627.23	186609640.611	0	19834396	0	0	0
AT3G11250.1	1	2	0	0	26488072	17054995.12	0	0	0	0	26488072	17054995.12	0	0
AT3G11340.1	2	2	0	0	67768978	0	0	0	0	0	67768978	0	0	0
AT3G11400.1	7	10	41982848.05	17717597.27	381935266	303061026.64	152951169.84	125292374.46	0	0	309828298	214138735.65	26712770.42	0
AT3G11510.1	1	5	21623121.43	14192719.47	1011189696	668095567.9	157092928.7	153271387.3	21623121.43	0	1011189696	668095567.9	0	153271387.3
AT3G11560.1	5	7	131382552.75	88855345.85	75292522	55590743.71	64660546.87	108416948.85	64968192.67	88855345.85	19273336	0	0	0
AT3G11630.1	6	23	7985955290.7	1282020543.4	7101615699	10669823395.57	431316268.57	357448893.25	7985955290.7	357918768.06	2919059680	5741144563.81	0	0
AT3G11660.1	3	6	0	9130286.351	213682794	104043107.017	19476948.986	11332395.8	0	9130286.351	213682794	0	0	0
AT3G11700.1	1	1	64276935.77	24939852.96	43036004	0	33519651.85	93457566.88	0	0	43036004	0	0	0
AT3G11710.1	13	21	45924268.204	26634768.819	1495988028	1218895757.12	261685896.24	730032521.16	0	20182724.62	1384041164	738835431.9	0	0
AT3G11750.1	1	1	0	0	45842812	0	17027448.3	0	0	0	45842812	0	0	0
AT3G11770.1	3	6	18639816.9	25069603.37	170898168	79264379.76	201339298.29	239608200.76	0	0	170898168	0	97269339.99	72448139.09
AT3G11780.1	2	2	0	0	278755608	81277821.03	0	0	0	0	278755608	0	0	0
AT3G11820.1	7	16	5742807.768	0	650267312	487968386.44	1296568511.778	2066176097.08	0	0	528989984	401229646.88	103477751.93	97553578.71
AT3G11830.1	12	26	114149796.109	66871389.48	1487894884	1434812922.86	179023319.27	210783201.11	0	0	1320302544	1434812922.86	62953884.5	53447365.36
AT3G11910.1	7	9	11933234.89	11058793.09	274420358	242869194.85	127538372.04	190792404	0	0	249518774	161073755.34	0	0
AT3G11930.1	5	9	0	0	987760536	388978346.91	25979273.84	10655470.39	0	0	987760536	355743667.09	0	0
AT3G11940.1	13	58	203011062.79	283955269.37	5929716708	5725512145.9	1683570315.59	2486587108.24	94630859.13	78699820.07	3190303964	5627400448.81	1487957504.74	1465647855.96
AT3G11945.1	2	7	57536146.46	49865803.01	129229100	87033183.46	64200048.67	71681244.62	57536146.46	49865803.01	91713360	87033183.46	64200048.67	0
AT3G12050.1	3	7	34920000.17	39261600.95	222925940	210444291.58	17919473.19	62580313.02	0	0	222925940	210444291.58	0	0
AT3G12080.1	1	1	35684670.68	8984771.183	13969131	15031510.34	0	0	35684670.68	0	0	0	0	0
AT3G12110.1	1	3	0	0	36091036	9191362.306	44232732.04	78126315.13	0	0	36091036	0	44232732.04	78126315.13
AT3G12130.1	2	2	0	0	29728295	21124440.09	0	0	0	0	29728295	0	0	0
AT3G12260.1	19	63	9012272.43	8399327.027	1571608566	1922281652.02	30975866199.46	33381596690	0	0	1326342932	1814110169.7	25770556103.66	30840421495.3
AT3G12290.1	10	19	129411211.7315	153265545.77	1665224511.2188	1266849851.89	173791485.06	140812772.7271	0	13694814.27	1664708168	1183324240.4	117149801.95	43787981.64
AT3G12345.1	4	17	1588395225.3	1399119768.6	701180233.8125	334472324.99	59888345.45	90221100.74	1588395225.3	1399119768.6	380253249.8125	244536974.5	0	0
AT3G12370.1	4	8	63782545.18	56374874.94	7633118.5	36708636.14	499232008.33	403142383.8	0	0	0	0	499232008.33	403142383.8
AT3G12390.1	3	7	30250353.85	37103893.27	222346388	113776122.68	120965253.6	140234484.29	0	0	222346388	53697837.59	0	140234484.29
AT3G12400.1	1	1	0	0	16921236	15775459.94	0	0	0	0	16921236	0	0	0
AT3G12490.1	7	17	25063355.92	50615814.948	1723649310	2089148609.69	351328719.829	255244084.5	0	0	1723649310	2089148609.69	127518784.9	0
AT3G12580.1	4	5	78500310.86	85956421.75	332299764	164365217.4	40437428.903	159722596.875	0	0	332299764	76656347.42	0	0
AT3G12650.1	5	10	0	0	69678007	82274909.89	563746702.13	594705906.53	0	0	44215968	55340036.29	467284165.05	516078725.27
AT3G12685.1	1	2	27905982.8	39688431	49016540	17322366.24	0	37715033.9	27905982.8	39688431	0	0	0	0
AT3G12740.1	2	2	48826392.01	0	134542384	107939024.91	105627590.26	96079010.19	0	0	103877888	26994157.7	0	0
AT3G12780.1	18	155	64033585409.71	12643213596.73	60960956964	70838614882.609	2456318866.76	2100335589.75	52248550217.71	12643213596.73	58680524068	67759273811.15	1271383174.7	841466154.6
AT3G12800.1	12	24	0	56510850.681	946761598	915506355.17	1758382985.33	1250906950.851	0	0	603805188	524994917.76	1304015809.79	879454769.63
AT3G12810.1	1	1	1657151.829	1464843.121	16160545	30060158.3	16590332.77	7585228.683	0	0	0	0	16590332.77	0
AT3G12940.1	1	1	0	7445666.296	0	0	0	41668636.11	0	0	0	0	0	41668636.11
AT3G13070.1	2	3	8873824.203	0	20410568	18383620.579	8073485.364	0	8873824.203	0	20410568	0	0	0
AT3G13110.1	10	20	97255447.87	7447891.203	271996691	165219002.067	2721347698.3	2184149942.25	0	0	92160220	51877527.83	2475024159.63	938521701.39
AT3G13120.1	4	14	1654373373.2	322105403.66	1372188768	1188920602.9	151632759.129	37836653.702	1654373373.2	322105403.66	737144928	655665664.1	136838675.37	0
AT3G13150.1	3	5	0	2680308.166	0	15364366.45	88883070.27	127018778.28	0	0	0	0	88883070.27	83399625
AT3G13160.1	12	25	8264592.646	18463192.4	66272991	135605560.652	3074789579.09	2197622900.4	0	0	0	0	3074789579.09	2074552687.87
AT3G13235.1	9	15	50875420.88	69630182.52	803285532	632920449.04	2477655608.861	4679175653.621	0	0	803285532	467750160.92	0	0
AT3G13290.1	1	1	0	0	0	6585795.619	0	0	0	0	0	6585795.619	0	0
AT3G13300.1	12	22	5526708.541	18694631.371	570751714	682651298	102010236.21	143897551.78	0	0	549577062	540595751.79	0	84520002.81
AT3G13330.1	1	1	0	0	39422624	42355902.29	0	0	0	0	39422624	0	0	0
AT3G13360.1	1	1	0	0	0	0	21433374.28	20882866.44	0	0	0	0	0	20882866.44
AT3G13450.1	1	3	0	0	22655851	28118299.87	78222277.99	42834370.02	0	0	0	0	0	42834370.02
AT3G13460.1	4	6	11052025.79	8250525.7	114622796	159384347.95	35634396.422	0	0	0	51898888	159384347.95	5175999.251	0
AT3G13470.1	9	22	650906193.01	151655236.692	1179986533	503921570.93	73683468.04	100151485.97	368289465.21	38708468.29	526626547	476083196.98	0	0
AT3G13490.1	8	13	159225995.865	94912835.3381	55488697.8125	89206846.52	269378140.56	334839152.189	73802757.9	0	38751012	0	269378140.56	112663422.6
AT3G13530.1	2	2	0	0	8168474.063	8193988.793	0	0	0	0	7154655	1539365.339	0	0
AT3G13560.1	5	9	0	0	301705016	338990864.98	63047368.034	14244243.16	0	0	259309512	338990864.98	0	0
AT3G13580.1	4	9	41469041.23	158928018.644	400473182	597556596.31	80732666.53	167182989.33	0	0	287947336	444747626.81	80732666.53	0
AT3G13720.1	3	7	0	0	319161872	117537599.42	152131041.043	170663231.8	0	0	319161872	117537599.42	146301252.9	0
AT3G13772.1	4	6	52967631.18	21657801.44	57527114	47253249.83	165524317.71	170121214.671	0	0	0	0	137943938.73	160677602.41
AT3G13790.1	5	5	4803430.088	10893709.07	199717278	9643041.353	14755651.98	0	0	10893709.07	163186790	0	0	0
AT3G13800.1	5	9	137413352.55	28288066.9	149695056	158424088.74	287679676.857	110291550.18	75306206.55	17520569.88	0	82764816.22	159749234.01	62907732.13
AT3G13845.1	4	5	0	0	0	15559284.53	713580966.45	551321800.75	0	0	0	0	713580966.45	303436130.3
AT3G13860.1	42	101	750399544.645	386105713.832	1566263858.5	1586162745.74	24087508596.63	21154288267.19	0	0	368998160	381257678.47	21599092792.82	20766627562.12
AT3G13870.1	11	19	29715607.89	28057161.941	783339552	470637732.59	376722035.07	357100535.38	0	0	463827928	328406428.78	52291478.65	185792437.48
AT3G13920.1	6	13	52224368.265	18620077.947	2282553549	2026279375.49	431563108.39	435482608.68	0	0	1477064176	1454718977.29	323893365.49	165634251.7
AT3G13930.1	31	91	180629014.361	300820634.222	2183503327.75	2185400219.7047	39227229834.23	38477875535.31	0	0	1688853724	1779667607.89	39085100042.03	32899661417.79
AT3G14067.1	10	22	149951122.684	114390596.225	3606140428	3826404389.6	82623137.68	153421921.16	0	0	3188827980	3326372902.3	0	0
AT3G14100.1	1	1	0	0	36984316	36585457.12	15363335.1	0	0	0	36984316	0	0	0
AT3G14110.1	13	36	4189000008.65	5270553689.57	1671740996	1220679414.84	218378437.304	96938596.651	4140994214.87	4192515985.97	1017514616	401248643.04	0	19539953.96
AT3G14150.1	6	7	0	2063331.31	160891221	107951157.23	143942712.77	110274307.17	0	0	72839897	75449265.27	106229708.75	43474012.41
AT3G14180.1	2	3	0	0	0	0	50032327.02	38897311.78	0	0	0	0	50032327.02	25977293.41
AT3G14210.1	25	185	5880056282.72	6060438415.077	72887833227.5	107309489819.36	66026979208.872	61694186575.11	4322876567.47	5099881268.84	62142876018.625	107261290482.58	66023293051.11	60477676678.1
AT3G14270.1	1	1	33966239.62	6147056.149	31637946	0	0	0	33966239.62	0	0	0	0	0
AT3G14310.1	19	86	1106474242.22	3629557262.1186	12324733025.25	20750579449.255	375153210.723	430335142.89	864736204.37	3533133160.65	10368024833.25	19332450553.855	188747870.34	0
AT3G14390.1	2	3	101589279.91	25428359.22	112412940	98413033.88	0	0	82305232.95	0	54382852	46568553.2	0	0
AT3G14415.1	17	58	341481122.034	358189911.316	14483032724	12275623950.024	9861084248.1	7150965910.54	70795552.37	23968527.54	14483032724	7344011657.2	8130130727.1	3575100406.8
AT3G14420.1	21	97	622990426.421	281982905.97	30674166128	29345695460.55	26053650174.82	16164815256.1	349510302.76	221518699.7	21722669320	29266504164.6	24929624336.77	13575995111.21
AT3G14600.1	1	1	6464414.73	0	57336688	41183138.5	20532933.62	21329510.3	0	0	57336688	0	0	0
AT3G14660.1	2	2	0	0	69890670	108377937.91	27459871.42	18325615.07	0	0	0	108377937.91	0	0
AT3G14690.1	1	1	0	12486206.64	24019062	39228834.24	0	0	0	0	0	39228834.24	0	0
AT3G14790.1	1	1	78764978.32	0	72230392	0	0	0	0	0	72230392	0	0	0
AT3G14920.1	4	7	0	0	221565932	236313713.38	30203102.75	95288819.36	0	0	221565932	158020073.87	0	0
AT3G14930.1	8	27	1803964161.3	228098620.616	1676630212.5	1010578204.95	32433347.864	43088318.27	1525139028	164633649.15	1672076820	451112407.6	0	0
AT3G14990.1	6	13	9399118.404	2645471.322	1297204260	1128092866.66	100338269.29	132651262.01	0	0	1297204260	883550867.46	0	39278971.46
AT3G15000.1	12	23	49331880.863	37246438.583	428848620	469233033.22	5360238814.14	4835985569.95	27120425.04	0	252246664	46263827.96	2986138767.74	3733349844.26
AT3G15020.1	7	16	31857896.18	41655130.14	269989872	325032520.63	2610299489.787	2236773864.14	0	0	201333040	237003305.86	2591905888.487	2214512375.87
AT3G15090.1	19	49	74354551.422	0	460845381.5	620466996.69	10926262352.79	10624451715.12	0	0	232561916	440116389.4	9738789055.53	8896408971.13
AT3G15110.1	3	7	139913862.97	244018896.23	99220766.5	106005635.49	0	0	127938399.6	244018896.23	25254690	0	0	0
AT3G15180.1	1	1	7947874.15	12203980.3	15831458	26100128.07	0	0	0	0	0	26100128.07	0	0
AT3G15190.1	8	30	4098047615.41	1137668830.02	2007765666	1776480861.72	273483477.59	133071024.42	4098047615.41	1087212073.48	1615743036	1761866552.9	192454881.83	87487171.77
AT3G15260.1	5	7	8160685.138	5696726.632	156282927	254024264.48	6657610.729	26021659.21	0	0	120950784	211337306.6	0	0
AT3G15290.1	1	1	0	0	22347504	32160490.6	37993800.02	18136457.93	0	0	0	0	37993800.02	0
AT3G15356.1	6	13	55890961.919	186576196.35	641099236	915196911.17	134060837.78	284852217.96	0	146212680.05	444563532	746591157.9	51004693.68	0
AT3G15360.1	6	34	7211740006.37	2232344303.65	7377528540	7563298745.9	45770737.36	35676368.917	7211740006.37	2232344303.65	7377528540	7563298745.9	0	29353070.08
AT3G15395.1	2	4	12541479.16	21034182.66	25698556	20138862.44	468734166.09	633202331.65	0	0	0	0	468734166.09	633202331.65
AT3G15520.1	18	58	4446052312.2	6012566392.74	3097675261	3486378583.9	625206166.006	782342508.345	3635525020.5	4559777728.34	2987783624	2600523382.9	0	0
AT3G15590.1	15	21	21113546.08	25107227.061	209194622.75	101074731.339	1784734420.48	1697750857.38	0	0	0	0	1141983608.27	1217073713.49
AT3G15640.1	7	36	55986238.64	68732036.135	1214086020	1622891883.78	12949714970.3	17853681820.36	0	0	552344816	1054111049.6	12949714970.3	17853681820.36
AT3G15660.1	12	25	131312842.61	131453971.453	654599706	589383362.783	8840632190.75	7801235532.57	0	0	112018592	71385461.83	8766018675.16	7748753575.98
AT3G15730.1	39	111	94674046.048	7310865539.542	15337167069.5	15632810683.92	2895150620.933	2855851313.749	34708246.67	7212979148	12891593283	14790192177.67	2076062787.12	1914034157.2
AT3G15790.1	2	4	18572014.22	9204817.767	241798002	127200449.48	0	0	0	0	241798002	127200449.48	0	0
AT3G15840.1	5	12	1081538942.41	501854489.898	902435204	877196649.5	10262800.6	0	1065576639.65	496890975	695669156	877196649.5	0	0
AT3G15880.1	2	2	0	0	69495918	67122041.99	55294274.739	25338241.88	0	0	0	40934204.75	0	25338241.88
AT3G15900.1	1	4	63759387.31	64513448.64	49106264	64905814.89	0	0	63759387.31	64513448.64	49106264	64905814.89	0	0
AT3G15980.1	1	1	0	0	38726544	22878464.43	14566733.59	21520476.63	0	0	38726544	0	0	0
AT3G16000.1	41	105	6689729461.277	10755090367.4	3993790380	2511696225.95	406154719.43	414535849.173	5005905553.54	9237569220.03	2013651160	1271798549.19	0	0
AT3G16030.1	1	1	0	9946861.002	0	0	0	0	0	9946861.002	0	0	0	0
AT3G16100.1	2	3	6982633.848	3538989.115	64766060	51363362.23	42095779.282	41901957.647	0	0	64766060	51363362.23	0	35582419.9
AT3G16110.1	10	13	0	4271631.929	483768794	627980629.75	150232410.285	94646750.28	0	0	277142316	495847234.57	0	0
AT3G16140.1	3	40	125160449.86	60923546.75	231467155.5	250353124.719	108396934.5	71863013.56	125160449.86	60923546.75	231467155.5	250353124.719	108396934.5	71863013.56
AT3G16230.1	5	6	0	17751748.62	7640129.5	0	287591634.34	352397264.18	0	0	0	0	163369049.22	287603556.33
AT3G16240.1	5	34	39051613.63	0	3052730215.5	873448495.344	0	0	0	0	3052730215.5	873448495.344	0	0
AT3G16250.1	3	6	456075168.98	935137577.27	348557776	303378437.15	14008168.62	55438907.91	46464618.98	843737335.8	300079720	91394750.55	0	0
AT3G16290.1	7	8	206364915.35	90476916.156	99631591	115757978.314	37393957.213	69004976.54	121352628.85	36951304.774	0	42277246.2	0	0
AT3G16370.1	2	3	2810846.614	8105239.032	161951280	114981918.59	10141592.68	34358326.06	0	0	78502792	114981918.59	0	0
AT3G16400.1	9	16	0	0	1121778460	787781842.18	27105882.53	0	0	0	962834652	644473841.08	0	0
AT3G16420.1	5	11	44828175.109	50935369.623	500639346	210419538.42	102386268.23	186495769.15	0	0	500639346	148107577.16	102386268.23	140080555.48
AT3G16460.1	1	1	0	0	23775122	0	0	0	0	0	23775122	0	0	0
AT3G16470.1	17	55	441276014.0897	492139984.9748	1483987225.5156	734404507.2948	1922062088.77	3174780140.049	380491118.332	431084291.89	1240569704	479924585.93	1813273077.27	2855684021.72
AT3G16480.1	13	33	1239704.29	17138195.65	712543077.5	892514985.832	4896294884.23	6399178064.195	0	0	172121197.5	223309728.282	3959694980.2	5444741531.685
AT3G16520.1	4	5	83627520.414	13276819.53	404024684	449500045.68	126010944.11	159592008.54	0	0	244410592	206151407.33	0	72471320.61
AT3G16530.1	3	7	0	11734728.92	282261136	560306208.57	111687206.27	5813605.65	0	11734728.92	282261136	560306208.57	0	0
AT3G16570.1	1	1	23030630.33	53761883.11	13735162	0	5627255.143	0	0	53761883.11	0	0	0	0
AT3G16640.1	6	18	235478874.91	211061487.89	5694932280	4613933488.3	1244627127.239	1466877091.09	0	141932006.73	620039992	3392607195.3	1104894184.6	1264991683.63
AT3G16670.1	1	4	58797377.47	51073298.61	749246400	242539973	300927318.5	135090358.8	0	51073298.61	749246400	242539973	300927318.5	0
AT3G16780.1	1	1	0	0	25706348	6145192.146	8425515.292	0	0	0	0	0	8425515.292	0
AT3G16830.1	5	5	0	5792891.861	133489787	91661618.66	0	23257411.835	0	0	84831846	46511350.92	0	0
AT3G16850.1	3	5	0	0	371490168	234879630.12	0	0	0	0	371490168	234879630.12	0	0
AT3G16890.1	1	2	35035481.27	0	35152572	38715832.49	0	0	35035481.27	0	0	0	0	0
AT3G16910.1	9	17	81735206.191	45541916.232	833885640	1033324274.68	895975864.35	881742530.76	0	0	765235784	707467898.58	218271718.32	545113648.59
AT3G16940.1	1	2	0	0	0	0	43860781.09	49088322.75	0	0	0	0	43860781.09	49088322.75
AT3G16950.1	5	10	414651182.32	101326546.627	165167112	75208359.26	66773598.22	106758957	319332325.73	46887012.465	0	24748124.82	0	0
AT3G16990.1	4	4	8982324.831	5783447.643	153265088	189890632.08	19988797.69	0	0	0	79172852	82471903.35	0	0
AT3G17020.1	4	11	68546145.97	63461204.395	1491800692	1625437618.3	22989421.958	24956172.75	16234378.72	18088147.08	925734608	1625437618.3	0	0
AT3G17040.1	3	3	58622683.27	7494440.756	85880118	99647145.869	11928879.78	0	58622683.27	0	0	0	0	0
AT3G17170.1	2	2	65749825.67	13758486.04	31670171	13904433.86	0	0	65749825.67	0	0	0	0	0
AT3G17210.1	5	11	21788879.65	34408592.58	1306329120	1291902333.71	74791828.54	176205534.3	0	0	1004696192	1291902333.71	0	0
AT3G17240.1	31	101	310470520.641	296845616.267	3151406044.63	4034605310.037	40641307605.25	31990383092.47	25248890.49	0	1747091371.63	3053071888.93	37043842969.25	27926872781.1
AT3G17300.1	1	2	0	0	0	0	121232855.6	165863111.1	0	0	0	0	121232855.6	165863111.1
AT3G17390.1	8	21	165674584.95	17970739.025	1676413160	1848796482.58	601735118.44	733244627.46	0	0	1613698044	1848796482.58	425316786.5	239878852.7
AT3G17410.1	1	2	0	0	109998984	0	70433709.21	103362097.6	0	0	109998984	0	0	0
AT3G17440.1	2	4	36370946.864	5156036.194	76090936	82975538.51	20663489.64	32265777.1	0	0	38258272	35040439.38	20663489.64	32265777.1
AT3G17465.1	3	8	0	5787946.542	18939830	10856930.22	595606306.6	636846042.4	0	0	0	0	595606306.6	636846042.4
AT3G17590.1	1	1	0	0	0	0	21385930.88	25642935.49	0	0	0	0	21385930.88	0
AT3G17760.1	2	9	0	0	530529932	453977511.98	0	29282846.43	0	0	530529932	453977511.98	0	0
AT3G17770.1	3	4	0	0	118495060	123229762.13	0	0	0	0	85674286	123229762.13	0	0
AT3G17810.1	17	44	2256539976.036	1343877234.435	1787816714.875	1759703946.26	269269059.7197	246571048.2127	2124150000.296	1105776636.61	1113287396.875	1214361548.59	0	0
AT3G17820.1	1	1	10886638.39	29216118.77	84093648	110290378.1	0	118943592.7	0	0	84093648	0	0	0
AT3G17830.1	1	1	0	0	0	111936517.2	0	0	0	0	0	111936517.2	0	0
AT3G17840.1	2	2	3188953.453	0	35047345	21725026.47	42385342.83	62483624.018	0	0	20789594	21725026.47	0	0
AT3G17880.1	2	2	68344327.95	35301739.906	53562200	113199526.09	54048693.03	0	0	0	0	113199526.09	0	0
AT3G17900.1	1	1	0	0	28779772	19525687.99	0	0	0	0	0	19525687.99	0	0
AT3G17910.1	8	13	533831475.344	355121659.934	1336205902	1632465808.67	833312459.79	785531027.26	0	0	0	0	774708252.09	528654494.21
AT3G17930.1	6	17	579489968.21	862429450.69	159273237	183705710.87	292535589.95	135377444.95	579489968.21	862429450.69	52052348	74330603.58	0	0
AT3G17940.1	1	1	0	0	73525808	77399962.04	0	0	0	0	73525808	0	0	0
AT3G17970.1	9	27	474110691.51	192177802.5	360127270	381656053.4	246459784.26	253994137.8	269725007.97	87900396.2	191421002	327385108.61	101960004.11	174176817.77
AT3G18035.1	17	33	133405435.919	101158348.874	368428040	298477444.512	3238718611.67	2535179775.88	0	0	95374716	50336628.64	2393576775.33	2156967394.04
AT3G18060.1	9	10	80952538.199	102952424.8	675647156	493220068.56	61578979.24	76965794.07	0	0	371580016	258878176.17	0	0
AT3G18080.1	22	53	39276502602.608	23413384212.805	121808804916	124338005441.46	2227378256.043	4991029960.182	38950369775.9	1870178329.01	2553944976	122546091301.74	0	0
AT3G18110.1	1	1	5576570.404	0	0	16806932.65	30904300	11233740.32	0	0	0	0	30904300	0
AT3G18130.1	3	5	11291949.92	134664203.5	351000888	477529829.06	21813454.24	64368457.98	0	0	222134024	477529829.06	0	0
AT3G18165.1	1	1	0	0	16318025	12545509.81	0	0	0	0	0	12545509.81	0	0
AT3G18190.1	14	24	57243999.633	57992085.989	2153919398	2162092883.68	255492323.75	284835084.8	0	0	2032948294	1590223830.68	86861832.81	96908838.31
AT3G18210.1	1	1	0	0	11322684	0	18571209.44	0	0	0	0	0	18571209.44	0
AT3G18240.1	1	1	21220269.73	0	23512298	5074011.312	30972396.01	32239682.9	0	0	0	0	30972396.01	0
AT3G18270.1	3	4	44559389.86	14612133.45	33939808	161153399.19	5711102614	4041483875	44559389.86	0	33939808	0	0	0
AT3G18280.1	3	3	49310473.26	11209132.98	196382819.5	71665454.32	329168448.5	390830595.89	0	0	0	0	329168448.5	0
AT3G18390.1	3	3	64196377.65	3046272.543	25685586	15106145.58	124092742.85	43868244.85	64196377.65	0	0	0	0	0
AT3G18410.1	5	19	0	34843874.99	327180558	381165267.74	3622174823.4	2293792244.9	0	0	88567694	272210149.14	3371116809.6	2293792244.9
AT3G18420.1	4	7	195741716.04	128175502.71	155093348	76901868.01	44634537.77	13523470.41	51628326.29	91126822.51	135620800	60367208.25	0	0
AT3G18480.1	7	11	0	13516248.78	82745992.5	60611560.7	425197599.39	647986086.28	0	0	24910494	0	326436764.52	246305260.51
AT3G18490.1	6	9	0	49120128.323	1787289304	1908059579.06	104718156.46	273715814.14	0	0	802877576	1177943519.76	0	0
AT3G18500.1	3	3	61500677.18	0	37358593	53194541.69	0	0	61500677.18	0	0	25197603.67	0	0
AT3G18580.1	7	12	7440348.15	20963506.96	15063524	0	1095330541.45	965399391.1	0	0	0	0	1095330541.45	784470191.1
AT3G18680.1	2	2	60614574.35	4622041.211	12450011	0	0	0	60614574.35	0	0	0	0	0
AT3G18740.1	2	3	0	0	57433705	22900592.5	57021833.16	82384020.11	0	0	52800276	0	57021833.16	82384020.11
AT3G18760.1	4	7	13288527.96	16656715.33	30159995.5	17661404.475	400896777.33	430710572.78	0	0	0	0	400896777.33	367899564.61
AT3G18780.1	1	5	0	0	26433261	94613427.28	28390844.91	37278233.2	0	0	26433261	94613427.28	28390844.91	37278233.2
AT3G18820.1	2	6	64731560.02	113082343.4	115192628	144907358.7	0	27895420.02	0	0	115192628	144907358.7	0	27895420.02
AT3G18830.1	2	3	0	0	23957969	50320983.32	0	13518890.86	0	0	0	50320983.32	0	0
AT3G18860.1	4	6	0	7006223.082	131236122	72549769.5	0	0	0	0	131236122	39490029.15	0	0
AT3G18890.1	27	114	11887406340.515	13376584421.77	5678703957	6571260753.398	606284382.194	591410918.593	11079443903.72	12522792978.47	5179327795	4425952562.16	102830513.53	66531610.07
AT3G18940.1	1	1	0	0	22799432	35741335.35	0	0	0	0	0	35741335.35	0	0
AT3G18990.1	4	7	248533860.262	6169446.548	35202453	64031029.48	405686559.64	404267054.11	0	0	0	0	405686559.64	312310001.81
AT3G19000.1	1	1	0	8611823.823	17790210	28979630.21	0	0	0	0	0	28979630.21	0	0
AT3G19010.1	6	9	47045481.926	24799053.35	344669782	323551799.95	77804316.22	13193585.52	0	0	253863052	274914671.07	0	0
AT3G19120.1	2	2	0	0	0	0	87589823.39	46657234.94	0	0	0	0	35899509.87	46657234.94
AT3G19130.1	1	1	0	72815863.16	50201816	53325499.89	0	0	0	0	50201816	0	0	0
AT3G19170.1	36	100	5374338826.333	1688362522.617	6731290458	8019588389.9	799631474.937	677944785.324	4840577950.06	1360787905.32	3898234714	5114140602.64	482230831.99	417758463.38
AT3G19240.1	2	3	8001404.595	0	14254709	20283414.75	60291809.998	44124248.607	0	0	14254709	0	52759808.89	36357466.52
AT3G19290.1	1	1	577578198.8	302805737.7	0	39545610.21	30776927.78	134766057.1	0	0	0	39545610.21	0	0
AT3G19310.1	1	2	42418193.4	29922804.69	18684428	14858414.33	0	0	0	0	18684428	0	0	0
AT3G19340.1	2	2	1810453.496	4784982.417	135804424	118632462.98	81499584.049	66149746.491	0	0	0	19302418.93	75434159.97	0
AT3G19420.1	3	4	112506028.45	131886219.9	170519292	194013121.58	50739037.28	37813372.31	0	0	170519292	68879100.48	0	0
AT3G19450.1	7	13	61123498.12	12984198.58	982498589	918978701.69	102725835.72	152981082.25	0	0	968932908	824246648.23	0	0
AT3G19480.1	11	26	665473027.296	157145955.066	684583930	842656961.42	109658321.59	203471308.229	626321505.68	111497028.34	321602962	449955033.56	0	0
AT3G19490.1	4	7	701555320.92	885136913.83	213847194	229868724.12	230700961.29	109804254.557	671357997	584650021.53	158652944	0	0	0
AT3G19508.1	4	6	8343901.023	12348138.86	0	0	588995538.2	485903752.86	0	0	0	0	588995538.2	250319634.3
AT3G19620.1	5	7	0	2731364.869	151817170	212805710.36	26479527.42	34597724.27	0	0	62148634	212805710.36	0	0
AT3G19710.1	4	4	11077918.17	9496477.745	101785392	129282971.96	16844065.23	13362648.56	0	0	32577562	103120292.65	0	0
AT3G19720.1	1	1	18195814.82	9831233.551	0	0	0	0	18195814.82	0	0	0	0	0
AT3G19740.1	6	10	223717334.606	55009998.283	72724390	108946255.53	430422340.73	434123230.56	0	0	0	0	430422340.73	284935853.23
AT3G19760.1	9	15	55691691.482	27796058.68	1019214664	766079267.98	6014490320.08	135760273.03	0	0	715141560	698407670.52	0	0
AT3G19770.1	1	3	0	0	29200708	0	0	79835177.19	0	0	29200708	0	0	0
AT3G19810.1	2	3	51534254.32	25457573.29	10858838	2003444.987	105861397.9	157066685.05	51534254.32	0	0	0	0	0
AT3G19820.1	11	25	539104103.6	8428260.125	600012370	263941421.94	475287804.47	627401679.53	0	0	351535522	210963978.99	335567662.62	480881979.57
AT3G19830.1	1	1	97309194.24	51403752.7	0	0	13140785.65	0	0	51403752.7	0	0	0	0
AT3G19870.1	1	1	34925511.91	29585861.22	241021472	6425540.011	18842489.74	25053778.83	0	0	241021472	0	0	0
AT3G19895.1	1	1	0	0	0	0	47001181.39	45616100.08	0	0	0	0	0	45616100.08
AT3G19900.1	1	1	27987126.9	18520400.18	52842972	0	26354005.83	20179479.84	27987126.9	0	0	0	0	0
AT3G19990.1	2	3	31474943.67	13277686.98	41291384	42542610.11	0	21951207.32	0	0	41291384	24550437.78	0	0
AT3G20000.1	29	74	91040735.956	206279313.93	1760147166	1851657247.435	15999036160.34	17349622330.61	0	0	199003169	1046244473.4	15852980108.14	14806980850.25
AT3G20050.1	14	26	72354522.82	101798152.403	1679131720	1793428149.08	167283911.022	156127010.953	0	0	1547926824	1362084655.72	48086353.58	0
AT3G20120.1	1	2	0	0	0	0	68390680.97	88531558.84	0	0	0	0	68390680.97	88531558.84
AT3G20250.1	2	8	4847087323	5014445650	357752480	16570864101.86	5114364686	8665849146	4847087323	0	357752480	16570864101.86	5114364686	8665849146
AT3G20320.1	9	22	872976777.734	401731991.01	351291538	379537364.8	265758102.96	304870800.25	864493717.39	377291195.9	126039602	286650865.98	0	0
AT3G20330.1	14	33	1360001039.07	550685785.81	1203970551	1465701801.35	84900925.6	86683391.25	882889079.56	443187496.42	806471832	792017129.97	0	0
AT3G20390.1	15	70	7429112189.47	2265175250.439	7048383138	9528392419.8	7992995076.08	7522557233.1	6114439407	1454798612.6	6150823600	8105322866.2	7945707577.39	6385358888.24
AT3G20410.1	2	4	0	0	61023299	41302252.12	0	0	0	0	61023299	41302252.12	0	0
AT3G20440.1	1	2	11742522.76	7406947.502	0	11017402.17	0	0	11742522.76	0	0	0	0	0
AT3G20510.1	1	2	18524436.51	9846331.435	67765800	115364290.7	0	0	0	0	67765800	115364290.7	0	0
AT3G20540.1	1	1	0	65939724.77	0	0	0	0	0	65939724.77	0	0	0	0
AT3G20630.1	4	4	2951990.437	0	147929958	134023389.56	0	0	0	0	11552200	123818806.7	0	0
AT3G20670.1	6	7	6463046.713	66408307.58	227114392	242515167.32	733790687.47	1119305375.98	0	0	93282264	0	389659821.25	188806751.7
AT3G20680.1	4	8	137237830.52	29329140.49	87383977	102601656.345	0	0	137237830.52	16423891.4	76454342	64305258.58	0	0
AT3G20790.1	1	2	0	60938154.57	85086728	98910081.09	0	0	0	0	85086728	98910081.09	0	0
AT3G20820.1	10	22	38822856.42	234495992.11	4146571378	1692913947.67	1136650865.05	658972944.502	0	126707109.08	2074186784	637028478.5	359663073.83	364447634.15
AT3G20970.1	5	10	0	17395979.327	73222808	31522167.35	1986190372.1	1716542654.49	0	0	0	0	1986190372.1	1488705067.49
AT3G21055.1	3	15	1017106153.34	354130928.999	596912224	527654711.19	606411872.925	565423438.321	1017106153.34	344993517.7	596912224	527654711.19	600338885.1	560219346.4
AT3G21110.1	6	13	274199037.73	68375985.03	252556882	258196088.53	17753859.73	47775151.13	274199037.73	16229331.8	210728066	159827420.29	0	0
AT3G21140.1	5	7	121334906.42	24491768.237	110617637	110306699.88	7806363.243	10573095.08	89876250.78	17644479.16	32782526	35809753.05	0	0
AT3G21160.1	2	3	34932632.772	90220753.969	37944058	41931086.4	59401385.929	114868826.69	0	0	19855410	41931086.4	52749816.51	0
AT3G21200.1	4	5	366839922.38	28581066.56	86376608	47264952.69	0	47276611.81	221704003.48	0	86376608	0	0	0
AT3G21360.1	3	4	0	58449116.04	64321798	123020987.44	41732235.18	13577963.15	0	0	22976956	123020987.44	0	0
AT3G21390.1	8	12	23304342.122	21226893.95	45872515	41971000.66	720896238.24	855811625.33	16543907.69	21226893.95	0	0	532973562.34	796397589.75
AT3G21400.1	11	24	71197842.51	57329760.899	48116190	115157691.216	1141831490.77	1283477878.39	0	0	25266038	32571765.53	1141831490.77	734472183.15
AT3G21465.1	1	1	0	0	0	0	31084254.56	28270212.46	0	0	0	0	31084254.56	0
AT3G21630.1	1	1	0	0	38388184	0	0	0	0	0	38388184	0	0	0
AT3G21750.1	4	6	0	19042133.206	226754806	298972381.96	12764637.64	0	0	0	64937458	298972381.96	0	0
AT3G21790.1	3	4	10859168.17	0	40139840	144864925.685	32804458.9	7065426.866	0	0	40139840	144864925.685	0	0
AT3G21865.1	2	3	0	0	63003514	26344043.55	0	0	0	0	63003514	26344043.55	0	0
AT3G22060.1	7	17	116503146.627	169963177.73	763298806	449147693.19	600099189.16	445451081.73	73142206.24	45071324.33	397533280	238413493.87	436522350.76	350604846.8
AT3G22110.1	6	14	66490195.37	105602161.858	1613778672	1645200030.46	160381923.58	198329695.975	0	7354285.168	1613778672	1346893470.16	0	105607044.1
AT3G22120.1	1	1	63508544.98	87572210.18	0	0	0	0	0	87572210.18	0	0	0	0
AT3G22200.1	26	90	121139454.291	136654981.075	3634865699.75	4794931174.073	52016417581.54	45692622023.37	0	0	2459798320.5	4215824256.39	52016417581.54	44520631174.87
AT3G22210.1	1	4	48739589.67	77371389.06	41129932	14415602.88	0	4644609.13	48739589.67	77371389.06	41129932	14415602.88	0	0
AT3G22220.1	7	10	1542585.059	0	77437983	58071375.95	335175113.87	297816062.03	0	0	0	0	299485594.32	210182569.35
AT3G22230.1	3	4	2531121.997	9792336.188	516123952	475946099.58	45843633.29	46615012.87	0	0	347122336	116864232	0	46615012.87
AT3G22231.1	1	3	0	0	44672396	52740163.74	16034525.89	33849750.51	0	0	44672396	52740163.74	0	33849750.51
AT3G22300.1	5	5	40833033	54185768.06	223479838	466894121.5	495355214.354	469538451.53	0	0	0	0	290350023.754	235306739.15
AT3G22330.1	18	26	5901946.778	12717475.927	108956261	61925979.535	3183720618.64	2698885921.5	0	0	0	0	2167374029.35	2123806979.63
AT3G22370.1	13	29	0	0	105447012	243496113.66	3498391936.147	2156037252.538	0	0	81816870	96904784.58	3359622611.147	1503305951.42
AT3G22380.1	3	4	36321936.29	24320910.8	10964365	4954543.385	35886460.513	21561283.14	0	0	0	4954543.385	26048534.78	0
AT3G22480.1	3	3	26304134.58	0	896066428	867156933.04	22877689.59	10579213.35	0	0	896066428	0	0	0
AT3G22520.1	11	22	17051204.8	41024813.152	115177929.5	75154967.368	1063876357.27	1170013865.87	0	0	18796638	18743885.54	827889774.93	1078814472.37
AT3G22560.1	1	1	24485155.39	63335434.54	0	4338418.785	31023239.88	51546383.56	0	63335434.54	0	0	0	0
AT3G22630.1	1	2	0	0	168817984	166703719	28817922.18	44410570.76	0	0	168817984	166703719	0	0
AT3G22845.1	2	5	7676367.554	18521293.87	264338528	86747139.85	78134778.41	96247535.63	0	0	157849328	86747139.85	78134778.41	40852718.9
AT3G22890.1	7	18	1313049677.6	371586342.67	1154023468	507061640.99	103476431.5	112953305.256	1313049677.6	338867284.58	361790412	304943931.68	0	0
AT3G22960.1	18	39	2218669286.08	623510839.7	1921222921	1119567656.94	48449855.621	78082729.931	1913835763.18	315936164.47	1219096000	580475527.99	0	0
AT3G22990.1	1	2	0	0	6544186	7292296.075	39596386.18	28987238.68	0	0	0	0	39596386.18	28987238.68
AT3G23010.1	1	1	0	0	47850400	0	0	0	0	0	47850400	0	0	0
AT3G23060.1	1	1	0	27978799.77	30732236	44555150.58	18455320.8	18129994.3	0	0	0	44555150.58	0	0
AT3G23300.1	7	16	30389973.245	50924899.27	47091432	20413930.6	663916813.94	500966453.03	0	0	8429736	0	577760883.97	428572939
AT3G23390.1	2	2	6717023.346	5132889.208	151967360	122478623.3	42024085.25	59990993.98	0	0	151967360	0	42024085.25	0
AT3G23400.1	14	97	25884433320.71	52225904315.6	12943929497	16199327487.13	2098313103.35	1575299126.32	25884433320.71	52058757996	10592712791	16064006858.3	1634235589.06	1497753169.91
AT3G23450.1	3	8	310812554.735	395562852.5	2840634824	827538378.59	976854497.35	1533981464.45	0	271150186.8	2840634824	798121851.7	921418143.5	0
AT3G23490.1	6	14	62789655.37	51516431.67	1240427524	1183689352.3	134746606.727	119414328.46	0	0	673637028	1183689352.3	55984277.71	0
AT3G23570.1	6	8	6126499.215	0	320203116	571028608.48	71455770.73	78742990.71	0	0	247402808	455043718.48	0	0
AT3G23600.1	4	11	28669536.32	0	1457298602	1808360411.7	0	69174289.24	0	0	1457298602	1808360411.7	0	0
AT3G23640.1	5	7	44055310.99	54809292.047	181899352	168261186.81	19103162.063	8197782.409	44055310.99	0	29786744	168261186.81	0	0
AT3G23700.1	13	33	1482760177.4	212275719.0547	1081705872	869820733.24	99205034.28	91813839.63	1482760177.4	101910385.149	733760240	491855572.25	0	0
AT3G23710.1	1	1	7955916.687	3592628.707	15628589	29739813.5	0	0	7955916.687	0	0	0	0	0
AT3G23790.1	1	1	16968044.91	8336035.242	0	0	1048498940	0	0	8336035.242	0	0	0	0
AT3G23810.1	3	7	0	5647873.467	764197252	583969651.34	74738287.75	36735168.3	0	0	764197252	170495047.64	74738287.75	0
AT3G23820.1	3	6	0	0	34325197	1473362744.11	201115522.6	179947849.7	0	0	18662692	0	104389227.54	179947849.7
AT3G23940.1	23	57	2694937664.97	790596653.523	3042403672	3106926882.99	343956196.901	270050835.018	1883197795.75	458065283.22	2318828860	2414509669.27	0	0
AT3G23990.1	38	118	452196410.939	296645929.9205	1147046393.5	1725274273.254	27059072449.41	22912129583.07	0	0	870399345.5	1284393653.39	26669524440.84	21894209057.46
AT3G24160.1	1	1	0	0	65275996	59770540.73	98676735.76	105828007.6	0	0	65275996	0	0	0
AT3G24170.1	12	24	566214379.52	489425393.543	1444922259	4551333978.06	2271196376.94	5987645648.94	0	33182156.92	1236716127	4319306100.28	0	113479915.7
AT3G24190.1	5	7	100594335.41	175864090.12	8757668	53953387.21	279967292.31	210270602.73	29807177.31	175864090.12	0	0	0	0
AT3G24200.1	10	16	20264000.51	60420062.72	9895576	25364497.16	991323570.76	1011669573.87	0	0	0	0	886934200.47	790101405.09
AT3G24350.1	1	1	14645878.01	0	0	0	0	42451272.31	0	0	0	0	0	42451272.31
AT3G24420.1	5	9	0	0	490993672	277082510.58	22485507.896	18796861.004	0	0	490993672	195493745.69	0	0
AT3G24430.1	9	18	640287442.547	75743577.759	386604628	305311175.91	86351010.74	62538070.562	494641639.27	6676614.859	213108676	274556958.69	0	0
AT3G24480.1	1	2	27155348.01	79308562.69	18221762	14990433.3	0	0	27155348.01	79308562.69	0	0	0	0
AT3G24490.1	1	1	0	0	0	0	37121909.01	43578712.1	0	0	0	0	37121909.01	0
AT3G24503.1	13	22	8401076.971	22350318.076	1730641020	1659123970.51	487658296.978	647766737.59	0	0	1539921180	979223530.11	36617449.44	0
AT3G24550.1	1	3	0	0	33392154	16899622.51	23860191.38	20765422.58	0	0	33392154	16899622.51	23860191.38	0
AT3G24570.1	2	5	0	0	0	0	413604639.35	298765248.93	0	0	0	0	413604639.35	298765248.93
AT3G24590.1	10	20	9129882097.94	862240357.285	487043750	391828098.01	43546104.997	187260835.332	9012207560.04	664318871.93	238360942	243325234.81	0	0
AT3G24830.1	8	23	137591916.55	117470709.3	2779292672	2159794734.35	966588338.84	1126023144.08	137591916.55	18179937.81	2122155920	1635703695.9	955145724.6	708270006.65
AT3G25010.1	1	1	0	0	0	0	0	140003990.5	0	0	0	0	0	140003990.5
AT3G25070.1	4	6	16004324.46	0	85578740.4375	48589660.3131	134042368.45	160346974.36	0	0	0	28236339.84	134042368.45	79645830.31
AT3G25140.1	3	9	77928560.53	63980539.03	47072962	60157352.39	233562854.7	269687174.86	0	0	0	0	233562854.7	195912855.33
AT3G25220.1	1	2	8047223.635	7307652.678	142758368	188689425	24072121.54	14331867.93	0	0	142758368	188689425	0	0
AT3G25230.1	15	30	62520559.585	161699082.343	1643749140	1520720441.76	350004662.968	912164002.459	0	0	1643749140	1220062968.39	31836823.33	34338649.73
AT3G25480.1	5	10	206900965.251	203885707.28	155430282	95143130.83	0	6625385.615	165494900.121	203885707.28	82634304	49343938.55	0	0
AT3G25520.1	2	5	17454186.2	12195563.91	660016312	485959483.46	93009900.47	101761833.2	0	0	588353792	460055164.6	73178951.76	17402236.97
AT3G25530.1	11	26	29353695.998	44678599.921	2545836412	2771263930.87	245942140.89	466738874.33	0	9352044.141	2471632836	2350175452.21	130241702.7	33983713.38
AT3G25545.1	2	2	0	0	136519176	136841487.12	56193092.91	150979824.7	0	0	136519176	0	0	0
AT3G25660.1	10	29	589532793.98	105920257.303	721515439	524870935.168	902536903.91	839672014.38	418733335.73	35775476.64	576370074	191700018.45	464391839.53	755622802.3
AT3G25680.1	5	6	213376603.35	163016234.14	97386372.75	106463200.05	91826735.44	68906173.758	86187025.71	46873690.11	0	66008842.53	0	0
AT3G25690.1	9	13	62831703.779	36350363.076	278203537	233715262.094	77808909.333	70360666.489	35957811.008	0	152768346	173291831	12397510.81	0
AT3G25760.1	8	37	6170682552.07	9111632170.23	1226462782	1581993193.6	942448786.59	852154895.02	4598151797.57	9111632170.23	1004465158	1031238144.7	714217039.9	490458932.25
AT3G25770.1	6	40	12096948531.6	12239742021	2235677680.5	3320757576.69	951022783.04	1113369649.26	12096948531.6	9598153810	2200993852.5	3307843449.4	772457448.6	541216406.5
AT3G25780.1	4	6	229827576.69	319881273.76	0	0	87619999.34	83307150.21	229827576.69	300066196.16	0	0	0	0
AT3G25800.1	4	8	27541524.09	0	452766896	468504834.16	82204378.04	102104717.75	0	0	248894896	402087357.9	51643963.67	0
AT3G25805.1	3	6	57956413.871	140714133.044	59864256	111499444.4	19290965.22	0	57956413.871	135645667.54	0	111499444.4	0	0
AT3G25860.1	14	53	4143513142.95	1397430913.769	1922858460	1248098092.05	1592036144.29	1689946692.003	4143513142.95	1275857662.483	1899145662	1106550125.66	0	17192035.37
AT3G25920.1	16	45	9230513490.03	3407320878.149	5821274239	4625473772.866	515681605.927	444223699.07	3293762155.62	2367232143.94	4951481654	3570523695.4	300903800.73	80283773.37
AT3G26050.1	1	1	0	0	0	0	215783371.7	245713407.5	0	0	0	0	215783371.7	0
AT3G26060.1	18	101	25932819361.1	27982697247.8	18440259028	21547162950.8	4857670097.42	6259936085.84	22316105813.5	25065314375.8	14949602320	17591771763.8	3760290672.56	4906492599.03
AT3G26070.1	9	28	4462377132.38	7462249523.6044	2111568794	2989054644.22	267834993.74	1431269228.96	3365743178.1	5276152340.12	1925783186	2926369439.1	64004200.62	0
AT3G26080.1	3	5	80493294.51	183382178.02	55787823	88426433.39	0	0	0	183382178.02	29514702	49773238.03	0	0
AT3G26085.1	2	3	65269609.66	77669579.04	61245396	44444877.45	0	0	65269609.66	34452968.85	0	0	0	0
AT3G26170.1	3	5	21696062	6123434.392	290942734.5	257955975.95	40220718.58	34687427.86	0	0	32250496	237421155.9	40220718.58	34687427.86
AT3G26210.1	2	2	0	0	89029876	48021386.77	56379073.49	49047498.77	0	0	48005832	0	56379073.49	0
AT3G26290.1	5	7	0	20328073.702	46596196	164483815.65	121284081.83	138213119.32	0	0	32305786	101149529.23	88711205.2	29776975.14
AT3G26340.1	1	1	0	0	25363938	25185780.57	0	0	0	0	0	25185780.57	0	0
AT3G26360.1	4	8	5114703.219	0	12141898	11623905.46	322621421.194	326541770.34	0	0	0	0	253195183.244	309730457.61
AT3G26380.1	2	3	0	0	76567890	59107682.26	25754843	20114715.37	0	0	56794964	59107682.26	0	0
AT3G26420.1	3	3	70578158.94	0	19537500	168109953.69	72794747.4	72280469.13	0	0	19537500	148133529.6	28570085.73	0
AT3G26450.1	11	26	54452580.693	48764581.619	2929165428	2449178737.32	288200343.45	309982713.21	0	0	2929165428	2409995073.96	221327346.57	77268563.66
AT3G26520.1	3	20	289341799.314	127079634.5433	9338987287.25	4587179777.46	2346360582.61	3619812026.24	287200789.5	0	9338987287.25	4587179777.46	2320875187.12	3580355783
AT3G26560.1	1	1	0	0	10583685	12544101.18	9688512.925	0	0	0	0	12544101.18	0	0
AT3G26570.1	3	7	427035320.41	203379366.24	333190764	242891874.8	13451122.89	48959462.89	260797358.01	84906966.47	333190764	0	0	0
AT3G26580.1	3	5	74334392.44	109165873.552	14395825.25	0	0	0	24274901.9	109165873.552	0	0	0	0
AT3G26590.1	1	1	0	0	20313408	24671728.78	0	7617352.109	0	0	0	24671728.78	0	0
AT3G26618.1	2	2	0	0	46528500	24068131.87	0	0	0	0	46528500	0	0	0
AT3G26650.1	11	124	39336200021.7	7993129284.78	29446092986.4	45625847641.555	2101251002.95	778714710.59	39336200021.7	6366587379.18	29423807420.4	45599291321.045	1807192429.4	410438076.67
AT3G26710.1	10	20	1273277383.79	1701408312.36	505466146.75	805015994.5	438903193.32	475107622.965	671591635.86	1701408312.36	202067600	676406821.6	0	0
AT3G26720.1	7	7	6563529.219	0	431969136	524961576.47	18949015.62	228557820.53	0	0	169259804	314099204.05	0	0
AT3G26740.1	5	29	2272848289.1	4181352114.47	788527871	477000289.85	42806051.24	80728972.54	2272848289.1	4181352114.47	743850150	292625654.85	25958106.31	60229200.48
AT3G26760.1	1	1	0	0	6072941	0	24463792.15	0	0	0	0	0	24463792.15	0
AT3G26840.1	10	15	181629784.366	917040303.649	83414337	49418905.56	43769866.393	101684855.48	112146100.26	917040303.649	0	0	0	0
AT3G26900.1	7	7	329936349.12	345081234.335	190095234	223199622.86	52510334.019	6861873.647	249885974.79	0	46560356	0	0	0
AT3G26950.1	1	1	0	0	27366596	15940346.76	24187951.55	66365564.55	0	0	0	0	24187951.55	0
AT3G27020.1	1	1	0	0	14910489	27310512.79	15030289.41	12907905.82	0	0	14910489	0	0	0
AT3G27080.1	9	21	23329074.962	1989975.185	299080719.5	404066652.61	2252902459.61	2584520840.24	0	0	79478168	42013788.03	1990795099.21	2584520840.24
AT3G27110.1	3	3	55972514.22	41024234.075	50450648	42553206.03	0	0	16303760.77	27733423.615	0	0	0	0
AT3G27160.1	5	18	650823046.592	190495591.013	573225128	426066328.98	265159914.51	258004131.02	620970722.62	166237455.76	378577896	292720650.88	265159914.51	219796679.4
AT3G27230.1	3	3	0	0	13993425	0	140659054.41	153237916.53	0	0	13993425	0	39258404.21	87769717.44
AT3G27240.1	5	25	8733982.781	7538883.883	178617769.25	235411835.32	7245065539.3	7814005132.45	0	0	117399724	206129863.38	7245065539.3	7814005132.45
AT3G27280.1	5	12	0	0	43309516	91405212.26	1137121606.74	1142243376.97	0	0	43309516	0	1137121606.74	1131993347.8
AT3G27300.1	6	11	0	0	377869904	637749550.66	29368532.77	10842936.51	0	0	377869904	588539316.72	0	0
AT3G27310.1	2	3	0	0	87817820	31605337.09	0	0	0	0	33984968	31605337.09	0	0
AT3G27340.1	2	3	0	0	22029308	9298762.332	124434484.7	100751209.8	0	0	0	0	33915546.27	100751209.8
AT3G27360.1	4	23	24812165.105	72632877.114	217078370	199234455.758	3982190035.7	2235297301.584	23425937.72	0	201852448	197975747.9	3982190035.7	2227706437.3
AT3G27380.1	7	13	124125640.2	0	120107240	166986837.9	3057653579.26	3637738265.518	0	0	120107240	166986837.9	2799430786.16	3609633879.7
AT3G27430.1	1	2	0	0	71498136	107213398.3	0	0	0	0	71498136	107213398.3	0	0
AT3G27530.1	1	1	0	0	37450068	15592101.92	0	0	0	0	0	15592101.92	0	0
AT3G27570.1	14	34	68325278.716	34668056.573	705065477	697625892.74	3828529122.91	4209335368.92	0	0	76133776	76275715.72	3408200174.31	3874370680.02
AT3G27690.1	1	3	205465768.7	80813090.55	33271326	0	0	0	205465768.7	0	33271326	0	0	0
AT3G27740.1	12	29	1692971165.39	451775663.73	1083878928	790625921.09	84170244.48	43045333.9	1031004935.35	281546003.28	776241084	669727139.55	0	0
AT3G27820.1	13	26	34479093.487	31510327.116	670666234	549748794.18	1373711712.646	1188477481.55	0	0	347854404	378867721.85	681990829.96	943488440.18
AT3G27830.1	9	66	25725145499.11	13642061826.44	25073510796.5	20837844477.89	1487545120.002	1526796174.514	25725145499.11	10001140573.44	25050026446.5	17914459550.89	1304627430.292	881894195.944
AT3G27890.1	9	23	329739208.16	200370537.33	891206792	911071316.7	1436344395.21	1399752170.1	301612386.33	33025372.5	786168760	759698066.7	575124247.39	1125206887.37
AT3G27925.1	15	60	2852472422.155	3749339372.65	2577094311.8438	3209465770.97	595414608.39	542473758.447	2257777245.38	3749339372.65	1584050884	3209465770.97	62631487.58	0
AT3G27930.1	8	11	0	0	12448068	115245743.95	813949072.75	518779889.1	0	0	0	0	764352060.34	321573175.72
AT3G28200.1	5	6	0	8840625.318	323536296	154542830.55	31236023.99	0	0	0	258654664	89115946.45	0	0
AT3G28220.1	18	58	2525629501.34	2092246966.83	5452467206	1353852718.96	3030263834.69	2999406874.71	1945987922.09	1117566804.63	4226394564	771224475.53	2076276845.95	2472343157.87
AT3G28270.1	11	21	82178541.812	6576126.127	1486209216	963814756.12	327859402.51	356729711.67	0	0	1398200600	619485203.09	0	0
AT3G28290.1	16	28	35340718.115	72021675.104	2049397950	750210527.69	362049807.971	495890180.3	0	0	2026938940	525277991.77	194122984.33	138829751.63
AT3G28460.1	1	1	20758265.97	0	10473928	0	0	0	20758265.97	0	0	0	0	0
AT3G28480.1	5	9	9664799.863	11725409.53	118174822	73135375.14	267709576.66	221861223.4	0	0	48564240	0	191092421.16	221861223.4
AT3G28510.1	1	1	0	0	34714424	8036319.759	12520744.61	0	0	0	34714424	0	0	0
AT3G28700.1	3	4	0	0	10895227	26180330.23	434271216	169818707.22	0	0	0	0	434271216	60014538.34
AT3G28710.1	2	6	0	0	330734688	330637334.9	196589421.67	226465656.01	0	0	171396320	330637334.9	196589421.67	82425390.01
AT3G28715.1	1	4	0	0	93201400	103236127.3	133339385.6	155937249.6	0	0	93201400	103236127.3	133339385.6	155937249.6
AT3G28720.1	2	3	0	14804939.52	42078900	40146583.09	31423164.39	207845749.7	0	0	24538568	40146583.09	0	0
AT3G28760.1	3	4	68692036.27	0	89595668	93770804.33	64230798.17	0	48544664.38	0	33993104	20780601.54	0	0
AT3G28900.1	1	3	0	2921154.329	45433420	46166601.9	15363815.6	24436197.84	0	0	45433420	46166601.9	0	24436197.84
AT3G28930.1	2	4	0	13137678.65	293622328	382493484.1	21387226.763	0	0	0	293622328	382493484.1	0	0
AT3G28940.1	9	13	23180361.46	52841494.43	2393535483	4164999727.05	399004472.106	354046506.39	0	18637660.98	1550521920	4151205563.1	50227526.33	236396031.2
AT3G28950.1	1	1	0	0	89936976	66900505.82	0	8137356.148	0	0	89936976	0	0	0
AT3G29010.1	2	3	0	0	0	12336185.41	123472631.71	102860582.35	0	0	0	0	123472631.71	50473066.18
AT3G29090.1	1	1	0	0	19173690	40384853.28	0	0	0	0	0	40384853.28	0	0
AT3G29185.1	8	12	349209805.97	57572830.691	206475260	169412359.38	58119602.89	52717103.96	349209805.97	0	90995648	36120087.08	0	0
AT3G29240.1	1	1	25833548.86	0	0	0	17246090.19	143396322.8	25833548.86	0	0	0	0	0
AT3G29250.1	2	4	0	0	171761160	104848201.37	14989139.68	9904677.167	0	0	171761160	104848201.37	0	0
AT3G29320.1	30	101	5612100995.06	1431371728.734	5175863458	5231224797.65	501363271.49	348606034.9	5403074969.61	906678718.87	3963366720	4140554750.11	0	0
AT3G29340.1	1	1	0	0	0	0	72561188.32	74249953.61	0	0	0	0	0	74249953.61
AT3G29350.1	1	1	0	0	58668668	21623050.55	25554962.31	0	0	0	58668668	0	0	0
AT3G29360.1	5	10	0	8359867.726	744812088	526000042.97	19962416.03	26440010.22	0	0	744812088	401312830.57	0	0
AT3G29637.1	1	2	0	5571667.235	0	4038827.234	25677427.57	13197512.64	0	5571667.235	0	0	25677427.57	0
AT3G32930.1	2	3	506133218.98	202404469.42	296763872	260555262.3	72915203.98	85743389.29	50191525.18	33092571.62	0	0	0	69719056.8
AT3G42050.1	15	31	56036568.399	45545370.798	2930970006	3078750015.33	2295944605.08	2529091675.68	0	0	2364070232	1686934380.02	1652418544.89	1345681659.75
AT3G42170.1	11	17	12734096.44	89284007.27	165368118	577628545.8	1335397369.52	1051138835.91	0	41012400.35	39447756	32684243.96	320069336.14	917887106.09
AT3G43240.1	5	7	0	6097113.38	51435451.5	45037472.052	320889965.22	335289613.08	0	0	0	0	240729196.6	176661109.25
AT3G43300.1	20	31	36868747.967	154384568.32	912540826	740785058.73	1339608456.035	2337205761.517	0	0	851548988	507544949.59	5649415.534	19597102.22
AT3G43520.1	4	24	832347241.3	789252753.11	763476074.5	977927303.254	179370449.828	120544789.11	498229512.8	771868106.5	763476074.5	977927303.254	124767322.6	75384809.89
AT3G43540.1	6	20	656814218.426	852655898.752	294330716	471437109.395	146165071.03	15640031.43	652743593.51	545714166.752	250753760	338600937.195	16606878.82	0
AT3G43800.1	6	9	0	9524229.206	541381168	459476596.82	45625615.92	111884898.645	0	0	541381168	345707420.7	0	0
AT3G43980.1	2	12	58462596.08	192144109.8	1106683104	750116582.7	172262504.77	252403528.5	0	192144109.8	1106683104	750116582.7	115427987.9	146722905.3
AT3G44100.1	5	9	0	18952817.46	1389807296	2028636662.1	218218457.95	128426870.5	0	0	1389807296	2028636662.1	176458581.86	29758800.08
AT3G44110.1	10	26	111256660.916	194103487.7	1275197004	1226145942.26	701266918.81	759152321.34	0	23762062.28	960538994	1029329060.7	253271173.74	421278933.26
AT3G44240.1	1	2	0	0	0	0	455728597.4	0	0	0	0	0	455728597.4	0
AT3G44310.1	19	78	434467399.393	283779502.987	12079845917	11550512872.45	1527439225.93	1822063894.25	99227744.94	129195111.75	9834186322	11446542973.786	1079326459.11	1465698250.19
AT3G44330.1	6	8	0	0	374930188	365672328.76	107072380.97	117952046.43	0	0	163143960	194721331.31	63515736.5	84225393.69
AT3G44340.1	1	2	0	0	87230584	0	27885113.36	0	0	0	87230584	0	27885113.36	0
AT3G44380.1	1	1	9381930.828	0	46570176	27323089.61	19194092.69	23138699.71	9381930.828	0	0	0	0	0
AT3G44590.1	2	2	0	0	77796192	25486195.08	0	0	0	0	77796192	0	0	0
AT3G44600.1	1	1	0	2580645.417	73019680	33280301.64	52037563.93	35499733.35	0	0	73019680	0	0	0
AT3G44620.1	5	14	587941061.4	145276892.2	471650868	537515367.38	79149747.77	67239631.97	354763414.23	103302800.64	471650868	489609557.6	0	0
AT3G44860.1	8	11	60288737.51	15125557.986	741187843	1277681252.68	167510270.233	106469234.5	0	0	342460448	1277681252.68	0	0
AT3G44880.1	13	44	1688089523.56	2485078793.91	509591904	776599018.359	47690521.61	196626971.305	958040755.87	2310729998.21	413666360	412310862.89	0	0
AT3G44890.1	15	51	9691079063.37	2657246937.11	4872340836	4015431866.19	3538547909.77	4401868241.21	9156776622.4	2215208831.41	4453889504	3792006314.8	1936440257.12	1902246436.9
AT3G45030.1	4	12	51467225.28	56822341.443	1995841256	1929452422.53	512079394.02	572291116.92	0	27047339.87	1995841256	1379585401.5	470410073.85	443677152.32
AT3G45050.1	3	5	257063194.43	221874859.82	103776411	80975283.91	23974950.77	125501661.5	239145290.82	221874859.82	0	0	0	0
AT3G45140.1	68	338	195343161382.325	58701676611.46	62195271386.9	75453840318.804	5255476340.088	5499404869.125	186639707528.819	54379923714.84	57077625697.9	68431970941.85	2453078989.42	2748461247.7
AT3G45190.1	3	4	0	0	88420274	88533434.01	81132995.08	72977362.97	0	0	88420274	22796149.32	0	0
AT3G45230.1	1	1	0	0	18574902	0	0	0	0	0	18574902	0	0	0
AT3G45300.1	23	50	60292697.368	98846940.25	368583527	483630201.42	8740256127.98	6724162461.46	0	0	62786864	143942829.6	8740256127.98	6420754842.81
AT3G45640.1	4	5	0	0	147150096	82936488.55	653242254.14	0	0	0	147150096	56630266.71	0	0
AT3G45740.1	3	4	2394566.524	0	0	2526409.738	670330278.64	291668579.05	0	0	0	0	584696134.3	291668579.05
AT3G45770.1	11	25	88713634.51	42192761.436	426982559	346170628.41	1831738059.19	1618846373.24	21015639.38	18443284.181	305787608	172481944.92	1459298231.98	1000460061.88
AT3G45780.1	16	28	97731779.57	16936957.111	927122785.5	534650235.08	793278613.95	684889447.07	0	0	342896128	277840415.57	587033675.2	572346880.35
AT3G45830.1	1	1	0	0	0	0	88353202.79	210891384.3	0	0	0	0	0	210891384.3
AT3G45970.1	1	1	0	0	32683936	0	11627006.74	0	0	0	32683936	0	0	0
AT3G45980.1	3	12	2425378.575	0	150473488	0	559824014.84	748099745.8	0	0	0	0	559824014.84	748099745.8
AT3G46000.1	1	2	0	0	167330432	185220259.8	0	0	0	0	167330432	185220259.8	0	0
AT3G46030.1	1	1	0	0	0	0	418054724.3	0	0	0	0	0	418054724.3	0
AT3G46100.1	6	11	251535866.519	42572997.714	279400922	246904303.7	330408798.28	380096486.72	157822190.839	4569316.674	101523584	0	78295028.61	120343385.44
AT3G46220.1	1	2	0	0	29095330	30685282.02	0	0	0	0	29095330	30685282.02	0	0
AT3G46320.1	21	157	1758340073.964	5227928716.59	7555762427.75	7312583468.893	176506185988.77	202966987201.58	1693835538.62	5227928716.59	6908624180	7199327902.2	176506185988.77	202966987201.58
AT3G46430.1	3	10	12169877.46	14976840.44	609883648	780324265.7	8364832725.85	11033263474	12169877.46	14976840.44	609883648	780324265.7	8364832725.85	11033263474
AT3G46460.1	1	2	7985326.387	0	41284426	61909786.64	0	0	0	0	41284426	61909786.64	0	0
AT3G46560.1	16	56	22871290.28	52098035.34	336616522.25	280195266.81	9761982065.34	7614019937.22	0	0	125984296	111019915	9733830033.15	6811951544.62
AT3G46630.1	2	2	43767706.92	0	37330804	34836515.48	297145990.07	205190368.835	43767706.92	0	0	0	278235445.1	0
AT3G46740.1	27	75	3502961093.12	1774960723.345	2199610758	2170080221.04	967958816.48	868361241.909	3007001927.33	1108033915.79	1502977672	1019157997.4	141473601.4	221688953.1
AT3G46780.1	37	198	54884317697.748	68782034215.26	19413222614	14458136177.046	3018328288.88	3305910824.87	51531349343.9	63798440086.26	17590297624	12389455096.64	1830415028.176	2139887613.27
AT3G46830.1	4	6	0	38429988.079	178581176	180690012.7	23601977.64	57416071.84	0	24041119.25	178581176	71104984.05	0	39769378.61
AT3G46950.1	1	1	0	0	0	0	64183844.19	35869000.04	0	0	0	0	64183844.19	0
AT3G46970.1	42	112	190410163.763	27324010846.63	13187097398	26099572190.47	1502764919.47	1706791937.355	0	26753711336.03	10557527138	23944123498.15	695291405.67	466035542.68
AT3G46980.1	1	1	10087284.48	0	5069572.5	14910650.95	0	0	0	0	0	14910650.95	0	0
AT3G47000.1	2	3	0	0	52510978	55014175.05	5587312.398	19931711.46	0	0	31749894	55014175.05	0	0
AT3G47070.1	13	57	9672252419.566	9426976818.25	8208043594	10080333032.953	5437449420.12	7459593094.94	9642789279.9	9397082669.06	8097802294	10055010787.4	4184871506.52	5902386922.9
AT3G47110.1	1	6	47992406.59	0	955651648	949652328	21880491181	27884056519	0	0	0	949652328	21880491181	27884056519
AT3G47370.1	2	6	13710198.48	87294433.66	605313600	618458220.5	137189326.25	147811029.05	0	0	605313600	618458220.5	137189326.25	0
AT3G47390.1	3	5	61186577.99	7103520.652	111537385	80252337.17	24280931.64	19606920.41	61186577.99	7103520.652	80832072	0	0	0
AT3G47430.1	4	4	2810674.563	3374509.135	174372622	118004782.88	245611571.62	204302161.65	0	0	47274848	0	245611571.62	0
AT3G47470.1	15	121	85145892934.4957	119559062120.08	52184918603.8	47943363888.65	5206645448.483	4430581542.008	84152268955.97	119542404109.1	51900676395.8	47864898118.35	3921140567.06	1808547607.8
AT3G47520.1	14	45	5107356373.27	1893634403.65	3883441979.5	4307713979.704	415381908.58	883401289.04	4217075114.47	1402884096.91	3651796471.5	3532397029.71	276479297.46	121903411.7
AT3G47560.1	5	7	0	0	304136910	355037050.63	15118649.305	37282331.746	0	0	280786740	206155113.62	0	0
AT3G47590.1	2	2	69341115.82	48114596.127	46639448	201225139.81	23672709.39	0	20572194.27	0	0	138853150.4	0	0
AT3G47630.1	9	11	0	31802579.29	102925047.375	268477167.26	756477748.2	981286886.35	0	0	26413814	21597143.22	558646768.54	421277022.5
AT3G47650.1	1	6	524964570.5	198828613.4	250109792	260996195.9	26177859.59	24833524.36	524964570.5	0	250109792	260996195.9	26177859.59	0
AT3G47690.1	1	1	15493969.35	18537449.62	237728512	162174210.5	617801084.7	479453962.1	0	0	237728512	0	0	0
AT3G47800.1	7	18	230344686.411	636309434.53	2357406555	2583814171.32	197641663.66	354676099.32	93082361.29	165815491.89	2345420896	1814453198.7	0	0
AT3G47810.1	2	3	0	0	156616000	98896011.89	0	24256792.32	0	0	57232832	98896011.89	0	0
AT3G47833.1	4	11	0	0	127687440	150787328.7	1607021164.828	832933528.07	0	0	127687440	139842804.2	1603583458.8	832933528.07
AT3G47860.1	13	38	1916848790.32	2347523538.43	702487584	959370331.69	64894064.521	48971528	1803729276.75	2265465373.45	657299552	941853812.89	0	0
AT3G47930.1	39	96	230482787.235	386710717.436	932190917	1431832871.678	15213423212.85	15894519063.862	0	0	249254479	487646685.58	14379199294.1	14407572746.672
AT3G47960.1	2	3	0	0	94333548	110489674.59	0	0	0	0	94333548	71966593.54	0	0
AT3G48000.1	34	114	237234831.055	275426454.222	4697861796.16	5120382406.495	52057297613.84	42475717227.39	0	0	3107762980.16	3805927025.265	46571205465.24	37120995568.53
AT3G48030.1	3	5	0	0	0	10255323.87	321648669.66	304815397.93	0	0	0	0	321648669.66	157895869.03
AT3G48090.1	8	9	21928867.559	76721236.422	883947304	302201149.493	45846702.845	1104947850.06	0	0	713169512	104693628.09	0	0
AT3G48110.1	19	46	937757053.82	144958622.604	902754552	795158114.73	1200898203.12	1113669653.4	727287346.69	32926399.26	513060912	115503653.46	670253749.25	632154178.1
AT3G48140.1	10	27	26006134.951	6837824.126	774615517	994912431.94	12481596340.74	14532860652.37	0	0	722000216	931907047.36	12301933334.76	14506196691.09
AT3G48170.1	5	9	43141765.41	6030981.009	242598936	109582986.55	203210676.93	177740964.32	0	0	122357160	109582986.55	111785593	177740964.32
AT3G48310.1	2	3	0	0	2433163	10526363.135	27463083.26	26798538.31	0	0	2433163	7034284.563	27463083.26	0
AT3G48330.1	1	1	0	0	11744102	12185304.44	0	0	0	0	0	12185304.44	0	0
AT3G48420.1	14	36	2843586824.58	588999610.71	3334626799	3924980258.61	35588010.245	82643490.77	2843586824.58	338777874.03	2888749118	2526213327.56	0	0
AT3G48500.1	10	16	407212170.87	187021711.305	53773058	78357049.138	23624057.09	98661712.485	407212170.87	102899148.89	0	0	0	0
AT3G48530.1	4	4	0	0	366400344	214556135.74	44129670.36	16759856.66	0	0	366400344	0	0	0
AT3G48560.1	7	13	412959143.35	129644682.15	183183672	130460895.74	26232901.79	47383378.65	412959143.35	35549279.619	37752440	58496889.71	0	0
AT3G48680.1	5	13	34268204.43	0	236324757	325267956.431	2771982240.22	3039924885.7	0	0	108625832	151062843	2771982240.22	1738543804.7
AT3G48690.1	6	9	0	0	626886424	790641153.04	212287795.236	209641515.83	0	0	526069100	543134358.24	0	0
AT3G48720.1	1	1	0	0	46978088	30381443.62	0	0	0	0	0	30381443.62	0	0
AT3G48730.1	5	19	1957990085.7	294043779.66	1396588012	652059305.02	7156636.94	0	1957990085.7	290188782.9	928659848	413771510.6	0	0
AT3G48750.1	7	12	413209143.3	266142447.64	605140864	289986839.7	40895109.743	51514316.72	0	0	559002660	256719144.93	0	0
AT3G48850.1	2	2	0	0	0	0	265539731.9	185546345.12	0	0	0	0	139397213.4	97157397.28
AT3G48870.1	4	6	139086058.035	26264049.964	19217268	3877986.215	13987741.6	2626243.178	139086058.035	16998516.53	0	0	0	0
AT3G48890.1	2	7	0	9272690.542	301833504	380579154.3	189382832.4	179876823.85	0	0	301833504	380579154.3	69321267	179876823.85
AT3G48930.1	8	14	13634862.16	4765724.998	1524542092	1378314621.4	599966052.859	660514356.27	0	4765724.998	1290892328	1054820345.88	538439499.82	573390197.27
AT3G48990.1	8	17	26632223.334	27573176.157	2020086960	1625563838.37	309878477.44	284870085.09	0	0	2020086960	1068071575.6	113121901.37	105259913.7
AT3G49010.1	8	38	104137088.03	142855588.276	5396501136	4980886763.24	1524785278.4	1051003088.75	77693722.41	111724996.22	5396501136	4943268036.1	1043640166.64	656788906.81
AT3G49080.1	7	13	15510635.81	0	63753447	68088943.91	888594013.3	763845934.95	0	0	0	0	888594013.3	618516790.68
AT3G49120.1	8	24	33726161.559	63279936.276	4832612736	6302085537.4	245033255.17	173724584.076	9524750.911	14054060.13	3668532224	6302085537.4	0	76329034.39
AT3G49140.1	2	2	25508756.54	0	29869620	15334228.91	11338323.9	7720654.542	25508756.54	0	0	0	0	0
AT3G49240.1	14	21	73053906.952	86214387.384	145751686	188079931.54	1655335590.07	1674629077.71	0	0	29951554	38882652.97	1440102286.04	1536338273.3
AT3G49360.1	1	1	0	3313146.899	31121918	9918401.815	0	0	0	0	31121918	0	0	0
AT3G49470.1	7	13	87213956.49	17902729.15	513878359	400771889.05	177727446.84	194419088.13	0	0	367056375	162243469.95	177727446.84	92316192.88
AT3G49560.1	7	20	655300200.26	377909108.06	316218416	259192353.9	2658789109.92	3722293776.49	594040046.91	283337696.5	275200380	55339516.64	39738349.31	37064742.78
AT3G49680.1	5	12	860753028.9	124974609.95	437630872	287060686.04	45886939.53	156323525.48	682611470.2	32789378.35	437630872	143996082.95	0	0
AT3G49720.1	10	24	101677150.42	6763001.161	336284428	263611299.34	1802071791.74	2172202755.95	0	0	230983776	146004289.08	1489184005.35	1736786466.15
AT3G49725.1	2	3	0	2978996.828	0	0	51860022.07	50144059.26	0	0	0	0	51860022.07	35735955.92
AT3G49870.1	7	10	25779293.581	24598273.914	429612488	607552213.33	398619081.09	533846901.81	0	0	302488556	239514975.36	159316375.4	507004535.3
AT3G49910.1	12	35	187183290.002	136390283.297	4747738568.5	4352918582.519	1363315115.423	1545875396.48	102449095.15	69877581.33	3599640960	4344788229.76	1181973444.16	1258741397.55
AT3G50000.1	2	2	0	0	101501314	32154360.03	18636300.09	0	0	0	101501314	0	0	0
AT3G50210.1	2	2	0	0	25773290	68183566.35	184954419.8	156535895	0	0	25773290	21443090.66	0	0
AT3G50360.1	2	3	0	0	112466916	79617507.59	0	0	0	0	112466916	22462987.21	0	0
AT3G50440.1	2	2	23744358.42	0	101586964	152279798.45	0	0	0	0	77792672	31533876.65	0	0
AT3G50500.1	1	4	0	0	133503792	114849133	13687331.73	21604914.11	0	0	133503792	114849133	13687331.73	21604914.11
AT3G50590.1	3	4	0	0	116775647.75	76868222.836	59300008.54	30507253.18	0	0	52344996	42254718.736	32280655.67	0
AT3G50670.1	1	1	0	0	13672033	9647948.77	0	0	0	0	13672033	0	0	0
AT3G50790.1	1	1	15148398.89	13549532.68	0	0	40626197.53	100842607.7	0	13549532.68	0	0	0	0
AT3G50820.1	9	93	63479145013.2	96866293891	27695777175	24500353642	2152785496.07	1860741193.33	63463910166	96866293891	27687344480	24500353642	2152785496.07	1336723573.83
AT3G50830.1	1	1	3397499.02	4895342.958	79617848	91698346.31	148177841.7	229385410	0	0	0	91698346.31	0	0
AT3G50840.1	1	1	0	0	40103308	18563869.82	7954402.099	17934147.17	0	0	40103308	0	0	0
AT3G50920.1	1	1	0	7161773.604	10048252	0	12445981.49	32791945.18	0	7161773.604	0	0	0	0
AT3G50930.1	23	44	26480926.385	53092151.45	214661430	100013707.841	4014280693.02	3721785996.9444	0	0	18499478	0	3577214267.52	3319956115.33
AT3G50950.1	2	3	4191970.257	6923722.962	28265590	50285686.311	122079954.3	88834356.73	0	0	28265590	43514583.99	0	0
AT3G50970.1	5	7	0	2950230.45	324635454	121510878.59	90184504.77	79788368.08	0	0	265194622	29874125.81	42200009.72	0
AT3G51000.1	2	4	0	0	136752172	137706592.43	0	0	0	0	136752172	137706592.43	0	0
AT3G51010.1	3	5	3234850.316	0	7720083.5	11447744.17	435718795.4	336838454.72	0	0	0	0	309504790.6	192187373.42
AT3G51050.1	2	3	0	0	0	0	51906694.38	42977317.23	0	0	0	0	15384511.55	42977317.23
AT3G51100.1	7	10	21355966.66	30980179.59	37154076	0	280215564.67	271081698.17	0	0	0	0	210887638.2	203199955.53
AT3G51140.1	5	14	602126797.27	231783520.12	353152861.5	401649855.693	270043425.13	246451929.26	602126797.27	196854236.72	84856000	271160911.74	253933080.8	50992207.24
AT3G51160.1	8	12	62938426.661	34284949.03	725429083	454531669.1	2136658317.91	226943102.59	0	0	542247035	365333018.88	0	0
AT3G51240.1	1	1	0	0	0	16728010.3	0	0	0	0	0	16728010.3	0	0
AT3G51310.1	1	1	0	0	27942016	35197390.81	0	0	0	0	0	35197390.81	0	0
AT3G51420.1	3	6	0	12348672.87	281590604	332846795.87	134368730.48	81073967.54	0	0	169482956	295296671.1	0	81073967.54
AT3G51430.1	1	1	0	0	42497248	24242111.5	0	0	0	0	42497248	0	0	0
AT3G51450.1	1	1	0	0	73838104	72128659.87	79760354.68	57484469.67	0	0	0	0	79760354.68	0
AT3G51460.1	4	4	5282253.666	0	313842166	295728573.14	75222352.16	63763408.121	0	0	137065750	182297182.3	0	0
AT3G51510.1	1	4	203648345.9	429416838.1	161204544	112623305.3	0	0	0	429416838.1	161204544	112623305.3	0	0
AT3G51550.1	1	1	1159608373	2266582224	823215104	750260847.8	72836381.46	36111031.3	0	0	823215104	0	0	0
AT3G51600.1	3	10	69270532.84	211660799.4	2811917775	2795448477.5	282232238.03	365494544.41	69270532.84	211660799.4	2802435904	2795448477.5	282232238.03	365494544.41
AT3G51730.1	1	2	0	0	136426368	73222518.48	0	0	0	0	136426368	73222518.48	0	0
AT3G51740.1	1	1	99508477.64	6443584.433	33891272	22289409.13	36991210.24	20600147.68	0	0	0	0	0	20600147.68
AT3G51780.1	2	2	0	0	90508256	57809851.44	0	0	0	0	30801236	39973475.28	0	0
AT3G51790.1	4	6	0	0	40958844	61282348.12	412101469.71	641508152.51	0	0	0	0	153324752.21	641508152.51
AT3G51800.1	12	24	84136145.86	53844258.822	2291738336	2139192136.53	348257365.086	338304474.08	0	0	1581156800	1685830388.13	212345780.33	221360373.9
AT3G51820.1	1	4	1152693387	1324476202	338293792	408381863.5	0	0	1152693387	1324476202	338293792	408381863.5	0	0
AT3G51830.1	4	7	7330680.168	0	7217284.5	24851206.056	176434951.93	142822876.27	0	0	0	0	176434951.93	84702179.52
AT3G51840.1	9	18	15509152.58	17204915.774	572851096	182914160.17	1471403535.78	1056461326.5	15509152.58	12922859.62	306455256	49657373.3	1397114395.2	433696078.23
AT3G51890.1	6	10	4077494.758	41703301.194	423254880	325083257.33	43514566.563	31561987.72	0	0	283862928	325083257.33	0	0
AT3G52070.1	1	1	8422817.229	42470233.08	0	0	0	0	0	42470233.08	0	0	0	0
AT3G52090.1	1	2	0	0	17764274	9519406.297	13322683.88	15566607.17	0	0	17764274	0	0	0
AT3G52140.1	8	9	0	11922735.66	234929835	305044838.23	1093746856.94	2224034851.89	0	0	153575117	82934711.64	20055736.42	0
AT3G52150.1	12	40	8814819514.68	1918680576.6	4915077712	4199659736.5	160379948.048	175012310.2	7063612165.68	1445996153.48	3488142368	1794586049.2	0	0
AT3G52155.1	2	3	67319970.69	10222214.59	45804543	78755054.21	19207997.9	0	67319970.69	0	0	51774697.29	0	0
AT3G52170.1	1	1	10705832.74	13314903.6	0	0	0	0	0	13314903.6	0	0	0	0
AT3G52180.1	15	44	1723462662.38	464810772.888	1814453350	5513186490.76	51349864.996	175114581.11	1554636692.17	346093754.82	932260392	4534334274.03	18892254.07	23436179.89
AT3G52200.1	27	70	40401225.388	40213125.217	1470224102	1577168046.06	13843797845.647	11269434447.48	0	0	825824816	623143726.89	10926352922.1	10399879375.19
AT3G52230.1	6	23	1163495136.32	466320979.82	760098772	342701831.51	333819162.296	338906951.6	1146860155.15	420293932.34	268952948	206368290.3	328109199.2	214860773.2
AT3G52300.1	44	151	342227468.149	358338937.574	8427146698.5	10018832373.437	116407794352.42	114850508865.41	18749387.99	88459484.23	5540707825.5	4770237863.92	93181688690.5	100273758259.82
AT3G52380.1	14	39	6967659179.59	835130705.01	2973345794	2629479768.58	1477068376.794	1187658225.7	6667277253.39	326487067.98	1655449518	1464997500.86	0	0
AT3G52390.1	1	1	0	0	9947802	15563404.15	1144135372	630025666.8	0	0	0	15563404.15	0	0
AT3G52400.1	3	4	26979320.13	0	95430136	0	41303971.32	0	0	0	95430136	0	41303971.32	0
AT3G52430.1	2	2	32755456.63	0	89987672	57518252.725	0	0	0	0	89987672	0	0	0
AT3G52500.1	2	4	1618220179.48	530897121.03	1911575168	2012666929.4	66086025.79	27997583.18	0	23270128.53	1911575168	166526591.4	0	0
AT3G52560.1	2	4	35190383.86	58020200.72	161481138	174667406.4	33884126.36	75985778.68	0	0	161481138	143359399.2	33884126.36	0
AT3G52570.1	12	18	31326621	6332223.574	65724933.5	135155315.74	1968713999.52	1534545189.893	0	0	0	41434554.54	1659296810.52	1194515870.2
AT3G52580.1	2	3	21400013.118	29947018.86	69774420	45974810.31	33931330.15	26854143.68	0	0	52487780	33190539.65	33931330.15	0
AT3G52730.1	7	28	13225028.462	46123334.57	717599589	733882204.756	13173805997.98	12617917013.9	0	13466497.7	169972196	646192357.3	13173805997.98	12617917013.9
AT3G52750.1	8	14	363218686.123	122518388.99	278506048	283744589.01	0	11496448.21	343311906.733	0	185203254	187134501.72	0	0
AT3G52840.1	4	7	4757686.582	0	197106650	125662945.19	0	0	0	0	197106650	77209007.91	0	0
AT3G52850.1	1	1	31107298.77	6505267.838	0	38296380.59	14388759.66	0	0	0	0	38296380.59	0	0
AT3G52880.1	23	69	133953917.1067	184403069.055	10855696117	12242138672.45	1638135523.52	1055263875.356	42771931.149	37146895.15	8102285092	11623132235.41	581317185.17	760923747.54
AT3G52920.1	1	2	0	0	23381272	29457978.62	0	0	0	0	23381272	29457978.62	0	0
AT3G52930.1	15	59	262036575.65	171266452.635	8576799265	5522592607.84	2484423125.19	1845507356.244	68322387.8	81550408.92	8522138796	5418431042.14	2192562997.03	1246310612.93
AT3G52950.1	6	14	4703893.673	8600683.421	65212040	63865818.424	978426804.29	834360969.64	0	0	15486690	0	853815168.99	834360969.64
AT3G52960.1	14	82	15473737192.3	4510005248.99	14388243388	14536229528.94	3901718733.44	3587506781.67	15473737192.3	4451014944.9	14256171052	14447054954.4	2378266812.89	3022275911.2
AT3G52990.1	3	5	0	3057358.359	526631056	618526865.8	68835713.293	105679168.5	0	0	231440768	618526865.8	0	72646533.55
AT3G53000.1	1	1	0	4462351.465	95918592	39676364.41	21281811.33	41567940.93	0	0	95918592	0	0	0
AT3G53020.1	12	21	330235841.85	165060810.1	2067999792	1789052244.47	1340121378.038	1872480912.76	0	0	1864277200	1315331818.07	891804551.388	1108711599.4
AT3G53110.1	8	14	9640484.558	46601549.897	497040014	438832940.19	139255556.2	118931702.3	0	0	408393590	363879843.88	0	0
AT3G53130.1	14	24	779422948.69	408572644.978	736601752	734729176.62	96597791.68	80618740.455	595776781.71	51992912.52	171327143	500571991.81	0	0
AT3G53180.1	9	13	0	0	413214542	425548635.4	13638295.796	65584551.13	0	0	360322042	272138154.06	0	0
AT3G53390.1	1	1	0	5909534.018	17612622	19624814.41	0	0	0	0	0	19624814.41	0	0
AT3G53420.1	6	22	11675831.35	33036482.651	6479769776	3110940020.03	1836495813.54	1652454771.52	0	0	6400527528	2470879141	1753474320.3	1570517884.6
AT3G53430.1	1	4	0	0	235947440	219229855.7	47132418.01	0	0	0	235947440	219229855.7	47132418.01	0
AT3G53460.1	7	21	3275280616.8	636677132.44	865669358.5	726418561.756	165711588.77	73226386.206	2887449328.4	387170148.54	651538876	462440348.826	0	0
AT3G53470.1	4	8	2242665898.67	1371333908.57	13605573338	1892546420.6	0	15687944.03	2242665898.67	1351881816.6	0	1779040883	0	0
AT3G53520.1	6	9	14710401.43	4255348.81	39030786	96478443.03	362224817.31	255599583.41	0	0	20510614	0	362224817.31	27433224.17
AT3G53560.1	4	7	273270745.34	54043353.7	223354944	243861661.6	37030098.94	140306605.32	183564382	20033841.2	44061916	127277099.97	0	0
AT3G53580.1	10	23	1726315081.27	549172453.14	1613078018	1139566992.81	54537544.6	287012895.13	1042682034.27	214114743.86	1350148992	596757059.2	0	0
AT3G53610.1	2	6	4295968.941	44593510.145	87802442	83718906.19	22982159.64	0	0	44593510.145	87802442	83718906.19	0	0
AT3G53700.1	1	1	10126303.11	0	0	10467138.08	0	0	10126303.11	0	0	0	0	0
AT3G53740.1	1	3	11174682.69	13978365.06	420298752	401625659.8	128984727.9	126814606.7	0	0	420298752	401625659.8	0	126814606.7
AT3G53810.1	1	2	21369942.87	4358502.734	41563716	40850979.18	159663539.2	0	21369942.87	0	0	0	159663539.2	0
AT3G53870.1	2	6	23401754.796	27718777.65	1025831500	1130607405	124527014.88	184266977.07	0	16448481.31	1025831500	1130607405	92040155.54	0
AT3G53890.1	2	8	0	17763539.18	253716768	214693526.29	139715916.72	74521352.91	0	0	253716768	204191064.9	139715916.72	0
AT3G53900.1	10	20	1120108077.1	199149462.938	1082841216	992215245.33	34063804.35	84999361.78	1099103896.1	68981102.14	747694832	696432668.3	0	0
AT3G53970.1	4	6	0	0	224046964	253824666.35	0	19802375.58	0	0	153753968	253824666.35	0	0
AT3G53990.1	14	31	1261107579.12	1439651622.215	4678539628	3884977449.88	1080277228.62	964246189.97	0	13178634.2	3663310844	2959111986.85	917825168.67	783472243.67
AT3G54010.1	3	4	0	0	27135907	35408386.9	6127164.609	13163787.24	0	0	18340496	35408386.9	0	0
AT3G54050.1	15	88	18168086660.891	2998998023.585	16301986833	20323914273.14	420457195.138	825377830.508	18028894611.291	2684551420.04	16288474692	20304822692.47	103600229.92	55158808.87
AT3G54090.1	5	8	319261778.62	174451649.22	88221750	49125992.69	10677995.99	9083256.679	276918826.93	62651982.78	0	0	0	0
AT3G54110.1	28	72	56430209.822	30318401.838	1587045634	1799199924.58	23820356181.46	24495905821.35	0	7862201.18	1256763896	1128601316.2	23462747815.76	23691640233.4
AT3G54140.1	2	3	0	0	50882976	45434883.4	40136063.14	38407195.9	0	0	50882976	45434883.4	29526611.16	0
AT3G54200.1	1	1	0	0	43522928	13551861.11	0	0	0	0	43522928	0	0	0
AT3G54210.1	5	21	3306361412.8	1039623268.3	2549471568	2466595576.5	322212594.02	281661673.77	3306361412.8	1039623268.3	1194694192	880298675.5	74512720.03	100067284.8
AT3G54350.1	1	1	0	0	0	8309493.451	50560792.51	59513033.09	0	0	0	0	50560792.51	0
AT3G54360.1	4	5	0	0	101194416	120844756.2	18793975.73	116947041.15	0	0	65020856	61658447.91	0	0
AT3G54400.1	6	23	232442668.64	851838223.89	2885625296	1614380113.95	902086577.87	897585207.36	199415442.76	851838223.89	1304805200	1614380113.95	446407768.95	526206988.9
AT3G54420.1	1	1	10306765.41	0	20599076	0	0	0	0	0	20599076	0	0	0
AT3G54440.1	9	12	682538895.033	635057557.689	2531660026	2002172931.73	58037367.14	130429844.035	631324621.7	0	2434408030	1873463225.86	0	0
AT3G54470.1	8	13	12265417.4	29421758.05	940303672	714291375.42	150488717.95	160866967.6	0	0	692322408	422329868.51	0	79342408.29
AT3G54540.1	5	8	7172768.406	20083930.804	267341485	205844455.378	60074670.793	148957255.55	0	12731453.32	267341485	74365855.49	0	0
AT3G54600.1	2	3	26201682.06	0	204687120	208178612.96	108274782.62	109558955.3	0	0	204687120	120041568.7	0	0
AT3G54610.1	1	1	2690700.482	13413902.22	22322032	26297738.88	66184726.01	110641676.5	0	0	0	0	0	110641676.5
AT3G54640.1	7	16	1370790613.19	580413925.91	413482862	324920671.34	67708583.96	87597634.375	1370790613.19	508913284.8	167152206	173720554.94	0	0
AT3G54660.1	24	76	3114628332.07	889924549.808	3785143338	3261699578.183	1677727537.96	1134282710.03	2769976672.47	648965318.94	2101033204	2999481515.853	1408056453.8	494280795.95
AT3G54670.1	3	3	11811585.12	2055924.545	5761553.5	0	91122953.43	94480276.19	0	0	0	0	91122953.43	0
AT3G54760.1	8	19	0	5959536.027	141107222	198647250.4	287325979.83	329909411.6	0	0	78070492	124639619.39	287325979.83	229491647.6
AT3G54780.1	1	1	93212064.28	71617808.82	0	264974673.7	30246138.81	257891818.4	0	71617808.82	0	0	0	0
AT3G54826.1	2	3	0	0	142068144	100597998.2	112937112.49	52618276.22	0	0	0	100597998.2	52587267.04	32080717.67
AT3G54840.1	1	2	2730905.348	0	47589700	33469121.35	0	0	0	0	47589700	33469121.35	0	0
AT3G54850.1	1	6	671960199.4	633455494.4	41321752	1857534824	1688902838	2282025163	671960199.4	633455494.4	0	1857534824	1688902838	2282025163
AT3G54860.1	2	3	0	0	51002930	46920957.38	20305029.664	0	0	0	51002930	28418337.53	0	0
AT3G54890.1	11	57	31925813766.793	70115635146.85	14334315718	14473902621	2530782413.214	2610982570.79	31915865145.7	70011977420.65	14217618768	14473902621	2524262866.17	2354012139.92
AT3G54900.1	2	7	316244852.72	84337111.05	156823108	183843308.07	36791055.527	7820423.489	316244852.72	84337111.05	121703272	142756218.9	28672092.1	0
AT3G54960.1	12	19	79471860.973	47329575.963	1081686857.5	686381574.819	166383059.955	252550859.662	0	0	969278577.5	504542709.19	0	0
AT3G54980.1	2	3	0	0	0	0	53133819.5	67885176.26	0	0	0	0	53133819.5	30856560.58
AT3G55000.1	1	1	4350478.286	17410231.77	6684787.5	0	0	11067578.3	0	0	6684787.5	0	0	0
AT3G55010.1	7	14	515537428.74	215022814.72	556503452	392162338.04	143654328.82	222107320.742	298493619.85	171400202.63	338016264	290221736.44	0	0
AT3G55040.1	7	24	765354529.73	139861017.11	854940876	1239125828.7	45759975.806	64557913.03	666781620.23	111821060.75	775936028	1063001846	0	0
AT3G55120.1	4	5	47123962.09	0	47367092	662654898.49	17225845.43	0	0	0	0	662654898.49	0	0
AT3G55170.1	2	2	0	8215941.051	114209008	57707333.33	0	21340059.16	0	0	114209008	0	0	0
AT3G55220.1	5	7	0	29622366.11	211132036	189312785.75	24266724.37	38348328.33	0	0	167996276	74394026.09	9221499.92	0
AT3G55250.1	11	21	994425279.25	530401925.273	1109469036.3	1068458063.505	178321798.97	115275251.556	785650791.9	373735792.261	800354030.3	578558526.8	0	0
AT3G55260.1	5	8	0	17099460.78	612769796	745371316.5	33071417.886	36879623.436	0	0	474657124	663307922.35	0	0
AT3G55330.1	10	42	5879355917.3	5967743260.785	4443956562	5223989657.83	416778133.1	406697109.587	5879355917.3	5962398240.38	4443956562	4918766858.93	279352664.29	320653990.29
AT3G55360.1	3	4	0	0	186026096	173795339.48	0	0	0	0	169159592	88443541.04	0	0
AT3G55400.1	14	22	406720744.44	42156940.988	426184244	316359202	578072393.82	613512964.33	306745090.06	0	116825544	72484755.29	226158063.31	248179941.69
AT3G55410.1	72	223	984882855.05	503281899.8421	3279997109.25	3879629278.927	74095808840.42	72644119382.53	0	0	1954537494	2240006241.38	64306843506.66	66319643883.11
AT3G55430.1	1	1	0	0	46906880	0	17769507.23	0	0	0	46906880	0	0	0
AT3G55440.1	13	53	190217469.808	193605990.621	12147792620.938	9700750075.348	1364546660.8	1425930759.05	48485448.24	124438142.51	12013548892.938	6947690890.732	1188867606.06	1088566991.7
AT3G55560.1	1	1	0	0	0	0	21969534.15	0	0	0	0	0	21969534.15	0
AT3G55605.1	1	2	0	0	9664029	0	205583744.2	238846988.4	0	0	0	0	205583744.2	238846988.4
AT3G55610.1	3	4	0	0	130294429	82170338.95	4061331.387	45294368.17	0	0	130294429	57444064.12	0	0
AT3G55620.1	2	3	0	0	162100208	218082202.6	93147308.41	63917089.759	0	0	162100208	117003377.9	0	0
AT3G55630.1	13	18	33425881.2	77030056.69	65311174.5	844281669.984	842459695.554	754625187.67	0	0	0	28199887.04	503298887.424	706077589.69
AT3G55760.1	25	49	818669779.879	2397060143.36	953005871	1020014541.325	203385278.38	251220222.851	465134729.93	2123786615.25	518228241	464708499.02	0	0
AT3G55770.1	2	5	1178582.322	389810.9565	90297392	52199280.732	62696183.12	65914024.08	0	0	90297392	52199280.732	62696183.12	0
AT3G55800.1	20	118	37188861540.6	5713707403.673	39208355331.8	44114337793.52	1001496815.25	787814694.02	34266704420.6	5291264890.08	38379379551.8	40162192029.96	413030870.43	239684905.4
AT3G56010.1	5	8	374205339.36	381392712.99	193593097	95938401.24	221747763.75	105002232.28	348817524.55	321055176.62	0	0	0	0
AT3G56030.1	2	3	3202521.468	19164763.32	19711647	0	46234440.4	47084656.01	0	0	0	0	46234440.4	13317089.41
AT3G56070.1	16	43	565770444.6	431818205.685	704894839	1206536421.72	9048711087.99	7629297599.22	0	0	277293040	326338027.08	8001075423.33	7449115867.02
AT3G56090.1	5	9	406946519.04	113483022.964	185070802	171052554.64	0	0	406946519.04	49271425.37	76148248	77792044.29	0	0
AT3G56110.1	3	3	0	0	80678944	54905604.73	187989691.05	44085017.43	0	0	43283588	54905604.73	103500046.1	0
AT3G56130.1	6	12	436380051.56	93630403.77	164350454	65666296.66	0	0	436380051.56	37846082.91	136433052	0	0	0
AT3G56140.1	8	15	298907231.046	220460989.678	126328843	124506737.19	0	0	298907231.046	189397399.348	23239970	0	0	0
AT3G56150.1	6	10	3981837.317	2708601.254	331829232	134929298.12	165528120.917	130117064.89	0	0	243806264	134929298.12	12723656.15	11622482.79
AT3G56160.1	2	3	12698479.16	0	60046306	48499942.4	0	0	0	0	38796720	10460290.3	0	0
AT3G56190.1	8	17	25693704.38	76723281.91	27261975128	22644655090.23	204253855.59	178471209.09	0	0	27188677192	22504933877.66	91930560.57	71799828.59
AT3G56210.1	3	5	0	5129739.725	0	0	409792776.77	503465004.93	0	0	0	0	409792776.77	357501590.93
AT3G56240.1	5	14	43366269.013	39273040.309	1650404664	1417562631.68	403485312.89	533836484.46	0	0	1169537848	1293194810.68	403485312.89	122751474.8
AT3G56290.1	2	2	57697458.05	39104548.261	22521742	36553664	0	0	0	8967434.851	0	36553664	0	0
AT3G56310.1	5	8	17523173.03	7958851.335	796798740	726075154.79	14853907.38	52531338.84	0	0	749126872	429564031.99	0	0
AT3G56430.1	8	15	0	17824419.88	42665383	14773812.33	994783388.03	1099243226.92	0	0	15238435	0	921878431.33	1048746509.86
AT3G56460.1	12	27	222242292.723	30969104.15	999708785	804818186.18	1368518758.86	886493948.39	0	0	724666254	435462703.95	644802531.56	697445503.24
AT3G56490.1	6	9	5565151.694	6497922.641	1183129000	1407729911.4	149675000.023	116802630.13	0	0	680917400	1050369295.9	50740308.63	0
AT3G56650.1	8	41	3053317247.12	3283698457.1	1944802678	2227574607.9	189534703.83	55343711.84	2570006443.62	3283698457.1	1901595174	2227574607.9	120723815.35	0
AT3G56690.1	1	1	27672673.68	26947580.43	13876927	16627199.3	0	0	0	26947580.43	0	0	0	0
AT3G56840.1	2	2	0	11122546.11	18760082	23357841.41	126867674.49	76039468.34	0	0	0	0	44530632.34	40587169.91
AT3G56900.1	1	1	37707596.6	34740055.45	13987607	14579113.28	37737391.02	32095787	0	0	0	0	0	32095787
AT3G56910.1	3	13	2335492393.4	784992023.6	614763840	646402772.6	195747110.2	182569562.7	2335492393.4	784992023.6	614763840	407478926.8	74554999	105632775.5
AT3G56940.1	17	33	8547227309.59	5431516602.63	2127353644.5	946541583.74	340752613.612	302385214.691	5171539551.19	3233065932.25	807310776.5	288322102.7	29564314.54	0
AT3G56950.1	1	1	0	0	14968059	28567060.45	0	0	0	0	0	28567060.45	0	0
AT3G57020.1	6	6	0	0	489628996	477367346.17	220202342.52	364972513.92	0	0	432850172	42809230.2	29966227.33	141268016.2
AT3G57030.1	9	13	0	161107558.6	623834954	861565395.51	150865610.28	160967899.12	0	0	413712494	695705313.01	0	0
AT3G57050.1	13	30	678349245.835	279815133.729	685174047	585372437.48	371986050.885	80231173.871	539366705.005	184688696.777	374163643	392145039.32	0	0
AT3G57090.1	3	7	52950670.21	41370802.447	212171204	245576218.35	130232719.74	51467527.586	22675901.1	31908183.23	56769636	166465594.82	100673880.62	0
AT3G57150.1	4	7	3964912.5861	8788688.999	135690321	89550158.449	78135707.54	57310428.46	0	0	135690321	81983043.84	0	0
AT3G57180.1	1	1	13974676.73	0	68341768	26713630.54	0	0	13974676.73	0	0	0	0	0
AT3G57240.1	3	6	0	0	90575978	207159218.87	0	2624083.849	0	0	55240358	207159218.87	0	0
AT3G57260.1	7	23	56729305.095	147957884.18	5129163044	82058544.44	960248882.79	1228255328.68	21609317.66	39170340.42	5129163044	13800329.96	123127879.39	39873222.8
AT3G57280.1	4	14	427458406.16	273692226.93	287424410	243380495.92	82322564.68	129896003.98	369721725	253214882	287424410	243380495.92	0	42779445.38
AT3G57290.1	8	14	9819161.113	8981632.278	657600440	567768071.02	106068461.86	95474330.66	0	0	422960032	372267582.76	33329546.87	48520095.71
AT3G57300.1	1	2	0	0	0	0	45371067.76	59026107.83	0	0	0	0	45371067.76	59026107.83
AT3G57320.1	1	2	0	0	17700222	24645490.75	70282309.39	65491064.39	0	0	17700222	24645490.75	0	0
AT3G57330.1	3	6	2378322.369	0	181298492	164192895.5	85106246.01	88880074.003	0	0	181298492	51965383.01	62443870.49	56462305.44
AT3G57410.1	13	17	23631134.2	29105052.424	804439540	372805399.405	284280019.59	348193096.67	0	0	785804778	124712487.93	0	0
AT3G57420.1	1	1	0	0	0	0	0	0	0	0	0	0	0	0
AT3G57490.1	1	1	0	0	19109112	11336529.44	0	0	0	0	19109112	0	0	0
AT3G57530.1	2	4	0	3757618.369	72936028	80296138.07	31799013.527	31754139.083	0	0	50620380	80296138.07	0	25729093.95
AT3G57560.1	7	18	993848400.12	318624547.5	771438504	710920512	23758664.866	21403408.91	806298496.43	191716861.73	645448072	359670051	0	0
AT3G57610.1	20	44	3936541850.16	1140080570.55	3787849674	3011151184.863	503767066.872	493023868.85	1990840099.4	1035233676.97	2657169706	1956777380.2	0	0
AT3G57650.1	2	2	0	3118647.39	0	10715002.47	50454614.58	58053655.39	0	0	0	0	50454614.58	0
AT3G57785.1	1	1	0	0	0	0	41361470.82	0	0	0	0	0	41361470.82	0
AT3G57790.1	1	1	0	0	27256038	0	0	0	0	0	27256038	0	0	0
AT3G57810.1	1	1	5817861.405	0	36827680	34545402.05	60042437.09	82301266.98	0	0	0	0	0	82301266.98
AT3G57890.1	6	9	8189048.797	19223034.04	517956776	543113447.78	199066023.53	0	0	0	288145032	543113447.78	0	0
AT3G58010.1	10	29	3188613244.65	5952149071.62	1750233910	2063213826.9	8015118516.31	19094908464.86	2337706472.92	5882222063.34	699788072	1460604514.2	0	0
AT3G58140.1	21	59	1793529521.97	301676046.581	1617767244	1713748123.71	1246934866.258	1311791512.86	1405377259.84	148093013.2	950384168	1381201770.22	904147271.22	1036729846.98
AT3G58170.1	2	4	0	0	58338534	54756310.62	44808419.17	16813203.47	0	0	0	54756310.62	44808419.17	16813203.47
AT3G58510.1	3	6	0	0	164183780	122317780.97	82829874.1	75441443.86	0	0	112821140	72767567.2	60918124.95	0
AT3G58600.1	3	4	0	0	65892861	50912572.44	0	0	0	0	50217208	50912572.44	0	0
AT3G58610.1	27	82	11033196112.831	2424744827.078	8494521839.3	5042910940.92	670271554.957	428847219.41	9544221574.031	1517048248.56	7212022094.8	3504728579.03	0	0
AT3G58730.1	20	41	158888276.831	81458249.407	3429850542	3199156773.02	1992018719.31	2092882663.53	0	21894936.393	2241672280	1467941274.1	804172961.48	1679144687.21
AT3G58750.1	6	9	423494542.683	281312807.468	162336536	1492869405.272	1490574508.8	2324545120.95	0	0	41156500	46894536.84	1363139578.26	213931579.77
AT3G58830.1	1	1	7013838.832	10964501.56	0	0	0	16286814.03	0	10964501.56	0	0	0	0
AT3G58840.1	10	16	22812382.372	16976486.651	126084743	66015052.55	1271017459.32	1333866535.39	0	0	28318052	0	927079649.9	755242532.39
AT3G58990.1	1	1	14466317.55	28195618.59	0	0	41287685.27	16458386.96	0	28195618.59	0	0	0	0
AT3G59010.1	4	7	21775779.34	9355558.8	224880116	229752777.78	14672721.62	15631138.63	0	0	103999388	183455065.22	0	0
AT3G59020.1	2	2	0	0	63875152	53960345.57	30226889.46	18046964.05	0	0	63875152	0	0	0
AT3G59040.1	2	2	28146625.65	0	213574896	188369355	0	0	28146625.65	0	0	0	0	0
AT3G59280.1	8	14	105159077.01	31834008.951	109607265	155437574.7	1315595978.63	1256159353.51	0	0	0	0	1161147410.23	1143584662.51
AT3G59350.1	1	1	0	0	14773082	0	0	0	0	0	14773082	0	0	0
AT3G59400.1	2	3	173241920.67	55857564.22	56668172	21927981.94	0	0	173241920.67	0	0	0	0	0
AT3G59500.1	1	3	8270872.708	8720953.429	41177920	66584137.84	22493371.79	25511356.02	0	0	41177920	66584137.84	22493371.79	0
AT3G59650.1	2	4	0	0	0	0	125832800.66	145786396.9	0	0	0	0	125832800.66	145786396.9
AT3G59760.1	23	61	388223962.74	218740136.38	1057550263	1345429119.47	11972189239.3	11420975901.8	69747097.24	143422357.47	465490454	587946332.88	9425664687.71	8217245304.49
AT3G59770.1	1	1	0	0	0	22039062.46	13013647.94	0	0	0	0	22039062.46	0	0
AT3G59780.1	32	125	8162282947.77	14951119941.02	3482965080.5	4435053523.08	2964124331.734	3272484195.081	5887473082.07	13691411089.72	2987451016	3017622007.45	110629158.79	87072920.14
AT3G59820.1	27	45	294497060.68	158096487.464	462051034.5	598573376.01	5343813783.78	5366088922.74	0	0	0	33987525.75	4223867917.9	4545116157.54
AT3G59840.1	2	3	69088532.38	23293139.26	76067588	55936847.68	0	42489260.19	26603938.64	23293139.26	0	55936847.68	0	0
AT3G59910.1	1	2	0	0	0	0	103101289.1	100142401.8	0	0	0	0	103101289.1	100142401.8
AT3G59920.1	4	6	4704373.585	0	563288352.5	630035486.29	0	0	4704373.585	0	521223748.5	346257575.28	0	0
AT3G59970.1	5	12	111468289.3	203822319.86	975000870	899532180.39	55433072.55	10576623.57	0	0	975000870	859256642.54	0	0
AT3G59980.1	9	20	346262383.096	51153699.92	749496728	971712978.51	1079490731.76	510520011.91	213360587.72	0	506567920	739807437.46	949463013.76	276705851.61
AT3G59990.1	3	3	0	0	114736472	109075445.42	0	0	0	0	114736472	26601987.42	0	0
AT3G60190.1	7	12	0	161324155.7	409075964	356388140.25	121757305.02	90444756.38	0	0	341549380	301901480.65	0	0
AT3G60240.2	7	9	0	0	105148859	178533676.32	87377804	51350918.41	0	0	61466347	75573988.75	26049732.84	0
AT3G60245.1	6	14	76711105.686	107912871.463	332110936	300552632.88	296229639.31	297198548.48	0	0	332110936	300552632.88	296229639.31	167112719.91
AT3G60320.1	1	1	9465539.341	4626009.483	1519400064	1584075617	53513417.68	38148482.53	0	0	1519400064	0	0	0
AT3G60340.1	2	2	0	0	136555140	173406433.07	31604082.5	32469028.23	0	0	49880628	156362034.4	0	0
AT3G60370.1	9	22	2286303167.72	3096169931.36	664755105.75	984929905.0133	32461564.86	50217069.91	2264879995.02	2916112063.72	189891564	84040511.47	0	0
AT3G60415.1	1	1	12776495.82	72324362.72	26215710	28001204.73	50530111.83	0	0	0	26215710	0	0	0
AT3G60440.1	3	3	52003578.07	4008897.431	141156218	171088739.01	0	0	32682226.12	0	0	96994832.17	0	0
AT3G60450.1	2	4	67163404.82	35423231.33	346784632	198086231.47	88373910.199	7647726.268	0	0	346784632	198086231.47	0	0
AT3G60510.1	8	11	13701891.19	41812141.36	44034657	117639888.846	710723796.57	1030579825.11	0	0	0	0	710723796.57	247768401.34
AT3G60590.1	1	1	28091172.51	0	0	0	0	0	28091172.51	0	0	0	0	0
AT3G60600.1	2	2	0	4451575.181	70167088	62333578.26	31853374.48	0	0	0	0	62333578.26	31853374.48	0
AT3G60620.1	1	1	33821802.02	24469217.05	0	0	0	0	33821802.02	0	0	0	0	0
AT3G60750.1	33	312	73871048782.1	16846245743.53	66525294757.6188	73174452024.96	2433171098.302	1419369490.9764	71277125363.84	13311032221.43	65467502159.9	72384474339.4	1413579455.61	728733712.07
AT3G60770.1	1	2	0	0	47272256	33941045	79103870.78	34770407.34	0	0	0	0	79103870.78	34770407.34
AT3G60810.1	7	11	399006109.19	583315268.8	115977460	224402356.72	11865832.21	17810718.19	129486265.69	583315268.8	0	14363670.11	0	0
AT3G60820.1	6	13	0	28426755.44	1290909476	1584474373.2	67987779.13	102124958.31	0	0	1290909476	1584474373.2	26310620.56	0
AT3G60830.1	2	2	15304308.6	69363269.87	38905268	48077735.49	106122275.4	82824164.54	0	0	38905268	0	58210681.37	0
AT3G60860.1	1	1	0	0	11088432	0	18557983.56	34066799.38	0	0	11088432	0	0	0
AT3G60880.1	1	2	26343965.01	10685924.44	0	0	0	0	26343965.01	10685924.44	0	0	0	0
AT3G60900.1	1	1	0	0	70491240	62344905.34	10961198.32	11537246.4	0	0	0	62344905.34	0	0
AT3G60960.1	1	1	33110701.63	0	0	0	54966023.86	0	0	0	0	0	54966023.86	0
AT3G61050.1	9	17	0	0	642027308	744826100.78	551046209.32	499366513.21	0	0	164112868	595608899.38	437123389.62	452789176.99
AT3G61070.1	3	6	18689036.53	10010445.61	78363352	64858041.47	45285958.572	20587455.09	0	0	78363352	64858041.47	45285958.572	0
AT3G61080.1	2	5	93565081.39	27781016.65	79332518.5	172083956.77	56542841.41	0	52510345.67	27781016.65	23541802.5	67884527.47	0	0
AT3G61110.1	2	6	53846654.35	13060503.41	591703488	679744966.3	404404147.6	671624418.8	0	0	591703488	679744966.3	128958941.4	671624418.8
AT3G61130.1	2	2	0	31176091.57	0	184139353.8	1244711092.98	384675071.5	0	0	0	0	1190744470	53149187.8
AT3G61140.1	1	1	0	0	52922660	38286318.28	9533025.669	0	0	0	52922660	0	0	0
AT3G61220.1	6	9	9191082.124	0	648121720	791600654.27	58444578.835	89356064.686	0	0	303753324	581226576.57	13222158.52	0
AT3G61260.1	12	29	3859523.855	11212172.021	3579044010	1717513582.64	1664259754.88	1627063319.38	0	0	3030541028	1653669386.6	954889538.64	1187199901.3
AT3G61310.1	1	2	0	0	0	4748587.044	56810999.1	43409207.99	0	0	0	0	56810999.1	43409207.99
AT3G61350.1	1	1	0	0	19357864	11467595.01	0	0	0	0	19357864	0	0	0
AT3G61430.1	1	2	0	0	306951688	158679157.4	138313264.8	142155003.4	0	0	306951688	0	0	142155003.4
AT3G61440.1	51	232	224449468.72008	268567294.59	7068968750	8192922501.51	121598265504.135	112412879396.92	51495837.77	57040273.46	5802098927	6889575810.83	119621525076.79	110850276216.39
AT3G61470.1	4	43	39876633878	51767437435	15355888951	16955457914.1	1027042858.31	991840866.82	39876633878	51767437435	14253238503	16955457914.1	997534049.9	981049172.5
AT3G61520.1	8	10	0	0	63326169.5	39936992.42	515059041.94	596490503.83	0	0	0	0	347201590.12	407416453
AT3G61530.1	7	11	11524366.932	0	55951047	202943548.82	787055891.47	645160640.32	0	0	0	51672364.92	787055891.47	432539929.51
AT3G61540.1	6	11	122596099.29	26936585.385	324590164	444137375.41	285369189.36	227900976.699	35109685.34	0	168980304	280876259.31	47860102.7	76582326.86
AT3G61780.1	1	5	13524554.04	10498641.28	10933650	0	471616880.3	740523467.3	0	0	0	0	471616880.3	740523467.3
AT3G61820.1	3	5	0	42182114	269242232	319962080.32	31555583.79	11472742.4	0	0	269242232	211143960.32	0	0
AT3G61870.1	6	37	5518227542.412	9960786744.4712	3156093915.16	3775030739.4	168613354.75	178476066.26	5518227542.412	8854761894.3	3156093915.16	2686554430.4	120627343	81799455.48
AT3G61990.1	1	1	0	0	13955846	51189313.9	0	0	0	0	0	51189313.9	0	0
AT3G62010.1	1	1	134778821.5	84012149.4	370375648	288681648.9	17206304.21	38377997.63	0	0	370375648	0	0	0
AT3G62030.1	12	102	30311586596.12	7207218839.68	29422537390.1	34582304630.63	1213650604.297	914079109.68	30311586596.12	7186933468.07	25353321978.1	31069709218.48	462151075.7	646543111.1
AT3G62110.1	1	2	0	0	111582888	120035539	0	0	0	0	111582888	120035539	0	0
AT3G62120.1	11	19	11064794.21	23303967.592	1371408356	882735148.35	196367907.02	137038252.94	0	15641255.67	1272768948	679833768.48	20187067.36	39326279.89
AT3G62240.1	1	1	0	0	13066332	10885066.47	0	0	0	0	0	10885066.47	0	0
AT3G62360.1	12	24	7948089.309	8575143.328	575936324	579710762.32	530725225.13	628485554.86	0	0	350219254	547077486.99	254178015.13	350729146.28
AT3G62370.1	1	1	3365254.861	0	42224604	47630588.62	0	0	0	0	0	47630588.62	0	0
AT3G62400.1	2	3	2169705.845	27842262.09	0	0	975326839.9	838391835.8	0	0	0	0	370552838.1	838391835.8
AT3G62410.1	5	20	865172501.2	101993191.21	1922355320	2228442487.61	97705672.95	35647617.12	865172501.2	82046663.85	1922355320	2228442487.61	41988538.39	0
AT3G62450.1	2	3	0	0	9581673	13409848.54	385616683.6	312364240.66	0	0	0	0	385616683.6	241082507.9
AT3G62530.1	19	57	321641986.64	51758208.55	2765044424.1875	610992507.89	10611218122.49	12288712181.59	139299112.03	0	146067100	338967476.41	10465070522.79	12135191544.63
AT3G62560.1	1	2	0	0	28281840	45058996.19	6572653.854	0	0	0	28281840	45058996.19	0	0
AT3G62580.1	1	3	0	0	79097464	48832555.87	0	9063616.127	0	0	79097464	48832555.87	0	9063616.127
AT3G62600.1	4	9	26767362.15	0	358306439	163635354.17	174507812.29	151078815.55	0	0	358306439	48184720.02	50273705.39	151078815.55
AT3G62700.1	14	24	43411672.236	17442257.646	419006814	937253805.03	206086052.31	319780482.06	0	0	278429804	773341438.83	77941063.94	43767702.8
AT3G62750.1	3	5	3079905.007	10713153.94	212856692	314204547.01	0	31944844.1	0	0	212856692	233677555.57	0	0
AT3G62790.1	7	13	559948665.685	31544950.48	120161144	292833311.8	2935282156.1	1812695283.55	0	0	99347536	0	2935282156.1	950230656.4
AT3G62810.1	5	8	0	0	41034768	34756889.34	727680231.5	698320509.31	0	0	0	0	727680231.5	623877968.27
AT3G62830.1	1	1	0	0	0	0	13210502.87	0	0	0	0	0	13210502.87	0
AT3G62870.1	4	7	28734673.737	45790476.32	1066507830	965514813.08	111600934.07	215588977.39	0	20665044.63	300190856	945244091.1	36258644.07	21692558.86
AT3G62910.1	4	7	218076787.81	116091608.888	189098404	165458796.85	0	18453083.51	141400955.68	0	105580452	53610091.92	0	0
AT3G62920.1	3	5	0	0	0	15795724.13	414982465.9	528768993.9	0	0	0	0	290335826.7	528768993.9
AT3G63080.1	3	3	0	0	23001162	33961411.198	132360801.73	73254084.14	0	0	0	0	132360801.73	0
AT3G63130.1	7	10	11040818.811	287716443.037	220583126	272666943.392	288259804.48	168577784.8	0	0	115969248	74989877.64	271551518.32	59817781.63
AT3G63140.1	23	104	20101385881.711	3585618778.871	15179220420.875	19993153615.78	1360653389.2781	1663391214.393	19704149373.311	2963995920.98	13954412348.875	17299848850.43	267889712.2	344628586.49
AT3G63150.1	7	7	0	0	106028001	160859743.34	1569695047.49	1307171480.03	0	0	0	0	1156897139.67	475307085.08
AT3G63160.1	9	52	5455968718.2	4263895376.2	12804862592	12685988225.475	14164700629.89	14787605766.07	5455968718.2	4263895376.2	12804862592	12679844785	14164700629.89	13066875124.18
AT3G63170.1	8	25	1362276159.44	522598949.86	1597092840	2149048438.04	1291098811.43	2106030048.34	1080543550.8	329628308.71	1065178376	1700332711.34	57045310.15	0
AT3G63190.1	15	69	12576329110.2	3623157505.18	10531269074	11183336637.85	984535363.82	1792404933.554	11029273257.1	3128430848.98	9744072920	7728474643.65	348045061.52	200901207.86
AT3G63260.1	4	5	18270992.44	5583295.737	180263988	90237724.43	57970469.2	18522778.719	0	0	126902888	0	57970469.2	0
AT3G63410.1	10	49	4416154089.23	1507780767.76	2601629812	3535443758.4	1221797262.111	1176763107.46	3876610672.77	1403863307.2	2070208776	3535443758.4	698442282.73	541610824.52
AT3G63460.1	21	34	123993742.9	49339392.94	2360696740	1749307024.46	644074456.84	555811128.71	0	0	1979886468	1429168072.02	54053434.31	89710321.55
AT3G63490.1	23	98	16344028660.38	4846037544.301	9644233076	8572149899.816	1658701486.738	1692110838.0393	15479413687.65	4690787661.36	8039568466	7031823207.21	42425084.2	0
AT3G63520.1	32	71	717652328.327	440526416.06	2606897080.75	4913121939.722	4414769828.74	4224021398.583	0	0	1600253638	2908170500.84	3225945534.05	3361628371.48
AT3G63540.1	5	22	2226414268.6	941960994.76	1432007188	1588303877.97	55825744.31	140049741.08	2226414268.6	848014681.3	1432007188	1571529889.4	0	0
AT3G66654.1	5	10	0	0	85016174	86155672.05	1079533668.39	1110775947.06	0	0	50693168	0	885163268.19	964066969.26
AT4G00026.1	4	4	1149399.893	0	143364512	202754798.88	514439540.07	1027922963.65	0	0	0	0	439767242.79	594855461.32
AT4G00030.1	5	8	223673633.95	280857312.15	219155384	311558300.567	22622724.015	14115817.7	154443615.17	139949942.29	97817120	35855269.65	0	0
AT4G00090.1	1	1	0	0	0	0	23120288.97	13795057.79	0	0	0	0	23120288.97	0
AT4G00100.1	1	4	6081371.432	0	33436638	18843329.77	39489006.35	57512584.43	0	0	33436638	18843329.77	39489006.35	57512584.43
AT4G00170.1	1	2	4289588.548	3370650.457	17550234	0	0	0	0	0	17550234	0	0	0
AT4G00238.1	5	7	0	0	0	0	326117147.37	360550241.39	0	0	0	0	326117147.37	158761907.46
AT4G00240.1	1	3	0	0	19243746	31510496.7	6448504.937	0	0	0	19243746	0	0	0
AT4G00260.1	1	1	19047669.15	23490288.52	16688229	0	0	0	0	23490288.52	0	0	0	0
AT4G00270.1	5	8	16787660.44	0	49668245.5	53792106.25	726631233.17	739807063.56	0	0	0	0	726631233.17	211357558.05
AT4G00290.1	9	16	57638979.701	34228001.91	228756894	297547227.3	1440668012.7	1755598535.4	41575290.31	0	81477264	82339525.77	835338103.28	1352607251
AT4G00355.1	3	4	10555741.875	12522444.1	0	34427553.2	238602102.39	275007275.51	0	0	0	0	238602102.39	67485794.23
AT4G00370.1	2	3	49374880.7	11264633.78	51285242	75422930.62	0	0	39610036.28	0	51285242	0	0	0
AT4G00430.1	1	2	0	0	0	16826705.11	75020343	120527499.5	0	0	0	0	75020343	120527499.5
AT4G00490.1	16	42	1104041978.93	132062414.909	1598013713	1872085775.67	46703124.32	86658614.41	806462299.88	109301478.602	1106772731	1343630314.1	0	0
AT4G00520.2	1	1	0	0	41576788	75824546.93	0	0	0	0	0	75824546.93	0	0
AT4G00530.1	5	8	23935839.632	5028086.703	18682030	24598508.61	1158223982.28	1207533689.31	0	0	0	0	1158223982.28	375062237.24
AT4G00570.1	48	157	122987733.318	324327412.354	2240659922.469	2969594802.456	39595790780.982	35735170847.88	0	0	1278246069.5	2323658642.1	38482253704.19	34794646926.39
AT4G00585.1	7	22	117406968.07	161473293.01	181113678.5	105510855.83	4347483814.66	5512730159.32	0	0	0	0	4328139541.89	5334606946.1
AT4G00620.1	6	19	350621836.28	107851579.038	266103084	327790068.25	33056112.6	24730930.956	350621836.28	75289268.97	266103084	307345156.21	0	0
AT4G00630.1	7	10	334519356.36	152859617.49	110912772	147133776.99	0	7333486.58	226626127.93	55072206.81	41338492	88677894.52	0	0
AT4G00740.1	6	8	0	0	66487604	84581651.61	412359879.7	409233403.37	0	0	0	0	347061049.33	210305285.14
AT4G00860.1	8	27	0	5046363.902	432909556	306519978.11	11059387434.55	10774845384.62	0	0	304730500	306519978.11	10313058803.85	10774845384.62
AT4G01037.1	5	6	136673405.53	32040767.03	24640526	0	7625610.184	33650966.58	136673405.53	12797611.5	0	0	0	0
AT4G01050.1	16	68	24135868024.97	36187197725.986	10565375130	11312787431.707	1619338239.02	1442681216.04	22200907110.6	33417863348.99	7664934880	9394199869.5	1059349392.25	245483090.2
AT4G01070.1	3	3	0	0	153501608	179707689.84	14909860.87	0	0	0	45688396	140398395.77	0	0
AT4G01100.1	27	73	193802934.981	131982426.17	604641444.5	727074232.07	10659256755.68	14343375905.96	0	0	129016394	144898249.84	10233759414.3	13728013693.86
AT4G01130.1	1	1	0	7588849.925	25981702	26516687.54	23639025.91	0	0	0	25981702	0	0	0
AT4G01150.1	8	71	35420246460.3	56127205728	18353069569	19175439555	905875313.25	894860222.06	35420246460.3	56127205728	18353069569	19175439555	785341987.15	734321451.67
AT4G01310.1	21	73	10817109706.07	1886004784.403	7366508770	6301536392.38	360059345.51	224333772.247	10323100577.57	1539101876.99	6774749216	4446989222.92	39851505.34	41356214.76
AT4G01320.1	1	1	0	0	40646540	52468696.09	0	0	0	0	0	52468696.09	0	0
AT4G01370.1	5	7	8603419.919	15376942.84	440227170	201041076.41	0	35995726.17	0	0	440227170	54282454.39	0	0
AT4G01480.1	2	3	0	0	11070372	286445957.47	5631846.028	21013723.57	0	0	0	286445957.47	0	0
AT4G01610.1	5	6	0	0	259745194	180398820.912	0	0	0	0	259745194	158039644.49	0	0
AT4G01650.1	1	1	10621969.4	0	6409114.5	15737379.48	24168374.65	16836163.64	0	0	0	15737379.48	0	0
AT4G01660.1	13	22	26549699.393	9984563.397	80013996	159566174.93	1588362971.43	1591163751.31	0	0	0	0	1401068173.73	1591163751.31
AT4G01690.1	26	65	4457718412.88	3996153434.051	1845439677	948940515.597	352787620.34	400322001.75	4074820979.98	3610634107.15	1050169900	413040455.58	0	0
AT4G01700.1	4	8	0	37533232.57	294548428	171938550.621	18982876.27	0	0	0	294548428	171938550.621	0	0
AT4G01800.1	34	81	3104080653.85	1093166850.31	2306892601.5	2403774252.274	402932078.672	347436927.496	2891214615.43	769758804.744	1316753190	1096337767.35	19084789.6	0
AT4G01850.1	4	5	0	0	227241208	253230543.38	19513316.02	12478887.78	0	0	227241208	74720878.32	0	0
AT4G01870.1	1	1	3607655.612	0	48565212	25702026.91	0	0	0	0	48565212	0	0	0
AT4G01883.1	3	7	168370146.53	54465835.51	164283420	173750681.8	0	62035051.14	78896259.14	42742861.61	114555516	57622385.61	0	0
AT4G01897.1	2	2	0	0	181517078	208292373.3	52521243.43	37372908.301	0	0	0	208292373.3	0	0
AT4G01900.1	10	32	1491316848.25	563970731.825	1551994286	1555259895.75	23905967.68	299090602.51	1491316848.25	459470022.425	1107553072	1002123734.02	0	0
AT4G01935.1	2	2	32018991.84	38815094.56	0	0	53603017.7	39098605.6	32018991.84	11202345.7	0	0	0	0
AT4G01940.1	1	4	57430574.9	19467423.43	90796296	75184029.12	0	17834936.62	57430574.9	19467423.43	90796296	75184029.12	0	0
AT4G01990.1	1	2	174144683.8	0	242202592	19727230.52	51994627.29	0	0	0	0	0	51994627.29	0
AT4G02010.1	1	2	75258227.52	86498185.29	108749384	77448955.14	36144506.65	55196685.24	0	86498185.29	108749384	0	0	0
AT4G02080.1	1	3	0	0	88486856	151747509.5	33238139.55	39583706.69	0	0	88486856	151747509.5	0	39583706.69
AT4G02120.1	2	3	0	0	49789432	59676535.65	0	47504142.96	0	0	24805594	59676535.65	0	0
AT4G02340.1	1	2	0	0	37028920	69444870.32	0	0	0	0	37028920	69444870.32	0	0
AT4G02350.1	2	3	14228140.64	55564540.01	18587776	35058615.31	51543799.01	49097044.12	0	0	18587776	24215489.1	37590413.86	0
AT4G02405.1	1	1	10953124.18	0	0	16454989.06	31584431.68	0	10953124.18	0	0	0	0	0
AT4G02450.1	7	14	23621307.44	19278070.232	2382966976	2103342411.14	721649222.3	819543552.95	0	8669537.686	2382966976	1295255273.24	0	0
AT4G02500.1	3	3	0	5570355.057	40149716	0	142848036.35	189497317.6	0	0	0	0	130439923.93	37212616.56
AT4G02510.1	46	118	2878397040.703	1287966289.479	2079089382	2528517431.37	816244952.043	858232829.142	2339632081.813	725590148.506	1269297184	1590311150.07	407561568.11	349040013.82
AT4G02520.1	17	84	1350408159.88	1698846910.669	33489665488	21972043388.807	4513106930.23	5080482316.07	1257177568.24	1698846910.669	33263727248	20716545155	4248653502.33	4392569706
AT4G02530.1	7	45	13338884190	21025492302	7370254464	7402753535.1	502399062.892	407362190.375	13338884190	21025492302	6117858176	6798070776.6	497020740.94	277294890.16
AT4G02570.1	2	4	0	0	121194556	73127830.55	37214307.91	15594515.55	0	0	84416672	45110166.67	37214307.91	0
AT4G02580.1	15	51	36490470.1726	28560774.755	1277425325.5	1906930212.5	19950739657.07	21272750561.04	0	0	1241436333.5	1610422276.3	19950739657.07	21223808694.01
AT4G02610.1	1	1	0	0	23882896	27434737.02	0	0	0	0	23882896	0	0	0
AT4G02620.1	7	17	33486133.096	39496016.764	871675965	791839706.1	374543899.418	648760069.34	17284817.582	22602999.24	463088384	602155714.3	335609565.6	181104359.64
AT4G02725.1	3	5	450617898.73	528914328.75	230059333	508342223.52	0	55356928.71	319814027.2	497521613.01	0	376012679.82	0	0
AT4G02770.1	2	7	586543526.1	1253435958	141257744	149859024.7	81276042.85	125761816.2	586543526.1	1253435958	0	0	0	42170590.75
AT4G02860.1	1	1	0	0	13464764	0	0	0	0	0	13464764	0	0	0
AT4G02930.1	40	109	235169691.19	307668966.38	2425659168.75	3500178031.897	37655527025.67	37163950977.63	0	0	1516161231	2434729547.23	36648241812.27	33132668766.52
AT4G02980.1	1	1	0	0	0	34615632.09	0	0	0	0	0	34615632.09	0	0
AT4G02990.1	1	1	24119346.21	15422412.52	22658768	32111521.12	16715475.83	0	24119346.21	0	0	0	0	0
AT4G03080.1	10	16	6365639.003	21255171.173	551933266	451273161.85	102723004.973	95656672.974	0	0	551933266	231231067.71	0	0
AT4G03140.1	2	4	0	0	0	0	53118690.73	73348826.65	0	0	0	0	28979115.54	73348826.65
AT4G03150.1	1	2	47546715.27	19139352.5	26318284	25696053.09	16839276.79	27496563.93	47546715.27	0	0	25696053.09	0	0
AT4G03200.1	13	20	120654886.658	8410600.086	435178612	707943223.52	395009822.95	421438854.71	0	0	212995308	279951883.87	311710354.26	156456567.13
AT4G03220.1	1	3	0	0	0	297219195.1	149693063.4	163795907.3	0	0	0	0	149693063.4	163795907.3
AT4G03240.1	4	10	0	0	149817224	93249337.339	1106507739.5	778179215.9	0	0	0	0	1106507739.5	658698573.4
AT4G03280.1	10	62	43288725507.57	68221074769.75	23034482286	24700413314.6	2373411599.264	3516236830.88	43237507290.41	68221074769.75	21664048516	24700413314.6	784768047.41	1595554315.58
AT4G03520.1	7	29	3711746011.77	1610923825.31	4623047768	4828064909.1	101292095.251	34968283.346	3131731036.3	1398202033.91	3801519136	4828064909.1	0	0
AT4G03550.1	1	1	0	0	13782462	14171245.06	0	47743740.89	0	0	13782462	0	0	0
AT4G03560.1	6	9	209618409.04	5673016.437	635078674	516340272.17	361942161.79	534059897.84	0	0	444766914	161815037.97	199829725.4	311521799.82
AT4G04020.1	14	63	4965699737.12	17374301431.48	4816002571.5	8954764720.04	200054005.83	615928349.507	4529908670	15663993142.8	4151804331.5	7624878302.44	42459143.68	0
AT4G04040.1	3	5	0	0	136522340	157738170.23	0	0	0	0	136522340	157738170.23	0	0
AT4G04180.1	3	3	0	0	0	20189802.62	148159817.22	92469792.13	0	0	0	0	72343943.33	35839074.43
AT4G04190.1	2	3	0	0	16365601	0	122161626.69	121175467.13	0	0	0	0	122161626.69	83656966.92
AT4G04210.1	2	2	0	0	71977228	46446461.26	17352116.45	49150530.74	0	0	36996220	26702591.2	0	0
AT4G04320.1	20	34	109437795.05	52098121.0762	155031334	221598550.61	2953226231.88	3393263558.85	41220835.37	51394020.32	0	63030495.26	2722086125.96	2556810862.57
AT4G04340.1	3	7	0	0	140569828	124657442.08	71137212.09	88581992.98	0	0	36743520	124657442.08	55382996.6	0
AT4G04350.1	7	12	6915488105.78	1050613549.407	7467442368	6874313940.74	120974583.2	159751922.5	93036608.62	0	238577550	6715030473.58	0	0
AT4G04470.1	2	4	0	0	35064769	23630941.02	190554856.72	128728001.51	0	0	0	23630941.02	190554856.72	46466899.42
AT4G04620.1	1	1	5928149.687	2493300.687	20634800	25857097.29	0	0	0	0	0	25857097.29	0	0
AT4G04640.1	28	227	80365334949.598	127071635466.28	47568189480.3	56921491304.329	4908083794.84	4238203875.255	76988532060.29	119520744032.38	37417212946.8	55202303681.68	3800106253.05	3378125330.51
AT4G04720.1	7	14	5261626.21	2726956.312	397723266	187508890.06	84453542.39	205999659.26	0	0	255170854	137359253.77	61905334.88	148856148.45
AT4G04770.1	9	15	337608288.93	52715967.02	265289503	341013206.85	253828187.62	212179614.3	253915520.28	18026743.37	77392238	160058447.59	240510916.7	200653564.2
AT4G04850.1	2	5	57182920.29	78656115.76	81802336	67222652.22	0	0	57182920.29	78656115.76	38130676	0	0	0
AT4G04910.1	12	20	66120010.53	60371862.046	827423707	709369919.96	433871926.14	458351446.27	0	0	447326107	522602686.17	96409098.25	64660702.01
AT4G04950.1	5	8	92218265.76	202590860.58	270692911.5	251150678.19	26172166.237	19635617.71	0	0	207808040	251150678.19	0	0
AT4G05020.1	40	116	89302972.594	182178234.63	996444272	975580676.2356	16415690420.78	13536384528.926	0	0	472104369	556132487.36	14994529803.08	11475379564.93
AT4G05070.1	1	1	0	0	10725763	0	13310212.52	31904010.12	0	0	0	0	13310212.52	0
AT4G05090.1	3	5	160072245.37	14771333.19	48448985.5	122189966.43	11499586.09	7775118.982	46405575.27	14771333.19	0	71527216.72	0	0
AT4G05150.1	4	6	0	0	105894680	160632071.764	12639498.41	15126847.2	0	0	74886020	151906082.19	0	0
AT4G05160.1	8	18	1775623.228	0	394765096	276763243.728	617948207.22	765934817.24	0	0	234876676	162974258.65	509145634.62	207514239.59
AT4G05180.1	20	162	81420681292.5	102172532965.951	90224834460	95589939545.46	50143164366.93	53754329090.28	74548046534.5	92231909927	90144114086	95545022433	46140119208.43	47041696853.98
AT4G05350.1	1	5	487696.9979	152364.82	0	0	24429473654	21969374894	0	0	0	0	24429473654	21969374894
AT4G05390.1	6	10	239618589.66	110287306.98	232945725	226279964.33	0	0	144696770.89	0	228700416	173476268.03	0	0
AT4G05400.1	11	18	17265331.35	236935206.78	174126802.125	181449118.582	846490456.77	937688837.5	0	0	0	63787876.31	822235128.04	853406015.94
AT4G05420.1	2	3	0	0	92555604	115060643.39	20826462.26	0	0	0	92555604	57621728.53	0	0
AT4G05530.1	12	28	73640857.3	167114130.79	759844393	1022795990.6	2078484922.79	1218204790.86	0	0	366347310	499645052.42	2043199684.13	1087789690.77
AT4G05590.1	2	2	0	0	16666701	0	269064033.25	157656344.37	0	0	0	0	269064033.25	0
AT4G07990.1	1	2	0	0	0	0	20489562.37	24547157.27	0	0	0	0	20489562.37	24547157.27
AT4G08280.1	5	7	135017657.57	46672275.527	258442160	261685696.12	633086434.68	603848442.7	20541994.12	0	218290968	0	349824956.3	75563910.82
AT4G08390.1	20	57	2294804759.874	908692949.16	1165954107	1962213895.6	5449018952.59	4876279371.9	1494576970.03	416069357.29	242433748	1445192816.66	5257977808.65	4627117728.79
AT4G08430.1	1	1	124585135.3	48921047.83	1892278.25	4489716.607	0	45440131.51	0	48921047.83	0	0	0	0
AT4G08520.1	1	1	0	0	46532320	31563084.4	0	8753127.126	0	0	0	31563084.4	0	0
AT4G08790.1	1	1	3423257.876	0	0	43736684.91	44119915.04	38531024.33	0	0	0	43736684.91	0	0
AT4G08870.1	23	92	307278963.841	182771355.21	2008051575	2637112229.51	22961080899.46	33772899779.61	0	0	1110356884	2146082881.18	20401263484.56	33710449025.49
AT4G08900.1	8	18	3936869.378	3568048.523	218999708	314771026.48	3480036270.55	2970489368.9	0	0	102813416	209029120.8	3466299310.86	2943096497.7
AT4G08920.1	1	1	0	0	28445878	25148052.27	0	0	0	0	28445878	0	0	0
AT4G09000.1	8	23	94870324.71	40995785.47	4504270636	3746852046.27	680852382.05	591492313.18	0	0	4301640120	2937334900.7	429288272.21	530930219.43
AT4G09010.1	28	138	29626465378.35	54891910827.27	15799439456.25	18502119865.802	2526895746.668	1950954305.508	28269984794.99	50670436036.27	13343783866	17913740172.06	1712008798.95	1133882247.92
AT4G09020.1	17	35	671159242.468	119666872.162	595712811	2577727890.58	26438331.818	17810391.97	597395182.748	63124717.918	181076982	1608369100.94	0	0
AT4G09040.1	7	20	1071705234.77	227103916.954	611611777	489806459.8	14341120.623	0	1071705234.77	187206935.85	313866720	365870776.98	0	0
AT4G09320.1	12	46	332029063.02	285153305.06	9720530728	8659271762.07	1203538503.71	1409076728.15	106177913.37	71896540.81	9639191752	8600540130.2	645756933.63	1001093774.07
AT4G09350.1	6	7	157620726.45	161152611.93	55272794	32021202.98	13193865.05	41415137.25	0	161152611.93	32956858	32021202.98	0	0
AT4G09570.1	2	3	4699027.789	9828087.876	77692908	31809684.02	0	0	0	0	77692908	0	0	0
AT4G09620.1	2	4	116283645.1	25076280.21	83279180	155046711.62	9086857.733	46402987.112	116283645.1	0	0	0	0	0
AT4G09650.1	21	211	41004414908.24	102023093102.22	40072438782.3	51900767168.554	2023959488.62	1630689600.99	40979449234.7	102004832323.02	33926916233.8	47081078528.3	1591427190.29	1266086539.85
AT4G09670.1	8	14	69468238.417	1597985.048	1317642914	1277124241.71	483706576.816	611621749.17	0	0	1024043506	996164555	29604097.97	0
AT4G09720.1	1	4	0	0	133883056	83408935.07	53305402.89	28215484.22	0	0	133883056	83408935.07	53305402.89	28215484.22
AT4G09730.1	1	2	47522550.27	12773689.31	8023685.5	13177610.16	48673783.01	0	47522550.27	0	8023685.5	0	0	0
AT4G09750.1	6	6	0	13027766.218	133424227	196790003.62	409475982.72	373954542.05	0	10747071.71	0	164032778.92	71553008.42	56752733.63
AT4G09800.1	11	34	166412007.071	177251746.46	7629616296	7531368704.3	2052089237.02	2405854926.67	24489516.56	22045679.97	6202856360	6575764453.1	1581914231.32	1813840106.2
AT4G10000.1	7	22	498588425.09	1163485463.73	906207462	1191526082.03	379266859.13	1282513118.369	458949198.85	1163485463.73	68751926	211628035.7	0	0
AT4G10030.1	1	1	47112081.02	10243845.02	43586540	0	16056033.72	16725584.52	47112081.02	0	0	0	0	0
AT4G10040.1	6	16	642347748.2	285143489.75	397240775.5	665943814.9	2419576181.98	2247342368.47	0	0	0	149230412.7	2419576181.98	2203585797.07
AT4G10050.1	4	5	1336091.328	1610721.666	120968960.5	70780541.649	7995871.102	0	0	0	93417584.5	42197423.05	0	0
AT4G10060.1	9	15	5722340.536	8745304.691	610315447	265166806.71	247433582.23	607428014.72	0	0	328052027	143739374.88	133839674.86	390309470.9
AT4G10120.1	9	10	14121064.106	16834133.45	79969707	533584536.35	143746391.22	144491481.9	0	0	0	533584536.35	0	0
AT4G10300.1	6	14	2012207754.93	463163764.274	2394910612	3535360290.01	124754371.743	146256766.547	1976848417.51	454706308.7	2304114264	3450046866.2	0	0
AT4G10320.1	11	16	4829962.984	5293277.0927	651253668	657617715.78	425159352.404	301006165.96	0	0	488050572	447857518.52	0	32581124.43
AT4G10340.1	27	286	356414870212.57	546934171790.961	189107307277.5	197372801425.18	19695645776.29	18169208207.7	356076127112.524	540606512875.071	160473154030.5	179060726283.98	18868191392.43	17343567516.91
AT4G10360.1	1	2	0	0	28669950	39133639.55	0	0	0	0	28669950	39133639.55	0	0
AT4G10450.1	2	3	0	7662135.596	83275844	109791252.32	91611635.49	53258133.32	0	0	38862376	71950862.32	0	53258133.32
AT4G10480.1	4	7	0	0	321095430	264318306.57	102971288.79	63517192.6	0	0	321095430	187922531.33	0	0
AT4G10750.1	5	9	294369553.75	93711796.94	241064839.5	107265558.72	202734795	68623566.51	294369553.75	36081844.37	107510464	95372927.73	0	0
AT4G10790.1	3	4	0	277579624.1	148849590	155993136.73	16191681.52	24926560.05	0	0	83824114	49692761.02	16191681.52	0
AT4G10840.1	4	4	14498873.77	0	100922922	101630898.93	0	6050023.778	0	0	100922922	38467384.04	0	0
AT4G11010.1	11	43	6254997849.49	3648900058.9	28554737620	30747102279.47	58368796942.75	50899912781.93	0	0	2414396061	3217765131.46	58235204862.15	49774325320.2
AT4G11060.1	6	9	0	3625207.216	27030250	174183390.174	738956835.87	721159694.91	0	0	0	0	738956835.87	396218057.44
AT4G11120.1	19	34	81963676.138	111319259.2	158643842	105196141.29	3824671055.56	3166611100.08	0	0	47608292	22914854.95	2987975034.06	2571081156.69
AT4G11150.1	16	53	137352282.366	163513140.08	6523889720	6322434744.93	5562001533.04	5356619864.85	0	65959345.25	5071018736	6322434744.93	5515308068.45	4627524382.95
AT4G11160.1	1	1	0	0	0	0	27229177.51	50653085.85	0	0	0	0	0	50653085.85
AT4G11175.1	2	5	86273923.42	28342088.38	72534664	0	44103753.9	0	86273923.42	28342088.38	72534664	0	0	0
AT4G11260.1	7	12	106574453.7	30965966.931	576070116	376737190.872	24963999.855	33042967.44	0	0	545380982	264246771	0	33042967.44
AT4G11290.1	3	3	6230630.657	15143050.88	128979448	169559967.84	4092852.622	10371545.78	0	0	39889380	122806775.76	0	0
AT4G11320.1	1	8	37865819.65	48941321.65	0	0	147414199.8	250546216.8	37865819.65	48941321.65	0	0	147414199.8	250546216.8
AT4G11380.1	2	4	0	0	136147896	160936035.24	60263727.47	50332096.26	0	0	136147896	160936035.24	0	0
AT4G11420.1	26	35	110379553.971	88348560.892	2739091056	1569165641.992	6159841782.24	8129689621.797	0	0	2114056440	528592573.03	47748922.2	31245863.12
AT4G11600.1	12	31	200792099.506	168717120.844	2905871963	4573338097.57	2548612714.63	1564616344.239	0	0	2371740768	4410740185.7	2474313775.4	1559249897.99
AT4G11740.1	2	2	0	18072590.5	194613360	103092545.07	85769693.99	194677643.4	0	0	194613360	0	0	0
AT4G11820.1	1	1	0	0	0	0	0	0	0	0	0	0	0	0
AT4G11850.1	5	6	0	3505341.737	207565196	117529778.907	85933256.72	163374224.24	0	0	81289508	0	75756303.26	24710310.08
AT4G11860.1	2	3	0	0	43305072	39690131.91	19117874.05	11449508.45	0	0	20063144	39690131.91	0	0
AT4G11890.1	1	2	63918739.57	158636095.9	0	16088328.86	0	0	63918739.57	158636095.9	0	0	0	0
AT4G11960.1	8	20	355391864.002	1246793611.663	192395384	189435997.533	30569659.87	0	165815750.502	1227758862.79	192395384	181823766.26	0	0
AT4G11980.1	2	4	47547881.1	19370191.02	6479806	9625218.115	170763265.8	72958661.96	0	19370191.02	0	0	0	57002790.54
AT4G12060.1	8	21	1706490139.42	402252938.17	1372969052.5	1326824675.14	128367025.621	67804530.24	1476942384.42	253792724.79	648898212.5	1033575471.6	0	0
AT4G12130.1	8	15	714792534.445	348185005.952	630783575.5	709627326.98	1195936258.35	980174442.7	0	0	20158284	0	1182655128.23	746543504.38
AT4G12290.1	15	20	181064816.46	44308075.505	642242290	2453502223.98	113332549.357	84519439.42	0	0	278989612	2370194444.55	0	0
AT4G12300.1	1	1	0	6231996.981	11353874	31321084.33	0	0	0	0	0	31321084.33	0	0
AT4G12320.1	3	3	5289371.095	24377240.125	129443830	197843009.6	51350233.66	17356840.92	0	0	0	110502292.21	33212845.07	0
AT4G12334.1	1	1	34235774.87	45351874.16	0	0	0	0	0	45351874.16	0	0	0	0
AT4G12340.1	10	23	190927122.41	445225942.535	416029041.5625	426739003.93	2591454265.88	2615148847.8	0	0	275649016	96998397.78	2591454265.88	2439853714.38
AT4G12390.1	2	4	20356369.52	6827925.871	67654620	88946907.79	0	0	0	6827925.871	39396896	88946907.79	0	0
AT4G12420.1	20	48	4341933.328	38752306.117	3743724360	2434388367.01	2090840038.79	2269303321.9	0	0	3743724360	1625149100.91	1889237194.07	1491836148.24
AT4G12590.1	3	5	2597708.499	3151504.33	262270176	226530096.33	82818883.76	58643080.02	0	0	194433672	226530096.33	0	0
AT4G12650.1	1	1	0	0	100464880	0	0	0	0	0	100464880	0	0	0
AT4G12720.1	5	7	20845251.227	9463805.721	1007824536	399511986.19	108112909.295	97667189.503	0	0	672093080	74572706.18	31196227.82	0
AT4G12730.1	8	14	43265927.28	15858966.483	1458196328	1185287129.57	124699809.72	159559982.49	0	0	862820968	1110287314.17	124699809.72	132782903.07
AT4G12800.1	8	97	67990086499.2	80106810824.39	61809600056.66	53842190663.578	1027812787.011	915384972.023	67990086499.2	80106810824.39	61809600056.66	53835917252.6	837911969.601	813107225.013
AT4G12830.1	5	12	326051099.28	301212192.445	80996238	192804626.51	33952483.66	11172242.2	326051099.28	292196363.12	0	192804626.51	0	0
AT4G12840.1	1	1	15041923.96	30375900.32	8218923.5	0	0	0	0	30375900.32	0	0	0	0
AT4G12880.1	4	7	41187168.64	31835701.54	966906600	844952780.9	62405345.03	80221190.91	13252323.95	0	716947712	647239950	28198486.55	0
AT4G12910.1	2	2	95746673.65	101260243.1	71915624	118257597.89	0	0	0	0	0	118257597.89	0	0
AT4G12980.1	4	5	6776807.912	11192042.497	274888368	335402697.92	36026262.664	23424089.81	0	0	125324556	231792154.3	0	23424089.81
AT4G13010.1	15	34	775148760.83	875180866.358	1187637441.75	1956209129.26	1052166218.69	1039172429.1	151725675.45	195644892.82	803459143	1355527357.79	917861936.52	284743617.01
AT4G13050.1	2	3	34892207.22	0	8931139	8954359.035	25527394.06	33102562.34	34892207.22	0	8931139	0	0	0
AT4G13180.1	2	2	0	0	110229276	123063813.47	0	0	0	0	110229276	0	0	0
AT4G13200.1	8	20	1228855759.97	2670087956.72	496275944	446570026.447	396607810.59	542893095.1	1153880792.13	2049361319.22	199260104	253005119.47	0	0
AT4G13220.1	6	11	279276150.21	444912900.22	57676084	81933191.81	36554749.182	40586790.43	279276150.21	402376463.25	0	0	0	0
AT4G13340.1	1	1	54939437.65	68156073.86	31943930	44266663.32	0	55729610.72	0	68156073.86	0	0	0	0
AT4G13350.1	2	3	0	0	107628556	93139575.8	150976757.6	40932992.1	0	0	107628556	49074102.86	0	0
AT4G13360.1	15	36	223439527.51	153608395.538	654276406	705478219.41	2897189625.49	3116946021.09	97958871.96	12049028.95	564452998	303876914.45	2897189625.49	1777789548.65
AT4G13430.1	17	43	3236534422.71	933675738.09	1975637960	1826242890.629	378184858.541	296641979.62	2679285616.13	428231224.34	1566278336	996117911.05	0	0
AT4G13500.1	1	4	342415893.6	623449253.2	275399960	269496005.2	12668274.92	33983124.18	342415893.6	0	275399960	269496005.2	0	0
AT4G13510.1	2	3	0	0	113727548	130615061.04	50107974.67	0	0	0	113727548	36954250.68	0	0
AT4G13550.1	7	10	124802307.47	118996195.64	94641339	140383733.91	23433260.036	33514995.637	43272350.4	16796237.04	74211451	24193663.81	0	0
AT4G13577.1	1	1	0	0	11943129	27017906.99	56599074.03	112493575.6	0	0	0	0	56599074.03	0
AT4G13615.1	3	6	0	0	96654128	83325099.66	18363987.415	8975338.912	0	0	96654128	83325099.66	6432285.805	0
AT4G13670.1	8	15	330117331.78	340992421.78	146376506	143553379.96	31775705.41	114630759.99	161552906.95	271064951.42	48205324	53316023.8	0	0
AT4G13730.1	1	1	0	0	15853745	17376670.72	0	0	0	0	15853745	0	0	0
AT4G13770.1	4	6	0	0	196228428	226250067.29	102430785.28	77932343.76	0	0	99195288	124377780.29	34854704.84	16649130.25
AT4G13780.1	9	12	0	4465227.172	497001140	434116746.17	52727563.71	52928771.879	0	0	423289226	240043203.75	0	0
AT4G13840.1	1	2	0	0	50373080	66414779.24	0	22154455.12	0	0	50373080	66414779.24	0	0
AT4G13850.1	9	26	60501054.291	14225042.4	930238865	1290498302.524	9611171995.11	9757993740.33	0	0	770724577	1105310161.7	9587746839.22	8997201289.3
AT4G13930.1	16	31	85576957.923	88288845.13	4355568124	4272358675.45	981089629.53	788301591.03	0	12883469.72	3519272158	2781702553.57	56603473.73	482255278.64
AT4G13940.1	10	32	159529228.74	130025187.105	11074112450	9640742515.28	1249005052.32	1210668318.61	41281986.8	37262515.83	8300978673	9360263207.2	977282088.22	751109513.03
AT4G14030.1	5	8	20502542.12	0	451985656	321370277.76	0	0	0	0	451985656	246090886.45	0	0
AT4G14040.1	7	12	58835657.54	0	557435888	445526738.73	0	0	0	0	379157004	408492682.07	0	0
AT4G14070.1	15	37	2069381545.4	1316385930.65	1093540814	1874493070.54	126239521.655	134514616.275	1722669732.8	938693814	536383400	1257698277.2	0	0
AT4G14090.1	9	9	29793466.615	502437547.59	41604600	1234896320.31	15449829.07	14623927.22	0	0	0	1234896320.31	0	0
AT4G14100.1	1	2	0	0	40155460	64629923.77	0	0	0	0	40155460	64629923.77	0	0
AT4G14110.1	1	2	0	0	45882012	56250565.87	0	0	0	0	45882012	56250565.87	0	0
AT4G14145.1	1	2	0	0	0	0	57415481.85	89195254.9	0	0	0	0	57415481.85	89195254.9
AT4G14160.1	7	11	0	0	322354383	334889004.74	134136309.55	151193376.7	0	0	214590080	261920360.97	14411125.26	56321212.36
AT4G14210.1	23	60	2534034799.05	2663921268.381	1471365411.5	1465100599.63	938267281.373	789374377.45	1753153041.87	2258582962.511	1110506750.5	960745106.12	0	0
AT4G14300.1	1	2	0	0	0	43728941.7	0	0	0	0	0	43728941.7	0	0
AT4G14430.1	2	5	0	0	104847040	36763046.38	101639404.3	47961042.75	0	0	64523276	14221834.69	101639404.3	47961042.75
AT4G14570.1	9	14	29227778.138	27762765.4723	429002380	636964160.06	131192998.657	260470908.978	0	0	304041160	594495098.65	0	0
AT4G14605.1	1	1	14593072.4	0	15800407	13399871.05	0	0	14593072.4	0	0	0	0	0
AT4G14615.1	3	4	0	0	32951664	23281428.19	652398406.8	677557558.4	0	0	0	0	268339055.6	677557558.4
AT4G14680.1	2	2	67251685.81	10928962.29	55707604	34227150.89	27719527.94	42940311.33	67251685.81	0	0	0	0	0
AT4G14710.1	2	3	49188482.44	131418957.3	5461424776	9146404290.2	17809258.79	17208514.43	0	0	117814920	9146404290.2	0	0
AT4G14716.1	1	1	17650179.66	40596220.06	148028640	125269924.6	0	0	0	0	0	125269924.6	0	0
AT4G14800.1	2	3	0	0	153543508	200224053.71	0	0	0	0	112130864	200224053.71	0	0
AT4G14870.1	6	19	854648292.06	1152177187.49	261455951.5	308632077.67	36922344.41	66067367.02	854648292.06	923417187.89	172949806	255467065.83	0	0
AT4G14880.1	17	53	137688271.37	229643786.04	9971909982	7121798264.83	3310733179.85	4980406564.63	0	0	9891751694	6636067546.42	2953123549.76	1273356022.57
AT4G14890.1	4	12	471812445.48	93917642.29	304464712	310818897.35	31556323.02	40372880.58	471812445.48	35832758.9	293600218	310818897.35	0	0
AT4G14900.1	1	1	0	0	0	0	0	546978330.1	0	0	0	0	0	546978330.1
AT4G14960.1	1	4	4650259.081	0	295216942	305783174.7	44710015.91	30447814.73	0	0	295216942	305783174.7	0	0
AT4G15000.1	3	4	42137366.09	0	950031040	888721812.9	175889074.99	176354180.37	0	0	950031040	0	102284713.05	42222898.98
AT4G15010.1	4	6	0	0	6194333.5	6365836.11	384153768.87	253137032.11	0	0	0	0	384153768.87	97572963.78
AT4G15020.1	3	3	0	0	26910504	15677939.7	106507727.54	79667282.55	0	0	0	0	106507727.54	15596036.79
AT4G15110.1	16	45	1736411756.52	621127836.76	1005493000	1490523498.53	205821860.366	119086183.7	1199619405.2	524966441.96	883416360	1050919585.92	0	0
AT4G15490.1	2	2	49717432.065	61621343.99	67005094	140460667.85	67668685.82	27369821.16	0	0	44683796	62100410.09	0	0
AT4G15510.1	15	35	4754981481.621	1736378674.029	1663968701	1780842733.596	319690981.21	429577165.36	3793808343.21	1145111944.62	1233052384	1061218008.35	18213934.78	0
AT4G15530.1	28	60	1263992126.672	2475192005.42	2235432871	2742126287.4	287123652.677	242389681.135	1134697436.8	2099058653.96	1153160428	1697261171.85	0	0
AT4G15545.1	11	16	7431479.309	44150722.38	1127304556	1028267035.98	133470932.557	258958109.202	0	0	702682476	334718804.42	79403322.2	50059450.34
AT4G15560.1	7	14	536792972.36	164794795.37	187475294	111276278.955	136491268.19	278464619.475	415551262.06	112202270.47	85504088	0	0	0
AT4G15610.1	2	2	0	0	72359570	915722.9955	152595247.5	273649744.7	0	0	72359570	0	0	0
AT4G15640.1	3	5	28040077.48	48602059.33	3047354	0	193185645.78	386758982.3	0	0	0	0	116560980.7	386758982.3
AT4G15802.1	2	3	0	0	30295470	34174395.69	102174414.5	86010196.56	0	0	0	0	102174414.5	86010196.56
AT4G15930.1	1	2	4842066.465	10516192.57	0	20659390	0	0	0	0	0	20659390	0	0
AT4G15940.1	4	7	0	0	0	0	2004300857.7	1722499534.75	0	0	0	0	2004300857.7	1212013908.95
AT4G16060.1	6	12	253412341.72	297553551.156	386172398	562313809.16	14123988.43	27339570.99	253412341.72	255086791.26	116107096	394325679	0	0
AT4G16130.1	2	3	7654119.726	0	28558848	18783521.732	0	19210324.55	0	0	18731938	18783521.732	0	0
AT4G16143.1	8	17	6344936.393	0	1159732636	1207267901.2	151550311.18	182256289.16	0	0	1120890072	727894182.7	15375478.9	0
AT4G16150.1	1	1	0	0	0	0	26595128.02	32200546.6	0	0	0	0	26595128.02	0
AT4G16155.1	7	23	1457349474.89	469767839.45	803132830	451233414.089	358421218.229	495243678.233	1420939039.4	357211833.35	444308426	225558718.32	0	0
AT4G16190.1	2	3	0	11206757.43	55824736	103040060.4	31013553.39	13719088.69	0	0	55824736	103040060.4	31013553.39	0
AT4G16210.1	6	15	95112953.969	42971360.97	138025788	173824089.85	457792243.81	445197744.32	0	14996279.81	39829244	45163080.76	400483240.68	419011181.37
AT4G16260.1	1	1	0	0	23304170	128198559.4	0	0	0	0	0	128198559.4	0	0
AT4G16370.1	1	1	0	0	23067756	35596578.52	0	0	0	0	23067756	0	0	0
AT4G16390.1	11	14	877612225.89	61591139.75	775196058	538151050.49	226443868.55	180786752.08	499730529.05	8305073.577	621070972	0	0	0
AT4G16450.1	9	24	37871814.36	7725947.853	793095546	923403232.15	13777900666.62	13547237906.17	0	0	609834106	576911692.1	13418929977.92	13282376923
AT4G16500.1	4	16	76426645.088	204551667.9	1698580256	1117862206.9	34028195.03	64730018.57	16341152.74	56493701.38	1698580256	1117862206.9	0	0
AT4G16580.1	3	5	19267234.01	0	11924718	9577969.974	260015547.95	276037538.58	0	0	0	0	260015547.95	146997984.58
AT4G16660.1	11	19	2394161.765	2190017.072	882890973	531867827.47	185641302.699	367634576.52	0	0	704659077	465241769.78	66980506.71	37370543.21
AT4G16700.1	3	6	5527700.983	0	23695898	89476291.128	158417917.96	175639447.66	0	0	0	0	158417917.96	175639447.66
AT4G16720.1	7	20	81066763.065	63149246.914	1400490668	1159777648.89	634762943.95	646062268.2	20410608.01	13726173.69	958095780	912085541	255013399.5	578983914.95
AT4G16760.1	19	41	290793974.033	235926878.379	1315874268.5	876351880.77	3489804104.46	3677307328.58	0	0	913717586	438555760.06	3123153167.36	2182285811.59
AT4G16770.1	1	1	0	0	62078460	68589329.13	0	0	0	0	0	68589329.13	0	0
AT4G16800.1	10	23	2243657.934	14958538.911	152640699.5	121238183.75	3290063349.6	3448021868.87	0	0	0	69749357.21	3215321375.88	2228239808.02
AT4G16830.1	17	40	255485978.905	78603685.302	1136195965	1631209492.249	3827740711.44	4718569840.71	0	0	736882652	1255342799.95	3766284276.47	4653266934.83
AT4G16970.1	1	1	0	19170304.85	64758236	69732584.54	0	0	0	19170304.85	0	0	0	0
AT4G16990.1	3	4	34795848.6	11343396.67	77428552	76561455.5	27659359.55	62567222.65	0	0	77428552	19615660.42	0	0
AT4G17010.1	3	3	0	14554874.044	357875520	56925569.54	110242769.88	79991635.02	0	0	0	0	73608736.15	29591486.3
AT4G17040.1	7	21	1438805487.9	240524088.1	1205244696	1241228924.56	44103734.78	0	1046037093.2	176369603.5	714292056	1169321249	0	0
AT4G17050.1	1	3	0	0	78904096	64507471.08	33182669.11	33687499.79	0	0	78904096	64507471.08	33182669.11	0
AT4G17085.1	4	7	11006431.83	27147999.77	29919074	28198257.23	573854292.69	756351737.17	0	0	29919074	28198257.23	361394304.2	557287525.57
AT4G17090.1	20	34	21323283.797	20835338.491	4858841803	3749594648.447	588133292.91	821165421.77	0	0	3973701359	873987425.21	97625737.75	101645191.57
AT4G17100.1	8	12	12099282.276	39859970.55	630413083	671225511.26	13371790.55	0	0	0	353488983	360284013.07	0	0
AT4G17140.1	27	41	2267891329.268	2709468530.148	259132958	404289988.702	1350270838.5	1329150847.12	79907654.96	90343152.62	83607816	0	993061711.6	1052245256.15
AT4G17170.1	9	26	39614328.6	145226987.507	1135443349	870517895.06	557645397.22	666842268.359	0	59045436.76	984750693	583479924.37	391491966.94	420325039.52
AT4G17190.1	1	1	0	0	29762430	34872431.44	0	15258806.15	0	0	0	34872431.44	0	0
AT4G17210.1	1	4	15825047.83	54158794.97	38766180	0	8795824.005	15785117.37	15825047.83	54158794.97	0	0	0	0
AT4G17260.1	1	1	0	0	56827384	47537717.32	0	55132133.81	0	0	0	47537717.32	0	0
AT4G17300.1	11	23	714151494.24	105049901.732	786015436	813305047.17	471415192.3	484747730.67	453644874.58	24621487.33	498996816	125735419.16	254669360.98	364810696.04
AT4G17330.1	1	1	0	0	9298468	18544400.13	61129628.15	66864240.35	0	0	0	18544400.13	0	0
AT4G17340.1	2	10	0	0	626698627.81	611132667.31	2528866.482	0	0	0	34933955.81	611132667.31	0	0
AT4G17360.1	4	5	0	0	22156520	9805492.857	835264032.2	894673122.9	0	0	22156520	0	702563067.8	265113989.4
AT4G17370.1	2	2	0	0	57565412	106563230.5	0	0	0	0	36308340	48642608.83	0	0
AT4G17510.1	2	4	21824298.171	23879375.55	103268188	79722427.47	0	3663345.036	0	0	103268188	79722427.47	0	0
AT4G17520.1	10	25	22252743.539	18541713.245	736495672	681526314.617	636631651.17	1205172858.44	0	11489947.7	663661190	433241541.28	636631651.17	1115998917.63
AT4G17530.1	1	2	0	66873552.61	186917872	155250808.4	40476872.67	26726418.92	0	66873552.61	186917872	0	0	0
AT4G17560.1	3	7	760765096.56	261781330.18	468670128	473188210.5	80002272.17	64274779.83	760765096.56	158692872.1	389800144	297664358.9	0	0
AT4G17600.1	11	34	4935587302.709	4949614204.67	1429937664	1069636721.1	109072262.27	78300159.529	3407127475.1	4314716408.67	1354717568	526507367.2	0	0
AT4G17650.1	3	7	9583755.715	8571222.871	73539344	62983823.4	394247579.1	440783405.9	0	0	0	62983823.4	394247579.1	440783405.9
AT4G17720.1	3	3	53887549.14	31953145.14	209436152	199888205.38	257004334.85	286705505.17	0	0	209436152	0	24179006.84	0
AT4G17740.1	9	16	362667994.759	309983053.502	202768820	204039999.25	43869449.22	6468611.547	311115960.039	292093343.743	33711892	49213991.74	0	0
AT4G17750.1	2	3	0	0	0	0	40595233.91	36335786.26	0	0	0	0	40595233.91	19176462.68
AT4G17770.1	3	3	0	0	31203146	99454766.45	0	0	0	0	0	99454766.45	0	0
AT4G17830.1	6	10	89077925.36	5710899.094	695374878	952030718	38935785.52	30969074.55	0	0	220549200	952030718	19074286.13	0
AT4G17870.1	2	4	10959702.56	18565847.86	193875008	131570777.6	0	0	0	0	193875008	131570777.6	0	0
AT4G17890.1	1	1	0	0	20513384	15992483.53	0	0	0	0	0	15992483.53	0	0
AT4G17950.1	1	2	0	0	0	0	55103184.54	39075227.67	0	0	0	0	55103184.54	39075227.67
AT4G18030.1	4	5	0	2819266.672	26615708	26038184.53	730611161.41	641548685.2	0	0	0	0	730611161.41	27585020.9
AT4G18040.1	2	3	0	0	49307520	30072239.09	11799223.58	0	0	0	49307520	0	0	0
AT4G18070.1	1	1	0	0	14303065	22689457.91	0	8555894.402	0	0	14303065	0	0	0
AT4G18100.1	5	15	0	43152308.356	1351040888	873853503.8	383919279.39	395596683.4	0	0	1335248976	299166226.47	383919279.39	395596683.4
AT4G18130.1	1	1	0	0	156696720	133406129.3	90270352.55	61360305.24	0	0	0	0	0	61360305.24
AT4G18240.1	9	12	348303314.87	141866756.632	91467070	127492601.12	34565397.474	14177060.34	282814912.48	57444653.13	23707992	0	0	0
AT4G18370.1	6	11	347497260.5	305695574.35	160684520	443126637.16	0	0	61616622.18	212285689.4	0	317027826.04	0	0
AT4G18440.1	15	42	7614093577.51	1033021424.737	1579127890.5	1855692546.219	228195957.707	261522035.562	6457052615.51	388524420.29	1136925712	1031265478	0	0
AT4G18480.1	8	14	1669937911.73	111566354.187	1239939312	610977884.68	269905473.61	413139032.712	1661807046.01	91520008.147	335985472	395484515.3	0	0
AT4G18670.1	1	1	7123079.548	23083710.28	0	0	0	16840316.27	0	23083710.28	0	0	0	0
AT4G18740.1	3	4	73456781.54	65693332.21	39231768	754014.6634	208557394.1	17538524.98	73456781.54	10722220.29	0	0	0	0
AT4G18800.1	2	3	6731180.379	16438112.52	69781386	45117345.13	0	35927789.38	0	16438112.52	18778470	14250911.46	0	0
AT4G18810.1	15	37	994718383.538	119524222.97	1178168388	1925114737.79	97107954.17	144654122.08	714954272.34	52947278.63	1169740752	1579183809.69	0	0
AT4G18930.1	1	1	0	0	0	62038730.66	0	0	0	0	0	62038730.66	0	0
AT4G19003.1	2	2	0	0	45044875	62925442.25	0	0	0	0	0	62925442.25	0	0
AT4G19006.1	1	2	19147446.67	0	110394088	108839842.2	0	30918775.22	0	0	110394088	108839842.2	0	0
AT4G19100.1	1	1	251972946.5	356070152.3	113331880	93807884.14	95069059.26	0	251972946.5	0	0	0	0	0
AT4G19120.1	3	4	4181200.459	0	56694892	72087549.56	179078940.1	145041773.5	0	0	25372214	52124507.52	18356667.74	121126890.4
AT4G19170.1	22	64	1184520112.226	2632087339.65	2000577165	1954516309.78	195285478.263	279697300.65	941371997.68	2591548816.53	843714127	1248530632.96	75167383.89	48231288.63
AT4G19210.1	4	5	0	0	231189932	213422352.18	90778388.47	40696685.49	0	0	65972304	213422352.18	0	0
AT4G19410.1	6	16	115797825.024	461686044.47	1048051732	1059321174.9	199937287.47	101004295.89	56303839.9	205485207.09	249268584	1059321174.9	77487200.98	0
AT4G19440.1	2	5	394422125	335334061.5	545034736	4764933312.1	411044857.41	1091832292.4	135514123.5	110072966.1	0	4764933312.1	328113008.8	0
AT4G19490.1	1	2	0	0	4805838.5	5960582.247	0	0	0	0	4805838.5	5960582.247	0	0
AT4G19510.1	1	1	0	0	57798768	82907863.79	0	0	0	0	0	82907863.79	0	0
AT4G19540.1	4	7	8816433.859	12599487.74	0	17796452.23	280946038.05	275266166.97	0	0	0	0	195212704.07	189325160.48
AT4G19640.1	1	2	0	16619508.86	114045040	99417396.76	70084557.19	58605371.76	0	0	114045040	99417396.76	0	0
AT4G19710.1	7	8	318979260.52	66701482.849	165553429	176843638.7	0	19426111.822	318979260.52	0	53166214	0	0	0
AT4G19830.1	2	5	114647733.02	72060163.28	42412448	82074487.18	0	14606900.58	114647733.02	72060163.28	0	34950033.2	0	0
AT4G19880.1	5	12	5536312.32	3310923.473	325081708	573533323.96	130192142.28	121943731.39	0	0	275921400	380611269.46	112336601.19	91583248.5
AT4G20020.1	1	2	5970739.047	8855963.55	13538487	0	251124534.5	300413051.4	0	0	0	0	251124534.5	300413051.4
AT4G20070.1	1	1	0	0	0	57057672.25	67188190.12	22821090.48	0	0	0	57057672.25	0	0
AT4G20130.1	6	12	294778826.67	166986006.14	103446157	56761377.37	12902822.086	0	155219870.71	166986006.14	45232448	27344637.9	0	0
AT4G20150.1	7	17	0	0	185919524.75	212703532.093	5400217706.13	5142773498.05	0	0	128221208	140552817.7	5274594995.2	4260415371.95
AT4G20260.1	22	69	566877478.2738	382941324.4643	15366923250	12306924002.438	5211698559.019	5495865702.77	366777168.32	256078042.631	13790832096	12245030816.14	3280656329.16	4455427826.13
AT4G20360.1	38	252	41514329130.503	11197063543.144	28057657797.9	28750124961.33	6141840336.79	6634247893.69	41290178147.09	8848425096.562	24858451677.4	25737788678.51	5861828626.88	5053304540.08
AT4G20410.1	3	4	4324982.656	0	91884316	67188143.808	26558446.822	24931496.61	0	0	52403016	0	18265209.45	24931496.61
AT4G20430.1	1	1	17063626.06	12189936.9	10451544	14806625.43	133822241.7	109944945.7	0	0	0	0	133822241.7	0
AT4G20440.1	4	6	16353102.48	0	286524324	303989154.5	114941756.73	143066190.77	0	0	214583476	267939134.26	0	0
AT4G20760.1	22	50	185451983.685	252225691.39	680895428	914750106.356	15896703176.169	11507529094.38	31873228.19	0	207256144	487215749.89	10888086761.34	7339439422.8
AT4G20830.1	16	26	110206959.493	233676749.933	1844358880	987187149.377	124148153.39	175215629.19	17878458.473	65735374.4	1418840264	629536218.71	26245481.48	0
AT4G20840.1	1	1	0	0	0	14002712.1	0	0	0	0	0	14002712.1	0	0
AT4G20850.1	34	85	1388725188.784	431124706.304	4685774075.5	5091582173.87	1239162623.692	1113807743.12	795725926.7	133441085.32	4203684226	3348029298.65	0	0
AT4G20860.1	1	1	248775109.7	345564624.7	311589088	315764114.9	0	0	0	0	311589088	0	0	0
AT4G20890.1	3	5	1713237.865	7293322.806	324753618	367084032.65	23590652.09	23755363.63	0	0	302244080	367084032.65	0	0
AT4G20930.1	9	12	53363065.218	39587922.589	10836652	20119778.73	1062042965.07	872664803.98	0	0	0	0	576388135.27	765427984.29
AT4G20960.1	5	8	184284310.04	39969382.821	173389684	154909062.356	0	12274319.28	184284310.04	0	119002416	56164235.28	0	0
AT4G20980.1	2	2	2929309.619	0	116543460	48495985.97	0	18408098.56	0	0	48510332	48495985.97	0	0
AT4G21090.1	3	11	26501617.36	31629163.92	142636844	115512124.61	2265681017.8	1681689239.4	0	0	142636844	61983471.7	2265681017.8	1681689239.4
AT4G21105.1	15	53	67381384.978	46794754.581	787120442	900063510.444	21469402630.882	17833541447.96	0	0	501529520	86869579.66	21469402630.882	17729309458.26
AT4G21150.1	20	49	1093106289.125	184207709.422	18346159740.5	18716853538.97	1019944527.05	1011272933.662	0	18325465.255	18067810660	17759663539.89	512805350.45	729859498.65
AT4G21192.1	1	1	0	0	0	0	43649054.85	33486395.71	0	0	0	0	43649054.85	0
AT4G21210.1	9	16	797074651.18	148664132.144	322104188	620707284.27	139466520.24	119467535.46	616847474.39	88641467.05	102605512	371338637.82	12059937.97	0
AT4G21280.1	21	249	69880252658.132	145765873820.86	68448192834	68701919820.239	43037628492.8	35515758286.05	69870074475.47	145744975554.7	68312457360	68572528986.57	43037628492.8	31980743507.05
AT4G21445.1	1	2	1792032.663	3387838.053	22472111.25	3020171.564	0	0	0	0	22472111.25	0	0	0
AT4G21450.1	2	2	0	0	49563968	101244975.17	0	0	0	0	49563968	43356498.78	0	0
AT4G21460.1	1	2	94813296.02	163446972.4	17523200	19645389.97	12450390.11	0	94813296.02	163446972.4	0	0	0	0
AT4G21470.1	4	6	0	0	75856602	75231181.98	318014143.74	304192189.6	0	0	0	0	318014143.74	136705699.21
AT4G21570.1	1	2	0	0	85913272	58550969.8	59640090.96	0	0	0	85913272	58550969.8	0	0
AT4G21580.1	11	19	4189379.57	9320204.87	1318262030	1494960435.13	56444778.46	131060012.753	0	0	1141783534	1384480578.03	0	0
AT4G21585.1	1	1	0	0	1923072256	1899770949	650350622	1003521060	0	0	1923072256	0	0	0
AT4G21620.1	1	1	0	0	32227344	19197471.14	10587132.91	0	0	0	32227344	0	0	0
AT4G21650.1	7	10	5339794.317	117415420.912	312117390	313696632.2	25751157.04	3494019.439	0	28057254.6	196952510	127451472.56	0	0
AT4G21705.1	1	1	0	16864923.95	0	285992181.9	122986364.9	156605466.2	0	0	0	0	0	156605466.2
AT4G21710.1	4	7	0	0	24481141	60487709.04	136270174.09	149575190.24	0	0	0	0	114740508.47	106944480.79
AT4G21790.1	1	1	0	0	0	0	33553202.78	56913839.25	0	0	0	0	0	56913839.25
AT4G21800.1	1	1	0	0	20028358	17268220.66	0	0	0	0	0	17268220.66	0	0
AT4G21860.1	5	27	1601132492.62	595087608.67	2193489374.5	2725846000.89	1102168230.86	1135534883.48	1601132492.62	557141703.7	2193489374.5	2629209332	1102168230.86	505082871.88
AT4G21960.1	10	20	0	7025318.013	692171784	748489698.67	659924026.94	653006185.22	0	0	219065596	454603073.74	493934059.98	425268456.23
AT4G22000.1	4	5	26220500.119	0	55245349	30343780.82	316041240.55	298976955.05	0	0	0	0	194886600.75	150492912.76
AT4G22010.1	6	10	5592924.809	25978562.01	586654880	335721728.53	19885107.65	0	0	12456655.75	495298856	268880872.93	0	0
AT4G22220.1	16	35	35992305.94	11843902.11	464744692	528223476.497	6081527245.22	5396843410.48	0	0	230224840	412249767.54	4435688483.51	5287886136.3
AT4G22240.1	10	36	2002764906.5	9280430585.88	1110613535	3432786475.9	197765849.498	358920509.977	1814448424.8	8224128554.88	572899476	3432786475.9	0	0
AT4G22260.1	2	4	117465549.42	249786254.1	137524288	93815468.46	40470119.53	45012075.48	60910554.37	249786254.1	0	40009331.12	0	0
AT4G22310.1	6	19	9862675.964	10978902.09	177472670	170890133.99	7250519705.5	6205508857.6	0	0	61288406	46094439.29	7250519705.5	5981563450.4
AT4G22380.1	1	1	0	0	15683000	7568501.236	0	0	0	0	15683000	0	0	0
AT4G22670.1	9	18	31748333.099	4179563.186	1170420240	999779825.3	198024467.936	296100846.2	0	0	1053268648	871939669.7	15895379.49	71168934.19
AT4G22690.1	23	51	22236570.341	16389787.442	1549770211	3372181124.558	1988062187.87	2149027948.16	0	0	745153243.5	2858783182.768	1259925757.23	1208305424.66
AT4G22720.1	1	1	67312655.27	82581912.62	21203666	0	38150417.79	0	0	0	21203666	0	0	0
AT4G22880.1	4	4	0	0	0	212829556.26	0	152000437.7	0	0	0	212829556.26	0	0
AT4G22890.1	8	31	8992904864.61	14324018015.8	3863017897.5	5213492314.51	517062085.41	375484241.54	3143458084.61	6457878346.4	2852258887	3970707730.6	0	205690666.5
AT4G22930.1	4	9	273042371.12	132663116.06	280319084	308381685.88	37818706.54	28887515.5	273042371.12	106855414.03	96164928	37501522.48	0	0
AT4G23100.1	15	51	4521313103.45	1677875726.14	2861106110	2662346325.95	80717519.298	618170426.72	4373763968.58	1614533751.44	2325834932	2218544573.48	0	0
AT4G23160.1	2	2	0	0	48360818	0	15871262.68	11268050.75	0	0	21982740	0	15871262.68	0
AT4G23170.1	1	1	0	5841142.041	56096148	68869849.86	0	25001593.77	0	0	0	68869849.86	0	0
AT4G23180.1	5	9	21504492.29	9837114.448	223440804	222422315.87	97574145.741	108793139.38	0	0	168746592	222422315.87	28845579.66	27151272.68
AT4G23220.1	1	1	0	6705721.024	39899372	0	0	0	0	0	39899372	0	0	0
AT4G23400.1	5	10	15079635.61	0	907376520	308548578.33	81928843.33	103749173.17	0	0	907376520	138419904.2	81928843.33	48076068.26
AT4G23460.1	1	2	0	0	34398164	24469344.49	0	48741179.04	0	0	34398164	24469344.49	0	0
AT4G23530.1	1	1	0	0	0	0	0	13778721.87	0	0	0	0	0	13778721.87
AT4G23570.1	2	2	0	0	67446726	19745259.37	0	0	0	0	67446726	0	0	0
AT4G23590.1	1	1	0	0	4684245	9010892.428	47174972.28	7543666.541	0	0	0	0	47174972.28	0
AT4G23600.1	18	56	420326663.825	159608829.137	4625807848	16598627544.1	988107741.307	2205150358.74	138858602.85	28668639.371	3926309176	14830945021.1	48177483.04	196763261.9
AT4G23620.1	9	16	194585134.9	474589355.5	185818578	151299582.644	1255331929.99	814788190.69	0	0	0	0	1186905133.71	527755980.39
AT4G23630.1	8	15	58613803.369	81470649.947	824952367	708416126.36	1651678267.83	1395751735.49	0	0	495941392	543474990.88	1497574311.6	860836787.39
AT4G23650.1	15	27	11772919.5643	96891772.491	1311224049.13	1159428761.366	261030955.804	335426991.28	0	2810284.743	1106057688.13	1029131078.35	82795896.834	0
AT4G23670.1	22	66	115126214.397	129584093.5238	17959069752	10727731999.44	1403638073.68	1692446462.2	0	29361410.52	17690103523	10367431718.38	1259730667.61	837876702.55
AT4G23710.1	7	15	187316842.56	412156479.503	463723128	533180813.53	176272119.53	232911359	0	409352034.4	463723128	394038205.23	101642718.1	113575398
AT4G23730.1	3	4	3156316.743	0	124800102	106112391.32	116412726.46	85640388.94	0	0	49836958	84969046.28	0	0
AT4G23760.1	4	10	5293185.215	0	116832538	108369964.93	1202202362.4	1180550843.88	0	0	27650314	24295319.77	1202202362.4	360213490.18
AT4G23850.1	17	34	304058165.75	140151336.125	3086234574	2397041734.75	763166362.78	1073617219.89	0	97059811.99	2059063806	881871015.77	153750753.77	778050479.18
AT4G23885.1	2	3	409740903	0	0	0	252866579.36	227288488.697	0	0	0	0	252866579.36	219381362.5
AT4G23890.1	23	69	4981365375.56	8066333355.8	2819846158.5	2745628691.76	254782207.3	443682489.91	3737212526.16	6868006486.1	1757612106.5	912720762.58	0	126100866
AT4G23900.1	2	4	0	0	0	0	516086880.3	455811613.47	0	0	0	0	516086880.3	455811613.47
AT4G23920.1	2	3	8126698.341	0	48289114	72832051.02	7932771.915	6477740.688	0	0	48289114	18607136.04	0	0
AT4G23940.1	12	16	271133972.52	115219091.349	148998624	88235831.936	335105057.02	309809374.36	245295787.82	38909367.059	0	11208760	164800212.6	0
AT4G24090.1	4	8	106461978.75	146934895.45	91793700	54440771.51	54168030.56	208613656.11	64739737.6	127194047.99	35612948	31258537.39	0	0
AT4G24190.1	47	123	295613897.395	268357756.507	15635106060	7895755359.27	5446358101.69	3639584452.88	13860418.675	63252097.001	13165287796	6477323620.2	3595015783.76	1991700590.68
AT4G24220.1	5	8	14571992.87	0	533906106	634279520.2	0	0	0	0	464141010	433906820.8	0	0
AT4G24280.1	15	58	7913800551.2	2128582091.451	5816060711	5984034849.978	107019534.81	216200623.25	7007668427	2119539815.44	5775375407	5945855812.55	0	0
AT4G24330.1	3	5	0	0	57137074	54063431.64	44996296.25	53085668.28	0	0	46106964	43968938.32	33583348.15	53085668.28
AT4G24350.1	2	3	0	11128682.16	100878396	188987858.62	0	20768366.87	0	0	47872600	188987858.62	0	0
AT4G24450.1	1	4	0	19196247.15	97817568	95158080.44	0	0	0	0	97817568	95158080.44	0	0
AT4G24460.1	1	1	0	0	23911720	24790911.11	0	0	0	0	23911720	0	0	0
AT4G24510.1	4	4	0	0	210365522	93087554.98	272179100.85	106258876.5	0	0	210365522	0	0	0
AT4G24520.1	3	4	0	0	44471604	45248015.6	0	6504338.778	0	0	44471604	28940420.27	0	0
AT4G24550.1	1	1	0	0	66009644	59935003.46	361300386	422238223.8	0	0	66009644	0	0	0
AT4G24570.1	1	2	0	0	37042056	20491416.41	90838990.2	45708376.8	0	0	0	0	90838990.2	0
AT4G24620.1	33	91	3761108231.61	1276998345.573	4672481560	4900846239.186	400985861.364	426378438.276	3349146388.81	679185575.666	3670644320	3398453275.47	0	0
AT4G24750.1	7	21	1566455660.109	2332843804.4	674866964	312586999.43	373416550.9	157268503.13	1566455660.109	2332843804.4	365454032	135116189.5	73076020.08	0
AT4G24770.1	11	49	12314611060.31	1809865379.675	10898190704	4562938961.9	329398108.17	212102480.177	9767994345.31	1682718742.745	10898190704	3411321606.9	0	0
AT4G24780.1	1	1	0	11484667.67	0	0	0	0	0	11484667.67	0	0	0	0
AT4G24800.1	8	10	0	2599663.546	469339222	292235763.93	497858076.148	629140576.152	0	0	395819374	141192682.69	0	0
AT4G24810.1	3	3	53365617.382	30509142.54	669318784	577696507.21	10598703.8	46399412.02	45345956.28	0	0	11498839.49	0	0
AT4G24820.1	9	14	69992712.416	0	879893792	885733213.26	110526288.3	379308551.12	0	0	634903248	570626859.1	27499621.71	0
AT4G24830.1	28	73	5284629835.03	1805520568.078	3690094958	4122788141.767	440239001.494	669731852.523	3929834247.22	1271534125.92	3074170004	2802746339.51	0	0
AT4G24840.1	3	4	0	13810743	33981937	36482406.49	79228510.4	81194610.34	0	0	0	0	31669178.26	48279797.07
AT4G24930.1	7	17	802006323.72	643139688.7	790664498	1026165479.63	135060296.02	471570488.53	802006323.72	587758097.13	358993520	162505656.85	0	0
AT4G25000.1	2	2	0	0	58463862	27624442.489	25398969.07	0	0	0	58463862	0	0	0
AT4G25050.1	1	5	594410435.4	280135081.5	394193520	24169828.63	10649169.13	106204311.3	594410435.4	280135081.5	394193520	0	0	0
AT4G25080.1	20	77	6191841639.724	4110034724.11	3150022052.5	2264059587.463	1078973169.23	1006633836.3	6037974468.494	3666785260.32	2956076766	1974885487.12	531762254.04	761789339.94
AT4G25100.1	4	19	573343091.44	538297684.12	1880741764	5699915212	190238921.72	393550470.92	573343091.44	310835175.05	1422562608	5699915212	74106585.96	113805362.5
AT4G25130.1	8	33	1765818542	479766089.06	1150176452	1801715572.11	2518709540.8	2111717044	1536200324.6	392981216.61	401384332	1526001875.01	2518709540.8	2049378434.35
AT4G25210.1	15	29	17539348.9	97689448.771	134542054.75	71208365.38	2206043488.64	2171792997.86	0	79731416.85	0	0	1659171327.24	1861329808.91
AT4G25280.1	6	10	0	0	59102473	40812832.17	1135585506.78	908715789.35	0	0	0	0	1135585506.78	444568079.95
AT4G25290.1	2	2	41402517.28	5607598.761	21411086	19256269.942	0	7077045.924	41402517.28	0	0	0	0	0
AT4G25315.1	1	2	0	0	0	0	126297441.1	148257000.5	0	0	0	0	126297441.1	148257000.5
AT4G25370.1	11	30	2050109081.17	482130183.26	1705755246	1605487506.932	118876732.031	108516196.855	1867111719.07	417223641.24	1255204470	921909666.3	18977366.44	0
AT4G25450.1	11	29	1098783331.38	577863778.23	1178912472	1381108254.84	618469217.77	769461506.85	975725541.18	315659747.94	802523936	499410892.25	75190692.64	193482915.96
AT4G25550.1	1	1	0	0	33628708	29927817.23	0	0	0	0	33628708	0	0	0
AT4G25570.1	2	4	0	0	582857520	294990696.1	0	0	0	0	582857520	294990696.1	0	0
AT4G25650.1	8	15	759124220.55	204058466.36	517318166	747691219.01	198203390.136	145904354.22	638880288.45	62074268.67	141244472	399783457.04	0	0
AT4G25740.1	1	1	0	0	64157920	0	22358584.31	31426655.07	0	0	64157920	0	0	0
AT4G25840.1	1	1	0	0	38128176	50845108.15	0	0	0	0	0	50845108.15	0	0
AT4G25900.1	16	43	219852979.27	765491667.53	1723325951	2273290347.16	801116926.62	751989890.07	45368630.42	629009719.39	1702968093	2273290347.16	199592768.4	399554082.06
AT4G25970.1	4	6	0	0	378905865	402778423.45	131791440.14	101842379.36	0	0	119230261	281416772.45	0	43525834.65
AT4G26110.1	1	1	0	0	55349740	17767454.91	0	0	0	0	0	17767454.91	0	0
AT4G26210.1	8	17	96749108.3	6279373.786	147302792	247950017.43	23469933266.84	43808670154.28	0	0	147302792	136089214.53	23469933266.84	43541228298.8
AT4G26270.1	1	1	0	0	28024196	33236659.65	0	0	0	0	0	33236659.65	0	0
AT4G26300.1	7	23	317556087.7	115839651.624	673757816	688833206.06	424825133.51	445207424.383	292700288.91	95656424.73	384826324	439752241.64	323259741.64	252799578.47
AT4G26310.1	5	6	0	0	26279352	61480148.162	462551413.06	488014275.52	0	0	0	0	166218421.47	397712725.16
AT4G26410.1	18	37	0	18858814.51	181227887	287217619.269	7814519518.31	7558279109.79	0	0	72624992	42943583.31	5841085147.53	7260917213.78
AT4G26500.1	13	34	1001658375.45	175399441.734	874296488	897744015.11	186878144.9	198329613.6	928981542.27	113708853.134	561262872	418325126.87	48844127.56	0
AT4G26530.1	13	41	0	46941005.178	7351248883	6333772986.611	1875820781.96	1820289139.6	0	0	6038344788	3983181943.611	1604196050.34	1820289139.6
AT4G26555.1	4	9	539700876.55	305887490.96	497901394	366878148.33	81476357.511	0	385546145.75	206609820.94	401994354	145645618	0	0
AT4G26620.1	4	5	0	0	6923590	11331675.44	556088294.22	550871921.31	0	0	0	0	333593695.22	323769259.32
AT4G26630.1	6	8	115752680.5	131434442.823	658101792	381472397.99	53111010.37	134780187.74	0	110251730.5	302837204	43436632.23	0	0
AT4G26690.1	10	17	133790571.3	6628115.022	1468174216	1555486832.37	509496925.532	323539236.608	0	0	1468174216	1304966631.2	0	57505054.76
AT4G26720.1	1	1	0	0	71504144	73894856.26	0	19385026.52	0	0	71504144	0	0	0
AT4G26780.1	18	38	156536489.2	346240286.343	312739541	189325855.38	6100505084.704	4514660761.52	0	0	176744774	16640175.52	5233750948.089	4391458696.6
AT4G26840.1	1	5	0	1295143.304	117663382	82203931.52	60857422.53	23188301.65	0	0	117663382	82203931.52	60857422.53	23188301.65
AT4G26860.1	8	12	78890564.28	34060536.41	13548106	220478802.909	2126884137.38	2310372942.38	0	0	0	0	1717691938.08	2014200499.38
AT4G26870.1	1	1	7733484.563	0	26979014	22176544.2	0	0	0	0	26979014	0	0	0
AT4G26900.1	19	50	1410637950.58	404084980.125	1254728708	1451676734.58	223337736.432	370046928.599	1317855674.13	243670849.39	942189184	909925207.53	0	0
AT4G26910.1	19	57	72665856.995	58424936.574	776622081.5	746937010.71	7836528966.5	7542053857.63	0	4591512.002	729190564	705297315.81	7459031324.1	6890069780.05
AT4G26940.1	1	1	20674094.38	7742842.419	73518104	102969285	72752583.14	36650427.9	0	0	0	0	72752583.14	0
AT4G26965.1	5	6	82895612.12	255948513.1	30965944	43579475.806	444189549.13	328349426.92	0	0	0	0	379626998.93	86991465.22
AT4G26970.1	56	177	393292516.8	574491094.687	2875064416.75	3624234046.859	50269401911.4	36276490289.64	2209475.052	7205527.001	2185100988	2708429714.98	46676948410.44	34615495556.88
AT4G27000.1	2	4	0	0	104462472	116568315.1	24531916.2	38174846.35	0	0	104462472	0	24531916.2	0
AT4G27070.1	1	1	8918698.678	0	45574732	32498774.06	7277778.585	0	8918698.678	0	0	0	0	0
AT4G27080.1	1	1	0	0	30239198	28536718.91	9157235.806	18709603.22	0	0	30239198	0	0	0
AT4G27090.1	7	24	82450334.329	117656530.074	5661956384	5108903794.136	2513157910.92	549737648.43	7879306.197	79294877.273	5661956384	5101093846.3	269679461.11	487018885.36
AT4G27230.1	2	2	0	0	0	0	220638917.67	256646973.1	0	0	0	0	220638917.67	0
AT4G27320.1	3	5	0	0	209054084	251297745.58	39664380.23	86330928.17	0	0	209054084	228856407.58	0	0
AT4G27390.1	1	1	20273333.24	28796329.89	8662252	0	0	0	0	28796329.89	0	0	0	0
AT4G27440.1	13	65	13122337558.97	6845390460.22	1407280736.5	742267147.877	1591878105.16	1717968865.99	10990771527.37	6458325448.52	807250536	683758106.517	1458610097.48	1695221278
AT4G27450.1	1	1	0	0	53595696	0	0	0	0	0	53595696	0	0	0
AT4G27500.1	7	16	20199623.59	3897121.888	312599035	267795154.78	196038438.96	174888262.478	0	0	312599035	170442331.12	104750643.17	145350405.1
AT4G27520.1	7	22	72118249.54	113550340.57	9140977736	9051506326	791128960.39	548826591	0	35404176.17	7275624904	7224713797	721881902.08	280535816.9
AT4G27560.1	3	7	15128920.09	0	177420123	406790607.58	11527851.52	89040753.54	0	0	177420123	406790607.58	0	0
AT4G27585.1	20	50	0	47316871.402	478515967.5	654552680.947	10579163848	10509894709.63	0	0	78940551.5	144264085.93	8856233268.4	9804115079.4
AT4G27700.1	11	47	3501336652.97	4723353351.28	2294817452	2311330161.35	593840970.87	121792080981.777	3462052427.58	3634659358.28	2276102950	2196250369.3	149827381.88	503065200.23
AT4G27720.1	1	1	0	0	13444402	4806473.781	0	3280447.882	0	0	13444402	0	0	0
AT4G27740.1	10	24	104198493.15	22565882.473	279782718	283879569.1	7115429698.4	4091228414.44	0	0	90128192	191905138.42	6999333730.3	2672306605.41
AT4G27800.1	9	19	817147252.93	1289195587.78	757457385	840175060.08	155851540.559	135493266.05	678177815.5	826865497.58	311036408	338047687.62	0	0
AT4G28025.1	5	13	424474419.53	828759625.27	304330912	221602923.029	0	31857374.11	396232504.19	828759625.27	187495952	188597863.48	0	0
AT4G28030.1	1	1	10279576.73	4675704.71	0	14339362.52	0	0	10279576.73	0	0	0	0	0
AT4G28060.1	4	6	0	5409163.563	0	0	896008857	750140712.11	0	0	0	0	578086462.2	667314625.2
AT4G28070.1	1	1	0	0	0	7731724.431	31160321.53	23008363.54	0	0	0	0	0	23008363.54
AT4G28080.1	6	9	0	0	163675409.5	87263889.197	33105489.46	53215646.62	0	0	125338809.5	79616459.7	0	0
AT4G28210.1	1	1	26102824.7	18173566.91	16517468	12835540.99	0	0	0	18173566.91	0	0	0	0
AT4G28220.1	27	59	250416130.486	179379020.147	607383732	826475938.38	10620792931.51	10965515421.32	0	0	102854212	251491985.11	8067312825.31	9911646546.1
AT4G28250.1	1	2	0	0	13573565	38332494.11	0	0	0	0	13573565	38332494.11	0	0
AT4G28360.1	1	2	0	0	14957673	8910628.998	123672994.2	150457528	0	0	0	0	123672994.2	150457528
AT4G28390.1	13	24	89048854.42	54383955.71	249548661.5	192637235.911	2995699320.22	2962345818.76	0	0	0	43872858.93	2664994309.14	2045890847.71
AT4G28400.1	3	4	0	0	159188618	95810644.68	110324169.52	95178387.53	0	0	159188618	0	0	22556731.52
AT4G28440.1	3	10	0	2597616.361	372040579	277709281.33	123538221.99	121092867.13	0	0	372040579	277709281.33	93773483.81	99651125.81
AT4G28470.1	1	1	0	0	0	0	0	0	0	0	0	0	0	0
AT4G28480.1	1	1	0	0	25046266	27406946.49	0	0	0	0	25046266	0	0	0
AT4G28510.1	10	27	29627699.626	7179280.887	532532917.5	555554030.15	11258320888.6	10664221204	0	0	298223440	419354445.89	10158917596.6	9787053503.1
AT4G28540.1	1	2	0	1858540.867	88363608	68999040.82	0	23726053.84	0	0	88363608	68999040.82	0	0
AT4G28660.1	2	11	1174523908.1	518554528.8	1026955832	974749400.9	91641712.04	178314802	1174523908.1	518554528.8	533149656	974749400.9	0	0
AT4G28706.1	6	12	327867044.93	82821268.245	225776555	209053803.1	60434928.5	378234278.43	310966050.41	0	165027640	70601267.28	0	0
AT4G28730.1	1	4	140689156.4	29038826.96	55799396	52194179.25	0	0	140689156.4	29038826.96	55799396	52194179.25	0	0
AT4G28740.1	8	18	549274122.28	1067187067.55	314408918	606978644.46	0	0	421077165.14	1044088997.35	175070578	298834760.68	0	0
AT4G28750.1	5	63	31041710140	70946935832	20574702892	18098189274	11954249032.6	7872045871.52	31041710140	70946935832	20574702892	13505402320	11954249032.6	7854599383.6
AT4G28770.1	1	1	0	0	28781288	33820475.5	0	0	0	0	28781288	0	0	0
AT4G29010.1	28	78	152600934.87	589594081.924	3173462270	2660626136.834	7454628208.14	6394724324.81	35572233.86	211397552.922	1990471778	1177379478.46	6605297834.81	5732238033.33
AT4G29060.1	46	135	18072334302.64	2796259446.5	16096077545.75	12956793527.73	591751059.2515	1020320870.8183	16308147545.71	1200224388.72	12442117878	7215944272.65	0	0
AT4G29120.1	9	18	64629595.81	27275860.818	843330071	681419894.34	935325520.21	775324093.22	0	0	251329660	270393195.68	865155956.44	528821262.15
AT4G29130.1	28	83	177831602.99	179097373.69	1070016470.66	1206055307.85	17448750595.27	19686781914.88	11712974.2	0	454777042.66	608020364.18	17016728612.49	18882210200.25
AT4G29160.1	2	3	0	0	170675136	208803902.02	4825036.112	0	0	0	170675136	47238154.22	0	0
AT4G29210.1	4	7	0	0	146924286	170500322.54	10955725.46	51105089.029	0	0	84290078	134830752.55	0	0
AT4G29220.1	3	6	0	0	133230692	145398219.55	0	31506249.19	0	0	133230692	145398219.55	0	0
AT4G29260.1	3	6	0	0	104910604	213846824.5	56122223.5	0	0	0	63984960	129836263.76	0	0
AT4G29350.1	5	16	21285566.8	18564886.47	1699486616	1683120489.51	209523402.1	115456041.01	0	0	1661809304	1629263722.82	164849496.4	0
AT4G29390.1	2	3	22215203.56	25108072.51	345461600	592790284.3	413656701.73	508828579.3	0	0	345461600	592790284.3	94220665.63	0
AT4G29410.1	2	2	25839469.555	5782427.013	462945888	542687364.9	51238078.783	78721158.99	0	0	0	542687364.9	0	0
AT4G29440.1	1	1	0	0	1962084.5	1668143.077	0	0	0	0	1962084.5	0	0	0
AT4G29480.1	11	33	155879616.665	368824272.358	1827143746	1670461004.53	12730752498.2	15148708419.53	0	15633276.81	447685776	192178757.7	12605988295.6	15030206234.99
AT4G29490.1	3	5	0	0	94615960	175074521.97	63573632.39	0	0	0	94615960	105142782.7	0	0
AT4G29510.1	2	2	31603172.59	0	59428672	16489046.53	8321270.834	12980744.22	31603172.59	0	22561196	0	0	0
AT4G29520.1	1	2	0	33858738.47	64316944	0	48838035.27	60500152.06	0	0	0	0	48838035.27	60500152.06
AT4G29590.1	4	9	250283703.89	80918665.291	251525260	353811797.91	17335872.46	0	102626397.19	57627743.74	190001188	281821996.2	0	0
AT4G29610.1	2	2	0	0	20782312	54751479.17	8007041.153	22134024.82	0	0	0	54751479.17	0	0
AT4G29660.1	1	2	0	0	0	0	62410268.57	73578235.23	0	0	0	0	62410268.57	73578235.23
AT4G29670.1	4	13	384675702.27	28446875.649	284477032	215838633.73	27933443.84	75556885.47	357431510.2	20806180.91	284477032	200287231.99	0	0
AT4G29680.1	2	3	0	5637584.225	152879420	197935266.78	2772524031	3044929044	0	0	65198780	197935266.78	0	0
AT4G29700.1	1	1	0	0	49389520	65191497.76	29253439.44	30150312.91	0	0	0	65191497.76	0	0
AT4G29720.1	1	1	4040541.126	0	19588344	15958917.8	0	0	0	0	0	15958917.8	0	0
AT4G29810.1	7	11	0	8128104.202	485311560	347161643.55	211871460.41	424760811.07	0	0	226076676	233653971.55	108462118.03	135608394.74
AT4G29830.1	1	2	0	0	40201348	56219442.71	0	16180308.49	0	0	40201348	56219442.71	0	0
AT4G29840.1	15	44	2524352624.43	676065691.888	2089160946.5	1385485883.63	121527794.519	85281735.188	2132484847.43	456563913.79	1985009176	1049461356.01	0	0
AT4G29900.1	4	5	12028379.61	6854260	156985670	64941174.71	91627740.55	97304515.43	0	0	156985670	0	0	43791976.16
AT4G29910.1	1	1	3503410.868	0	9187377	0	65863302.83	36952373.62	0	0	0	0	65863302.83	0
AT4G30000.1	14	31	119963820.487	66928215.582	992921181.5	1167622369.96	3267488516.97	2888209157.87	0	0	878604960	956109718.03	2743774299.44	2888209157.87
AT4G30010.1	13	35	41468723.437	39485039.165	1714167263	2587295546.06	30344289957.07	30617892896.248	0	17970194.01	1660141103	1569431300.8	30344289957.07	28067443039.9
AT4G30160.1	12	16	22557017.508	61050454.397	677871375	583994062.02	78685728.975	50097298.41	0	0	677871375	207061166.08	0	0
AT4G30190.1	8	15	8283259.634	110002527.4	806174538	519603570.09	530685913.24	541056500.1	0	0	806174538	317598654.9	395265562.81	324401219
AT4G30220.1	1	1	2179684.054	0	33663584	33027884.96	0	12963363.06	0	0	0	33027884.96	0	0
AT4G30270.1	8	14	0	5553590.396	1910207488	1178717845.2	19643951.06	0	0	0	1684856352	934932610.79	0	0
AT4G30310.1	3	3	9904068.594	7935939.618	131017112	152536200.56	0	0	0	0	23511184	152536200.56	0	0
AT4G30440.1	1	2	0	0	0	0	59726586.2	86183547.05	0	0	0	0	59726586.2	86183547.05
AT4G30490.1	12	20	156309072.59	57470680.896	94430487.5	113840173.279	1038992250.55	917272372.87	0	0	0	0	959967752.9	682979808.96
AT4G30530.1	4	9	23764449.12	5305378.726	1009373096	781620796.3	63381596.48	69102449.47	0	0	684189160	781620796.3	0	0
AT4G30580.1	4	6	131672593.75	79796716.89	124993902	111821484.51	73346308.789	94336962	64588245.52	79796716.89	0	39251260.78	0	0
AT4G30620.1	1	2	46597425.76	10610582.27	61437060	75767007.53	0	0	0	0	61437060	75767007.53	0	0
AT4G30690.1	6	11	264507283.43	43761655.658	139638642	46981961.49	0	47412858.21	222717724.85	7868016.065	139638642	31218273.12	0	0
AT4G30720.1	8	10	240591074.049	44820711.3	194976851	153804541.26	47225250.26	87880132.62	240591074.049	0	15916870	14201191.49	0	0
AT4G30810.1	4	6	0	0	298759466	195058261.95	12053886.46	7678218.598	0	0	298759466	129524542.57	12053886.46	0
AT4G30845.1	1	2	35618929.56	77443899.52	0	0	0	0	35618929.56	77443899.52	0	0	0	0
AT4G30910.1	5	8	130368520.833	59714271.338	41739572	68349419.467	0	29637434.924	105350536.083	46320328.958	0	12128074.24	0	0
AT4G30920.1	5	12	473774487.44	55741075.661	325853511	465790594.64	434105538.78	457553526.81	436906879.36	47036128.19	268383092	334500175.62	204252920.1	131378544.9
AT4G30930.1	6	9	58390221.445	30063955.4718	73037397	120098708.931	907253952.2	803844452.44	0	0	0	0	907253952.2	142759246.86
AT4G30950.1	6	10	635406995.7	128787209.91	206939056	226856527.632	975960832.758	716872966.46	551842149.25	45067444.92	62631512	82331864.15	0	0
AT4G31040.1	2	2	12961579.47	29476595.362	0	0	0	0	0	29476595.362	0	0	0	0
AT4G31120.1	3	3	5418539.617	8230218.03	75104788	44748969.765	30356725.36	42068534.1	0	0	45438018	39677073.02	0	0
AT4G31140.1	5	7	8160129.691	48900760.47	438074860	429257030.55	190657495.27	275069543.41	0	0	438074860	314779653.3	0	0
AT4G31170.1	1	1	0	0	24854850	11023199.91	60184033.16	51483426.6	0	0	24854850	0	0	0
AT4G31180.1	12	24	76631408.57	7512795.179	3760662074	2597220417.81	271619736.69	310428401.71	20679479.47	0	3677604818	2332168251.83	0	61604323.77
AT4G31210.1	4	4	92373024.9	25697823.452	79392984	96265458.53	138930854.89	136484253.04	0	0	0	0	49466387.57	71671877.47
AT4G31300.1	8	16	15475989.799	30280783.02	2079490178	1961956970.8	226131928.9	126034021.06	0	0	1719935298	1748431891.1	0	62146270.21
AT4G31310.1	2	2	0	0	122352754	36099786.37	0	0	0	0	96629744	36099786.37	0	0
AT4G31320.1	1	2	0	0	118265752	102898561.1	12596875.31	0	0	0	0	102898561.1	0	0
AT4G31340.1	4	4	0	0	134994776	171276298.25	1079330570.42	596837156.54	0	0	59882152	92836684.37	0	0
AT4G31390.1	29	64	1219926553.647	2319609608.336	601060910	1126662269.69	131596963.49	120248292.58	1019534577.007	2039119619.888	269305116	610899252.24	0	0
AT4G31400.1	1	2	160246715.3	6314992.183	87720880	107458939.3	7192137.283	30648992.04	160246715.3	6314992.183	0	0	0	0
AT4G31460.1	3	5	0	0	0	0	249519427.25	303843890.83	0	0	0	0	249519427.25	272943606.9
AT4G31480.1	18	34	32137635.855	0	1853929276	1707421742.23	197909599.58	306245153.75	0	0	1620019028	1452744449.69	16095766.17	0
AT4G31500.1	14	23	0	0	1053878526	718784120.829	637146847.39	628475883.05	0	0	840959848	307002402.11	366397367.75	289145214.46
AT4G31530.1	9	21	1030982970.73	296296877.79	1126314516	763805729.614	357681032.25	177649288.41	938183365.55	146104392.09	997422632	373229560.374	0	0
AT4G31570.1	1	1	0	0	0	0	18536624.85	20852754.43	0	0	0	0	18536624.85	0
AT4G31700.1	4	12	0	17079956.665	901746112	737733743.68	482483641.66	684795091.598	0	0	820230560	526355977.38	211483875.96	678131234.6
AT4G31780.1	4	5	186972608.08	55318634.918	106109654	114504011.979	39547965.2	22396584.58	138888293.32	46652833.62	0	0	20161830.23	0
AT4G31810.1	9	16	25180304.99	0	415890591	7496461.557	1009507390.73	551571839.44	0	0	0	0	926718713.52	351897436.76
AT4G31840.1	3	3	0	0	230799880	156714311.93	60854664.43	46522939.2	0	0	130272360	68722277.89	0	0
AT4G31880.1	12	20	464710.9895	22909619.8348	74285454	55182281.761	1353258760.85	1633746722.81	0	0	0	18363959.24	1291060876.18	1230753354.57
AT4G31930.1	1	2	0	0	0	13486290.75	105136970.9	84450165.3	0	0	0	0	105136970.9	84450165.3
AT4G31990.1	28	81	8950390223.798	2778191205.25	6690842734	7753129505.98	809254555.63	659291378.402	8799018490.188	1845736699.82	5946985703	4906641674.88	0	0
AT4G32060.1	1	1	0	0	81831808	9908414.661	70479572.18	108140514.8	0	0	0	0	0	108140514.8
AT4G32150.1	4	8	3900688.26	0	180408473	173401028.32	43709005.28	35446592.93	0	0	118660602	88667046.29	24819225.09	35446592.93
AT4G32180.1	2	2	0	0	45219142	40612667.12	0	70585654.47	0	0	45219142	0	0	0
AT4G32210.1	3	6	74385742.3	0	0	0	1557888693.8	1752254682.9	0	0	0	0	1557888693.8	1583349226
AT4G32260.1	21	122	38817566298.207	107173648532.44	30115536420	35607606058.37	3791348260.776	3195191716.257	34650527897	107139678422.53	26936176496	25418133803	3363561460.66	2194389548.33
AT4G32285.1	1	1	0	0	29192816	28729463.91	62237502.41	51925260.39	0	0	29192816	0	0	0
AT4G32320.1	2	5	122472342.94	77402397.27	243845724	259880877.03	0	0	69034467.85	77402397.27	52847596	82533458.23	0	0
AT4G32360.1	3	4	12333762.57	0	11530962	12996920.18	270009429.33	190603739.55	0	0	0	0	270009429.33	110544003.8
AT4G32390.1	2	5	17564898.7	1264629.224	51021504.5	39775569.755	42117679.038	29810826.196	0	0	27368708.5	35855250.33	42117679.038	21896082.95
AT4G32400.1	2	3	47581629.08	17980469.71	38541026	37912795.27	0	0	35142493.33	17980469.71	18785538	0	0	0
AT4G32410.1	3	4	11766593.151	6063861.645	222857932	157028886.083	237388760.16	291384658.56	0	0	0	15086118.66	40387871.69	214438224.6
AT4G32430.1	1	1	3288743.176	0	30395282	34346163.58	47147732.86	7294090.633	0	0	30395282	0	0	0
AT4G32470.1	24	70	73714739.391	135775270.253	2290712087.5	2716287784.56	30509004348.43	34552182480.8	14224415.79	25132296.82	468520864	784145870.42	30224781783.08	31325674036
AT4G32520.1	17	40	1521109544.06	569583145.61	1259283355	1269809979.13	547120085.248	483512577	1247307791.4	491665748.01	735853906	557693327.56	0	0
AT4G32530.1	1	1	0	0	195949040	0	9569836.874	25110447.75	0	0	195949040	0	0	0
AT4G32590.1	2	3	33085227.36	15692794.97	91777772	159755556.2	0	0	16578508.68	15692794.97	0	35255546.5	0	0
AT4G32605.1	6	8	97527280.072	34604689.05	17555484	53801010.63	1010237224.3	1154205790.06	0	0	0	0	510296623.87	987646221.16
AT4G32640.1	3	3	0	7855083.001	24008238	29483920.32	13400937.96	77531384.73	0	0	24008238	0	0	77531384.73
AT4G32720.1	3	5	0	0	58617319	72232703.64	0	0	0	0	41417863	72232703.64	0	0
AT4G32770.1	10	25	1371063139.44	1193479479.737	711907712	2090133361.5	36240550.73	68360419.222	435575402.6	1023792497.667	458094616	358042743.96	0	0
AT4G32915.1	4	8	46589518.27	0	32998694	29634543.61	261099715.9	308068151.73	46589518.27	0	0	0	195577484.52	290277101.56
AT4G32940.1	2	3	97682271.54	116290389.9	139172176	391718763.3	38186436.23	21302144.52	0	0	139172176	391718763.3	0	0
AT4G32980.1	1	1	0	0	0	0	0	42380089.97	0	0	0	0	0	42380089.97
AT4G33010.1	56	394	828391854.067	706369308.9724	15888926595.935	18190824802.374	330421446628.7	276235428223.8	96820750.82	297070366.6564	15443937978.435	17735707566.95	318033469699.1	270770333298
AT4G33030.1	8	13	520468757.82	80236760.129	524134007	287972184.64	151419276.591	104386873.23	411662469.05	30624422.16	255582539	73062586.58	0	0
AT4G33090.1	20	31	21093926.128	4404604.597	2890483172	2721888403.16	312605037.83	273899789.55	0	0	1590462904	2530793016.67	18640214.19	0
AT4G33100.1	1	1	0	0	0	0	24357296.86	0	0	0	0	0	24357296.86	0
AT4G33220.1	3	4	10359343.66	6824510.229	261586846	147657083.71	0	0	0	0	261586846	0	0	0
AT4G33250.1	5	7	17281117.909	15660717.05	410463777.5	367010660.09	111986513.67	251591036.61	0	0	402968928	264465400.79	0	0
AT4G33350.1	6	21	457197674	294488149.984	341435995	371535772.928	180769188.98	128031019.665	457197674	286158417.94	279419488	337909314.71	92530276.56	110459975.76
AT4G33360.1	4	6	0	0	71643022	11777696.04	130667841.9	130039338.97	0	0	44698916	0	74182930.78	55310234.44
AT4G33420.1	1	1	8621256.788	0	39013268	33064659.85	11655751.4	0	0	0	0	33064659.85	0	0
AT4G33470.1	1	1	28146146.51	11379334.54	30141690	36783246.16	0	0	28146146.51	0	0	0	0	0
AT4G33500.1	19	40	1346268816.57	503057424.91	761055446	963944945.6	80676793.34	85207051.83	1185869133.68	365814231.98	213353633	549467000.09	0	0
AT4G33510.1	16	37	2418886669.936	819511496.74	1604141978	1343909907.503	378695186.77	316730649.84	2063215565.276	489003677.87	962329601	821885000.62	54050095.02	119111851.81
AT4G33520.1	2	2	99802626.52	24520427.99	2472551.25	45504353.28	52855154.52	61209212.55	99802626.52	0	0	0	0	61209212.55
AT4G33580.1	2	2	34545555.62	0	54803906	8015743.666	8240031.786	0	0	0	54803906	0	0	0
AT4G33625.1	4	8	0	5795019.444	178569256	170800878.76	76262645.31	64540967.95	0	0	145087708	170800878.76	43272688.89	27344402.7
AT4G33630.1	1	4	15016057.52	0	35170308	53567235.84	68634943.62	111774828.4	0	0	0	0	68634943.62	111774828.4
AT4G33640.1	1	1	76435940.05	16163650.93	63451764	56558396.13	162123560.5	191665749.1	0	0	0	56558396.13	0	0
AT4G33650.1	9	14	199680996.77	285350872.44	881078640.5	943596304.069	369331709.68	563378864.76	185475779	190229508.6	798327292	848194205.089	197326840.04	53464015.84
AT4G33670.1	4	6	0	6955307.922	322039522	266949033.87	31436386.45	61859187.43	0	0	218156394	266949033.87	0	0
AT4G33680.1	10	31	2998886147.13	719020247.94	2937127516	2371760327.65	105872732.341	42828860.083	2650552362.06	553050659.46	1923699004	1803558890.2	0	0
AT4G33740.1	1	1	0	0	0	0	75352523.27	114929580	0	0	0	0	0	114929580
AT4G33760.1	11	23	397275785.63	46669436.636	337824906.5	353308437.662	510071012.86	484885513.21	311775874.61	25799503.13	222403932	315537532.57	258404040.12	188920315.92
AT4G33910.1	2	4	0	0	11506110	12331892.93	150308563.28	112660357.61	0	0	0	12331892.93	64322768.83	112660357.61
AT4G34030.1	29	60	128920382.083	165433719.382	1224958524	1163644171.28	6831142935.14	5889442760.05	0	0	553206268	212700571.45	6393346713	5431177641.23
AT4G34050.1	7	10	60818930.03	95164193.509	942568520	1051342917.82	109137737.192	271689211.34	0	0	800996440	583892685.07	0	0
AT4G34090.1	6	11	490509424.63	127483061.62	580896476	616592731.161	107871639.9	0	204320513.13	32840224.54	357594740	476296697.85	0	0
AT4G34110.1	11	20	97862236.38	63992057.09	1038779856	999078974.63	277218121.68	249493487.81	0	0	462084172	999078974.63	118230597.37	87198720.87
AT4G34120.1	7	24	1426631797.8	463444980.95	1273158680	1775140958.58	73464828.08	69890215.3	1213563167.7	385767037.14	1273158680	1775140958.58	0	0
AT4G34150.1	3	4	0	10310343.41	295144296	166149555.31	62201348.86	133298931.74	0	0	295144296	0	62201348.86	0
AT4G34180.1	4	7	0	3890377.348	633750732	755629887.04	83653517.48	101577000.13	0	0	397579584	605575353.74	50698702.61	73128006.29
AT4G34200.1	13	47	4300881547.25	2365689922.966	2606527278	3272120842.79	224515280.774	117891070.91	3797561514.95	1774162996.246	1885238276	1851776669.88	48353055.74	0
AT4G34215.1	1	1	0	0	26342912	39358115.39	0	0	0	0	0	39358115.39	0	0
AT4G34230.1	4	6	0	0	340905628	228935282.66	7187596.104	6583941.228	0	0	340905628	160909799.37	0	0
AT4G34240.1	12	27	1051265572.57	1272163078.98	589231324	518502870.157	376266230.97	486574517.54	771570258.25	1144454694.18	321379919	293846201.72	0	0
AT4G34260.1	1	2	5954906.517	0	0	21397460.25	17881536.57	0	0	0	0	21397460.25	0	0
AT4G34290.1	1	2	38849656.75	11682049.66	0	0	0	12085654.8	38849656.75	0	0	0	0	0
AT4G34310.1	1	2	0	0	0	0	20678981.65	34210405.68	0	0	0	0	20678981.65	34210405.68
AT4G34350.1	17	33	1493105701.97	217684542.943	898268001	536967698.36	177865676.219	125848811.84	1313745202.57	42851941.282	384069076	195243651.33	0	0
AT4G34450.1	20	38	41987102.414	11641565.918	2376462064	2841549324.88	389576057.95	515980057.3	0	0	2110972050	2810302917.66	0	60126952.44
AT4G34480.1	2	3	40560323.76	0	55232180	66752246.72	0	16922127.36	0	0	23287856	66752246.72	0	0
AT4G34490.1	14	19	154423574.827	27250657.34	1644045260	1268005806.45	346245033.468	322327520.82	0	0	902949054	1045632421.45	104412373.14	0
AT4G34540.1	2	2	12148616.35	36391223.202	102079939	115051750.3	14023814.84	0	0	0	102079939	0	0	0
AT4G34620.1	9	37	3959636517.8	1221229154.08	2256314825	1670218440.79	8917270098.81	9815251147.23	3948652230.6	1031445524.76	1360154455	894364707.58	7593721489.91	8453244933.4
AT4G34670.1	7	16	36335727.09	21706635.148	1999462752	2074442686.89	122248152.53	161173658.48	0	0	1639847736	1882213527.49	38223650.19	66825160.64
AT4G34700.1	16	43	322552970.117	363291857.833	366793646.5	573746358.94	14829038141.54	14753058979.35	0	0	101929472	252846214.05	14776555299.94	13854039056.98
AT4G34730.1	4	7	247427476.15	46749968.707	218481936	210920895.3	25449825.68	15863123.67	247427476.15	0	48546372	108707894.08	0	0
AT4G34740.1	11	22	734427493.992	228857892.479	518980440.5	676018532.55	127158879.647	75794085.856	734427493.992	124595742.74	280264156	487814360.7	0	0
AT4G34830.1	9	10	432305470.58	148488555.751	87088407	80128316.939	137535601.627	14716426.98	349661115.85	42425208.55	0	0	0	0
AT4G34870.1	6	23	82235314.53	59839902.835	2641042628	2693924823.95	2050361985.8	1901147032.08	33050771.34	0	2641042628	2448169979.25	1401954208.3	1163871448.58
AT4G34890.1	2	2	0	0	39914576	55548878.62	29474579.42	17194378.82	0	0	0	55548878.62	0	0
AT4G34920.1	3	4	32179552.65	5654826.618	273550980	283430853.58	28585604.5	24439581.53	0	0	211375164	140722004.48	0	0
AT4G34940.1	1	2	0	0	0	0	616707592.3	1129247334	0	0	0	0	616707592.3	1129247334
AT4G34980.1	9	13	0	77981101.536	546619366	843219847.46	102954601.262	121903281.88	0	6676683.832	324220536	658467654.68	0	0
AT4G35000.1	19	54	569173463.034	233552959.985	3604111198	2617790026.46	5996564989.57	6328743742.77	236878004.81	97284091.74	2210106504	1360293575.3	5793941705.16	5869442928.18
AT4G35060.1	1	1	0	4206035.261	69484936	12380430.8	0	0	0	0	69484936	0	0	0
AT4G35090.1	15	42	231974093.36	71499289.581	7063447842.5	3431434627.735	7348944770.2	6604100232.859	0	0	4050537067	2510218539.9	7348944770.2	5192644211.62
AT4G35100.1	6	27	12730469.8252	0	2140495656.5313	595988793.42	748607038.05	825296889.98	0	0	2140047457.625	537092720.3	614338289.95	532641754.48
AT4G35220.1	5	9	0	0	277340936	439448145.46	49567416.37	11232018.52	0	0	182057676	439448145.46	32839622.13	0
AT4G35230.1	7	19	89234351.235	4569917.966	283721330	191788314.9	168234393.86	130018524.2	0	0	283721330	191788314.9	123643226.06	130018524.2
AT4G35250.1	17	73	7241535472.54	7762446470.06	5483392404	5090499573.11	1118228827.58	858594923.22	7010352472.32	7712510143.68	5378298708	4412896483.26	877840391.39	482268032.81
AT4G35260.1	19	61	21422511.97	9877244.0417	971207695	1151306873.5366	17426892392.64	13799074059.65	21422511.97	0	308701048	789873720.4	15920908322.8	13715117497.12
AT4G35310.1	4	5	9543396.917	0	315623296	201346862.42	0	0	0	0	146883152	141049100.43	0	0
AT4G35360.1	1	2	0	0	59529844	80281373.14	0	0	0	0	59529844	80281373.14	0	0
AT4G35450.1	9	14	67543367.986	51836959.155	1566167072	1339605999.65	330286069.15	320138698.042	22574040.66	4864356.751	1155603504	501924193.72	316361865.82	0
AT4G35460.1	1	1	0	0	32240266	23117885.58	90759581.39	124877904	0	0	0	0	0	124877904
AT4G35470.1	2	2	0	0	75292864	52130333.18	0	0	0	0	75292864	0	0	0
AT4G35490.1	6	8	7143060.382	7455754.12	59211561.5	0	799241261.81	585580907.91	0	0	0	0	799241261.81	323671595
AT4G35570.1	1	1	0	0	0	21318031.13	0	0	0	0	0	21318031.13	0	0
AT4G35630.1	8	23	1365148856.984	697819189.0957	549168804	521074353.06	1237033248.011	789192844.8	1365148856.984	697172384.08	279337068	413708066.06	0	0
AT4G35760.1	2	4	173085208.3	230717199.9	492592736	158625594.8	0	0	173085208.3	0	374828608	0	0	0
AT4G35770.1	1	1	15494598.04	0	0	0	0	6174570.397	15494598.04	0	0	0	0	0
AT4G35790.1	9	11	3861452.564	29351898.176	214162604	294108785.93	294154833.04	281468686.92	0	0	134560824	216235508.78	105912019.97	61509943.27
AT4G35800.1	8	8	0	5252934.313	10832267	29942723.879	207008450.69	217238293.694	0	5252934.313	0	0	133496035.2	71664620.76
AT4G35830.1	19	42	58829556.018	56721936.7	3963562332	4072007739.07	516554906.264	576777186.06	8613165.42	0	3889332324	2686015802.37	187016076.67	407152892.1
AT4G35850.1	21	33	54001519.55	38446281.35	299997163.5	322391235.02	5897532775.52	6136778662.19	0	0	42548332	59691609.78	5324693769.53	3672729919.75
AT4G35860.1	5	11	15766193.33	22284445.731	190907478	182765784.02	327669617.45	404874813.51	0	0	54448532	164471908.79	301652155.91	273127085.15
AT4G35905.1	1	2	4355082.469	9036317.255	0	91686785.17	188394591.4	281563686.6	0	0	0	0	188394591.4	281563686.6
AT4G36020.1	1	1	0	0	88067280	68649668.64	0	0	0	0	0	68649668.64	0	0
AT4G36130.1	1	1	0	4001406.46	137776816	103942095.2	27190049.19	51640238.12	0	0	137776816	0	0	0
AT4G36195.1	6	11	0	0	607376544	689329379.25	10365409.83	109985783.03	0	0	432277244	689329379.25	0	0
AT4G36220.1	4	9	0	0	349448772	595142193.7	150531663.5	192464386.68	0	0	304323648	595142193.7	30920099.17	0
AT4G36250.1	7	11	10276756.77	2665020.078	408428698	285380805.26	301243768.43	196318034.39	0	0	207762438	114536028.96	93989854.46	96081493.45
AT4G36390.1	1	1	29671468.17	14952753.22	0	0	103891533.2	63147659.61	29671468.17	0	0	0	0	0
AT4G36400.1	14	25	454417619.699	595491042.511	569580518	423074800.45	2183091989.35	1530395272.45	0	0	112092990	65999259.07	2053677232.35	1158449219.68
AT4G36420.1	4	5	5367973.718	3585207.979	0	0	126450128.21	158294282.4	0	0	0	0	126450128.21	101763224.62
AT4G36530.1	4	9	332606390.69	223225081.38	202004152	274154575.8	45074547.142	0	332606390.69	79083360.48	74064320	72678449.4	0	0
AT4G36630.1	2	2	0	0	23670006	22496208.3	51662517.12	0	0	0	0	22496208.3	39341868.6	0
AT4G36660.1	1	1	0	0	18592252	12092251.69	28237821.34	54503120.16	0	0	0	0	0	54503120.16
AT4G36680.1	14	23	55860751.863	48907121.218	75837471.5	14517455.324	1722261373.21	1884306738.14	0	0	0	0	1245386947.45	1445893999.59
AT4G36720.1	2	3	11150918.26	34609594.16	78340524	41499301.41	82580766.94	68352385.24	0	0	0	0	82580766.94	36296453.56
AT4G36750.1	5	11	0	19446401.48	219351114	172679173.49	65185518.85	54957967.77	0	0	219351114	101962101.6	35212447.25	54957967.77
AT4G36760.1	7	9	0	20051090.36	468512212	389268380.2	67237486.69	30073058.9	0	0	349066740	260142892.19	0	0
AT4G36800.1	1	2	0	0	132075504	114356908.7	10511770.12	25606748.48	0	0	132075504	114356908.7	0	0
AT4G36810.1	2	4	155406989.2	46147979.5	85996440.5	65174894.73	0	0	155406989.2	0	85996440.5	65174894.73	0	0
AT4G36910.1	1	3	22961323.06	6738191.631	0	15477317.29	0	0	22961323.06	6738191.631	0	15477317.29	0	0
AT4G36940.1	1	2	0	0	45290340	35026980.02	22394824.52	19734437.12	0	0	45290340	35026980.02	0	0
AT4G36945.1	5	8	21997613.29	0	265991534	283649020.66	25038398.465	19067139.34	0	0	206611310	230686975.03	0	0
AT4G37000.1	14	36	1132690702.785	391924944.46	1309079021.5	1907963981.63	109902806.957	414392125.55	1003182288.658	264533053.24	1152842404	1790763118.51	0	0
AT4G37040.1	1	1	0	0	68663448	51649538.98	80864099.44	60738698.11	0	0	0	0	0	60738698.11
AT4G37110.1	1	1	0	0	0	0	479881356.4	675479143.3	0	0	0	0	0	675479143.3
AT4G37120.1	1	1	0	0	9803353	15008355.86	0	0	0	0	0	15008355.86	0	0
AT4G37130.1	1	1	0	0	0	0	113575115.6	68427648.65	0	0	0	0	113575115.6	0
AT4G37200.1	9	29	1241984030.15	2344552936.67	860664104	820166269.07	195694583.93	122960934.08	1219730038.38	1751607644.92	427554464	306039052.9	0	0
AT4G37210.1	2	2	0	0	20295627.5	29958202.793	0	26409542.02	0	0	20295627.5	0	0	0
AT4G37270.1	3	4	62625620.714	44776202.155	124903796.5	114787088.56	202133947.2	231130136.2	23310993.75	32654028.865	0	17986160.93	0	0
AT4G37300.1	6	12	11539623.6	31802301.7	1160187948	672751231.06	73579865.32	117230096.96	0	0	915633052	503960478.06	0	83198888.75
AT4G37510.1	2	4	70860255.84	18660373.395	65252161	46036655.08	47307589.228	25520791.41	70860255.84	0	50637343	0	38665282.68	0
AT4G37530.1	1	1	0	0	28021866	0	9397279.095	0	0	0	28021866	0	0	0
AT4G37550.1	5	6	25912458.96	1631506.751	272809172	438260464.31	0	0	0	0	149799392	354075833.76	0	0
AT4G37640.1	2	5	0	0	70807320	26802101.99	34225167.22	34445186.89	0	0	70807320	26802101.99	34225167.22	34445186.89
AT4G37660.1	6	8	31897016.28	2886636.749	5911019260	6081425303.736	491541058.86	434858823.76	0	0	0	0	416154393.27	178171646.7
AT4G37800.1	4	7	0	0	283741644	287660344.242	7850267.251	0	0	0	283741644	279706969.83	0	0
AT4G37830.1	3	11	0	10685169.54	18188102	12575384.31	6272577666.7	6896637426.7	0	0	0	0	6272577666.7	6896637426.7
AT4G37870.1	7	11	0	0	409420004	316701969.049	51066575.05	0	0	0	359393048	292071934.66	0	0
AT4G37910.1	42	99	68897589.455	84896859.188	1065939579.375	893386386.835	14597940700.66	14262637409.862	0	0	664659991	249608224.35	13237816956.23	12937627150.882
AT4G37925.1	9	30	1538200010.598	1801306056.88	829077352	928561719.921	177461389.6	199115694.253	1396281608.46	1773387962.62	732955920	832847690.93	75624270.05	0
AT4G37930.1	56	366	1213402783.957	905015649.486	26592558581.15	22215052533.1328	408438347538.34	464052777527.89	748016515.763	270862023.678	21046266921	20181777071.219	408438347538.34	454344044746.07
AT4G37980.1	11	20	5400417.394	8471985.595	2700595784	2616667675.13	397965239.372	381821173.74	0	0	1260418384	2238054661.03	63061679.82	202130224.85
AT4G38100.1	2	5	192329299.67	106827246	152498352	190671635.7	0	0	192329299.67	0	152498352	190671635.7	0	0
AT4G38130.1	1	1	0	52996196.96	11944185	11136833.59	17659624.22	6066560.672	0	0	11944185	0	0	0
AT4G38150.1	2	2	4226931.376	5985198.621	98839024	67807032.81	49264755.67	142520551.07	0	0	0	0	49264755.67	69601305.02
AT4G38220.1	15	35	12817044.98	9617884.538	3034187496	3060031321.95	788235912.23	535103698.724	0	0	2448606472	2286869686.27	613457892.75	292206221.4
AT4G38225.1	2	2	34850326.661	0	101933134	110055278.46	10036942.92	0	25566358.99	0	76053424	0	0	0
AT4G38240.1	2	3	0	0	0	0	60483489.67	59060900.09	0	0	0	0	60483489.67	59060900.09
AT4G38350.1	9	14	41338732.43	31404372.171	348003228	827401182.45	315805433.18	337471268.149	0	0	212054068	692102222.18	49889238.47	110370421.97
AT4G38420.1	1	1	12797129.76	23692381.82	14495330	0	0	0	0	23692381.82	0	0	0	0
AT4G38460.1	6	15	367564634.31	147736668.013	1894129484	2467853867.68	200888782.32	90821982.98	214437913.89	120121208.89	244625384	2304237165.08	169194829.6	0
AT4G38510.1	5	10	57783523.344	70288985.132	549374704	708434301.19	294717582.3	336784878.19	9456974.165	0	518133840	708434301.19	43504992.55	0
AT4G38550.1	2	2	0	0	92475368	85251209.69	18835719.39	0	0	0	92475368	0	0	0
AT4G38580.1	3	4	0	0	142857816	194086224.72	25725783.533	31279157.44	0	0	53218536	194086224.72	0	0
AT4G38600.1	1	1	47583173.35	4510756.517	14610412	9223431.358	0	0	0	0	0	9223431.358	0	0
AT4G38630.1	5	10	0	597340882.44	659195124	645769860.46	165475564.71	276962632.71	0	0	602074312	495344958.56	39331486.21	0
AT4G38680.1	3	8	21406779.39	68032334.043	993259884	930159147.17	451184206.9	457597336.7	0	49316280.65	34777900	516695881.27	172316815.3	457597336.7
AT4G38690.1	5	6	191302040	131377724.605	417204228	230056923.25	131382931.56	11281117.82	0	0	417204228	30788962.9	0	0
AT4G38740.1	4	14	13672473.1	8126762.826	1240490824	1346933625.02	323515536.28	314114718.99	0	0	1240490824	1300884287.9	323515536.28	271941332.08
AT4G38800.1	2	3	0	0	155750544	125679258.33	68860265.36	46713516.06	0	0	155750544	65011613.02	0	0
AT4G38810.1	3	5	0	4649867.779	286646908	209790309.06	14141498.03	16100098.54	0	0	286646908	180499253.99	0	0
AT4G38890.1	1	1	0	0	11384973	14891362.71	0	16227976.42	0	0	0	14891362.71	0	0
AT4G38970.1	14	103	46556029782.7678	12331707042.045	35408045710.4	37423636150.441	2179047077.09	1581891082.237	46372991573.9078	11520962870.2238	29327139092.4	30622074041.87	1339584544.71	1000015207.57
AT4G39030.1	2	3	13869892.56	17784654.22	9980576	0	195017967.4	280496936.9	0	17784654.22	9980576	0	0	0
AT4G39040.1	2	3	59613471.09	27999898.092	21983028	0	0	0	59613471.09	0	21983028	0	0	0
AT4G39080.1	16	40	103938447.806	57459360.021	2618824012	2779877607.76	1283797361.46	1494048061.64	0	0	2331903660	2362892232.66	669975965.44	1074068054.58
AT4G39100.1	1	1	0	5604816.993	94392288	88485274.07	23334113.1	39416625.93	0	0	94392288	0	0	0
AT4G39120.1	2	5	23626370.17	2409723.869	142173600	136883213.71	0	12215852.83	23626370.17	0	67764992	136883213.71	0	0
AT4G39150.1	6	6	1570780.291	0	483211879	586400745.09	103046480.15	392294214.5	0	0	188343176	288455165.39	0	0
AT4G39200.1	3	9	0	11846661.45	672799080	653082557.67	198510520.01	297068514.3	0	0	672799080	653082557.67	0	297068514.3
AT4G39210.1	6	11	40023631.451	70997118.21	84443714	679373068.74	19953767.01	0	0	53878069.11	35892036	679373068.74	0	0
AT4G39235.1	2	4	0	0	0	0	297791319.14	299067587.44	0	0	0	0	297791319.14	274097264.1
AT4G39260.1	10	27	203812095.625	204214624.084	3667233473.5	4184325327.838	1459569561.95	2333708806.57	136395791.495	83138094.884	3567465801.5	2215007671.1	775808758.14	943518469.06
AT4G39280.1	4	4	0	0	257706600	261179670.95	0	0	0	0	65504436	182111718.83	0	0
AT4G39330.1	13	26	0	0	2402212962.5	640281835.4	118298602.9	416777074.95	0	0	1931918946.5	525790511.35	79409132.82	72551137.77
AT4G39460.1	7	24	872277088.36	357781100.62	698869782.19	1086409033.82	1130670450.1	853546846.03	531374916.13	226465601.05	365047727	1002391881.9	629013597.7	220712343
AT4G39520.1	1	1	4578830.728	0	48430016	41766288.69	0	26592745.66	0	0	48430016	0	0	0
AT4G39640.1	5	5	18642839.054	39679106.107	234045785	121802989.431	0	6448262.383	0	4601961.617	221433720	0	0	0
AT4G39660.1	26	59	132622699.645	111159043.486	1686959610	2012991353.74	10112984925.33	6739640003.99	0	3315862.656	441399552	485164507.23	10035079826.31	5954027990.24
AT4G39680.1	3	3	241140654.9	309950137.8	67883644	50433854.69	0	0	0	0	67883644	0	0	0
AT4G39690.1	47	105	13167833.6056	69786194.692	1046788574.375	1330790153.095	11797061778.86	13835696860.44	0	0	387754754	556250511.29	10290170538.84	13067961435.38
AT4G39710.1	6	27	1528893125	1929803753.89	820288322.5	1281355961.8	96576111.149	69211819.4	1457868319.5	1929803753.89	690346944	838519121.8	0	0
AT4G39730.1	4	18	50650306.13	487401403.15	2736223144	3203712427.6	1030782031.4	971171235.33	0	487401403.15	1685939880	3203712427.6	1030782031.4	971171235.33
AT4G39740.1	6	7	3394423.079	44006012.88	14048223	18862637.345	477485388.26	758921117	0	0	0	0	358683576.16	468047738.53
AT4G39800.1	8	10	11517278.31	23460108.83	891573336	1431492281.01	54599923.03	71718396.98	0	0	122873154	1431492281.01	0	0
AT4G39850.1	3	4	10945952.96	2987180.279	16456462	39997874.664	116961473.68	152743035.53	0	0	0	23006276.82	66926315.91	90412924.22
AT4G39880.1	4	6	0	0	46917463.5	30607744.151	743732019.8	876520934.8	0	0	0	0	743732019.8	525091426.2
AT4G39960.1	6	11	304313055.27	471673180.58	91628700	177691544.04	390679577.786	307949959.748	304313055.27	457753894.45	0	25997134.34	0	0
AT4G39970.1	5	14	585574318.17	48833862.62	815335464	804341130.49	238342578.46	397363228.83	585574318.17	48833862.62	201277124	508197870.32	0	0
AT4G39980.1	6	11	210928004.34	120665883.886	233506149	158817163.029	42338755.92	94097948.26	198172687.99	97402425.63	145686372	0	0	0
AT4G39990.1	2	3	0	0	107844624	26724732.15	0	0	0	0	107844624	26724732.15	0	0
AT5G01010.1	6	8	21244107.417	15366943.03	260969378	239565430.82	83075400.45	0	0	0	95644036	239565430.82	0	0
AT5G01220.1	11	20	672553181.88	574703273.14	442794335	297653042.069	372549684.74	318668268.903	591926396.96	472591086.23	163062359	37802236.54	0	0
AT5G01350.1	5	7	2995253.696	0	6628348	16133580.27	814530787.17	800638757.47	0	0	0	0	801592595.7	426499833.37
AT5G01390.1	1	1	0	0	6885225.5	9996227.967	0	0	0	0	0	9996227.967	0	0
AT5G01410.1	8	14	286159834.4	40050599.96	1228176460	1549304549.73	321638029.73	298048853.44	0	0	527676536	1492328836.13	98643523.84	51284309.8
AT5G01500.1	2	4	179227740.65	152601348	35985876	132764692.4	25520249.64	52235791.01	179227740.65	152601348	0	0	0	0
AT5G01510.1	1	1	9105251.06	13599749.22	5341936.5	3434447.902	0	0	0	13599749.22	0	0	0	0
AT5G01530.1	13	156	111456910099.805	177049467673.507	55403870942.5	52331345572.4	6895789130.122	5929642364.2575	111445569748.36	177042246632.8	36054834743.5	31408566306.52	6628989606.64	3052145905.9
AT5G01590.1	19	33	949124394.22	683652276.28	630738815.5	460218402.863	275703072.061	505202109.926	731731018.36	333573484.84	142357880	180458085.68	0	0
AT5G01600.1	9	36	2792229600.62	2043691017.61	619879846.5	4176260952.92	131822151.43	221582664.77	2282120333.02	2043691017.61	122664368	4176260952.92	0	0
AT5G01650.1	4	13	315330538.87	42758260.77	567356720	572459892.76	37223545.76	18610908.64	263018847.92	26894458.56	567356720	451678377.06	0	0
AT5G01750.1	2	7	32604441.406	26044963.92	219889766	231343236.9	515377714.67	604515128.03	29114928.54	0	121575400	231343236.9	515377714.67	548382909.7
AT5G01870.1	1	1	11708700.77	6452988.029	0	0	0	0	11708700.77	0	0	0	0	0
AT5G01920.1	20	51	2040462949.04	3653471105.37	1329230689	1335774541.411	171678307.53	152967505.051	1585433433.57	3012421009.67	1059145040	862893579.81	0	0
AT5G02050.1	8	18	153620207.6	122273760.126	297121104	225158552.5	4486033939.67	4636060868.7	0	0	124175956	68740598.77	2419181390.8	4636060868.7
AT5G02120.1	1	4	279674421	417564768.9	211357520	224700299.7	59569522.34	29538049.62	279674421	417564768.9	211357520	224700299.7	0	0
AT5G02130.1	9	11	132681593.86	136702368.381	697911050	285738732.373	1049304944.89	955520305.52	0	0	0	0	945067208.94	326160811.36
AT5G02160.1	7	19	9068110617.91	17733741424.087	3490098411	2263197721.3	485803424.34	332016490.6	9068110617.91	17727431536.75	2200384592	2158007332.7	474618886.19	0
AT5G02240.1	11	31	79010905.54	68494645.6	2776984988	3727815172.79	319787890.11	694637103.1	0	0	2589588316	3727815172.79	196884014.58	218349643.05
AT5G02250.1	1	1	9028816.817	0	13537313	15738381.2	0	0	9028816.817	0	0	0	0	0
AT5G02280.1	1	2	4024236.314	0	22735138	15130442.43	38686990.61	25916664.93	0	0	22735138	15130442.43	0	0
AT5G02450.1	1	2	28143119.01	12106299.36	457592288	395415526.4	239730022.6	385296615.4	0	0	457592288	0	0	385296615.4
AT5G02490.1	5	5	9203758.791	7859452.417	656947472	42859932.56	30510936.169	28196303.864	0	0	656947472	0	0	0
AT5G02500.1	15	62	353568508.348	296771875.04	6275400663.5	6981227457.5	1059598891.307	2046445514.61	31989388.34	81967696.16	6236534495.5	6981227457.5	206787023.96	118334602.39
AT5G02530.1	9	19	40529562.827	0	285144271.5	299415121.52	639521574.07	936009990.89	0	0	60714707	243134050.91	466797294.07	908065904.31
AT5G02560.1	6	18	7062404950.798	24650210552.91	197359848	524017441.33	4364148816.3	3845972216.2	0	113686637.91	90260472	157880700.3	3783032543	3845972216.2
AT5G02570.1	1	1	0	0	0	0	51969738.12	2955467.93	0	0	0	0	51969738.12	0
AT5G02590.1	1	1	0	0	19909844	26539814.11	43835305.62	43548084.12	0	0	0	26539814.11	0	0
AT5G02610.1	2	3	12096825.491	3452853.105	283168840	260246933.83	20575509.56	62924404.26	0	0	177922032	260246933.83	0	0
AT5G02740.1	7	11	49066105.551	16244839.29	44435789	12529310.48	2283292577.98	2098169336.79	0	0	0	0	2283292577.98	1310204189.1
AT5G02770.1	4	5	0	0	179618831	131109607.71	21943169.06	50581892.7	0	0	102144884	131109607.71	0	0
AT5G02790.1	9	17	2960520406.808	5148085357.252	2963728700	4104812243.49	198966229.75	184263521.84	15221978.83	0	2718649516	3720905766.99	0	0
AT5G02870.1	9	24	77103306.61	40109992.02	2688694228	2425566426.4	648654951.25	711219863.57	33259381.38	0	2454650420	2044290460.4	491658566.2	541592266.63
AT5G02940.1	33	71	11050844441.07	3925115794.731	62405298015.5	71294443526.837	395671745.626	574839175.041	10847574538.43	698612080.777	61546023049.5	729873632.277	12131329.93	62605396.94
AT5G02960.1	4	7	24342991.087	11084262.73	1216328770	498305481	325429530.32	312860699.53	0	0	1089088898	383673329.7	0	198528060.5
AT5G03040.1	1	1	0	0	55787808	48013111.03	33455919.85	30316794.49	0	0	55787808	0	0	0
AT5G03160.1	1	1	0	5532620.925	21740168	0	0	14915320.75	0	0	21740168	0	0	0
AT5G03290.1	13	48	102467575.97	129617166.167	1042558498	1377458620.86	20996246401	20719942098.28	0	0	869259822	1313792750.6	19658944588	20565134725.08
AT5G03300.1	2	6	0	0	392714864	383531319.35	46244008.99	54986576.85	0	0	392714864	328419920.4	0	54986576.85
AT5G03350.1	14	48	455073028.89	1700889168.62	4646709218	1056429267.691	1036513204.19	754971652.73	377842927.75	1308919145.42	3648127150	1022009565.07	907431898.2	509569729.1
AT5G03370.1	3	6	0	0	118955666	118815912.25	565672115.9	555044822.6	0	0	0	73025309.22	565672115.9	438340064.9
AT5G03420.1	1	2	13939324.96	10618246.31	0	0	0	0	13939324.96	10618246.31	0	0	0	0
AT5G03430.1	5	7	0	0	186559504	214895052.7	16928153.511	0	0	0	160782976	133778628.04	0	0
AT5G03460.1	2	2	0	0	17799206	40915548.9	30628849.41	0	0	0	17799206	0	30628849.41	0
AT5G03520.1	4	6	0	2122105.156	105554120	189897074.01	23030933.66	37047373.28	0	0	90566573	189897074.01	0	37047373.28
AT5G03530.1	1	1	0	0	0	0	17247931.89	12678520.54	0	0	0	0	17247931.89	0
AT5G03540.1	3	3	0	0	71378206	31532261.334	48734560.63	55077452.17	0	0	71378206	0	0	0
AT5G03555.1	1	1	7818763.232	3714718.035	0	0	8314264.699	16640513.74	7818763.232	0	0	0	0	0
AT5G03630.1	20	39	87697868.556	63506626.6296	3011119438	3847684552.96	285995890.06	359781569.38	0	0	2493462010	3237218392.33	34747008.94	46085555.97
AT5G03650.1	11	20	425208336.047	73406959.297	324610984	679858790	35216776.858	141731011	340166371.27	11143573.13	201459414	495978710.3	0	0
AT5G03660.1	6	9	0	0	312753262	220215217	5468180.063	20141312.21	0	0	244973870	220215217	0	0
AT5G03690.1	1	2	0	0	18881228	37662686.94	0	17141779.32	0	0	18881228	37662686.94	0	0
AT5G03740.1	1	1	0	0	84993056	21200188.72	0	0	0	0	84993056	0	0	0
AT5G03830.1	1	2	0	0	8092768.5	35713065.97	74905654.98	191334124.1	0	0	0	0	74905654.98	191334124.1
AT5G03850.1	5	8	41312994.18	0	646017344	639125939.9	431552381.83	760270963.25	0	0	646017344	639125939.9	110656428.81	451180990.15
AT5G03880.1	13	54	3281823694.8647	4516691889.024	1825491267.375	2605633569.538	334153896.1942	147658405.469	2896420192.794	4516691889.024	1795533495.375	1975249333.828	118507.2842	19532714.229
AT5G03900.1	6	12	872658222.04	1289720753.77	138761757	186538851.99	177862230.497	164489825.26	740642611.51	1289720753.77	0	53560224.87	0	0
AT5G03905.1	5	9	0	0	47708384	46033970.94	873579029.79	722046920.99	0	0	0	0	873579029.79	700348115.7
AT5G03910.1	2	3	50752902.08	12984685.63	30201990	11335521.28	66374498.33	22429737.43	50752902.08	0	0	11335521.28	0	0
AT5G03940.1	29	85	4740760441.01	1502033259.74	4033711910	2469059319.537	506795926.96	934372091.53	4109635572.67	1264705689.87	2461609636	1617463325.21	83898806.13	0
AT5G04130.1	6	12	77520704.087	79592354.253	10310689.5	26547223.546	345473255.54	353241855.42	43482196.46	65084256.99	0	0	309568114.76	324998789.05
AT5G04140.1	65	229	29920410986.02	5345200603.046	41264187649.75	41131221631.825	1234676820.409	2132720118.387	28128060153.32	3916774482.22	27697274013	28423424274.485	477758438.86	50160009.04
AT5G04170.1	1	1	0	0	184484720	0	26446297.68	27564923.47	0	0	184484720	0	0	0
AT5G04230.1	2	2	0	0	44561255	17491271.76	0	0	0	0	44561255	0	0	0
AT5G04280.1	7	10	0	49540186.3809	104386133.5	157909188.76	387145405.15	168475040.74	0	5923628.62	96277102	101756514.61	133275679.08	103645901.5
AT5G04360.1	20	31	928949517.452	250464909.492	632630985.5	946338248.28	306920000.9	163791756.37	713060149.1	49923505.03	185734394	655777878.38	0	0
AT5G04400.1	1	2	0	0	12570442	0	36436719.96	73203263.03	0	0	0	0	0	73203263.03
AT5G04430.1	9	14	53038868.408	21188030.442	1052983468	824926747.43	222470737.1	312718523.753	0	0	863646872	313269469.31	47435834.51	42765742.51
AT5G04440.1	3	7	59856676.02	9357489.196	105954118	74863684.32	10300260.55	0	59856676.02	0	66143294	32610651.23	0	0
AT5G04590.1	25	75	10669106555.47	3985764043.36	5714024361	5575708355.28	1731790475.68	1268941653.36	10346302391.97	3388660435.57	3197806863	3405113138	0	0
AT5G04710.1	5	9	333896950.48	254806108.926	321276691	226614056.267	89858799.15	32144989.49	145708441.38	244618999.88	53411284	50030786.8	40653284.01	0
AT5G04740.1	12	26	1253750948.34	518878477.233	1274741838	1493291029.88	114500961.619	152868732.233	1253750948.34	398969686.65	862198144	799695591.83	0	0
AT5G04750.1	10	28	164844856.113	169326150.498	551593340.25	710764954.35	6924820388.14	7075551196.84	0	0	0	413275378.1	5137137619.14	5310168250.6
AT5G04810.1	2	2	41085991.83	7602694.447	0	0	6378717.612	0	41085991.83	0	0	0	0	0
AT5G04830.1	13	22	114251845.002	58523941.965	268708680.25	266705206.44	3092025660.29	2414187628.99	0	0	23025340	0	3061470907.42	2177020405.9
AT5G04885.1	4	5	26917534.28	0	284126466	306511086.02	16262503.77	2934302.803	0	0	284126466	40631274.67	16262503.77	0
AT5G04900.1	14	30	603460305.39	1174736330.89	265338146.75	298753952.979	217222546.746	142002413.232	454102782.97	914471725.39	151006824	164806039.34	80424205.41	70470600.66
AT5G04930.1	1	1	0	0	12230803	10800339.92	14781713.73	0	0	0	12230803	0	0	0
AT5G04940.1	3	4	0	0	5109545	0	147614845.2	183092263.89	0	0	0	0	64261124.53	143219919.88
AT5G04990.1	8	12	7882082.097	25653953.267	78390590	66739126.63	382487193.33	297758380.38	0	25653953.267	27103318	0	210072422.07	136898068.61
AT5G05000.1	7	23	998214836.42	635212251.77	715562762	578979975.63	304749116.1	279854501.63	812481842.72	613436752.84	539633410	282019231.2	174488991.24	33106676.69
AT5G05010.1	10	17	18550814.15	18277635.256	1285908268	1230430570.98	59639843.7	38681646.84	0	0	1089044308	1141076240.54	0	0
AT5G05200.1	12	14	154511099.673	1127256103.63	83135980	324955608.22	0	0	0	1127256103.63	0	163138770.8	0	0
AT5G05270.1	1	1	0	8220092.123	0	34897159.9	6530666.751	16204953.01	0	0	0	34897159.9	0	0
AT5G05350.1	1	1	9495216.083	8275691.944	0	4369679.105	57816645.22	0	0	8275691.944	0	0	0	0
AT5G05360.1	1	1	0	0	5514042.5	0	0	0	0	0	5514042.5	0	0	0
AT5G05480.1	1	1	0	0	40385492	70852893.76	0	0	0	0	0	70852893.76	0	0
AT5G05490.1	1	1	0	0	0	0	70508968.12	74073482.4	0	0	0	0	0	74073482.4
AT5G05520.1	16	29	0	0	202324324	199456998.089	4244544851.36	3720664546.99	0	0	20742538	0	3843512447.96	3509879015.76
AT5G05590.1	4	8	335781380.93	135509779.8	247035836	224130795.68	25480775.918	35773124.92	335781380.93	97076314.72	58052792	69170304.09	0	0
AT5G05730.1	7	10	369518446.76	124711025.342	183893659.5	64870448.64	108421799.3	232944806.41	333982614.52	90385299.75	58408740	0	0	0
AT5G05740.1	11	36	1794010650.3	4276891334.83	1286358662	1271906220.82	10729909.2	133556019.85	994359475.5	3569853221.33	514717952	919805200.31	0	0
AT5G05780.1	7	12	0	11137461.19	742745525	601419552.82	60771829.66	89413861.63	0	0	742745525	336725131.47	0	0
AT5G05870.1	2	2	0	0	48141702	49578206.14	0	0	0	0	27912138	23753855.38	0	0
AT5G05940.1	1	1	6991792.621	12759579.9	0	0	0	0	0	12759579.9	0	0	0	0
AT5G05980.1	1	2	0	0	0	42763402.24	0	0	0	0	0	42763402.24	0	0
AT5G05990.1	1	2	0	0	0	0	101400035.9	107627931.4	0	0	0	0	101400035.9	0
AT5G06060.1	7	10	23219843.599	22166198.153	1211582369	1344338165	91606295.82	38182917.78	0	0	424480512	889206300.4	38660982.39	0
AT5G06110.1	2	2	4107303.877	0	88239768	65589465.79	480184023.48	258720599.63	0	0	0	65589465.79	0	0
AT5G06130.1	1	1	78567721.37	0	19505958	10658907.13	0	0	78567721.37	0	0	0	0	0
AT5G06140.1	2	3	7606228.442	4044780.295	96948612	82660766	16775862.16	0	0	0	60167044	82660766	0	0
AT5G06160.1	3	6	24263602.973	478218.9753	99590188	110742050.48	10935628.54	317820101.7	0	0	80378148	110742050.48	0	0
AT5G06210.1	4	6	2615491.96	0	32024580	15288113.209	323061316.48	264445120.41	0	0	0	0	247826111.88	191593614.76
AT5G06260.1	1	1	17659143.11	0	12193202	15069736.81	0	0	0	0	0	15069736.81	0	0
AT5G06290.1	5	15	8342156421.48	1827620956.433	6682710458	6302214564.4	146096454.348	151567565	8342156421.48	397611946.8	6502284480	6302214564.4	0	0
AT5G06320.1	5	12	30104565.79	71271009.4	758591536	153565004.16	398971643.82	346205569.36	0	27519050.58	758591536	0	355079233.8	114221005.5
AT5G06410.1	2	4	0	0	0	4673900.264	201035876.74	89834609.36	0	0	0	0	201035876.74	89834609.36
AT5G06460.1	1	1	0	0	12897561	0	0	0	0	0	12897561	0	0	0
AT5G06530.1	2	3	11236899.63	11264854.67	39931008	34328422.48	22402655.28	47919719.45	0	0	39931008	0	22402655.28	30463143.7
AT5G06580.1	27	54	8063283690.124	368895750.753	7473739718.5	8807982896.69	6522965989.87	5656094300.54	0	0	242790752	432430420.4	5887813715.34	4494865379.74
AT5G06600.1	7	10	224115287.6	0	339526163	294213480.33	39634859.378	0	0	0	148839231	294213480.33	0	0
AT5G06660.1	2	2	0	0	56857116	130082161.2	37253347.638	76150419.45	0	0	0	93027911.21	27695948.98	0
AT5G06690.1	4	6	127211902.34	44367505.65	292582236	193448775.43	1099985863	1035114693	50425047.94	44367505.65	140919736	83288264.65	1099985863	0
AT5G06830.1	1	1	0	0	0	20192222.65	0	0	0	0	0	20192222.65	0	0
AT5G06860.1	2	2	0	13896536.05	180877168	60864978.575	8639157.802	11778923.15	0	0	102731848	53112576.59	0	0
AT5G06870.1	6	13	166101841.22	154489863.162	608390900	423264773.84	7777890.065	8938474.491	64959482.53	51132512.1	429458316	323365836.15	0	0
AT5G07020.1	7	52	7137861859.01	11199120393.71	2906789227	3800136026.61	337742783.37	360254322.493	7137861859.01	11199120393.71	2164641666	3124648102.1	261803714.56	275159782.96
AT5G07030.1	10	21	167005890.783	399948368.023	1768853425	1317816518.38	1088183886.603	1074185440.3	92823624.449	282771278.713	1710547240	715990636.8	0	0
AT5G07090.1	1	2	33016248.17	14564104.57	862723456	858165509.2	12685166.37	7780398.405	0	0	862723456	858165509.2	0	0
AT5G07270.1	1	1	22888229.89	28064072.35	0	0	0	18508336.03	0	28064072.35	0	0	0	0
AT5G07300.1	3	3	28560345.19	16308903.74	84426442	38681553.85	25312463.63	18754899.41	0	0	84426442	0	0	18754899.41
AT5G07320.1	3	4	0	0	0	111651199.3	226465256.25	282559087.55	0	0	0	0	226465256.25	40563692.12
AT5G07340.1	5	7	0	0	363749532	362725063.88	105492992.67	37002721.207	0	0	238524532	258778424.92	0	0
AT5G07350.1	8	10	17805819.28	0	429612468.5	409741026.956	21068740.45	61340580.64	0	0	392811176.5	239903385.73	0	0
AT5G07440.1	21	53	90580353.923	21849242.448	1284531750	1124690547.4	13456642222.5	11487668574.79	20460814.93	0	685900448	569957484.56	10303711242.6	11359524631.89
AT5G07460.1	2	2	0	0	192961224	186727575.03	205841058.1	218569649.5	0	0	192961224	0	0	0
AT5G07470.1	2	3	771599048.4	677205290.1	373494860	228116460.5	0	0	0	0	54142860	228116460.5	0	0
AT5G07830.1	3	4	0	0	68367761.5	219872149.28	0	0	0	0	0	219872149.28	0	0
AT5G07900.1	1	2	0	12152225.19	0	0	21245033.26	0	0	12152225.19	0	0	0	0
AT5G07910.1	1	1	0	0	45915848	32933697.35	0	0	0	0	0	32933697.35	0	0
AT5G07950.1	1	1	0	0	0	0	42547662.89	69660603.66	0	0	0	0	0	69660603.66
AT5G08040.1	8	20	0	1682987.765	26810349	28731321.33	7062877218.81	4387432686.75	0	0	0	0	6943091126.91	1970571832.44
AT5G08050.1	4	17	5619524078.3	7342115589.4	2972993100	3523296363.21	448417165.88	375373743.17	5619524078.3	6045637662.4	2176585856	3427388715.8	175808988.1	317706404.4
AT5G08060.1	16	49	35939002.104	41951612.72	247999827	655481311.77	18095213495.68	19554021933.49	0	0	110809880	83009861.17	17550326585.18	19514328194.43
AT5G08080.1	6	9	3892355.028	0	464999799	194187603.68	117861357.366	121508874.68	0	0	320949884	157404018.25	0	61935555.98
AT5G08100.1	3	3	0	0	124590276	145360630.83	0	73330270.44	0	0	34100424	145360630.83	0	0
AT5G08160.1	3	8	0	0	136751000	79409153.77	85322213.92	15403822.18	0	0	136751000	79409153.77	85322213.92	15403822.18
AT5G08170.1	1	1	165108805.7	149360985	0	49800513.2	14601310.53	34275133.54	0	0	0	49800513.2	0	0
AT5G08180.1	1	2	0	0	45224820	54230085.71	8967193.915	0	0	0	45224820	54230085.71	0	0
AT5G08250.1	1	1	0	0	203981184	242823744.8	69218921.61	323488244.9	0	0	0	0	0	323488244.9
AT5G08260.1	4	5	0	0	126800352	266476951.32	20832423.903	19590241.63	0	0	92187508	228687422.58	0	0
AT5G08270.1	2	2	0	0	0	0	44546353.77	26186005.39	0	0	0	0	44546353.77	0
AT5G08280.1	18	66	8057417628.27	1383427333.19	5085781073.9	2934605527.9	200162837.346	209520848.92	7363435797.07	996717222.41	4141324081.9	2169848011.8	0	0
AT5G08300.1	10	29	444777159.48	1294539614.965	1430816816	1494353044.5	21974274302.8	20894584008.239	0	0	1020045600	969293674.5	18640349040.8	20562756598.3
AT5G08370.1	1	2	0	0	40620832	60962484.32	0	0	0	0	40620832	60962484.32	0	0
AT5G08380.1	5	7	9188537.597	23470700.622	437345205	552051240.24	16344289.59	36016956.624	0	0	334638400	391462674.64	0	0
AT5G08410.1	7	16	701454983.51	66480742.732	691784814	612943074.73	40774826.5	142081350.36	627092600.51	62948969.33	619304488	486746828.16	0	0
AT5G08530.1	41	131	146199688.43089	131645639.688	2437104460	2904516466.052	38787168132.23	38910546762.59	0	0	1566110970	1842466431.71	38381224890.79	33109457603.79
AT5G08540.1	16	49	2108904089.67	1056939396.383	1141514484	1400978733.156	489442305.96	461680773.304	1541250444.57	754316894.863	931501304	838031826.7	365643244.69	259215662.05
AT5G08570.1	1	1	0	0	59150984	74580625.48	0	106007614.5	0	0	59150984	0	0	0
AT5G08590.1	5	11	30533344.96	11603623.6	339277848	337793589.6	112969271.64	154986499.101	0	0	260271752	266764483.01	47864487.11	72936102.92
AT5G08610.1	3	4	117449617.7	66601060.338	61725510	92109532.129	172071229.73	134471990.57	80381945.69	48352328.14	0	0	140528595.25	0
AT5G08640.1	1	1	0	0	0	17095586.33	0	9483478.397	0	0	0	17095586.33	0	0
AT5G08650.1	6	13	300995946.92	41570468.797	268277492	250163034.28	0	33607103.43	279776870.48	0	76906096	191024907.4	0	0
AT5G08680.1	60	509	2685946111.656	1868999301.69	32618842273.375	47177941281.0597	612943148546.413	661572447045.048	681569904.21	857748345.04	29462060665	39170724930.64	612762363685.723	652376004243.29
AT5G08740.1	13	41	1066819963.46	1824393077.06	523618075.5	905176578.64	26621620.57	47684339.06	865532738.96	1805547901.42	262059506.5	499652837.6	0	0
AT5G09225.1	1	2	0	0	0	0	39462720.28	87434976.72	0	0	0	0	39462720.28	87434976.72
AT5G09230.1	3	4	0	0	15242894	19146983.5	185488966.1	201829371	0	0	0	0	54096274.08	201829371
AT5G09270.1	3	4	10279540.87	0	9039764	0	130296925.87	137964239.95	0	0	0	0	103401664.56	125701394.09
AT5G09420.1	3	3	0	2911390.001	11744154	0	271304069.29	258122934.62	0	0	0	0	84975310.19	154322458.52
AT5G09440.1	3	5	0	46505261.11	240241228	113606978.8	16334267.9	33819994.67	0	21531090.93	240241228	59496590.78	0	0
AT5G09450.1	2	5	103801689.6	7739661.2	0	33629525.66	152605005.36	96587848.72	0	0	0	0	152605005.36	96587848.72
AT5G09510.1	1	4	0	0	412291168	386541088.2	67540411.22	96672146.39	0	0	412291168	386541088.2	0	0
AT5G09590.1	48	137	214782701.463	158140688.8593	4736052992	5067686377.868	32372982284.95	30925522810.366	4926252.551	7027539.111	4403546938	4423047003.71	29595217490.05	20832918877.91
AT5G09620.1	1	1	0	0	22614316	21171434.05	12610693.85	31338892.15	0	0	22614316	0	0	0
AT5G09650.1	16	58	7367952403.28	2042158816.856	7476908364.75	7541915490.52	447025949.15	307741638.02	7259851080.58	1837306667.27	7195093866	6546733548.27	293921621.91	68119173.55
AT5G09660.1	23	103	965184845.505	1262058712.107	18332062006.438	18041615841.175	26489762296.2344	22497883887.84	738088165.43	765768667.492	14018179702.438	17768086087.8	22612501965.1444	22170023961.04
AT5G09680.1	1	1	0	0	31411806	58196267.99	0	0	0	0	0	58196267.99	0	0
AT5G09770.1	4	5	8482893.252	5275138.528	27300484	21145885.31	350363548.04	317884322.02	0	0	0	0	350363548.04	59413676.07
AT5G09810.1	7	22	32614342.757	61887171.693	4560788004	4065316214.2	1317094635.1	807236907.94	0	9286356.497	4560788004	4065316214.2	1170024368.1	495447997.91
AT5G09820.1	1	1	17524569.28	0	52589192	59879023	0	0	0	0	0	59879023	0	0
AT5G09830.1	2	3	0	3159477.477	123491472	93986536.32	14073060.44	14617041.67	0	0	123491472	75338927.72	0	0
AT5G09840.1	8	8	58796205.54	44865529.33	40832684	47891785.68	253059168.38	251230777.53	0	0	0	0	180821437.39	94149572.43
AT5G09900.1	3	5	2700857.609	0	655143688	638042396.9	93432924.07	104384131.99	0	0	655143688	515569683	0	0
AT5G10010.1	13	27	41879653.161	18311300.83	152336958	118326445.59	1119818610.94	1619217973.3	0	4443372.054	74676366	59581622.78	1022181092.63	1575430447.7
AT5G10050.1	2	5	12040971.78	4280034.358	55547624	45306609.33	8668440.948	0	12040971.78	0	32433322	17463983.7	8668440.948	0
AT5G10160.1	6	11	1245000575.87	542290868.372	636044350	234950740.59	13754497.33	44639518.31	1245000575.87	212521971.27	309814410	0	0	0
AT5G10300.1	2	2	0	0	50775172	47814851.73	0	0	0	0	0	47814851.73	0	0
AT5G10330.1	4	9	183869980.11	29723891.76	714003402	340971151.74	0	0	183869980.11	29723891.76	63656768	62574390.87	0	0
AT5G10360.1	4	12	6351543.009	23757737.717	727419808	655302081	247965780.81	298801079.69	0	18303535.66	727419808	655302081	159137960.49	182128467.84
AT5G10450.1	9	25	22201220.871	55315458.78	4858796914	3443553825.21	573094251.26	681329176.93	0	0	4714021726	3327081074.21	310958146.2	513974199.4
AT5G10460.1	1	1	0	0	0	33039826.17	0	0	0	0	0	33039826.17	0	0
AT5G10470.1	8	15	13496293.765	35646002.98	334584716	530190434.94	201304716.28	229057273.56	0	0	243686700	223795095.48	100103282.74	83600301.34
AT5G10540.1	8	11	48964315.3	72006462.55	461937540	255867399.1	179023650.63	186248436	0	0	461937540	154397732.29	0	0
AT5G10560.1	5	7	0	0	323264108	437873773.9	219109218.46	121807286.06	0	0	261288808	378006857.45	0	0
AT5G10630.1	1	1	6349698.512	3481181.314	65544260	40998250.52	0	0	0	0	65544260	0	0	0
AT5G10730.1	12	27	0	0	320552094	696322714	8708739655.11	7351189610.76	0	0	164778772	378120480.4	8708739655.11	7279984086.77
AT5G10760.1	1	3	0	8301428.589	346643168	92692311.9	22985644.23	10182059.92	0	8301428.589	346643168	92692311.9	0	0
AT5G10780.1	1	3	0	0	45044692	48080356.29	35992788.2	0	0	0	45044692	48080356.29	35992788.2	0
AT5G10840.1	4	5	0	0	77513032	75629442.04	102218169.42	73914123.55	0	0	71328144	66574556.53	25152501.47	62762261.72
AT5G10860.1	39	163	298734674.7	235049630.2113	4294319240.8	4259649855.615	75476786275.22	77108793765.82	0	0	3916961688.8	2829500681.325	75463020596.37	74374523249.71
AT5G10920.1	12	25	617504792.627	180616816.055	623742437.5	662704871.694	148692048.335	219581927.362	575427918.377	138813088.54	543003216	443024414.33	0	0
AT5G10980.1	4	30	74365869.9527	160646267.5	332002100.5	280158248.474	6155722503.51	3925279539.59	70444747.89	160646267.5	329783264	270466728.3	6155722503.51	3855685205
AT5G11040.1	1	1	0	0	22459002	15885751.32	0	0	0	0	22459002	0	0	0
AT5G11060.1	1	2	0	0	8570831	9351302.796	90811184.88	58655662.76	0	0	0	0	90811184.88	58655662.76
AT5G11170.1	10	20	16234244.633	25001309.99	1936764798	2079598154.5	39811765.881	48611764.94	0	13933886.39	1589405438	1916603910.8	0	0
AT5G11280.1	1	2	0	0	10787621	12471705.58	0	31537895.77	0	0	0	0	0	31537895.77
AT5G11330.1	5	6	0	12181440.95	192175380	270298331.65	44117025.023	0	0	0	140933932	218569084.4	0	0
AT5G11390.1	1	1	0	0	17870338	28061226.43	29657256.39	22885522.08	0	0	0	0	0	22885522.08
AT5G11420.1	2	9	0	33569705.39	2161997512	950779787.7	25734060.39	32854456.08	0	33569705.39	2161997512	950779787.7	0	0
AT5G11450.1	9	25	2801979731.8	2562945327.49	1546680146	1865814237.54	224394905.78	425704765.884	2159232970.5	1950789196.89	1130854416	1168893418.4	0	0
AT5G11480.1	2	2	67585247.01	11945631.719	16495557	8628790.897	24716342.483	6738881.562	67585247.01	0	0	0	0	0
AT5G11490.1	2	2	0	0	58326146	69519820.14	33344530.33	14499942.33	0	0	30559886	27286538.04	0	0
AT5G11520.1	12	34	193954451.131	113523126.303	950207462	698360674.424	1818954186.13	1462263912.18	96525556.13	18403225.703	542568414	515453212.78	1187318695.73	1047291849.02
AT5G11560.1	12	22	21274410.75	163155515.083	713412916	782874301.17	589601844.89	542596879.95	0	0	418681996	554793105.96	286394853.41	233180809.29
AT5G11580.1	3	5	0	8659161.276	80141418	66130026.161	27942187.17	50363541.45	0	0	43614534	66130026.161	0	0
AT5G11600.1	1	1	0	0	0	0	16515894.66	49143204.12	0	0	0	0	16515894.66	0
AT5G11670.1	18	58	191773325.416	160484350.284	6844016597	12492859695.88	2021259597.18	1532174952.352	95689240.582	93067997.009	5871498769	9915838080.88	1563740432	1055469429.23
AT5G11680.1	1	2	0	0	62583284	38533289.38	0	0	0	0	62583284	38533289.38	0	0
AT5G11690.1	1	1	0	0	0	0	26913688.58	0	0	0	0	0	26913688.58	0
AT5G11710.1	2	2	0	0	63241020	63137272.57	23985358.65	14736028.42	0	0	63241020	0	0	0
AT5G11720.1	4	4	6250880.44	0	134685628	130981662.18	51343017.23	48431317.52	0	0	134685628	0	0	0
AT5G11730.1	1	1	0	0	0	0	48114169.09	66173554.66	0	0	0	0	48114169.09	0
AT5G11750.1	4	9	0	0	145872256	69538918.35	553602430.4	558332505.23	0	0	0	0	553602430.4	558332505.23
AT5G11770.1	14	54	97342682.81	166653679.614	1412358124	1735083067.43	16704216469.9	16482071750.01	0	0	630517240	1537696883.72	16704216469.9	15393734759.7
AT5G11810.1	1	2	0	0	38816752	31204433.68	151414026.1	119999104.5	0	0	38816752	31204433.68	0	0
AT5G11840.1	2	3	67071131.94	140799980.24	40585572	25631698.1	0	0	53259997.75	140799980.24	0	0	0	0
AT5G11880.1	4	8	345921435.84	38747685.565	365164364	289934859.135	354501225.71	307073236.71	249384062.73	5252157.415	203428220	3190554.975	0	0
AT5G11900.1	2	3	0	0	58708848	68209336.26	58238909.83	74707559.1	0	0	58708848	28492138.54	0	0
AT5G11950.1	3	6	0	0	182494880	215817989.5	34570592.49	20832580.44	0	0	128297052	215817989.5	34570592.49	0
AT5G11980.1	1	1	0	0	0	0	30994353.75	15270227.15	0	0	0	0	30994353.75	0
AT5G12040.1	8	24	401992560.27	129744295.6	955015220	1226373531.66	515751725.28	282613546.17	316833394.65	42442337.54	955015220	549731377.37	271931241.44	215111627.4
AT5G12080.1	1	1	0	0	53934224	0	0	0	0	0	53934224	0	0	0
AT5G12100.1	1	1	0	0	0	0	23444085.33	29777900.54	0	0	0	0	0	29777900.54
AT5G12110.1	1	1	0	10416958.68	106570696	85960836.64	25084308.59	0	0	0	106570696	0	0	0
AT5G12130.1	4	7	224510144.82	379561735.64	157050496	105438108.078	9128783.021	32330667.232	224510144.82	264101052.34	0	0	0	0
AT5G12140.1	5	10	0	0	305157132	377468130.94	251861054.29	212268168.73	0	0	247654624	68983829.25	202616048.86	180320042.47
AT5G12170.2	1	2	8623353.448	12579133.1	0	0	0	0	8623353.448	12579133.1	0	0	0	0
AT5G12200.1	6	10	0	0	501402248	496199546.38	473826862.78	285324366.79	0	0	380445576	307510653.94	64007567.95	0
AT5G12250.1	3	6	19903770.21	5441186.48	265959110	360199428.17	108469352.3	16977729.4	0	0	265959110	308838316.32	0	16977729.4
AT5G12290.1	16	34	103588013.024	9310539.347	122038757	154855698.41	2941555668.58	3317856905.705	0	0	0	0	2237116078.75	3169926778.39
AT5G12370.1	3	8	13292325.3	62049391.01	84448832	84900300.031	129075398.47	81586261.32	0	40611172.38	84448832	84900300.031	112721532	81586261.32
AT5G12410.1	1	2	0	0	11075201	25139405.04	0	0	0	0	11075201	25139405.04	0	0
AT5G12470.1	11	30	1715907738.85	687596919.185	2068598384	3139322429.453	408126208.85	443657996.89	1272622912.95	620840944.74	1736152208	2402602159.7	0	219337289.64
AT5G12480.1	1	1	0	0	43719856	15485839.97	0	0	0	0	43719856	0	0	0
AT5G12860.1	5	15	1835754738.6	523554963.58	1225015492	1297149907.97	502696440.365	498899495.6	1835754738.6	460044380.04	513205088	1254743642.6	317914859.71	430569992.3
AT5G12890.1	5	6	10555356.954	0	216162122	135824875.96	83152956.72	44420014.47	0	0	120957990	99980931.24	0	0
AT5G12940.1	6	9	0	5593939.577	462682276	185583106.42	142931271.28	135228862.14	0	0	462682276	123849038.72	0	0
AT5G12950.1	8	13	929259529	868682307.08	608291476	623117248.37	55766566.24	82551625.15	0	0	497630792	623117248.37	0	0
AT5G13030.1	21	53	885114867.31	207665499.411	1317618763	1292464517.55	1095345628.11	985227852.67	463433522.32	76362966.33	862608088	1000085246.49	794801110.66	398720126.33
AT5G13050.1	2	3	0	0	87620756	691190133.62	101729594.42	95959727.18	0	0	44366416	691190133.62	0	0
AT5G13120.1	12	46	3468904742.21	4474378597.67	2129416239	2264151408.298	275082512.29	478713245.07	3378501396.6	3561248190.77	1920179973	2245232625.15	0	0
AT5G13200.1	5	10	5951607.025	0	484642392	365031744.33	44239716.51	42035953.806	0	0	484642392	164801349.62	0	32699035.99
AT5G13280.1	2	2	86257763.57	0	31293456	34471640.77	18081020.87	27711196.11	86257763.57	0	0	0	0	0
AT5G13300.1	1	1	0	0	19548882	15952926.8	571546369.6	794558483.1	0	0	19548882	0	0	0
AT5G13370.1	2	3	0	12805511.66	51209310	12884185.15	0	0	0	0	51209310	12884185.15	0	0
AT5G13390.1	1	1	0	0	0	0	20248079.49	0	0	0	0	0	20248079.49	0
AT5G13410.1	9	34	1918978914.32	1141840146.83	1369337056	1395775581.71	481491811.59	272248514.8	1435460678.82	1141840146.83	1291248792	995203033.13	72446337.16	139214300.7
AT5G13420.1	12	39	2268491211.54	1644020455.76	3971520624	3694876232.14	130950659.319	1404937068.498	2040265116.88	1613725403.59	3757273680	1151210743.74	0	0
AT5G13440.1	15	48	59482583.2	54574636.326	1448015966	1875266676.71	11266844094.24	10310222663.74	11973366.71	23033352.41	924953784	1398470655.42	8889016687.24	9825548770.14
AT5G13450.1	36	152	113189367.512	183968300.4231	4481104356.5	6087672018.689	106733159767.37	112512949561.32	33900947.12	69297855.58	2796286844	5055207602	94453370492.07	110802003997.72
AT5G13490.1	5	11	0	5964327.743	88905032	144917021.66	1293617560.91	1297837293.46	0	0	68797856	70064494.77	1276822530.97	1233883836.1
AT5G13510.1	15	46	8209065436.04	2484096286.96	5978184665	4867555957.39	206615942.083	159060557.912	4788114295.86	1788926396.84	3825639968	3872088620	57661799.05	35280394.29
AT5G13560.1	2	3	0	0	67579166	46584104.04	0	9615856.77	0	0	67579166	33484369.42	0	0
AT5G13630.1	41	72	4546298965.425	626490962.781	1338153329	853619772.41	228133706.077	195486783.23	4131724611.025	437803365.826	498723232	192960542.93	0	0
AT5G13640.1	7	9	69078323.75	0	592241446	574800142.24	221295708.73	244716287.26	0	0	75391804	494169143.53	69858043.75	130883783.7
AT5G13650.1	13	16	655634994.36	86246644.726	374772006	317097184.21	168587492.49	78601168.62	631425273.56	0	92634194	0	0	0
AT5G13660.1	1	1	0	0	43099824	58575178.61	0	0	0	0	43099824	0	0	0
AT5G13690.1	2	2	11421681.14	22981188.54	38203508	55556277.19	0	0	0	0	21462516	33407276.58	0	0
AT5G13710.1	1	2	0	0	34053104	30304752.33	0	0	0	0	34053104	30304752.33	0	0
AT5G13720.1	4	6	250663825	69706235.574	221438638	244790194.27	64520844.77	59194741.45	222901541.23	53682602.29	160291656	0	0	0
AT5G13770.1	1	1	10204373.94	0	0	6267611.555	0	0	10204373.94	0	0	0	0	0
AT5G13780.1	2	3	0	0	20099080	50153199.77	0	0	0	0	0	50153199.77	0	0
AT5G13850.1	2	2	0	0	136379624	28749631.48	20900594.48	24285844.13	0	0	136379624	0	0	0
AT5G13930.1	6	6	1608785.21	9137493.39	23773041	642503983.78	189969165.8	48019450.95	0	0	0	642503983.78	0	0
AT5G13980.1	18	35	153852215.534	182408870.588	2078504580	2561806905.16	56902242.62	92846283.082	0	62435708.974	1760056320	2295039028.29	0	0
AT5G14030.1	3	10	0	23242262.61	417240352	418929088.9	516337801.13	542583559.9	0	0	417240352	418929088.9	516337801.13	349879422.1
AT5G14040.1	31	115	1018366395.223	396597532.266	7912352205.5	10290725293.961	104764067918.87	115787647645.89	0	0	6685094231	9277631732.107	82212163643.98	109304274458.91
AT5G14060.1	8	18	274179150.27	40850938.459	97232323.5	165730940.99	463659233.243	258486358.887	263351828.46	16461269.66	0	108024272.8	71638904.95	0
AT5G14105.1	3	7	0	0	167126272	68807883.23	1057793706.5	1348368979.3	0	0	0	0	619185640.7	1348368979.3
AT5G14120.1	6	8	0	0	384890468	160336385.1	201669689.773	310318954.34	0	0	384890468	55689180.85	0	235455428.4
AT5G14170.1	3	3	13620620.44	0	49557284	133586263.12	74325746.6	76103065.26	0	0	0	20965693.51	18801283.93	63334117.12
AT5G14200.1	6	12	226246080.088	94957470.976	239810624.5	225800108.5	27284591.87	35349702.53	9067515.758	0	234467578	225800108.5	0	0
AT5G14220.1	13	31	772514766.953	426104447.824	561444000	612102527.2	436034058.037	596661039.793	566700644.493	311555911.994	346953472	326639851.32	200924581.51	0
AT5G14250.1	2	4	0	0	63480942	62406290.59	0	0	0	0	63480942	62406290.59	0	0
AT5G14260.1	10	22	906918823.5	87267730.54	629624584	518337758.87	161558488.413	0	770242070	72423666.85	356194216	354795293.18	0	0
AT5G14320.1	15	41	6471868249.373	7638200547.197	3636819052	2821988966.99	308918216.35	433073054.8	6468045175.3	3952984967.135	1581883140	1444650306.5	8664978.028	63367251.66
AT5G14430.1	3	4	2998207.179	0	18418414	32611465.06	197109897.12	135003511.33	0	0	0	0	197109897.12	49296017.79
AT5G14540.1	3	4	18710874.45	82932925.095	112523506	69032246.87	248702760.69	297547276.6	0	0	112523506	60335820.97	0	0
AT5G14580.1	4	7	0	5290249.529	32137959	16552811	264975514.37	238196694.02	0	0	0	0	124109921.07	238196694.02
AT5G14590.1	21	58	381961033.39	215754691.433	1118165177	1663107062.85	4836273092.143	4083170205.72	320497289.61	0	958703262	1207590436.1	4775475788.29	3642063832.87
AT5G14620.1	1	1	0	0	6493132.5	0	0	1116599.66	0	0	6493132.5	0	0	0
AT5G14660.1	7	16	964938794.74	202991323.53	704215620.5	468490623.26	56438829.555	48602963.68	840786969.14	87927914.3	598379592	268922290.32	0	0
AT5G14670.1	12	39	98054804.07	82492462.302	9532485169	9806292932.9	1463302410.23	1734316479.11	47428368.43	58362918.03	9532485169	8661651151.4	487094284.64	146320044.7
AT5G14680.1	1	1	0	0	38057880	34747964.57	0	0	0	0	38057880	0	0	0
AT5G14740.1	10	51	120983425.946	70506463.626	13184821798	7984786072.8	4904178579.58	3499296136.5	33548177.216	14048695.47	13090528176	7984786072.8	4904178579.58	3474009796.75
AT5G14780.1	41	323	921701852.577	992487201.223	16886969985.44	24896809397.909	307782851731.05	227205716850	546479962.73	431074242.498	15488275260.44	20315728726.65	302686170208.05	224404821851.5
AT5G14800.1	1	1	0	0	42592020	20384714.26	0	6804680.451	0	0	42592020	0	0	0
AT5G14910.1	3	16	1876805863.4	277360329.06	907083072	831029532.2	18050906.09	0	1876805863.4	29717520.86	907083072	831029532.2	0	0
AT5G14930.1	1	1	0	0	40131572	14388661.62	0	0	0	0	40131572	0	0	0
AT5G14950.1	11	13	31198117.41	70692562.834	141110019.75	166349111.093	1055863425.17	902578163.67	0	0	14543661	0	816559769.94	340561716.28
AT5G15090.1	19	88	252076611.19	287012093.29	5498145061	7722825140.18	51994561724.88	65902312243.4	93473959.08	108816984.63	4665725059	6885027082.9	51769701252.11	65103555767.1
AT5G15200.1	5	11	61227873.33	101978125.49	1922595417	1887239361.045	610096283.62	947020644	47472204.49	66458279.55	1908395455.5	0	256288324.92	767310721.1
AT5G15210.1	1	1	0	0	0	0	70191042.28	139613100.2	0	0	0	0	0	139613100.2
AT5G15320.1	5	11	0	0	101095432	183971035.55	9761538815.5	10339122235	0	0	0	0	6670192524.5	10339122235
AT5G15350.1	2	2	66044087.48	57273437.7	187455216	160197514	15868540.27	46706385.84	0	0	187455216	0	0	29999816.06
AT5G15400.1	1	1	0	0	31711812	0	48661246.66	24418179.23	0	0	31711812	0	0	0
AT5G15450.1	31	60	1583082424.32	609283348.747	2226294872	2801318975.39	212373900.471	498028509.02	887181243.24	261840853.4	1157237152	2486392415.78	0	0
AT5G15490.1	2	3	4337363.861	0	158778740	94906320.83	0	0	0	0	39702300	53813695.88	0	0
AT5G15610.1	1	1	0	0	111208056	122094451.8	0	0	0	0	0	122094451.8	0	0
AT5G15640.1	13	24	35208707.503	12571513.92	150563410	193493669.31	2814412297.87	2741697526.09	0	0	21067202	19259064.67	2464868920.27	2026380248.47
AT5G15650.1	1	3	14252644.4	0	380213792	441656107.6	0	0	0	0	380213792	441656107.6	0	0
AT5G15802.1	1	1	0	40125487.66	0	0	0	0	0	40125487.66	0	0	0	0
AT5G15870.1	2	3	17618983.07	31063091.02	1072551530	994701708.51	333082269	308599159.83	0	0	1055230592	994701708.51	0	0
AT5G15910.1	11	21	17329588.674	4735992.999	143347512	225958086.34	3887702727.69	4772744115.46	0	0	35834756	152789529.85	3733878438.19	4055690450.2
AT5G15960.1	3	5	0	0	290780582	30304138.19	113201584.22	134049162.39	0	0	271323648	0	39141863.01	115085848.93
AT5G15970.1	10	47	82380639.47	90385635.73	13118667744	5123783766.88	4336995604.22	5726959457.7	36866442.25	79012579.84	12762562976	4937386462	4336995604.22	5489264162.4
AT5G15980.1	9	12	0	23032943.642	153022563	113047700.3	974471604.5	1139719582.36	0	0	0	0	661929319.8	607150312.55
AT5G16010.1	5	15	216315295.87	152456273.806	312255036	328404300.88	285369548.84	364200662.11	118391555.94	113307802.89	312255036	225806810.28	231081354.84	205031477.62
AT5G16040.1	1	1	0	0	22072364	17640047.29	41442865.36	33201476.63	0	0	0	0	41442865.36	0
AT5G16050.1	3	6	5623067.349	6639121.075	259287536	290410596.9	54403238.89	54867576.79	0	0	259287536	290410596.9	54403238.89	54867576.79
AT5G16060.1	3	3	0	199278112.288	29748114	28634818.391	183370622.87	118874347.67	0	0	0	8715521.421	155977325.66	0
AT5G16070.1	3	5	78155548.772	1815719.028	277258564	245352150.44	49132958.25	19302200.16	0	0	277258564	151768033.53	0	0
AT5G16130.1	8	11	45784787.287	53441839.276	1160502646	1224378327.47	544667585.5	248011804.08	0	0	993029378	329057992.43	238823754.74	0
AT5G16150.1	6	16	521582353.9198	835308092.19	651764276.563	603340245.553	199031864.63	269286080.1	0	259781561.2	583557804.563	542642874.983	199031864.63	0
AT5G16270.1	2	2	0	1503357.959	17387160	37366993.3	15626051.78	34371303.26	0	0	0	37366993.3	15626051.78	0
AT5G16280.1	1	1	561249032.5	171341283.6	169360400	7479105257	401902556	1205760808	0	0	169360400	0	0	0
AT5G16290.1	3	5	142818535.87	9688126.089	64496560	33724297.34	259778208.65	286103804.1	114849106.98	9688126.089	47574734	0	0	0
AT5G16300.1	2	2	0	0	13475425	11145051.36	9185513.979	49478181.19	0	0	13475425	0	0	28771584.56
AT5G16370.1	6	7	0	9585945.404	203292417	151061788.612	315849282.38	244421826.32	0	0	78274276	0	90692275.59	173415815.26
AT5G16390.1	8	25	2348610862.64	863593853.01	2401321732	2177321817.8	4116013991.42	5733581516.03	1972396572.04	473695259.53	630267264	364320814	0	0
AT5G16400.1	3	8	356478787.24	80308488.202	356141552	196636972.139	46955630.68	37942147.29	356478787.24	0	356141552	162959972.6	0	0
AT5G16410.1	2	3	34622752.08	8979018.923	11529782	12118032.33	107303767	119988306	34622752.08	8979018.923	0	0	0	0
AT5G16440.1	3	5	55226287.15	123986037.85	206806144	175420973.8	9371978.242	20410799.13	18240656.49	10845039.55	137264912	100811703.16	0	0
AT5G16450.1	2	2	0	23572905.43	117923215	144510582.5	0	0	0	23572905.43	0	144510582.5	0	0
AT5G16470.1	3	7	4407710.313	131991010.541	188555772	186057047.46	889676769	1120422230.4	4407710.313	105463023.5	0	0	584297662.8	1120422230.4
AT5G16510.1	3	6	0	0	232482932	264136869.32	48474616.07	0	0	0	232482932	264136869.32	0	0
AT5G16550.1	1	2	0	8895185.043	27558018	79111293.5	13575502.5	0	0	0	0	79111293.5	13575502.5	0
AT5G16570.1	1	1	0	2125076.494	0	64596756.37	0	0	0	0	0	64596756.37	0	0
AT5G16590.1	4	4	870260.6699	12444870.26	111136326	74565130.46	24517612.062	57232244.056	0	0	79764198	43214183.44	0	0
AT5G16620.1	13	38	1315147696.448	507650504.25	842040981.75	799362621.374	159480910.653	57114979.95	1216078706.358	421278978.7	628211134	604830605.31	7521305.823	0
AT5G16660.1	3	18	500094105.78	426398693.15	564375142	285963790.06	119249596.87	100063197.1	500094105.78	426398693.15	564375142	285963790.06	100823302.4	100063197.1
AT5G16690.1	1	2	55215897.68	17418119.23	0	0	6996808.609	0	55215897.68	17418119.23	0	0	0	0
AT5G16710.1	17	66	11978015884.674	8248749684.02	9967598344	13258419853.87	964234701.262	1551834510.57	11713066173.2	1708204469.37	8617843720	8335337272.77	0	79231758.43
AT5G16715.1	14	23	613852484.95	98322847.332	565017654	516929797.75	77605402.903	114485413.998	511030564.29	0	336151452	124849139.19	0	0
AT5G16730.1	1	2	0	0	11806304	18602341.09	47367809.87	0	0	0	11806304	18602341.09	0	0
AT5G16810.1	5	7	305757766.87	213143067.26	117974672	94726637.94	101697951.46	131113799.79	237593112.3	34204938.707	0	37578044.14	0	0
AT5G16840.1	6	13	53031997.799	48727887.577	601888642	768905357.85	68293563.74	71487983.11	0	0	491964046	543253220.69	0	71487983.11
AT5G16870.1	1	1	0	0	0	0	25671809.4	15521279.36	0	0	0	0	25671809.4	0
AT5G16880.1	7	11	7384676.792	24169241.177	677954792	460568514.3	124376766.619	128935282.11	0	0	677954792	243208195.54	0	0
AT5G16930.1	12	16	37251348.739	2096334.659	167431431	56382947.469	1321456089.88	1125992466.26	0	0	0	0	594493767.45	855072429.56
AT5G16950.1	2	4	0	0	0	0	264240235.97	345621903.6	0	0	0	0	178786591.7	345621903.6
AT5G16970.1	10	20	20950491.089	29910833.655	1555838494	2385989546.92	109175640.372	80615997.55	0	0	1555838494	2345360720.19	0	0
AT5G16990.1	2	3	0	0	135158676	176105421.35	0	0	0	0	62089756	176105421.35	0	0
AT5G17000.1	2	3	0	0	164851288	231771308.1	7829368.652	0	0	0	164851288	142028107.8	0	0
AT5G17010.1	1	1	0	0	0	24902517.72	0	0	0	0	0	24902517.72	0	0
AT5G17020.1	14	17	33751714.22	45440616.966	577122141	600546813.401	141945221.854	176929399.43	0	0	523712349	328997192.31	0	0
AT5G17050.1	3	3	0	0	39617481	143050460.91	0	52575977.59	0	0	0	143050460.91	0	0
AT5G17070.1	1	1	39959397.21	38954443.64	0	83886892.67	0	0	0	0	0	83886892.67	0	0
AT5G17170.1	9	42	9852290854.31	14309841816.7	3086263159	3610969433.348	813919070.13	843595992.93	5129321498.31	11134343675.7	1687782213	3463001809.2	514892310.75	448559421.13
AT5G17220.1	5	5	0	0	18148967	1087445869.54	25057154.56	0	0	0	0	1087445869.54	0	0
AT5G17230.1	8	11	421541541.74	248405549.24	144022977	82132374.445	58351125.25	59758401.433	269455460.5	155686199.54	0	15835936.87	0	0
AT5G17270.1	1	2	114712265.6	79554028.56	0	0	0	102672257.4	114712265.6	0	0	0	0	102672257.4
AT5G17310.1	5	8	36666649.17	6268488.753	639091404	562110037.68	0	10654991.88	0	0	504092604	461886573.88	0	0
AT5G17380.1	10	17	9387394.505	20553223.439	859292507	1126946126.25	45910935.26	19185385.853	0	0	604974747	1102051667.39	0	0
AT5G17520.1	2	5	163445528.65	104624779.5	92205806	134898971.62	22783262.9	0	163445528.65	64796754.01	60031816	82326474.4	0	0
AT5G17530.1	8	17	345071476.78	134430354.71	586701318	703848620.107	59315731.244	26014691.268	345071476.78	56248616.34	361075510	221186548.827	0	0
AT5G17550.1	1	1	4606128.89	7840100.213	24329860	27989115.35	0	0	0	0	0	27989115.35	0	0
AT5G17560.1	7	20	91984773.534	5953570.077	182158678	188448188.27	1021166728.72	815159353.074	91984773.534	0	40299808	140433135	1021166728.72	809151550.95
AT5G17630.1	2	6	170584982.46	47653883.42	209368392	203840086.55	9991338.041	32428830.05	170584982.46	37202841.95	75878400	203840086.55	0	0
AT5G17670.1	4	9	166317354.65	212319994.72	218490946	262726569.77	78695847.85	25933386.99	89344275.95	167830118.35	77432154	39143435.59	0	0
AT5G17710.1	12	31	1614758330.36	342825809.734	1957775998	1953279914.61	10969021.754	14647333.44	1339930055.02	259955119.2	1937359410	1898300997.38	0	0
AT5G17770.1	17	41	18492650.139	45479124.61	880802046	530510674.42	3043718335.01	2876780814.54	0	0	763064642	448773989.7	2983795434.28	2489851166.42
AT5G17870.1	2	3	421610903.9	44118126.52	544139376	325549928.73	14399896.58	0	281929120.9	0	211806704	242406478.9	0	0
AT5G17920.1	27	84	706730617.861	446364072.63	27669160288.5	21162639796.83	2475199692.591	3609554100.04	174918421.56	175214285.31	25525245635.5	17024250308.43	1715636984.539	2049598940.1
AT5G17990.1	8	19	699658444.98	208256197.78	488847502	395528354.85	79372008.07	127784959.145	699658444.98	152868969.89	291315548	149134617.82	0	0
AT5G18100.1	3	6	0	0	0	693247513.2	373915166.13	279130694.71	0	0	0	693247513.2	303651985	279130694.71
AT5G18110.1	1	1	0	0	0	17115165.53	0	0	0	0	0	17115165.53	0	0
AT5G18170.1	28	85	127662515.616	124775432.964	2461805039	3622839237.669	34095317155.37	36058096686.92	0	17420234.96	1748449504	2942283637	29350325454.4	24649522882.82
AT5G18280.1	2	3	0	0	12077954	0	151620414.59	140921684.76	0	0	0	0	151620414.59	45920142.92
AT5G18400.1	1	2	0	0	21269576	14587357.89	0	0	0	0	21269576	14587357.89	0	0
AT5G18470.1	4	7	0	40201697.27	250396148	80406477.766	93447235.23	42827938.85	0	27172486.43	250396148	0	0	0
AT5G18480.1	6	10	0	0	90069667	92888174.79	442029710.74	357150499.36	0	0	22883370	54918312.53	158186023.43	123339125.2
AT5G18550.1	1	1	0	0	0	11355511.69	0	0	0	0	0	11355511.69	0	0
AT5G18570.1	5	5	88143750.42	30578845.84	5511638	66658731.22	47457483.81	148672457.1	88143750.42	0	0	0	0	0
AT5G18620.1	1	1	0	0	0	3948498.618	20418743.94	0	0	0	0	0	20418743.94	0
AT5G18660.1	11	26	2214317055.54	1673108837.5	962813027.5	710760577.1	46242799.46	42683037.65	1476425170.44	1041616931.17	536909350	550411998.48	0	0
AT5G18790.1	3	5	0	0	0	13343296.86	316819106.35	435369597.23	0	0	0	0	316819106.35	383882835.2
AT5G18800.1	5	16	0	2550590.133	75979276	72368920.62	2805851137.12	3655425535.14	0	0	75979276	72368920.62	2805851137.12	3655425535.14
AT5G18850.1	1	1	0	0	5838736.5	4014456.569	0	0	0	0	5838736.5	0	0	0
AT5G18900.1	1	2	0	0	52545796	37886097.72	80832817.18	6126590.393	0	0	0	37886097.72	80832817.18	0
AT5G18960.1	3	3	35901441.52	40125862.78	102751071	65689876.31	341554484.67	273310637.49	0	37863607.96	0	0	90150591.87	0
AT5G19140.1	5	13	82200946.25	49030950.1	1079637884	1281672459.8	162275062.32	189365055.74	0	0	1079637884	1168496599.2	71351728.29	92766421.82
AT5G19150.1	1	1	0	0	17664292	22155225.67	0	0	0	0	0	22155225.67	0	0
AT5G19151.1	2	2	0	0	0	0	142889857.79	167569250.2	0	0	0	0	142889857.79	0
AT5G19180.1	1	2	0	214231881.1	36588212	28293116.95	0	0	0	0	36588212	28293116.95	0	0
AT5G19220.1	23	99	6796841123.41	1038989259.056	7738381986.5	9247277025.76	523162677.175	506780718.677	6517456020.08	597684658.4	6416196768	8261202949.66	23177890.43	0
AT5G19240.1	1	2	0	37534166.04	123385544	180348778.8	175298907.8	185571776.9	0	0	0	0	175298907.8	185571776.9
AT5G19250.1	1	3	85227891.51	23847223.15	1539962752	2387784710	47987745.12	11515774.2	0	0	1539962752	2387784710	0	11515774.2
AT5G19320.1	5	6	3217352.972	3595793.424	151837404	54639202.6	297949442.19	246843683.42	0	0	0	32299896.34	265132537.42	28914315.4
AT5G19350.1	1	1	939299765.3	2027320597	739485760	666336420.1	40083749.09	51248518.9	0	0	0	666336420.1	0	0
AT5G19370.1	12	34	852493597.78	288943982.687	302015030	475441270.55	1678842252.62	1623746683.18	645818693.34	28057797.93	71476344	475441270.55	1534378975.24	1396061011.08
AT5G19440.1	5	9	9697230.951	27026070.81	389449206	423530914.6	11324764.09	0	0	0	274777800	423530914.6	0	0
AT5G19460.1	4	10	104195608.34	18422274.085	83355654	85976106.18	129421147.52	84184419.07	104195608.34	0	0	85976106.18	116771080.65	31537116.84
AT5G19470.1	1	1	0	0	23266410	29169033.99	199912600.9	0	0	0	0	29169033.99	0	0
AT5G19500.1	1	1	14329538.72	8913317.738	26569274	19730608.25	0	0	0	8913317.738	0	0	0	0
AT5G19510.1	9	24	125823422.08	181601431.67	3753449136	3174043030.65	164154179.243	239704215.64	0	16248571.45	3145952496	2861921901.62	105467869	51578795.75
AT5G19540.1	1	1	14485894.01	7291400.449	7951983	0	13681419.15	0	14485894.01	0	0	0	0	0
AT5G19550.1	9	19	32218540.765	32020033.68	1164845100	1471149669.45	207950657.97	235627605.53	0	0	1164845100	1304097643.38	0	48478625.94
AT5G19620.1	16	33	815424869.69	457861411.01	675056116.5	678436216.34	396113479.097	346637791.37	479013108.31	175823521.32	421352012	222305076.84	49003382.35	45232443.13
AT5G19690.1	6	16	4822890.571	0	404944170	418870252.51	200446882.17	210701847.68	0	0	309310706	223724474.6	200446882.17	210701847.68
AT5G19750.1	1	1	8784758.881	0	30052838	22214014.81	0	0	0	0	30052838	0	0	0
AT5G19760.1	36	139	238158166.799	126438357.7298	4257686660.125	4800856139.696	122491101155.88	107257817952.34	0	0	2061088551.5	4449089888.52	122441002438.17	94464310821.98
AT5G19780.1	5	16	12281738.24	3940092.04	2312182464	2352787881.9	469057712.6	437837638.42	0	0	2312182464	2174889033	220219270.9	293975117.72
AT5G19820.1	16	25	93665177.832	124551509.93	1282494802	907637252.66	359303415.77	506657040.405	0	0	1153544210	322673731.32	89230696.66	170528483.38
AT5G19850.1	1	2	60012799.36	42448276.83	28113294	35257053.92	0	36348129.33	60012799.36	42448276.83	0	0	0	0
AT5G19855.1	4	4	80147223.54	33907814.207	58574412	41195865.63	240443335.6	490886444.79	80147223.54	0	28280368	0	0	0
AT5G19860.1	4	7	49461123.771	126981113.64	861024684	702023432.8	48446418.19	14873889.27	0	0	861024684	229611725.1	0	0
AT5G19940.1	12	46	7310022170.8	6085444314.036	3191642056.5	1796824889.64	477037334.595	430385072.316	7290075051.3	6085444314.036	2910612604	1381477251.1	75953865.56	183170471.55
AT5G19990.1	7	10	0	0	469168092	591826239.35	64272408.01	81629704.22	0	0	300506288	500465699.79	0	0
AT5G20010.1	12	29	120654843.16	137815543.23	4737183301	4346551939.38	3365971920.26	3747884798.43	0	46114413.79	1165170224	3092091652.14	2242904698.66	3010981873.6
AT5G20060.1	1	1	0	0	57844004	0	22769719.66	39304506.43	0	0	0	0	0	39304506.43
AT5G20070.1	1	1	0	0	58889300	58374787.04	0	7752539.128	0	0	0	58374787.04	0	0
AT5G20080.1	23	73	91715114.282	96709987.921	1395672208.9063	1731506283.326	30453522698.45	27990402411.8	0	0	598408438	1222571162.51	30453522698.45	26942207272.9
AT5G20090.1	6	15	0	29127098.81	165763474	199458229.45	9418932796.4	11389009221.3	0	0	76815890	77141066.91	8659429481.2	11389009221.3
AT5G20130.1	1	1	15511323.63	35049548.54	0	0	0	0	15511323.63	0	0	0	0	0
AT5G20140.1	10	24	2870721982.79	2498301069.15	883437540	10053332542.78	4459248278.69	11277597707.6	2870721982.79	910379029.22	69791048	9969602451.23	0	0
AT5G20180.1	1	2	0	3866061.63	41591300	0	125525580.9	123367629.4	0	0	0	0	125525580.9	123367629.4
AT5G20230.1	1	1	18569981.65	0	241456416	79811609.69	30865926.21	0	0	0	241456416	0	0	0
AT5G20280.1	19	29	86286659.02	118209215.9	1103037194	1797345994.44	214903247.13	123490432.188	0	0	426950256	1355505449.84	73493319.1	0
AT5G20290.1	17	61	130404089.66	153991896.179	7244782602	7171900964.15	2833609675.5	2031517620.542	0	50245245.673	6860218542	7029761090.8	2820415179.55	1783785511.89
AT5G20410.1	1	2	78907014.06	43737964.5	28108138	33417772.65	8597224.866	7938418.264	78907014.06	43737964.5	0	0	0	0
AT5G20490.1	1	1	0	0	7821673.5	6070337.338	58778717.43	108752881.3	0	0	0	6070337.338	0	0
AT5G20500.1	3	8	0	0	243105336	157251234.74	360411375.47	273938072.48	0	0	184793552	34417334.14	360411375.47	273938072.48
AT5G20570.1	1	3	0	0	0	13116793.95	40033532.3	0	0	0	0	13116793.95	40033532.3	0
AT5G20590.1	1	1	0	0	69208816	64446573.27	0	0	0	0	0	64446573.27	0	0
AT5G20630.1	4	18	518899946.42	1310634659.39	3168950768	1851047601.6	0	271496539	474599223.98	1232163907.4	2908207312	1851047601.6	0	0
AT5G20650.1	1	3	11099727.86	22856043.67	313594912	191229181.3	256707122.8	147214228.3	0	0	313594912	191229181.3	256707122.8	0
AT5G20660.1	2	3	0	11830284.82	47963440	89104361.7	25851399.45	42694387.08	0	0	47963440	36732934.61	0	0
AT5G20720.1	11	55	18386152755.6	5453922762.3	14906422624	12107024859.4	267399261.07	451922392.87	18386152755.6	3409659778.2	12279839200	7612311454.3	166181385.99	158228832.2
AT5G20830.1	9	11	99294339.08	80988625.45	304157434	791977724.56	14517171.91	81139898.75	0	0	85380102	730960032.81	0	0
AT5G20890.1	12	19	3701708.132	0	939561812	1036647186.24	92406774.149	173406894.12	0	0	939561812	580205949.96	0	0
AT5G20920.1	6	11	36264941.552	4380964.645	691225136	544937392.81	161815610.51	66949350.25	0	4380964.645	613733416	296529520.97	0	66949350.25
AT5G20935.1	1	1	35373174.76	0	0	32791916.69	0	0	0	0	0	32791916.69	0	0
AT5G20950.1	11	18	130670365.113	317936195.76	1302494496	1106655520.15	94006563.66	147187788.33	19174217.99	111743398.05	1219850888	584253743.1	0	0
AT5G20970.1	1	1	0	6719971.768	324616608	332774684.8	0	0	0	0	0	332774684.8	0	0
AT5G20980.1	5	8	62441597.221	0	85473058.5	126269991.75	152545843.84	137742708.9	20148823.451	0	39768058	55751397.11	110284442.17	0
AT5G20990.1	1	1	0	0	29536250	30609125.41	31717758.54	55149033.95	0	0	0	30609125.41	0	0
AT5G21010.1	1	1	0	0	0	1635581.083	10973153.49	148051575.7	0	0	0	1635581.083	0	0
AT5G21060.1	6	8	10256450.91	0	368439728	287893372.33	26405128.187	55441856.778	0	0	144525600	287893372.33	0	0
AT5G21100.1	1	2	3471667.604	15209586.51	94284636	41256083.81	0	0	0	0	94284636	0	0	0
AT5G21160.1	1	1	0	0	14610623	0	0	64590253.66	0	0	14610623	0	0	0
AT5G21430.1	9	35	2106785910.72	2888728193.175	1247744884	1548684289.58	90657613.266	21330425.71	1912901025.19	2110510249.98	1033419540	1099279062.75	0	0
AT5G21930.1	2	2	26481682.305	14835693.84	24967650	9925843.33	7577183.478	0	7216749.435	14835693.84	0	0	0	0
AT5G22020.1	1	1	16188616.91	0	0	127142725.4	0	0	0	0	0	127142725.4	0	0
AT5G22300.1	2	2	0	0	0	103064260.65	24886357.56	10494832.46	0	0	0	103064260.65	0	0
AT5G22330.1	6	13	0	0	172492414	134020673.21	698490016.64	712657676.7	0	0	43864996	84286357.38	606608943.83	568404409.6
AT5G22340.1	4	7	321035159.26	276567288.97	20658940	25318579.02	47466433.62	161404841.3	321035159.26	260797388.15	0	0	0	0
AT5G22350.1	7	14	13956874.95	14291672.39	33816384	16441129.23	849331867.06	895877294.12	0	0	0	0	763534112.84	895877294.12
AT5G22360.1	1	1	0	0	0	0	26248298.21	27674657.91	0	0	0	0	26248298.21	0
AT5G22440.1	1	1	0	0	23978612	0	0	0	0	0	23978612	0	0	0
AT5G22460.1	1	1	0	0	0	0	76621784.62	84698677.66	0	0	0	0	0	84698677.66
AT5G22510.1	5	12	195631850.44	18427602.356	160566188	128057341.33	424739706.3	331976758.4	195631850.44	0	160566188	70789036.96	0	0
AT5G22580.1	7	18	143044164.865	99277194.409	4349562343	2251925142.626	53926327.823	87670520.21	119340714.21	72202085.09	4181702039	1434647317.7	0	0
AT5G22620.1	3	7	110952478.14	19095201.343	158610128	208112385.49	0	0	110952478.14	10844454.76	120787148	0	0	0
AT5G22640.1	8	13	371596387.812	231444650.48	104629060	52981796.62	28060186.435	7694830.806	371596387.812	231444650.48	17704752	0	0	0
AT5G22650.1	2	4	0	0	45070736	29832575.29	976383199.91	1524766313.227	0	0	0	29832575.29	976383199.91	0
AT5G22770.1	12	19	121552027.85	42647001.887	1035714270	1191531698.36	281017238.18	140013132.99	0	0	749443154	518859153.46	116658026.57	90385887.98
AT5G22790.1	2	2	72417060.98	0	0	55877757.91	52876301.66	23386955.76	52538240.1	0	0	55877757.91	0	0
AT5G22800.1	28	61	1797245598.2	499619390.896	2128401237	1830932316.09	298545509.777	114486243.268	1437845727.17	58132223.8	1593206212	973853973.35	0	0
AT5G22830.1	10	15	485267468.702	370626037.68	257336847.5	230101393	164943032.16	252008144.28	372506487.81	296841145.93	0	0	0	0
AT5G22875.1	2	4	7527763.917	0	6629327.5	0	383235642.7	358141047	0	0	0	0	383235642.7	358141047
AT5G22880.1	6	14	74443244.8	215941752.474	347099836	231370731.1	3129514220.97	2950108556.77	51108787.99	205174707.8	306712832	231370731.1	1467352564.9	1683611939.58
AT5G23010.1	4	8	127873090.32	89852302.13	147112052	82917115.49	0	0	54757084.7	73769951.28	70738544	40806346.2	0	0
AT5G23020.1	1	1	0	5561132.991	17719524	0	12931191.71	0	0	5561132.991	0	0	0	0
AT5G23040.1	5	11	365485522.72	89325549.301	93872908	87876861.277	145846303.99	96858968.4	365485522.72	29834509.15	33183448	0	93483080.33	20379901.53
AT5G23050.1	1	1	0	0	14451417	10442432.17	0	0	0	0	14451417	0	0	0
AT5G23060.1	19	125	24452878332.72	55986279479.87	10860054576	17112177179.9	8732319456.734	6928320472.649	22330313228.85	55986279479.87	9606988426	17112177179.9	8397793627.22	663096332.9
AT5G23120.1	23	131	18036553793.5	17963762395.369	14188064992	16395649290.04	495874266.08	425629678.916	16405437634.5	17963762395.369	12500910752	15230012179.56	322179048.15	79383889.7
AT5G23140.1	11	26	0	43234688.296	301113669	207159291.86	7617058544.85	7074239327.72	0	0	176126500	0	5009719768.95	5737229303.44
AT5G23200.1	11	17	155871469.57	216840541.56	717247677	105026966.283	1288278711.39	1129736239.68	0	0	0	0	988545757.29	891727098.35
AT5G23210.1	4	9	11255045.884	72648495	340361616	448384130.02	966273047.57	1224052489.67	0	62069678.37	50703556	371140157.41	0	0
AT5G23240.1	2	3	50714292.409	62463866.86	29678820	45453489.87	17113596.228	17360840.43	41806691.99	62463866.86	0	0	0	0
AT5G23250.1	5	11	0	13311605.6	128688803	169925616.66	2981258338.78	2950124784.6	0	0	89798920	125770519.15	2981258338.78	2833063303
AT5G23290.1	2	2	6995255.009	17335070.71	75824832	106926594.57	52661888.69	63654976.89	0	0	75824832	20713096.45	0	0
AT5G23300.1	13	25	100801919.238	26653558.872	285919906	344005451.54	3844424171.5	4101180003.6	0	0	34961280	135205723.92	3035104837.4	2634105618.6
AT5G23310.1	2	4	213382524.8	89237635.44	361622744	292721707.3	45441192.84	86645566.48	213382524.8	89237635.44	0	0	0	0
AT5G23395.1	2	3	30599156.28	0	0	0	447720777.5	287631641.2	0	0	0	0	136115033.5	287631641.2
AT5G23440.1	6	12	335467406.85	55702074.627	476593499	409458105.56	87047453.96	0	165188259	20905935.27	280701678	298161955.9	0	0
AT5G23535.1	2	3	3865225.484	18098077.49	66496548	61478247.52	327898218.51	408379053.9	0	0	0	0	327898218.51	25170320.6
AT5G23540.1	5	7	0	0	620856182	562211257.78	65874110.92	175895036.98	0	0	228098438	231876792.8	47424062.88	44611911.18
AT5G23630.1	1	1	0	0	0	0	20214134.72	35464138.86	0	0	0	0	0	35464138.86
AT5G23740.1	1	2	4250193.009	9145810.767	398502080	360120428.6	25465535.63	35155435.74	0	0	398502080	360120428.6	0	0
AT5G23750.1	3	4	0	0	236558026	305946589.57	54373403.23	45708140.46	0	0	209414576	181712743.67	0	0
AT5G23760.1	1	2	9386814.642	4151869.909	79145856	103701879.6	26572996.94	33271871.29	0	0	79145856	103701879.6	0	0
AT5G23820.1	3	3	0	0	656314256	88381120.78	2924473131.94	3599773481.15	0	0	656314256	0	0	0
AT5G23860.1	1	2	0	17070013.13	70597120	36410884.84	0	110476409.9	0	0	70597120	36410884.84	0	0
AT5G23890.1	20	51	1069431091.078	949821690.867	860380189.5	1043610629.333	139647481.68	140876093.98	942754329.958	732018532.22	424376060	472152187.66	34174392.18	0
AT5G23900.1	5	10	0	9266450.393	509881474	454145096.8	154842326.04	173045471.67	0	0	509881474	454145096.8	51007986.45	50894286.59
AT5G23920.1	2	2	0	0	139460208	261407324.84	45481075.68	33431294.64	0	0	122491176	166812802.5	0	0
AT5G24020.1	6	13	197370851.36	31479224.75	303130705	159438567.61	60086620.23	10096239.34	197370851.36	0	168462656	49259914.18	0	0
AT5G24165.1	10	33	0	0	600735103	592586163.88	12936150180.09	16114304488.21	0	0	552399244	529720435.2	12467418517.25	16018360958.8
AT5G24260.1	2	2	0	0	87677776	64458211.71	43554199.91	80290299	0	0	74218376	28972262.78	0	0
AT5G24300.1	16	44	1423258860.95	376069724.528	1541024679.5	2143401836.98	100696176.112	152453158.282	1085753531.14	94174040.58	1352118061.5	1767145061.35	0	0
AT5G24314.1	1	3	33529118.06	17886436.3	18959358	0	0	0	33529118.06	17886436.3	18959358	0	0	0
AT5G24400.1	8	17	621280439.35	145098782.87	953524508	1002314750.4	62603791.87	50880076.08	621280439.35	70714078.59	553822116	557299759.45	0	0
AT5G24420.1	1	1	0	17939893.3	91029920	0	0	0	0	0	91029920	0	0	0
AT5G24460.1	1	1	0	0	21417352	21509610.14	0	15990032.89	0	0	0	21509610.14	0	0
AT5G24490.1	9	29	5505130691.6	936922038.78	2597470073	1633216531.56	472454536.584	502678475.84	5505130691.6	890105659.7	2366942937	594644996.1	287315893.763	308374391.57
AT5G24520.1	2	3	23472494.56	14037170.64	64157406	44128730.65	158537576.68	179602816.5	0	0	41052612	24632362.08	0	146162940.3
AT5G24650.1	6	16	490066808.02	221471443.5	268338269	261477698.72	52545085.58	49260175.301	183416454.55	165726539.63	227827385	166393760.72	0	0
AT5G24690.1	8	17	573547084.7	156292694.396	232080902	255621592.92	591106863.88	709691188.4	573547084.7	44306435.38	150826370	101076015.96	19984530.53	26307403.82
AT5G24710.1	1	1	0	0	30869916	28571262.74	0	0	0	0	0	28571262.74	0	0
AT5G24780.1	1	1	21173505.36	0	0	0	25524233.21	34561114.5	21173505.36	0	0	0	0	0
AT5G24940.1	1	2	0	0	19541868	10225212.1	0	0	0	0	19541868	10225212.1	0	0
AT5G25100.1	5	8	39083838.71	54290153.34	163610668	80487551.73	280495236.55	345044615.59	0	0	120963008	20314054.76	280495236.55	180831933.39
AT5G25120.1	1	2	0	0	3695027	8688336.434	3202880.777	14898066.09	0	0	3695027	8688336.434	0	0
AT5G25220.1	1	1	0	0	48473336	12643372.55	28276419.44	0	0	0	0	0	28276419.44	0
AT5G25250.1	4	8	10330728.98	10111950.526	89448240	57365912.65	197430076.33	190765118.16	0	0	0	0	140233916.97	157170667.37
AT5G25265.1	3	6	0	0	38621064	28314998.07	238707227.6	288802927.47	0	0	0	0	238707227.6	86666191.51
AT5G25460.1	4	7	6291700.457	23904846.456	1169302532	383803849.93	22899934.1	0	0	16351944.56	1169302532	136917937.9	0	0
AT5G25610.1	4	6	23086541.839	68071582.405	377761168	174127857.34	5259029.343	79984672.08	0	0	377761168	148328746.1	0	0
AT5G25754.1	10	16	44667750.86	168512586.735	896665354	796668071.15	176067469.514	211314456.375	0	0	838971406	164695018.96	92197005.28	132908638.89
AT5G25900.1	6	9	158914472.48	221888186.58	44713903	81473948.05	23080402.934	19862809.33	65207422.48	221888186.58	15727915	0	0	0
AT5G25940.1	6	20	1739938.6403	1777218.7353	198936401.7344	264799390.07	9322478378.351	8418827790.92	906097.7096	1363963.056	143124828	192692674.2	9322478378.351	8418827790.92
AT5G25980.1	34	149	980864563.66	3909173480.77	33221515433	50351312380.96	37178882287.941	38642499638.18	552921124.15	3359143916.41	32956916779	39151538961.25	35682891292.14	35254282387.6
AT5G26000.1	29	140	497726470.817	1711711026.941	69037571242	85711904256.61	12042225966.776	10512254955.346	115580380.48	1357396312.16	68966175712	85649689394.71	11497662167.53	7456483292.6
AT5G26340.1	1	1	0	0	38347416	64580943.56	134617543.2	45826211.8	0	0	0	64580943.56	0	0
AT5G26360.1	17	27	117353108.998	222982602.93	1893132480	1907912457.004	493421122.789	461651804.738	0	0	1001232628	1577873895	139528822.2	1333299.009
AT5G26570.1	32	85	2450128763.043	834955907.404	2652637513.25	6991637163.325	1162493990.839	559971335.89	2038448527.323	419337702.232	1673967621	6657963727.025	0	0
AT5G26667.1	5	9	42815476.132	104623306.1	557035840	363782220.61	103213165.5	131981677.42	0	0	557035840	183220892.1	57887593.65	24585361.52
AT5G26710.1	10	16	22951591.86	16351584.889	698549476	689827858.8	104482293.02	86064118.404	0	0	609004892	582096680.94	0	0
AT5G26742.1	26	56	3003412985.62	581422611.866	1512657390	1675281245.29	269412630.17	333040471.5	2859753080.23	462856885.36	1143216786	898953152.29	0	0
AT5G26780.1	19	38	62417369.276	34815910.2099	485532596.5	444881701.86	4388448981.5	4538269185.5394	0	0	140801755	219307739.81	3601096461.7	4132298302.78
AT5G26830.1	12	23	9721059.095	45654999.308	955934288	703119842.33	514855011.32	286950484.08	0	0	743116228	443126961.42	293334172.08	116282189.19
AT5G26860.1	27	48	47519858.499	30931940.52	375530836	474619498.504	4429894959.3	3234919285.16	0	0	28134395	263125684.43	3834124278.08	2520618459.54
AT5G27290.1	4	8	236939711.31	383260063.99	161375634	187166745.74	3442294.046	72041070.93	35926607.54	383260063.99	25533910	54591706.17	0	0
AT5G27380.1	13	22	100851272.01	79712302.462	1129445316	1242583883.7	1796619494.06	3617280919.709	42649449.35	10748901.4	710702340	1006464029.77	0	0
AT5G27390.1	6	14	363285137.62	382917866.72	272781888	226359550.22	74553043.218	41942282.321	363285137.62	382917866.72	123156892	106086829.7	0	0
AT5G27430.1	1	1	46255880.77	21325939.12	54863696	71053976.77	22709541.08	132006363.5	0	0	54863696	0	0	0
AT5G27470.1	10	16	7062406.687	0	993577340	651871447.21	155821685.14	302002467.32	0	0	819504040	651871447.21	0	0
AT5G27520.1	1	1	0	0	52350208	4639179.817	14680185.31	0	0	0	0	0	14680185.31	0
AT5G27540.1	41	95	3823015536.811	40398317.496	548506363.5	736340890.967	13032079750.88	16742584798.09	0	0	253336916	296953959.494	10989385647.66	16531903645.29
AT5G27560.1	6	15	584480745.3	248305854.09	226224872	619930976.75	98412478.16	113185519.6	584480745.3	82058990.97	142259488	190838121.22	0	0
AT5G27600.1	2	2	21754713.55	38439785.2	48518834	0	424859242.69	163027002.3	0	0	0	0	424859242.69	0
AT5G27640.1	10	14	0	33731547.26	727860476	555037865.42	117027840.13	100200007.72	0	0	555491388	373408832.58	0	22305309.81
AT5G27670.1	8	31	172802267.108	285238983.8	519966112	893743348.1	13493927991.95	17111497340.44	48947451.99	285238983.8	382321392	893743348.1	10510119258.95	11892099782.44
AT5G27700.1	1	2	0	0	129725256	157793107.1	0	0	0	0	129725256	157793107.1	0	0
AT5G27710.1	1	2	6956570.564	20126391.91	25474754	24835929.54	13940646.15	20550728.81	0	0	25474754	0	0	20550728.81
AT5G27720.1	1	2	0	0	43446380	27181152.19	17284548.09	0	0	0	43446380	27181152.19	0	0
AT5G27740.1	1	1	0	0	0	0	30105949.83	68805004.24	0	0	0	0	30105949.83	0
AT5G27760.1	4	8	22883984.69	0	32264394	0	1132884567.13	1151336297.13	0	0	0	0	1047017865.5	1040620975.03
AT5G27770.1	2	6	9019783.173	25608459.043	895779728	1171599256.5	384236063.31	279348219.6	0	17742769.44	212750352	211565475.8	384236063.31	162821257.9
AT5G27820.1	4	6	7734642.762	71159144.58	21479855.5	24289834.465	737533118.27	717309702.216	0	0	0	0	737533118.27	350777177
AT5G27850.1	2	3	0	0	479994624	477235827.5	68208493.42	50034486.26	0	0	479994624	477235827.5	0	24670296.65
AT5G28020.1	5	9	1447502.807	0	514710952	486000641.05	3611437357.46	3405990548.39	0	0	514710952	324244589.75	0	0
AT5G28040.1	4	5	28769132.24	23213003.69	16275844.5	0	189986117.12	169671041.49	0	0	0	0	189986117.12	37467922.94
AT5G28060.1	2	7	0	0	436554404	328001679.6	194878874.55	178976559.1	0	0	436554404	328001679.6	194878874.55	178976559.1
AT5G28500.1	8	14	1001375626.14	161144616.13	710694948	842985936.21	378735458.38	166674522.8	1001375626.14	82793438.71	25528970	225075890.5	0	0
AT5G28540.1	3	13	5868653.527	3133998.528	835241008	433246670.06	253383385.37	190786919.85	0	0	391446056	433246670.06	253383385.37	174474251.3
AT5G28750.1	6	22	1472871267.59	673496444.1	1277666148	1068992146.04	189024682.18	96558592.19	1472871267.59	673496444.1	689582660	976242956.1	0	0
AT5G28840.1	11	20	14562730.719	0	2467620814	1763732909.46	455908159.41	673596573.004	0	0	1909782094	1350268363.86	99903483.62	415095490.5
AT5G28900.1	1	1	4485123.455	0	33913668	0	0	0	0	0	33913668	0	0	0
AT5G30490.1	1	1	13812469.4	50757678.36	70627384	60671931.35	2159606609	1419650173	0	0	70627384	0	0	0
AT5G30510.1	21	77	14660850278.28	3072958307.31	10464205546	7923301632.906	490883359.08	348729671.734	14569380788.7	2731026722.04	9809758254	5868689651.326	65107578.3	57093692.49
AT5G32470.1	5	5	44405366.22	46969226.54	53890089	68190297.105	153696808.95	132541138.315	0	0	0	26077770.25	68467694.93	76016393.34
AT5G33320.1	4	19	586506326.4	137599921.49	600740247.5	514899146.8	1630111972.17	1322131411.19	586506326.4	137599921.49	600740247.5	514899146.8	1605064033.79	0
AT5G34850.1	9	19	20553249.56	65187640.26	1463268188	1197420543.12	0	28083987.97	0	0	1277462124	1038695510.54	0	0
AT5G35100.1	9	22	831122924.61	910081506.97	683096274.25	936426302.37	129090593.57	48331982.14	758538071.32	655958328.04	330799387	800481062.01	0	0
AT5G35160.1	7	11	16466132.9	0	237852716	330004775.09	293333685.21	190974143.06	0	0	104526800	205162947.5	207031609.07	165370806.57
AT5G35170.1	22	67	3483891168.57	1731138987.212	3268200723.44	3517960812.976	225207026.988	168026634.33	3204938010.79	1434074167.49	1927319035.44	2710244414.338	0	0
AT5G35180.1	3	3	137797303.8	63064911.6	461484181	528680714.7	56920042.188	58288583.065	0	0	449473376	72145743.9	0	0
AT5G35220.1	5	9	266818138.46	396587951.42	193407660	252222934.84	10994254.74	0	219601032.18	288400846.42	23870676	27878094.96	0	0
AT5G35360.1	24	79	7835459704.73	2528211054.222	6271896439	4963857173.456	352996846.53	281465838.34	7651710157.44	1810251333.28	5389562263	4098683117.996	0	0
AT5G35430.1	1	1	2945059.748	4062364.591	24002980	37534689.88	5264394.511	0	0	0	0	37534689.88	0	0
AT5G35460.1	1	1	8992161.127	5487200.328	22253298	29272001.96	0	0	0	0	22253298	0	0	0
AT5G35530.1	4	7	0	0	559887200	561173267.88	106186099.16	158862376.28	0	0	559887200	474760602.15	0	0
AT5G35590.1	4	5	0	0	501395168	374694753.37	0	0	0	0	418806952	170851617.67	0	0
AT5G35620.1	4	6	26025022.054	6952481.723	454329152	379816347	31996451.56	25322813.049	0	0	173204256	379816347	0	0
AT5G35630.1	22	126	37228808827.27	6297182773.14	53574955998.5	45653385354.54	1258485309.43	1088300964.109	37228808827.27	5908660766.5	51562458582.5	37030748990.93	819122126.54	732200200.4
AT5G35700.1	1	1	0	0	30876060	20008509.25	0	0	0	0	0	20008509.25	0	0
AT5G35735.1	1	1	0	0	0	0	12880847.46	17586071.41	0	0	0	0	12880847.46	0
AT5G35790.1	15	32	1765255959.66	553439633.12	928360634	894886030.25	107340664.84	307696294.37	1370864792.84	461146532.9	385785320	509271142.69	0	0
AT5G35970.1	18	37	1087778783.362	209573342.613	1019222195	694052737.52	205470001.886	14167954.5	888116053.732	146654496.273	789768667	451137709.35	0	0
AT5G36120.1	1	3	50525931.77	0	0	0	24161724.11	0	50525931.77	0	0	0	0	0
AT5G36160.1	2	4	0	0	146403432	179962288.22	43612531.69	0	0	0	146403432	179962288.22	0	0
AT5G36170.1	8	13	308371577.855	25714931.28	383387062	285070178.13	1853807523.86	2228533051.03	308371577.855	0	157576904	139321715.67	0	0
AT5G36210.1	8	11	480681409.559	108267928.58	1211486972	1457801559.58	230505560.69	259121416.32	20198808.73	0	427413888	1101562721.97	121757893.9	0
AT5G36220.1	1	1	0	0	0	18319484.09	0	0	0	0	0	18319484.09	0	0
AT5G36230.1	4	5	5254978.012	2688291.046	149995850	142163444.41	30335687.84	26624759.23	0	0	137975975	0	12702626.27	13551744.95
AT5G36790.1	17	69	22193427648.08	14397413946.722	24174787888.5	27556492805.59	545118808.87	563584529.32	7751925409.08	1314108318.77	9392301504.5	27556492805.59	126594779.35	0
AT5G36880.1	18	41	1304912949.26	281619546.491	1470417942.5	1624021571.64	971709571.843	700398751.26	1024141270.09	195445827.55	940648818	1273334195.16	0	0
AT5G36890.1	1	1	31390042.67	0	50813360	61836363.56	0	0	0	0	0	61836363.56	0	0
AT5G37360.1	10	35	3875204435.9	5422836358.45	1650599326	2006916159.703	184873445.218	232554519.43	3336390385.5	5422836358.45	1435261987	1766818240.23	0	11219429.96
AT5G37400.1	1	1	0	0	0	0	67365473.25	51834281.89	0	0	0	0	0	51834281.89
AT5G37475.1	4	6	0	0	169854388	182468142.78	36525794.87	113196614.34	0	0	169854388	182468142.78	0	0
AT5G37510.1	59	192	364175284.235	421825115.282	6938127542	9279739036.123	68327686582.66	64687612112.46	0	0	2294617405.5	6902851469.55	67323523449.36	62143753029.9
AT5G37530.1	1	1	0	9663345.756	0	12102193.75	33587964.53	0	0	0	0	0	33587964.53	0
AT5G37590.1	4	4	53981579.92	55719459.2	27867805	57464195.18	121147121.26	173225569.57	0	0	0	0	20810310.04	139679209.47
AT5G37600.1	1	1	0	0	132140064	205229905	10976629.15	0	0	0	0	205229905	0	0
AT5G37720.1	1	1	0	0	18065408	26453762.67	0	13174440.96	0	0	0	26453762.67	0	0
AT5G37830.1	16	24	55141152.677	47491643.8	917793494	771233928.573	50217640.057	74617590.873	0	0	832438420	563935584.75	0	0
AT5G37850.1	4	6	36702200.83	11917255.484	266596644	299970504.8	39412585.06	7731733.508	7442604.273	0	155424820	186812166.3	0	0
AT5G38060.1	2	4	56948694.08	8218482.472	40489848	45909602.85	19914280.55	64234282.06	23087003.63	8218482.472	0	45909602.85	0	0
AT5G38410.1	4	34	65545227434.3	7055849370.58	46089270437	40146162836.68	1426022190.2	1677042726.1	65545227434.3	6987140842.8	45835471785	40087099490	1003843958.4	801437741.2
AT5G38430.1	2	21	24009412749	2310063439.9	12793582368	14132966483	145677198.3	141800019.7	24009412749	2310063439.9	12793582368	14132966483	145677198.3	141800019.7
AT5G38470.1	4	11	6937265.727	5915620.564	538783320	582779366.54	93851340.23	70373081.13	0	0	538783320	582779366.54	48044049.11	0
AT5G38480.1	8	22	57119394.094	38610955.768	3467091420	3083526344.5	546739981.61	490951012.8	0	13700663.01	2867236060	2543118172.3	334659305.81	70248104.26
AT5G38510.1	2	2	16215728.905	22057682.532	56885170	22485010.06	8105548.278	19791951.54	16215728.905	0	0	0	0	0
AT5G38520.1	6	11	882345121.54	665210411.313	659090384	814396992.46	52915195.46	46500846.18	387173474.35	612689363.56	286776664	348584416.9	0	0
AT5G38530.1	5	8	140713617.44	156072353.3	272249720	376502200.63	63131746.26	74922008.2	32698700.32	75620240.98	79352832	334497886.55	0	0
AT5G38660.1	18	50	6316886648.57	6572590039.38	2738664400	2878589800.05	367531312.009	296264420.07	4283220343.22	5153684642.84	2404480732	2313202469.4	121538705.8	118146406.4
AT5G38830.1	3	5	43047594.25	58970703.93	109688058	81473956.64	47366693.38	40269282.73	0	0	77598292	81473956.64	0	0
AT5G38980.1	2	3	0	0	48961424	51292122.97	203950724.63	97234751.15	0	0	0	0	203950724.63	0
AT5G39040.1	1	1	0	0	26968714	0	0	0	0	0	26968714	0	0	0
AT5G39050.1	3	4	0	0	49611053	43864004.49	0	0	0	0	49611053	30886695.72	0	0
AT5G39340.1	1	1	0	0	23179740	25018294.42	0	0	0	0	23179740	0	0	0
AT5G39410.1	15	41	352185463.613	178861106.441	614232949	1400149248.95	1406515593.49	1179473408.84	71252396.88	153157615.36	384926750	1048455614.65	1102294942.92	744488124.44
AT5G39510.1	3	9	0	0	250480528	154019912.45	85987239.77	109282038.59	0	0	250480528	154019912.45	51576711.4	77165073.98
AT5G39590.1	4	6	5134360.551	11883916.16	240740812	176646740.789	587954656.3	1090663760.06	0	0	140014228	0	587954656.3	1073701571
AT5G39600.1	3	3	12507995.93	16821366.89	0	9635498.647	239844963	221161157.25	0	0	0	0	124794880.7	92495986.2
AT5G39730.1	6	10	0	6579051.13	996822492	922748965.07	887238425.616	667472224.861	0	0	996822492	722318545.97	0	0
AT5G39740.1	2	3	0	0	255038416	273036793.95	0	38389951.22	0	0	255038416	0	0	38389951.22
AT5G39790.1	1	2	17439382.93	13271082.5	0	0	0	0	17439382.93	13271082.5	0	0	0	0
AT5G39800.1	2	9	31083643.44	20026293.95	51607392	0	170830943.72	180221221.32	0	0	0	0	92832158.51	180221221.32
AT5G39830.1	9	24	1045408259.99	845353438.94	658379088	1016338742.49	406361465.8	340810647.6	882448237.86	845353438.94	407395840	581272301.58	0	0
AT5G39850.1	2	3	0	5709754.481	143598576	75817761.42	53238484.55	130860685.4	0	0	143598576	75817761.42	0	0
AT5G39950.1	3	3	0	27929062.442	344975760	298222059.2	27731435.945	23994084.43	0	0	344975760	0	0	0
AT5G40170.1	1	1	0	0	16063361	15163837.45	15354020.77	23393823.01	0	0	16063361	0	0	0
AT5G40370.1	7	12	30519980.664	39479862.699	1541787428	1650816171.78	272824477.15	290765329.96	0	0	1541787428	1650816171.78	148077515.21	0
AT5G40390.1	4	8	0	0	214925410	163749182.17	0	0	0	0	214925410	136385866.94	0	0
AT5G40450.1	65	109	606361964.37	273667762.548	4779111596	3226847384.13	296176954.692	342929218.404	30996752.6	0	3992764812	2154404937.08	25715531.15	13961284.72
AT5G40480.1	16	23	8257476.744	44511733.606	107679175	141507021.189	788045883.65	886609632.91	0	6349354.256	29544422	14906846.98	539033890.7	641923971.92
AT5G40580.1	3	4	0	0	732738252	715919500.63	82831496.59	68074363.36	0	0	732738252	270521270	0	0
AT5G40610.1	11	18	49274787.31	0	358206814	211855534.89	1206064250.43	1266362612.673	0	0	0	0	1119964909.94	1077653928.06
AT5G40650.1	9	16	58886290.2	4263347.9274	77433199.5	62696500.532	1959799950.19	2488829215.28	0	0	0	0	1802791558.99	1466598192.08
AT5G40660.1	1	1	0	0	0	0	29159314.82	44233546.98	0	0	0	0	0	44233546.98
AT5G40670.1	1	1	3844698.74	0	24568456	28057563.11	0	0	0	0	0	28057563.11	0	0
AT5G40760.1	3	5	0	0	152022148	125869250.47	0	13776820.31	0	0	152022148	104105031.24	0	0
AT5G40770.1	11	43	67036311.977	84330042.354	992236889.71875	1034175714.659	24142163526.45	29418170768.1	41804639.58	32609089.16	591692341.5	890673555.5	24142163526.45	29394933691.7
AT5G40780.1	1	1	0	0	35379784	0	0	84806396.54	0	0	35379784	0	0	0
AT5G40810.1	7	35	7125559.985	17952122.25	812173139	1154350204.93	9293628546.3	9536931291.07	0	17952122.25	789617485	1154350204.93	9293628546.3	9448277819.5
AT5G40870.1	2	3	0	0	19757524	25762794.8	7911127.712	0	0	0	19757524	25762794.8	0	0
AT5G40890.1	2	5	0	0	20791996	0	54387940.62	116716408.42	0	0	0	0	54387940.62	116716408.42
AT5G40930.1	10	20	27383410.9	0	160714788	74860595.42	968221614.633	1209986099.55	0	0	28770900	31256050.8	856151167.533	1164569918.51
AT5G40950.1	4	13	7751371873.7	9901600692.8	4415407008.875	3934109242	410778973.6	254114768.95	7751371873.7	247222369.4	3524997640	1412446175	309979418.4	82651453.18
AT5G41010.1	1	1	0	0	0	0	24343172.43	42779095.86	0	0	0	0	24343172.43	0
AT5G41210.1	18	39	118675407.87	184757836.248	1127090791.25	1154740575.257	3676895748.75	2208764220.78	49194213.92	0	599498936	80562021.63	3163252532.41	1331978673.9
AT5G41480.1	4	6	5581024.28	48593975.53	0	0	224588443.09	158191130.595	5581024.28	0	0	0	193109132.75	70492685.36
AT5G41520.1	6	9	25354401.78	24463481.715	1155183440	1150224444.05	82628963.59	131437003.01	0	0	804684064	971191590.35	30251035.58	0
AT5G41600.1	1	1	0	0	0	16104274.81	0	0	0	0	0	16104274.81	0	0
AT5G41670.1	11	29	1691414019.93	1107040515.98	1316066737.5	1454119019.048	79627180.76	125094804.69	1629353856.51	861292848.15	760698039.5	798724169.828	61483487.04	0
AT5G41685.1	5	10	38169096.79	25597514.77	58114108	99926636.42	1057947364.89	947183084.4	0	0	0	0	965444297.17	811915076
AT5G41700.1	2	2	0	0	515585136	619499684.6	33670967.54	31136083.74	0	0	515585136	0	0	0
AT5G41761.1	1	1	0	0	0	0	33299630.91	39100156.8	0	0	0	0	33299630.91	0
AT5G41790.1	30	53	19750548.088	8308172.706	1164785648	1753548152.129	860971576.467	1135758382.2	0	0	576971994	1232460051.909	622431568.948	484865038.05
AT5G41850.1	1	1	0	7415828.51	0	4568986.827	9404905.292	0	0	7415828.51	0	0	0	0
AT5G41950.1	3	4	55768732.29	0	107628792	112636833.36	22413369.05	22979082.04	0	0	35144728	90004605.65	22413369.05	0
AT5G41960.1	3	4	94128612.17	226635986.23	21820832	0	0	0	83602816.75	67812107.83	0	0	0	0
AT5G41970.1	14	27	104686613.8	64212487.046	757649269	667484905.257	831184788.21	717466495.5	12540794.77	0	453102872	476984128.04	577884361.28	383080091.48
AT5G42000.1	1	1	0	2963258.722	0	0	6379099.974	18377467.26	0	0	0	0	0	18377467.26
AT5G42020.1	4	10	0	0	513929756	166070875.66	277447252.636	178149587.89	0	0	418515276	0	272868462.67	153492244.3
AT5G42030.1	1	1	58979008.66	92286805.48	807075072	496385568.2	56055228.69	74249893.69	0	92286805.48	0	0	0	0
AT5G42070.1	3	10	408436830.89	263706795.32	183820692	183577943.09	20153000.23	10932905.57	206872131.59	263706795.32	183820692	183577943.09	0	0
AT5G42080.1	25	47	57615637.195	21258560.4447	1601996761	1221064679.458	1281740781.69	1595835272.726	0	9855406.245	1210468240	756653856.01	925137717.97	456300838.89
AT5G42090.1	2	2	643292833	94289516.12	561683834	415302390.38	37798665.71	9761998.759	0	0	534000288	24832659.18	0	0
AT5G42100.1	3	4	52256393.46	122599951.41	56095013.5	48306395.38	21283739.07	0	24669695.04	65552948.12	0	48306395.38	0	0
AT5G42130.1	6	9	282953411.86	66141420.107	204998045	237588750.49	407178421.7	296362248.368	106039012.7	13004265.48	65649264	201153161.88	0	0
AT5G42150.1	18	28	210593509.22	56110967.682	339601102.5	382050864.873	2949607513.03	3190670875.126	0	0	74273072	62171061	2143761105.608	2566580578.13
AT5G42190.1	2	6	0	0	125463965	121521681.71	0	0	0	0	125463965	121521681.71	0	0
AT5G42240.1	3	4	7173048.418	8073822.907	229295952	329929159.64	12368950.96	20432132.366	0	0	189984200	183020629.34	0	0
AT5G42270.1	12	79	29931598863.76	12636325061	65182903551.5	59811810539.2	502976912.929	489907782.57	29931598863.76	12636325061	3646332159.5	3774242798.12	204957222.07	288348354.51
AT5G42300.1	1	1	0	0	0	85116100.74	57971073.33	70765554.31	0	0	0	0	57971073.33	0
AT5G42390.1	8	16	517704557.22	89672163.385	292199070	376554413.146	37074805.912	47369624.19	517704557.22	32108870	131046712	253681282.72	0	0
AT5G42480.1	11	16	426763384.81	217326740.015	234105931	339108669.269	243574772.086	288771051.2	281505375.89	103048942.92	94907014	0	0	0
AT5G42570.1	6	11	41183726.09	254234783.878	410005078	677460770.25	140375658.967	127883212.25	0	0	410005078	400848856.33	48439431.17	35559311.61
AT5G42650.1	46	208	51677525132.447	78178257618.37	14187543118	17786164505.62	2625801501.082	2800586418.83	51516143364.98	75589568467.17	11946592482	14175848595.72	1842331780.57	2045595629.49
AT5G42720.1	1	1	0	8075945.413	69636664	90201153.53	0	0	0	0	69636664	0	0	0
AT5G42740.1	11	16	52264496.646	70320684.755	1376302208	1553981454	215850170.703	449170974.766	0	15059401.49	1026167980	765103236.61	50389989.13	70947078.58
AT5G42765.1	8	22	1621092472.86	1948087088.54	772404935	1215293944.31	127981439.66	113541811.59	1092712379.16	1643555859.04	582270403	160612873.2	76152938.19	102582920
AT5G42770.1	1	2	0	0	29573014	21034216.43	0	40449562.05	0	0	29573014	21034216.43	0	0
AT5G42790.1	4	9	0	0	360574556	363142046.39	74742463.14	80730089.35	0	0	360574556	363142046.39	0	0
AT5G42850.1	4	8	7136185.962	25491408.12	343687784	445823695.03	3242727.852	39425801.68	0	0	213889464	445823695.03	0	0
AT5G42890.1	6	9	9817905.635	11420541.44	193358612	143101674.3	1100659425.3	1081502344.41	0	0	114696856	101531212	887303416.2	695336841.21
AT5G42950.1	1	1	0	0	19318024	0	26679352.04	44195592.39	0	0	19318024	0	0	0
AT5G42960.1	9	17	652424293.81	273963328.81	592362576	402306539.539	173539856.852	127881528.73	196137969.48	237413802.09	464710432	269022982.11	165392373.09	41958751.4
AT5G42970.1	3	5	65445864.91	11550939.26	169999464	117703487.98	30084779.75	53892234.98	0	0	99571240	94337804.58	0	53892234.98
AT5G42980.1	10	28	185696186.22	75572673.34	6847290837	5558982520.3	433931843.46	587722636.06	69297232.45	28431594.12	6326722564	4689571823	210097851.66	63365069.65
AT5G43010.1	1	2	0	0	21922444	16092225.16	0	0	0	0	21922444	16092225.16	0	0
AT5G43060.1	2	2	0	0	31643518	13101276.39	38449337.72	48331367.98	0	0	31643518	0	38449337.72	0
AT5G43090.1	1	2	80983983.14	6381245.151	107985928	172526769	16831395.05	0	0	0	107985928	172526769	0	0
AT5G43140.1	2	3	0	14377110.84	52187040	53383202.5	397554597.2	370601805.43	0	0	0	0	397554597.2	358441514.7
AT5G43280.1	4	8	8784855.016	12753583.06	59611704	52120552.17	298148540.35	272168021.03	0	12753583.06	0	0	298148540.35	60558358.87
AT5G43330.1	1	3	0	0	64055132	67762714.41	305167023.1	218190143.6	0	0	64055132	67762714.41	0	0
AT5G43430.1	16	30	31433224.098	4824461.607	286831419.5	449272683.976	5202799287.5	4078936723.973	0	0	0	8171735.246	5100271387.5	3541332878.473
AT5G43460.1	2	5	0	0	104152472	45753059.41	93864967.59	63698733.52	0	0	104152472	45753059.41	93864967.59	30736648.44
AT5G43470.1	2	2	0	0	62454018	70724535.95	37621418.27	61038197.18	0	0	0	70724535.95	0	0
AT5G43500.1	1	1	0	0	0	0	38418068.21	34767418.11	0	0	0	0	38418068.21	0
AT5G43600.1	6	9	0	0	343098263	440563341.95	43762733.429	32996318.11	0	0	287105615	292382135.54	0	0
AT5G43745.1	4	6	93468944.8	29092087.627	50179491.5	86748579.087	14076935.04	20186711.59	74560421.24	22482262.71	24599518	0	0	0
AT5G43750.1	4	16	546147088.94	1041769928.5	339620096.5	460055135.66	151257451.7	0	253673849.74	1041769928.5	129640912	460055135.66	0	0
AT5G43780.1	5	10	249875103.127	94501559.726	600109954	687530776.66	98506694.56	49556470.44	165147162.02	65028355.89	540025866	511866014.09	0	0
AT5G43830.1	6	9	33406889.188	9248909.47	685829998	452452672.487	133032708.81	154411141.88	0	0	660973232	286067992.787	29004524.73	33332034.16
AT5G43850.1	2	3	72990117.52	43410902.36	37703160	36629922.61	0	0	0	0	37703160	15550112.28	0	0
AT5G43860.1	1	1	0	0	8292316.5	25466844.56	0	0	0	0	0	25466844.56	0	0
AT5G43940.1	13	32	250486868.155	295317131.289	7465145049	7511947194.003	746164859.565	609003826.77	72566184.01	68296748.219	5527835906	5451927779.92	364190979.39	294298980
AT5G43960.1	7	15	27694425.385	46029045.365	517695014	340681758.31	149187440.2	332902355.14	0	0	244742078	340681758.31	77140956.18	129511811.12
AT5G43970.1	7	14	6811732.98	75742586.527	503957301	597647077.7	6813974770.5	8290837906.9	0	0	320487760	451356801.9	4481880496.6	8290837906.9
AT5G44000.1	2	3	47234105.41	66079847.35	22863340	29549325.33	0	0	47234105.41	66079847.35	0	0	0	0
AT5G44020.1	30	236	685285829.428	900186794.687	1417154077.4	1272668965.689	279020474285.33	253046116834.26	377607007.532	589642255.28	880254696	549525591.79	270247572959.63	252888700507.26
AT5G44070.1	10	19	22075209.541	17007579.068	899122850	1353527704.9	370075350.26	547560844.31	0	7667898.858	824713826	927991242.6	150013464.37	212757415.8
AT5G44090.1	2	2	34692352.34	85799500.23	173799756	132308303.568	8993417.533	0	0	0	155045216	9390348.468	0	0
AT5G44130.1	4	7	347352725.2	144394038.3	1763965512	1541732757.71	190911090.1	239605553.533	0	0	1687314688	1541732757.71	93212557.11	0
AT5G44180.1	3	3	12885939.49	8158520.007	0	10863538.58	83531852.642	96884214.59	0	0	0	0	32933206.352	72720085.97
AT5G44320.1	3	5	0	60609122.26	275146326	213686622.01	15806778.073	8242356.252	0	0	179003686	213686622.01	0	0
AT5G44340.1	3	5	0	0	114002408	353606023.01	86925037.14	125619642.93	0	0	21862984	18271227.51	86925037.14	27334319.87
AT5G44400.1	7	9	18684338.12	80569061.685	522784648	432215388.5	440421452.9	724763843.3	0	22408054.579	396763688	269220869.94	0	0
AT5G44520.1	2	2	23963174.03	10217932.34	252033492	257754027.54	10573776.39	50859892.11	23963174.03	0	0	0	0	0
AT5G44650.1	20	62	2562351355.527	3321504527.9	1073860862	1020347285.256	265978491.547	188686339.452	2500315368.55	2701709648.98	859218016	835977143.536	0	0
AT5G44710.1	4	7	0	19196485.8	9516587	5820976.278	604001198.57	492076903.2	0	0	0	0	310570752.97	492076903.2
AT5G44720.1	7	12	82082469.696	56671494.201	498656415	657993774.79	15728320.7	36743100.75	0	0	325015631	657993774.79	0	0
AT5G44730.1	15	29	1559028809.93	734962183.365	1342348078.5	1454363122.818	4750398316.39	4315973355.42	0	0	1218970556	1234034854.08	3223427358.17	3612794620.03
AT5G44785.1	1	1	0	0	0	0	30260418.73	27628677.67	0	0	0	0	30260418.73	0
AT5G45040.1	1	1	35984157.35	19992900.88	0	7541573.927	0	0	0	19992900.88	0	0	0	0
AT5G45160.1	2	2	0	0	10922988	178353903.2	295145382.3	295617497.7	0	0	0	178353903.2	0	0
AT5G45170.1	12	28	1961620401.98	782247079.29	1231162180	1130791457.74	127245603.031	257461224.19	1822732963.2	387683725.42	1171767366	365253838.78	0	0
AT5G45280.1	2	3	16532656.84	23029087.08	177856596	195794915	13563800.96	0	0	23029087.08	0	195794915	0	0
AT5G45390.1	9	54	1705466394.08	374670786.248	1308986995.2	2063451613.84	194545852.771	198602813.109	1500634007.45	213384832.248	1079959147.2	2032422811.07	4702736.231	6355005.959
AT5G45420.1	2	4	0	0	37226905	32142532.088	8980318.469	14075206.75	0	0	37226905	32142532.088	0	0
AT5G45500.1	1	1	0	0	15228668	0	0	0	0	0	15228668	0	0	0
AT5G45590.1	3	3	0	0	0	0	258538042.43	200465319.16	0	0	0	0	258538042.43	0
AT5G45620.1	4	5	0	4525474.416	241594418	215734100.37	32304926.7	113011283.63	0	0	89817640	215734100.37	0	0
AT5G45650.1	1	1	0	0	17399104	19946454.04	0	0	0	0	0	19946454.04	0	0
AT5G45680.1	4	18	2160693558.2	2364097968.6	2737143744	3519020470.6	128890119.541	66281593.1	1734304332.6	2364097968.6	2217294976	2499871667.6	0	0
AT5G45750.1	2	4	8559576.988	15273210.89	91076936	55174888.56	3321588.612	0	0	15273210.89	34156488	24604923.71	0	0
AT5G45930.1	4	5	386576042.23	34001263.68	280367556	200487552.7	8050679.42	16011405.23	386576042.23	0	114657440	0	0	0
AT5G45950.1	2	2	38757205.34	96668719.25	151815496	37343652	37308251.56	21798520.14	0	0	151815496	0	0	0
AT5G46020.1	1	3	0	14266696.56	0	0	74325094.02	91971075.56	0	14266696.56	0	0	74325094.02	91971075.56
AT5G46070.1	28	46	259478924.567	305064572.907	876041021.438	858528782.531	4425384413.707	6096796213.87	0	50703782.979	665038098	239560996.65	3116490750.897	4112490206.01
AT5G46110.1	5	43	11036804548.11	3327223796.59	15775380398	10310310977.94	2696022386.3	1407400879.55	11036804548.11	3327223796.59	15775380398	10310310977.94	2520123200.4	1336931339.1
AT5G46160.1	3	4	0	0	8116212.5	9483909.059	552473133.65	458039812.98	0	0	0	0	552473133.65	264961958
AT5G46180.1	12	20	71345705.872	15974329.89	281275201	210906326.89	2182267317.37	1885884755.45	0	0	0	52005146.96	2182267317.37	1396618982.1
AT5G46210.1	2	2	0	6650680.181	29355120	39936698.24	0	102694107.4	0	0	11448586	17962018.68	0	0
AT5G46290.1	8	21	2961914713.02	1288301339.41	1612480088	1616139085.7	46638205.73	39640928.18	2446167072.02	988585654.5	498516136	967778401.4	0	0
AT5G46390.1	10	15	217995450.673	388965621.18	108588948	86557483.76	22235680.933	24427974.12	126956415.01	325434342.38	44253815	0	0	0
AT5G46420.1	1	1	14431000.88	1728418.411	3833511.75	0	20495770.64	0	14431000.88	0	0	0	0	0
AT5G46430.1	2	3	0	0	0	33849378.34	30245384.28	22947979.72	0	0	0	33849378.34	30245384.28	22947979.72
AT5G46570.1	1	1	0	0	9887268	0	5706808.615	0	0	0	9887268	0	0	0
AT5G46580.1	7	10	279412889.395	152739853.571	257060525	182568222.62	216374786.553	152125671.739	233869883.7	33311661.05	146824321	71951210.19	0	0
AT5G46630.1	6	11	145656391.1	21605172.533	433778350	561428331.902	139348949.848	210666405.51	0	0	265643780	150842528.58	85583862.54	32365351.31
AT5G46700.1	1	1	0	4902569.885	97804152	28636579.72	0	0	0	0	97804152	0	0	0
AT5G46750.1	2	5	0	0	39176058	59166164.35	0	0	0	0	39176058	59166164.35	0	0
AT5G46780.1	1	2	0	0	0	0	50077936.36	30641951.7	0	0	0	0	50077936.36	30641951.7
AT5G46790.1	3	4	0	0	228938654	169020199.83	233910217.3	279066369.68	0	0	86660504	169020199.83	0	0
AT5G46800.1	28	107	233518876.65	260383664.469	4649792422.3125	5191422397.021	69537161242.87	67202404355.22	0	14655179.765	3793261922	3800034567.8	63656658068.27	57182187001.9
AT5G46860.1	8	11	23069280.44	9531675.745	642487980	417204141.28	240145938.073	205091778.429	0	0	369954832	149777323.74	61560251.813	68054300.89
AT5G47010.1	2	3	0	0	57376056	83444069.41	10334557.72	61989195.72	0	0	33316440	83444069.41	0	0
AT5G47030.1	9	68	262678939.847	104554920.9	1504119246	2123353067.783	24817133987.28	25165113968.13	146087391.3	83539471.8	597839680	852278572.3	24735773215.7	25113816173.5
AT5G47110.1	8	25	2122548443.731	1572663192.02	536682539	394140642.86	72791316.988	88861730.84	2119493215.87	1291958156.92	473120912	164973843.3	0	0
AT5G47190.1	6	26	2756730831.04	948435644.64	663983375	1223842888.237	193249716.8	50350034.982	2756730831.04	833090135.14	637385208	1191373680.8	30741141.3	0
AT5G47200.1	2	2	13350093.31	29901982.48	109465642	135947723.8	45248380.74	25925060.08	0	0	109465642	0	45248380.74	0
AT5G47210.1	19	44	13070612.6807	25420325.5694	1317871142	1346754666.83	4947137314.69	7186748463.5	12892379.01	0	1104586154	1210069975.47	3531608061.45	6008112282.94
AT5G47320.1	4	7	6569124.89	0	68491835.5	135958628.889	513337579.53	699237792.5	0	0	0	0	513337579.53	590391139.9
AT5G47330.1	2	2	0	24153107.64	86390256	21049958.38	26723287.91	0	0	0	86390256	0	0	0
AT5G47435.1	2	6	0	0	0	19167421.63	393570636.4	253990384.6	0	0	0	0	393570636.4	253990384.6
AT5G47520.1	1	4	0	0	89142320	92713613.25	27389578.1	10504663.97	0	0	89142320	0	27389578.1	0
AT5G47560.1	1	1	0	8443143.897	13349790	0	0	0	0	0	13349790	0	0	0
AT5G47570.1	7	13	0	46722776.849	161416996	235189818.18	12189135617.68	12288094143.39	0	0	0	180589260.79	9844642495.98	6936443076.2
AT5G47630.1	2	4	0	0	45050456	39641298.78	889836381.9	403979868.1	0	0	0	0	889836381.9	108950869.6
AT5G47640.1	1	1	0	0	145077328	103175135	0	0	0	0	145077328	0	0	0
AT5G47650.1	1	2	0	0	29119550	34166334.68	0	26921715.97	0	0	29119550	34166334.68	0	0
AT5G47690.1	3	3	15713917.22	19194541.02	36508684	76310104.95	40050114.03	95946618.5	0	0	36508684	38644966.85	0	0
AT5G47760.1	2	2	0	0	0	17499310.23	7232159.686	0	0	0	0	17499310.23	0	0
AT5G47770.1	4	7	0	0	294550082	81078979.271	78110569.83	136586802.34	0	0	294550082	38801128.07	34618930.62	101925042.6
AT5G47840.1	8	20	699681325.13	181757304.63	657116254	901792163.535	60760186.118	29317289.18	552684475.53	108718442.16	592416452	800325808.94	0	0
AT5G47860.1	9	12	333625794.702	436768540.44	253951691	294968342.59	96837898.7	85328406.16	121691564.46	388426873.07	9413621	73737770.62	0	0
AT5G47870.1	5	11	430502051.48	196873588.08	436743412	339338755.52	319371383.87	205922688.21	381688190.6	133632550.86	309803328	205167924.98	138117924	0
AT5G47880.1	1	1	0	0	72520472	65824852.13	38608346.52	76791839.4	0	0	72520472	0	0	0
AT5G47890.1	10	26	35100956.117	17741971.805	710407831	979723519.25	19419631101.76	17064789207.97	0	0	0	378087532.1	19209472622.86	12135837366.97
AT5G47930.1	2	2	0	0	169925366	300943632.9	477766918.4	168097259.1	0	0	0	0	341594642.8	168097259.1
AT5G48020.1	2	3	5044403.309	0	83656648	67037319.74	130442738.1	372847136.4	0	0	44404464	67037319.74	0	0
AT5G48030.1	7	14	166530565.45	27353833.69	560293825	377369023.9	825852622.41	1003127348.94	0	0	0	0	825852622.41	831088464.54
AT5G48180.1	1	1	0	0	37726176	25658277.55	0	0	0	0	37726176	0	0	0
AT5G48220.1	8	16	602638165.68	88377197.795	471303998	604677394.269	26074191.23	291147603.8	602638165.68	28811454.86	320096264	322905117.17	0	0
AT5G48230.1	6	9	32442451.154	35713367.132	431301762	217371847.68	111486801.76	135772584.48	0	0	349470630	135273386.83	42700559.01	55939902.19
AT5G48300.1	28	100	9184791951.56	2004954455.058	10805741268	14626781956.68	652522265.469	476263480.046	8479461891.76	1166559844.97	7810321132	13039004158.31	344047927.66	0
AT5G48330.1	1	1	0	0	0	0	18489013.21	17701641.18	0	0	0	0	18489013.21	0
AT5G48380.1	2	13	10572042.49	15553984.997	362705392	198642796.9	100701438.7	62027629.66	0	0	362705392	198642796.9	100701438.7	62027629.66
AT5G48440.1	3	4	109277552	34437127.923	48026436	38572674.33	53772918.709	71104322.84	109277552	0	0	0	0	0
AT5G48480.1	2	3	0	14399454.7	169816024	0	17697333.97	5765673.914	0	0	169816024	0	0	0
AT5G48540.1	3	4	0	0	41954292	33015819.742	28456639.11	15603771.18	0	0	31608532	33015819.742	0	15603771.18
AT5G48580.1	2	3	0	0	234694800	228365909.7	10181093.8	4748394.65	0	0	124356456	228365909.7	0	0
AT5G48620.1	2	2	0	0	28434462	27472567.31	23232695.56	22914064.58	0	0	11014230	0	23232695.56	0
AT5G48790.1	10	23	1580250403.23	1703388465.11	989122657	1092417887.747	4189655450.25	5966687631.33	898862253.29	1614989601.77	391821824	480739427.04	49249094.14	41241512.13
AT5G48810.1	7	24	149591130.626	81271463.235	1811363032	2282070580.51	648784181.71	745090727.61	0	18446183.58	1215076340	2230772492.31	608049026.48	684491345.03
AT5G48880.1	9	12	65552447.414	18994052.29	194769568	543423481.13	614139612.45	902826096.82	0	0	38056696	336211227.94	275376284.3	136799167.64
AT5G48960.1	11	23	820228836.62	145197872.89	426839746	669279096.2	44555937.02	21239006.14	718637530.22	42888396.24	215239066	335218144.9	0	0
AT5G48970.1	7	8	23329653.11	41211120.32	7557328.5	21085509.304	593081314.39	697134363.35	0	0	0	0	593081314.39	161227817.5
AT5G49020.1	1	1	0	0	16956860	24945393.13	0	0	0	0	0	24945393.13	0	0
AT5G49030.1	22	35	4545193269.741	4400317623.66	1973019083	1520603820.06	1068368317.419	1171077294.457	524592260.621	15067676.56	448275920	281902284.28	607952798.87	164939564.88
AT5G49190.1	1	2	0	0	0	0	19321956.89	30289172.39	0	0	0	0	0	30289172.39
AT5G49210.1	4	4	0	4177395.404	69009488	39243044.08	183742716.57	222377628.21	0	0	0	0	84371796.08	152822323.4
AT5G49360.1	9	17	66846093.495	61603657.72	636905988	125088424.66	491232986.51	365154654.07	0	15938822.78	521659924	0	356080068.55	228907538.99
AT5G49460.1	1	1	0	0	21525756	10336128.35	0	0	0	0	21525756	0	0	0
AT5G49510.1	1	1	0	0	16131348	22918492.5	0	0	0	0	16131348	0	0	0
AT5G49555.1	20	44	81443262.687	77502257.9417	356908718	355855153.45	5102066895.41	5137631341.44	0	0	94813328	288206680.41	4770647256.01	3715594489.97
AT5G49570.1	2	3	48642328.46	49966813.27	54931480	48514057.76	0	0	0	0	54931480	48514057.76	0	0
AT5G49630.1	1	1	22674645.24	26719064.14	29147598	72344284.49	0	904317.7918	0	0	0	72344284.49	0	0
AT5G49650.1	7	9	5379886.836	0	593243756	633345247.74	57148652.24	0	0	0	490081880	388246733.64	0	0
AT5G49720.1	2	2	0	0	22147510	15687094.77	0	0	0	0	22147510	0	0	0
AT5G49760.1	12	18	0	7152917.984	871809414	485914177.35	196125674.082	259644677.59	0	0	734603304	161932057.96	152522578.43	102033087.69
AT5G49810.1	14	19	16900568.78	41665721.086	1056155466	1336527598.27	879357102.88	193514514.231	0	0	409339196	1269332122.46	0	0
AT5G49840.1	3	5	0	0	0	0	154691615.13	140438933.77	0	0	0	0	154691615.13	115575099.33
AT5G49900.1	1	1	0	15445739.76	37381440	0	0	0	0	0	37381440	0	0	0
AT5G49910.1	13	43	5031047136.99	1202236553.486	4244634120	3748246943.56	339219109.31	222211249.828	4937825331.03	790949536.92	3316305416	2954246707.41	0	0
AT5G49970.1	11	28	151313872.518	123994606.61	573934855	622260554.15	1574196834.77	1387849777.97	84562337.78	0	413870420	348177737.22	1226290010.37	976677211.77
AT5G49980.1	1	1	0	0	23502900	39917396.04	0	98951495.72	0	0	0	39917396.04	0	0
AT5G49990.1	1	1	0	0	51352240	55175577.85	929919763.9	436379914.3	0	0	51352240	0	0	0
AT5G50100.1	3	6	71687934.49	93418893.75	67935840	62317838.46	276799815.8	199217960.61	13107382.79	38843742.46	0	0	0	126054716
AT5G50110.1	1	1	3938605.531	0	0	0	0	0	3938605.531	0	0	0	0	0
AT5G50230.1	1	4	77295796.48	86327657.06	0	429804543.9	217993532.6	310407452.1	0	0	0	429804543.9	217993532.6	310407452.1
AT5G50250.1	7	18	1920986280	730419506	2298888208	2388950576.2	87631980.006	145172328.587	1676516238.9	404348165.71	1072561520	1776345073.1	0	0
AT5G50370.1	16	36	249487166.86	233204356.308	548754281.5	664824765.089	5913534635.06	6223176803.77	0	0	365890560	531710170.09	4709252262.54	4448029982.25
AT5G50460.1	1	1	0	0	78332936	59590050.45	0	0	0	0	0	59590050.45	0	0
AT5G50640.1	2	3	0	0	70532680	65763947.88	305988414.3	171991610.93	0	0	0	65763947.88	0	15792240.93
AT5G50810.1	7	13	234244421.738	151793953.14	111920594	1919011994.42	2878136359.4	1600356859.74	0	0	0	0	1820333088.4	940185240.74
AT5G50850.1	21	108	288183619.425	94225280.293	3576560522	3060455389.59	82468253108.86	76250438945.65	0	25107629.05	2492244396	2267318297.15	76922266006.86	75177087494.65
AT5G50920.1	25	105	12311595511.03	3324048006.16	8953271467.5	9762197672.636	1624026519.28	1465136972.03	11875126114.94	2855973167.63	8206429245.5	8037803489.53	786281643.63	1050557873.03
AT5G50950.1	8	11	102086560.67	136608899.832	773069338	429114272.88	105166000.419	122310192.76	0	0	765754526	160057419.03	0	63798366.82
AT5G50960.1	1	1	0	0	42223340	50701418.53	11836135.48	0	0	0	42223340	0	0	0
AT5G51010.1	8	19	1171411585.82	1640779652.64	358600800	374014645.52	86992636.09	103834422.88	593267978.52	1616600903.14	358600800	349906191.4	0	0
AT5G51040.1	1	1	0	0	0	0	99938732.24	0	0	0	0	0	99938732.24	0
AT5G51050.1	1	6	0	0	0	0	254251944.7	633224106.8	0	0	0	0	254251944.7	633224106.8
AT5G51070.1	9	12	258014830.81	76708543.701	215807009	206873024.92	233329595.77	235004926.5	225702004.44	11545706.62	41380976	46591795.72	0	0
AT5G51080.1	2	3	24908848.56	18691979.51	22695588	0	67116678.34	58021699.24	0	0	0	0	67116678.34	29783402.99
AT5G51100.1	4	5	300040466.65	108529473.18	234757472	132251203.24	21387075.41	9869464.646	189079812.45	62040273.04	0	36766814.92	0	0
AT5G51110.1	2	4	180584069.9	21305558.67	61190716	55179649.16	0	0	180584069.9	21305558.67	0	55179649.16	0	0
AT5G51120.1	3	6	0	0	102253884.5	98853537.5	180316060.1	89072470.03	0	0	102253884.5	98853537.5	0	0
AT5G51200.1	1	1	0	0	0	0	362747486.2	0	0	0	0	0	362747486.2	0
AT5G51220.1	6	10	518668070.23	179756420.248	1431742060	1403586785.94	708174014.56	481599588.33	0	0	0	0	447371780.96	481599588.33
AT5G51430.1	3	3	0	0	17226852	18026032.24	49177648.65	35329874.74	0	0	17226852	0	29163049.22	0
AT5G51540.1	4	4	7304469.629	8806115.99	0	10466163.2	119402838.34	107432018.54	0	0	0	0	119402838.34	0
AT5G51545.1	5	12	720204437.2	1083095103.77	221968199	221449702.116	0	42313647.8	487583656.2	1083095103.77	129068808	120103359.8	0	0
AT5G51570.1	9	15	73150641.71	973458067.308	565395014.5	618483925.93	179507773.68	137246043.678	0	0	357564908	560577506.59	31656045.42	34234832.17
AT5G51590.1	1	1	0	0	0	0	44935109.51	27581732.08	0	0	0	0	0	27581732.08
AT5G51660.1	1	1	0	0	13388817	15194541.88	0	0	0	0	13388817	0	0	0
AT5G51690.1	1	1	29759866.65	9713005.439	208496704	278743625	14917550.16	21362380.2	29759866.65	0	0	0	0	0
AT5G51720.1	3	11	552531233.2	109440197.19	664036464	1276803249.5	0	12523058.84	284259492.9	109440197.19	664036464	1276803249.5	0	0
AT5G51740.1	8	16	17096128.87	0	54277414	60172223.61	1416126332.27	1508052355.95	0	0	44016330	33956372.52	1398736721.47	1346482507.7
AT5G51820.1	28	87	7132563881.864	1083656230.57	7786244196	8927884926.83	228392210.4	376063578.529	5953632128.964	821571968.65	6352887672	6608279567.9	0	0
AT5G51840.1	1	1	0	0	0	0	12830352.81	16024314.18	0	0	0	0	0	16024314.18
AT5G51970.1	8	16	32041763.635	136542831.401	2021782224	1779219745.99	294103419.44	325948843.875	0	131743961.3	1776497776	1465524679.19	74254554.72	164120861.49
AT5G52030.1	1	1	3367073.416	0	0	0	0	0	3367073.416	0	0	0	0	0
AT5G52040.1	1	1	0	2705813.139	46611932	0	0	7577885.425	0	0	46611932	0	0	0
AT5G52100.1	5	7	203165340.5	28460671.09	216048684	280513524.4	102410044.728	128953641.09	180948383.62	0	83401822	0	0	0
AT5G52110.1	3	5	93049326.69	140580241.71	35337135	25237217.31	0	17818051.46	52658261.68	109005173.32	0	0	0	0
AT5G52190.1	1	2	0	0	56985224	62939077.69	9807283.929	15029141.26	0	0	56985224	62939077.69	0	0
AT5G52230.1	1	1	0	8520027.164	19245940	11825159.19	0	15915783.09	0	8520027.164	0	0	0	0
AT5G52240.1	3	8	0	0	209990512	262633080.02	119728982.41	110715152.32	0	0	209990512	223782366.19	73559151.53	110715152.32
AT5G52310.1	44	112	129073569.686	329210879.706	15433362742	12874825568.508	1030222128.25	716388682.63	0	81242472.173	14795897238	10626870933.23	618264328.26	351241456.7
AT5G52370.1	3	3	0	3049456.301	54105478	39621384.6	326090521.03	141289726.47	0	0	0	0	256235385.77	30888959.47
AT5G52410.1	5	8	149518623.427	90758282.645	25025176	64592605.61	154392705.43	120679161.41	143461219.764	84056302.24	0	0	0	0
AT5G52420.1	3	4	0	0	186444641	201514342.12	187825958.85	258803457.57	0	0	142841936	138095853.1	49045249.64	147340830.8
AT5G52440.1	8	19	581751877.501	1150204933.19	579466820	408309730.92	56441931.785	469446575.04	400726611.02	656475522.79	459887744	190084637.53	0	0
AT5G52470.1	4	6	9140380.033	15599719.56	260457780	207730047.73	114937617.04	92344953.42	0	15599719.56	197755592	148224060.3	28482486.74	13441544.48
AT5G52520.1	17	48	1190832676.338	206787127.946	1214322851.5	1036132976.563	605353805.71	776507506.16	948068126.218	129440520.076	853539550.5	751699586.36	240272014.75	434709101.65
AT5G52540.1	4	6	230736544.38	43054798.361	413555438	508549729.03	69493058.15	65072402.14	161376456.38	0	106471984	204293959.83	0	0
AT5G52560.1	2	3	0	32534000.69	106508708	59669990.63	75373252.36	107679926.7	0	0	106508708	0	0	0
AT5G52640.1	6	7	0	0	338475218	0	89649335.22	5153902.449	0	0	338475218	0	0	0
AT5G52650.1	3	3	0	6518478.91	442734024	425654199.5	39320584.448	10238004	0	0	323424000	115721775.4	7481386.658	0
AT5G52780.1	2	4	145774206.88	214001580.8	107627952	47373468.24	12226122.42	0	100076492.4	97442922.5	107627952	0	0	0
AT5G52810.1	1	1	5823648.583	7079781.683	75529184	77461358.03	0	0	0	0	75529184	0	0	0
AT5G52840.1	25	81	200226590.174	181572576.839	2788189252	2892280210.01	35856915642.044	37284475845.9	0	14835720.92	1544285627	1404205710.63	30848491721.524	33571028964.25
AT5G52920.1	16	40	2266541957.929	487487790.216	998287539	834501518.362	193959668.858	469817438.776	2266541957.929	220531149.129	635062102	551245655.239	0	0
AT5G52960.1	3	6	119571825.96	4316981.86	130870982	101611781.38	0	0	88171809.66	0	105063196	50029889.22	0	0
AT5G52970.1	3	11	678494258.7	406932887.91	535050352	375633580.2	0	0	678494258.7	406932887.91	391974544	239403020.9	0	0
AT5G53070.1	6	8	0	0	13263254	5925870.926	1487061687.68	1555614158.02	0	0	0	0	1487061687.68	427340716.4
AT5G53140.1	14	23	38057417.982	16204581.933	912109160	1078668401.86	1513461192.26	1052335907.669	0	0	724658232	679985602.86	748723981.9	868443650.59
AT5G53170.1	11	18	257617590.068	115284530.181	225559316	254090902.02	82515242.94	314355432	198991751.118	20321122.036	75062730	103324457.06	0	0
AT5G53340.1	1	1	0	6956742.813	12805847	45966828.75	28791546.89	6809815.489	0	0	0	0	28791546.89	0
AT5G53350.1	13	26	37186871.483	208803012.01	242193783	218978598.04	2565059329.23	1899043120.2	0	0	100506620	166617213.94	2256324448.82	1484766722.49
AT5G53370.1	2	3	0	18558542.652	136540492	81897177.06	0	44066566.08	0	0	45655116	81897177.06	0	0
AT5G53400.1	3	4	0	0	131990470	160311124.1	0	0	0	0	44243732	160311124.1	0	0
AT5G53460.1	32	42	1915521256.477	336297692.308	624819242.5	433157579.957	416462902.192	451430945.45	1915521256.477	15418853	167486420	0	0	0
AT5G53480.1	17	29	15522367.715	16094616.823	1805715590	1570712610.883	1018086155.1	1190424844.87	0	0	1015127988	1189929240.025	398049041.5	161463627.3
AT5G53490.1	13	52	5042219856.1	3840890704.75	5283186680	6003178299.7	144585010.744	115118311.474	4079977784.3	3496372261.85	4084468440	4209934922.58	27371270.64	0
AT5G53530.1	7	13	84951986.93	102218262.244	338910032	326636125.69	190085373.07	169484612.28	0	0	231229564	171213884.43	0	95938003.66
AT5G53540.1	2	2	36501641.72	201840742.9	21052914	40678021.68	66084445.36	87402268.26	0	0	0	0	66084445.36	0
AT5G53560.1	10	21	20386795.51	48806806.61	1955985952	1556055301.35	626890660.98	594666223.091	0	0	1909761500	1436137089.4	577292725.8	512699661.47
AT5G53580.1	8	20	379409357.404	327318644.64	288658099	215161481.66	132359653.36	122916435.15	350494286.024	200608277.34	219943128	51782655.23	51667593.6	31617769.52
AT5G53650.1	4	13	127711343.83	64800998.165	76183644	61578302.66	5817364064.7	6293495783.3	0	0	0	0	5817364064.7	6293495783.3
AT5G53780.1	1	1	0	0	0	0	41436174.04	16958948.51	0	0	0	0	41436174.04	0
AT5G53850.1	3	7	108281411.915	24301659.31	298877324	365926476.15	33911325.643	38656271.663	100546791.28	0	221950340	338516222.8	0	0
AT5G53860.1	2	3	73111171.4	23502520.85	32696348	43231752.76	17264551.87	0	73111171.4	23502520.85	0	0	0	0
AT5G54060.1	2	2	0	2213495.171	0	73940219.33	0	0	0	0	0	73940219.33	0	0
AT5G54080.1	1	1	0	0	27506984	55014606.65	0	0	0	0	0	55014606.65	0	0
AT5G54100.1	6	8	44599186.719	7930798.171	0	18121989.23	688219621.74	861851175.52	0	0	0	0	580516159.64	387948603.4
AT5G54110.1	1	2	0	0	57490452	29555176.76	39373653.02	42538825.52	0	0	57490452	29555176.76	0	0
AT5G54160.1	3	4	5202548.924	0	205455860	131444758.27	30123002.51	50385369.83	0	0	205455860	111691869.5	0	0
AT5G54180.1	1	1	15466097.81	16035987.48	15593656	14448417.05	74638032.6	0	0	16035987.48	0	0	0	0
AT5G54190.1	3	3	72484696.949	41572806.05	10974447	0	0	0	72484696.949	0	0	0	0	0
AT5G54270.1	10	57	39184236588.224	48228817845.56	24500109712	24018999567.63	4276528870.92	4466449816.61	39106077823.89	48187035043.52	24392082928	22496885020	4205316926.3	4088810702
AT5G54430.1	5	8	0	0	801553576	671967105.3	240303411.73	22654171.16	0	0	615468040	497529983.2	0	0
AT5G54440.1	1	1	0	9577325.053	17567740	8613532.625	0	43617994.87	0	0	17567740	0	0	0
AT5G54500.1	8	23	46037151.368	53344110.938	2130394658	1894604397.46	598788878.74	604001699.07	0	20798437.32	2079018190	1532463656.16	302097721.56	422751309.75
AT5G54580.1	5	6	0	0	50428107	76500103.53	661904257.4	714637743.26	0	0	0	0	463146859.44	464001882.79
AT5G54600.1	9	34	6284384319.27	1588408955.81	3489692232	2768932562.46	301331512.72	346588013.86	5129345148.8	1588408955.81	3361379232	1902760224.2	107185000.43	45263986.52
AT5G54640.1	2	2	1313820.0616	1328779.575	0	854065.7775	64926948.24	0	0	0	0	0	64926948.24	0
AT5G54750.1	4	5	14249941.93	12913321.04	381717680	355118820.41	107083203.08	147468773.65	0	0	381717680	90442580.27	0	0
AT5G54770.1	15	70	5649454966.01	1210788247.19	5858953316	4408751144.65	233803710.5	293666393.83	5649454966.01	900562268.79	5037571364	4270431352.3	0	0
AT5G54800.1	2	3	8655239.77	0	31218572	111222733.02	23019029.48	66387973.81	0	0	31218572	111222733.02	0	0
AT5G54810.1	5	14	914420669.78	324669088.77	408251112	444817588.45	5008082.064	193126997.6	666811950	324669088.77	315345634	335731681.35	0	0
AT5G54900.1	1	1	0	0	52105296	41123640.74	0	0	0	0	52105296	0	0	0
AT5G54940.1	1	2	0	2156393.39	39845780	20550351.57	71452376.01	17144925.01	0	0	0	0	71452376.01	17144925.01
AT5G54960.1	8	15	7715907.869	9384517.921	832610616	1637724798.8	37090552.828	106803227.92	0	0	518196952	1637724798.8	0	95383178.22
AT5G55070.1	22	78	327594623.739	168291226.0603	1526640347.25	1735204026.802	23455707528.72	25815571443.96	0	19282382.95	1172699577.5	1339477882.35	23246045426.32	23457085188.19
AT5G55125.1	4	6	0	0	0	0	302769706.42	277861168.24	0	0	0	0	262748781.85	54086180.55
AT5G55140.1	3	3	0	18913523.184	0	7378747.985	202142981.18	207957100.25	0	0	0	0	66012943.78	185752116.12
AT5G55160.1	2	4	26890075.511	21324202.729	170751704	166126778.78	44241620.033	24479654.88	0	0	128748088	166126778.78	0	24479654.88
AT5G55200.1	4	7	45785812.34	8372166.069	5172826.5	25994555.41	310489549.54	291072170.72	0	0	0	0	310489549.54	165453057.02
AT5G55210.1	1	2	0	0	0	0	25352361.76	24193179.6	0	0	0	0	25352361.76	24193179.6
AT5G55220.1	30	77	7222391111.98	945574350.979	5180360937	3148121956.44	2678892935.532	2021674748.95	6292174376.82	437501619.686	3759642077	2336125297.32	0	0
AT5G55230.1	4	7	0	0	227660710	323018497.5	26786438.71	62775550.15	0	0	210229916	323018497.5	0	0
AT5G55280.1	6	15	677422537.99	125891090.44	490408360	578739181.43	0	28931198.07	677422537.99	60819267.2	242137016	356906471.63	0	0
AT5G55480.1	5	7	11688326.24	2111612.592	491413152	455282674.76	9004690.184	0	0	0	205127972	415055404.22	0	0
AT5G55510.1	1	1	2534543.756	0	0	771433.7366	0	0	2534543.756	0	0	0	0	0
AT5G55610.1	16	39	181785575.85	31335966.657	279056940	498116871.854	11021555289.13	12580141836.88	0	0	41429620	295155283.42	9658249210.43	12516315328.67
AT5G55660.1	3	4	18489461.66	4839834.537	110485188	171487383.4	76010679.37	85742400.233	0	0	24619036	171487383.4	0	81117697.54
AT5G55670.1	1	1	0	0	10064870	8009625.433	0	0	0	0	0	8009625.433	0	0
AT5G55710.1	1	5	180777136.5	235870981.1	181760368	162431991.2	0	0	180777136.5	235870981.1	181760368	0	0	0
AT5G55730.1	4	7	48695916.89	0	729724016	563118476.24	0	0	0	0	627446176	563118476.24	0	0
AT5G55740.1	1	1	7929246.837	0	6957240.5	6923318.924	4821004.748	0	7929246.837	0	0	0	0	0
AT5G55860.1	2	2	0	0	21304398	40206058.3	0	12931724.8	0	0	21304398	11643857.22	0	0
AT5G55940.1	1	1	0	9438774.885	0	28563075.04	48697469.03	24526092.83	0	0	0	28563075.04	0	0
AT5G55990.1	5	6	0	0	52453798	289221734.74	16891931.144	24994343.71	0	0	52453798	256249613.36	0	0
AT5G56010.1	4	6	3689017.922	2505933.74	363604948	297178054.74	0	26634591.58	0	0	315504032	121780259.04	0	0
AT5G56030.1	3	6	9016864.024	10004890.53	275601640	246140133.97	123158927.1	336828155.5	0	10004890.53	275601640	246140133.97	0	336828155.5
AT5G56090.1	4	8	128797474.7	82933727.17	145328733	103723904.59	200620966.18	191245059.64	128797474.7	82933727.17	137825472	92654965.83	105511560.15	162874864.36
AT5G56260.1	5	8	0	2719308.989	409854465	227479773.53	39152078.42	41832385.612	0	0	396098024	123755518.93	0	0
AT5G56350.1	4	6	0	0	345498120	347654656.05	13803629.49	16722512.9	0	0	177032796	347654656.05	0	0
AT5G56360.1	1	1	0	0	29584642	32583307.34	0	0	0	0	0	32583307.34	0	0
AT5G56450.1	1	1	0	0	32024534	0	53945781.74	74879363.38	0	0	0	0	53945781.74	0
AT5G56490.1	1	1	221609525.6	197306882.1	503222976	441263484.2	0	0	0	197306882.1	0	0	0	0
AT5G56500.1	5	10	439703553.58	290696230.9	617062106	952896849.73	96768956.39	115077866.54	428553268.59	225560734.2	26423482	36955460.69	0	0
AT5G56600.1	1	1	0	0	158832608	262081813.1	11315863.99	0	0	0	158832608	0	0	0
AT5G56630.1	3	5	0	0	100511388	115038541.09	9986808.97	0	0	0	51479592	115038541.09	0	0
AT5G56660.1	1	1	19408242.79	47398405.9	29936212	27181736.26	96106217.06	46520945.27	0	0	0	27181736.26	0	0
AT5G56680.1	10	15	21624354.397	54619861.422	1111148554	919427247.38	215591047.737	195532333.22	0	0	934357930	540605737.88	0	11666957.6
AT5G56710.1	2	4	0	0	460117440	380686648.74	188961047.04	230546483.6	0	0	407571968	0	84201726.84	230546483.6
AT5G56730.1	6	9	18783091.721	2754041.951	58766903	21162623.62	302750027.57	256679726.43	0	0	31397080	21162623.62	302750027.57	0
AT5G56940.1	3	4	0	0	0	0	191405570.06	179160809.54	0	0	0	0	31374487.24	179160809.54
AT5G56950.1	2	2	4778541.787	0	106838108	9502918.151	0	0	0	0	106838108	0	0	0
AT5G57020.1	7	9	19574121.55	0	552679222	491159782.58	50786610.68	122482465.55	0	0	462151142	172053833.97	0	0
AT5G57030.1	5	12	499973766.02	336820937.28	232471124	30804565.28	21231606	11475313.88	188756447.62	311236626.39	125019692	0	0	0
AT5G57040.1	4	8	220753673.98	12632941.32	235167596	231135544.52	0	30281180.02	220753673.98	0	103884348	94166051.72	0	0
AT5G57110.1	11	13	19828412.53	30529960.946	526169672	526123483.49	316598309.848	287225083.99	0	0	414558304	239663964.59	67289755.49	67318084.33
AT5G57170.1	1	2	105788303.9	106006706.4	90116648	122829676.3	365626437.4	227890288	0	106006706.4	0	122829676.3	0	0
AT5G57230.1	3	3	0	0	0	0	227089083.95	206078524.34	0	0	0	0	149836739.53	100661209.9
AT5G57290.1	3	11	18337498.445	102883540.689	963058140	801338029	132843705.03	111935689.38	0	8074477.939	963058140	358571940.8	94677592.58	0
AT5G57300.1	4	6	0	7582413.013	26877444.5	62295580.476	499068523.26	343673170.61	0	0	0	0	273344204.36	327551523.3
AT5G57330.1	7	8	63052112.48	13092318.14	437215596	523623982.78	52448490.25	101964852.98	0	0	166671404	382475171.82	0	0
AT5G57345.1	3	5	803676432.3	1957656900.5	469357180	267093030.54	148704052.6	149904193.8	630464032.8	659659165.5	48441632	0	0	0
AT5G57350.1	2	3	0	0	158085724	133446522.37	0	0	0	0	125320964	133446522.37	0	0
AT5G57370.1	2	4	0	0	0	0	142421722.52	185102281	0	0	0	0	142421722.52	185102281
AT5G57460.1	1	1	30974434	11856292.27	78645672	58975798.58	17333505.64	0	0	0	0	58975798.58	0	0
AT5G57490.1	17	42	64466456.126	51671986.006	686345948.5	550005740.668	13848659285.6	13957204792.22	0	0	332336300	153913385.35	12529412831.5	9568881657.72
AT5G57580.1	3	4	0	0	45627245.5	30170156.58	55410043.57	177526778.14	0	0	0	0	55410043.57	147731388.27
AT5G57590.1	1	1	0	0	0	0	29902849.66	42400774.93	0	0	0	0	29902849.66	0
AT5G57610.1	1	1	12907424.91	0	0	24738694.89	0	0	0	0	0	24738694.89	0	0
AT5G57655.1	8	15	92625203.96	32143608.67	1227596488	717098348.8	212824025.83	133895674.65	0	0	1227596488	477401076.13	88639168.31	83989870.17
AT5G57850.1	10	19	967197216.48	429228500.492	871303118	1133940466.91	999063712.2	993938501.4	714594765.38	155229349.75	549568264	978930984.34	0	0
AT5G57870.1	22	35	35884135.874	35164486.257	1871789887	1793195515.63	206743715.159	193949463.3	0	8044161.997	1301099272	1036417073.58	0	32597417.92
AT5G57960.1	1	1	0	0	0	1755509971	0	11625678.4	0	0	0	1755509971	0	0
AT5G58005.1	10	18	54245376.06	0	87456230	253278225.55	1630089394.83	1967766185.33	0	0	33151962	133502797.05	1112531608.51	1617932796.79
AT5G58030.1	1	2	0	0	59473876	44440350.91	65001755.97	31067870.66	0	0	59473876	44440350.91	0	0
AT5G58060.1	5	9	0	29513403.216	273027562	109288330.07	130442662.91	135114821.94	0	0	152812190	100200474.71	69364122.07	97706976.57
AT5G58070.1	14	33	165430465.95	256079564.26	3624638092	3781898180.5	1058819950.39	1684004375.534	0	186263990.89	2461498316	3112125303.2	703264109.52	919758045.79
AT5G58090.1	2	3	7083323.121	21651279.9	150141548	213175574.36	0	0	0	0	150141548	78122155.06	0	0
AT5G58140.1	21	45	635407635.067	1220265527.36	1758365568	3165612270.24	5875452998.3	11318949442.284	0	0	1417036868	513368319.64	1692908490.66	10849760690.944
AT5G58210.1	1	1	0	0	34624292	31322860.16	26758523.78	223639080.8	0	0	0	0	0	223639080.8
AT5G58220.1	1	3	0	0	55299368	24731351.08	14630024.6	18616376.13	0	0	55299368	24731351.08	14630024.6	0
AT5G58230.1	1	1	14750588.94	3129091.081	57282308	69341322.57	0	0	0	0	0	69341322.57	0	0
AT5G58240.1	2	4	0	0	87640428	81855139.12	41951477.38	0	0	0	50471272	45137158.4	41951477.38	0
AT5G58250.1	7	24	2788771671.2	1083815278.1	1229761892	512144600.1	164663872.7	26419058.96	2788771671.2	704612377.8	874539600	320059866.84	0	0
AT5G58260.1	7	21	1078098963.54	1639644279.08	655971108	737435821	111482112.081	127830666.05	851221495.8	1639644279.08	320393868	603344887.7	20701814.99	0
AT5G58270.1	19	41	719615713.537	510492822.679	543398823.5	2150859774.538	2779527918.25	3860736274.66	36417642.56	306129675.3	0	1484400867.15	2326765971.04	3306486329.65
AT5G58290.1	7	10	14427897.859	43384689.24	751656838	819902983.19	24278545.71	15342538.349	0	0	456384776	708502031.79	0	0
AT5G58330.1	19	68	6775447463.05	1666959202.76	5855567836	5993383452.55	509470609.818	430771296.129	6664145471.35	1275986096.93	5790480410	5535537138.99	18341829.57	0
AT5G58390.1	2	5	83454788.59	5498486.928	29368966	144222906.85	10747996.16	0	0	0	29368966	144222906.85	0	0
AT5G58420.1	1	2	31915355.19	0	500597344	481970258.4	0	0	0	0	500597344	481970258.4	0	0
AT5G58450.1	2	2	0	0	50393070	21023076.17	0	22935979.51	0	0	50393070	0	0	0
AT5G58470.1	3	3	0	0	81466422	68878939.44	156874796.61	108952713.8	0	0	0	49396028.08	156874796.61	0
AT5G58490.1	7	14	11040951.95	0	639874836	793793134.28	18433644.73	72758674.69	0	0	439998300	793793134.28	0	0
AT5G58590.1	2	2	0	0	123053620	126831908.23	0	0	0	0	0	126831908.23	0	0
AT5G58670.1	3	4	0	0	73318365	88649446.91	57317440.57	90753667.55	0	0	50969871	21634184.37	0	77835068.07
AT5G58710.1	5	10	0	0	664575340	412936839.12	241866643.92	288609168.329	0	0	595119136	412936839.12	189096770	256129366.54
AT5G58770.1	2	2	30959523.151	0	118732720	106570735.35	18228297.55	14148622.69	0	0	118732720	0	0	0
AT5G58800.1	1	1	0	0	18713306	15367505.83	0	0	0	0	18713306	0	0	0
AT5G58870.1	2	4	0	8923200.123	4716465.5	0	42987595.15	39193785.01	0	7432492.038	4716465.5	0	0	0
AT5G59150.1	3	4	10163539.42	5057673.563	76547914	61537549.87	0	0	0	0	44818700	61537549.87	0	0
AT5G59200.1	2	7	8319832.16	5849692.149	0	7057388.581	101356232.5	79973780.36	0	5849692.149	0	0	101356232.5	79973780.36
AT5G59250.1	6	19	845159430.081	887063434.35	1103807776	1270990769.65	142995827.99	133864539.91	842883120.94	865899298.17	741776304	1195423719.95	102408797	108096155.7
AT5G59290.1	8	13	10815896.71	4631779.938	792731708	647103058.7	40261461.74	0	0	0	792731708	392221200.23	0	0
AT5G59320.1	1	3	0	0	633457344	329335547.7	23644121.51	76238691.67	0	0	633457344	329335547.7	0	76238691.67
AT5G59420.1	4	7	619360.0727	0	244211590	192258660.27	101673103.1	149784691.1	0	0	244211590	176247856.93	0	0
AT5G59470.1	1	2	4097407.687	35819760.67	57650616	119896479	9682940.008	0	0	0	0	119896479	0	0
AT5G59720.1	1	1	0	0	0	0	52810678.25	70741307.57	0	0	0	0	52810678.25	0
AT5G59750.1	7	11	182091174.69	39036128.564	188080157	164028823.57	19959464.837	31202675.499	143570009.93	0	67360378	36641746.8	0	0
AT5G59850.1	8	25	85821897.114	142796772.5498	4474474004	4198987125.03	783608049.74	532365287.127	42138305.315	55070947.53	4302198176	4198987125.03	395820522.14	322959503.72
AT5G59870.1	14	46	107417503.2128	372487828.5	761765344	929705773.92	11867779130.956	16036627450.62	0	143337447.12	312030976	515308174.62	11841842212.566	14686337586.92
AT5G59880.1	3	8	3254138.749	0	769593072	764607924.5	230566099.87	271481889.11	0	0	769593072	764607924.5	212463501.07	271481889.11
AT5G59910.1	2	12	0	0	708938960	699973117.7	3206655046.1	5956162340.2	0	0	708938960	699973117.7	3206655046.1	256457378.2
AT5G59950.1	4	6	0	52676787.852	2163100368	1538997659.82	91911901.33	226619837.76	0	47755592.73	143366608	81090480.82	69348241.32	0
AT5G60030.1	1	2	0	0	18906814	0	86860831.02	93767721.34	0	0	0	0	86860831.02	93767721.34
AT5G60040.1	2	2	74056844.4	362770471.4	0	96829960.638	34267734.879	12486211.06	0	0	0	0	28386822.47	12486211.06
AT5G60160.1	8	14	103831562.396	66072334.594	785199323	878999307.34	45929751.26	89038184.157	0	0	699973035	641169474.74	0	40447621.38
AT5G60360.1	4	12	0	1394786.801	1316492121.2344	795352643.14	353130783.96	553541972.93	0	0	1316302592	651105561.74	322227213	553541972.93
AT5G60460.1	4	6	0	781758.0119	115827682.5	144466186.23	23251473.332	4704899.743	0	0	100583366	55908758.14	9295521.897	0
AT5G60540.1	2	3	0	0	41163224	99588906.97	0	0	0	0	17161970	99588906.97	0	0
AT5G60600.1	25	53	2940990482.99	275119810.649	2114798108	1948501058.01	1137913842.179	1437994844.975	2175088422.97	118716991.41	1382422446	955978783.45	0	0
AT5G60640.1	22	45	162868305.075	14248976.862	3627733733	4219621744.401	740795462.55	540229806.796	0	0	2960148789	2740784649.01	459250390.37	199416501.54
AT5G60670.1	1	2	0	0	62412916	52249708.77	0	0	0	0	62412916	52249708.77	0	0
AT5G60730.1	2	3	0	0	0	0	114544952.29	77264377.74	0	0	0	0	114544952.29	77264377.74
AT5G60790.1	5	7	6615541.341	6280948.316	287509236	310392009.25	34352817.3	83312366.38	0	0	126262596	310392009.25	0	0
AT5G60920.1	1	1	0	0	49945776	41933701.83	0	0	0	0	49945776	0	0	0
AT5G60960.1	13	19	14785015.97	259669005.455	301864098	9827989882.503	1631120967.64	1549514924.65	0	0	0	0	1328721410	839983744.94
AT5G60980.1	8	15	63825927.267	70713257.68	492373712	466749740.47	175163344.158	136698119.61	0	0	412089768	419239354.16	47074399.768	45810000.7
AT5G61030.1	5	7	4023549.254	0	58322506	15176560.28	915228965.59	1179655652.11	0	0	0	0	606965692.19	690137797.91
AT5G61170.1	1	3	5006932.378	10378536.93	254330064	288922216.7	39306066.83	42623209.74	0	0	254330064	288922216.7	0	42623209.74
AT5G61220.1	9	23	10538030.515	0	64369688	22025780.784	5256846536	3803004996.87	0	0	64369688	0	4078669458.5	3441990132.87
AT5G61240.1	5	7	0	0	72513435	35834187.33	238312647.17	226744766.38	0	0	0	35834187.33	121461466.92	151909199.58
AT5G61310.1	1	2	0	0	56194576	84049555.95	304207326.6	531647364.6	0	0	0	0	304207326.6	531647364.6
AT5G61410.1	7	40	7955484999.88	1646755741.816	7300735067.6	7809903138.72	157437630.05	76985653.48	7955484999.88	1233530880.4	7244429715.6	7809903138.72	105619923.92	0
AT5G61500.1	1	2	0	0	36866108	122598546.5	13610594.35	7179276.494	0	0	36866108	122598546.5	0	0
AT5G61510.1	4	7	71440297.06	49974362.21	2009411528	1771664311.91	31871110.95	61420273.798	0	0	288982104	1610867371.01	0	0
AT5G61580.1	3	5	88962259.629	9171995.948	59574144	73041448.43	67672157.66	74994778.36	80392129.91	9171995.948	35698912	36521896.65	0	0
AT5G61640.1	1	1	0	0	0	25586426.3	18622301.84	18064506.65	0	0	0	25586426.3	0	0
AT5G61670.1	2	5	75297554.39	82945257.08	44854516	44646004.48	0	0	64784992.8	82945257.08	44854516	44646004.48	0	0
AT5G61740.1	1	1	0	0	0	0	22112486.33	0	0	0	0	0	22112486.33	0
AT5G61760.1	1	2	0	0	75283696	90791647.53	45203802.5	0	0	0	75283696	0	45203802.5	0
AT5G61780.1	11	15	5063999.221	0	539299073	350394024.47	130839625.4	51523055.56	0	0	481619060	257020052.23	0	0
AT5G61790.1	15	47	97727859.4	84617629.997	5007700636	2588610701.49	2535964287.349	1727896021.9434	8799047.909	0	4003528616	2462015754.66	1804015015.99	743816585.83
AT5G61810.1	17	34	75281803.51	128333762.2	265106315	249867401.85	5658668062.59	6268258775.04	0	0	70676702	67552359.29	4895067403.5	5273410638.39
AT5G61820.1	1	2	0	0	108463936	158673900.7	0	0	0	0	108463936	158673900.7	0	0
AT5G61840.1	1	1	0	38811497.82	0	0	30743019.97	29080034.7	0	0	0	0	0	29080034.7
AT5G61970.1	5	8	3345267.16	0	237273076	232780835.31	517362162.576	257575081.32	0	0	203421536	232780835.31	0	0
AT5G61990.1	1	1	0	0	9713211	6026445.179	15688044.03	15549219.36	0	0	0	0	15688044.03	0
AT5G62050.1	1	1	0	9120028.422	0	13554809.37	41787857.29	50387184.01	0	0	0	0	41787857.29	0
AT5G62140.1	4	8	149676074.342	75871044.432	278584014	228153858.15	4392555.438	16255744.99	141665827.61	67499004.46	165104846	0	0	0
AT5G62200.1	3	8	1249385.892	0	170060241.7813	274054455.2	58503902.839	51434320.64	0	0	169675038	274054455.2	58503902.839	51434320.64
AT5G62270.1	6	11	10770917.71	0	72633161.5	37514369.86	738449814.51	491287491.18	0	0	0	0	290374389.11	468951661.58
AT5G62310.1	1	1	0	0	48245176	41003580.16	129326813.9	0	0	0	0	0	129326813.9	0
AT5G62350.1	3	4	224620881	145043284.64	1033960112	549831785.7	209702005.67	175222942.41	0	0	1033960112	0	43600438.87	0
AT5G62390.1	6	7	15555270.709	6543734.86	148112372	81656134.7	305676081.17	188831924.71	0	0	55829536	0	266116302.27	40128371.9
AT5G62530.1	31	99	44461991.499	26380035.393	1877628182	2067074270.194	26868959692.58	25519143977.384	0	0	1613181570	1219504825.9	23628430000.18	22267707109.4
AT5G62575.1	3	10	0	0	110485456	152843358.7	2294915456.97	1708387071.13	0	0	110485456	131610983.9	2238280920.2	1708387071.13
AT5G62630.1	1	2	15406690.91	3038981.932	58076084	75943851.67	0	25076116.52	0	0	58076084	75943851.67	0	0
AT5G62670.1	10	20	0	0	428039454	445324205.174	418260059.95	330739822.2	0	0	386243436	333765477.734	232105626.99	218842858.02
AT5G62690.1	3	7	0	0	232717154	412819868.53	75724545.6	112239166.32	0	0	201669248	389906757.2	18483644.86	22927943.87
AT5G62720.1	3	5	123284377.51	35896262.26	141743468	91858838.121	5988334.289	0	123284377.51	0	39569288	34398603.12	0	0
AT5G62740.1	2	2	0	3472714.566	101694420	72998559.06	148099238.43	302344820.94	0	0	0	0	45622992.93	238331482.4
AT5G62790.1	17	39	2219926088.76	292598176.288	1978020179	1554435081.37	168785179.081	237431009.55	2199621595.55	148642313.84	1510235491	742697189.76	0	0
AT5G62810.1	5	7	102802089.4	219044770.911	101311378	91282190.53	510812396.23	593655271.32	0	0	24306974	0	423378614.53	544745184.02
AT5G62840.1	2	4	75974906.8	39627308.26	27715714	55952587.49	12864474.74	26791825.85	75974906.8	39627308.26	0	0	0	0
AT5G62890.1	1	2	8149156.56	0	47675268	47150453.65	0	0	0	0	47675268	47150453.65	0	0
AT5G63000.1	3	5	0	0	14129810	0	202642146.29	148703055.17	0	0	0	0	202642146.29	99534123.01
AT5G63030.1	2	3	0	31517601.65	17747276	50873111.27	0	38776361.06	0	31517601.65	0	0	0	0
AT5G63040.1	3	4	94385754.39	33843577.106	49189248	106998249.34	275479812.5	278336088.3	72746138.93	19091082.426	0	0	0	0
AT5G63050.1	3	4	56397790.56	14010193.3285	4980448	14648290.591	9167486.277	0	44569000.31	0	4980448	0	0	0
AT5G63180.1	1	1	0	0	74627352	34334312.56	140220942.2	0	0	0	0	34334312.56	0	0
AT5G63310.1	9	23	4320215329.13	971157193.49	4195525683	4517226671.83	93771709.008	63318610.894	2529517673.23	893792975.93	4039464659	3852123093.17	0	0
AT5G63380.1	2	2	0	0	34577440	16038213.79	34509570.17	40701749.37	0	0	0	0	0	40701749.37
AT5G63400.1	32	110	187324297.23	146037839.798	2218085986.13	2307951288.618	39068558083.46	41343304230.51	0	32932705.85	2098415556.13	2281794031.27	36421085616.96	41079159534.54
AT5G63420.1	23	48	1603418443.352	731185592.4	1102815301.5	1509976720.035	767225843.16	1405633368.335	1230557920.602	545640033.15	386074056	579468512.11	0	0
AT5G63490.1	1	1	0	0	8447669	7776867.937	26879306.65	11875433.23	0	0	0	0	26879306.65	0
AT5G63510.1	4	15	0	6057572.834	47495132	142641589.93	2318298930.3	2416578209	0	0	0	0	2318298930.3	2416578209
AT5G63530.1	1	2	0	0	15422033	28218512.84	11789464.45	0	0	0	15422033	28218512.84	0	0
AT5G63570.1	4	14	2471857721.9	669820034.8	1684246704	1424856636.02	33767499.76	0	2160238821.4	669820034.8	1684246704	1408426706.1	0	0
AT5G63620.1	19	51	145762137.583	156304336.876	401376766	459212368.827	11546479744.86	10990515028.68	0	0	147666568	311768106.43	11291560704.48	8728280456.19
AT5G63680.1	1	2	0	0	55542360	56804396.64	29610399.28	0	0	0	55542360	56804396.64	0	0
AT5G63800.1	9	19	40615244.356	129785389.087	726147214	539008424.44	168328048.19	115886074.326	10382081.13	68728639.957	674794154	459263501.72	0	0
AT5G63810.1	2	3	0	14215192.81	111291808	27897560.35	0	0	0	0	111291808	27897560.35	0	0
AT5G63840.1	16	23	33418030.745	87556679.84	562590439	751887087.109	385702491.84	403225413.217	0	0	311287262	491046052.3	168104868.95	73729188.12
AT5G63860.1	11	17	0	0	1028575040	1297187320.62	75035450.09	114977261.25	0	0	767199362	975770194.93	0	0
AT5G63870.1	1	1	0	0	26453330	21474737.77	0	0	0	0	26453330	0	0	0
AT5G63880.1	2	3	0	6019562.811	57337032	51993676.01	0	0	0	3964811.017	32812422	22093099.6	0	0
AT5G63890.1	9	22	616589638.69	123430385.394	847320200	832246214.98	136608692.966	254207406.852	483179731.73	110898930.38	672108928	522714065.18	0	0
AT5G63910.1	2	3	0	0	45694790	51102323.01	58597034.6	0	0	0	18242346	0	58597034.6	0
AT5G63980.1	10	28	526192148.16	191261909.33	926732470	791736647.86	3547981767.76	6030517035.19	377171081.7	84089377.11	909774004	629305545.72	160898214.67	142433756.82
AT5G64030.1	1	2	0	0	23846020	0	0	0	0	0	23846020	0	0	0
AT5G64040.1	13	78	114324617656.31	132459473554.7	43803898556	37108792965.7	12471751157.51	14657264637.64	114309852636.43	132330568686.2	43790855512	37108792965.7	12161755441.7	12845614333.34
AT5G64050.1	15	26	1686316090.27	428920868.4	1014957317	806547967.37	395145112.034	574439991.95	1237555588.15	194059523.58	396385592	143698756.33	61193406.03	98814290.64
AT5G64110.1	2	3	39890283.72	31329382.49	0	0	14310913.44	59412444.43	39890283.72	20167751.99	0	0	0	0
AT5G64130.1	1	2	0	0	100119112	90305822.18	54237508.18	73153864.14	0	0	0	0	54237508.18	73153864.14
AT5G64140.1	2	3	0	14159929.81	315384128	300272090.7	102910534.12	115290591.36	0	0	315384128	300272090.7	0	22319084.25
AT5G64180.1	1	1	0	0	44053232	37704327.64	17775719.33	0	0	0	0	37704327.64	0	0
AT5G64250.1	5	8	4971405.894	0	338955048	275471641.18	6848922.06	85685011.05	0	0	265979784	238259170.7	0	0
AT5G64260.1	2	3	0	0	61873764	0	112455255.6	0	0	0	61873764	0	112455255.6	0
AT5G64270.1	2	3	21118577.14	43206156.77	46791917	28441835.58	14041170.23	0	0	0	46791917	28441835.58	0	0
AT5G64280.1	2	2	43255112.46	6411657.994	28634898	45805993.9	0	0	43255112.46	0	0	0	0	0
AT5G64290.1	4	24	1516069837.5	524667879.6	906931876	880135103.98	477445114.15	504161762.36	1516069837.5	450764802.9	906931876	880135103.98	477445114.15	504161762.36
AT5G64300.1	3	4	81372577.86	15780451.142	44300351	26791066.416	34697464.46	27938467.63	81372577.86	0	31529652	0	0	0
AT5G64350.1	1	2	0	0	91603712	154894526.1	0	0	0	0	91603712	154894526.1	0	0
AT5G64370.1	3	4	0	9873058.245	104069424	77800710.837	0	0	0	0	77809452	71433357.65	0	0
AT5G64380.1	6	8	213524108.11	112859186.682	314909018	372944792.811	37690409.01	57005553.42	140945564.64	0	88155436	193913031.05	0	0
AT5G64400.1	7	14	82133829.086	47315921.02	153166924	313457084.4	2465775424.01	2269513928.77	0	0	116761176	0	2341724228.51	2220822694.53
AT5G64410.1	1	1	0	0	20754446	0	21354746.76	43803240.7	0	0	20754446	0	0	0
AT5G64430.1	1	1	0	0	54443248	0	0	0	0	0	54443248	0	0	0
AT5G64440.1	4	7	0	0	89813328	58578761.41	50106041.2	29522853.8	0	0	89813328	58578761.41	19596575.21	0
AT5G64460.1	3	6	1707278666	1343979811	1154807194	2186738004.69	11568380.55	69107222.92	0	0	90209050	2147906182.92	11568380.55	0
AT5G64500.1	1	1	0	0	7189120.5	0	0	0	0	0	7189120.5	0	0	0
AT5G64570.1	4	7	221491306.9	295393204.7	419323039	346613457.537	40742476.18	302321366.012	0	0	419323039	338736876.42	0	0
AT5G64580.1	6	8	136119141.1	29214806.169	26339370	60775435.605	0	49306826.29	136119141.1	18325926.059	0	0	0	0
AT5G64670.1	10	16	18800093.135	44173186.191	33996203.5	30689150.405	800918217.23	853880037.26	0	0	0	9568308.138	729112149.3	625360767.2
AT5G64840.1	2	2	33961161.24	0	7754757.5	0	12883246.14	12777042.03	33961161.24	0	0	0	0	0
AT5G64860.1	15	35	1293371130.58	273837991.393	1250605607	1621811621.89	28785667.447	0	1053641736.91	125928583.79	889607056	1206912685.99	0	0
AT5G64940.1	11	28	976193189.5	761566942.03	358118918	203808609.05	207127210.878	280892742.945	696248277.94	761566942.03	233459310	110486479.4	74291722.8	0
AT5G65010.1	4	4	9405035.289	0	265418918	81378705.03	41148068.56	86742317.07	0	0	265418918	0	0	0
AT5G65020.1	7	14	7608975.921	7017873.588	769651136	522914968.89	89774234.84	62802912.61	0	0	706781948	354651089.36	24540264.43	23529826.41
AT5G65220.1	6	35	4395088498.9	1259261632.3	3131789936	2333814096.7	118175974.5	40006466.65	4395088498.9	1128298373.8	3131789936	1600590866.4	49337981.69	23547337.38
AT5G65250.1	5	7	186832836.86	85605805.55	167739138	153122221.71	64509236.908	27752424.55	127775362.16	16338441.09	47718852	45914932.48	0	27752424.55
AT5G65270.1	3	7	0	6992183.277	200572326	145640314.06	0	0	0	5053319.804	200572326	100850487.9	0	0
AT5G65410.1	4	5	2779901152	1149671110.506	632412171.5	795166450.064	276808923.63	282529102.02	0	0	0	0	97803669.62	256755011.47
AT5G65430.1	6	16	8200720.052	19133191.05	2020154940	1720067848.4	350096762.91	177765384.15	0	0	1982050972	1720067848.4	222770201.23	78453033.53
AT5G65460.1	1	1	0	0	11387290	14225427.15	0	0	0	0	11387290	0	0	0
AT5G65470.1	2	2	0	0	0	0	68475418.63	9334174.08	0	0	0	0	68475418.63	0
AT5G65610.1	1	1	0	2447673.806	0	0	67689603.54	190092973.7	0	0	0	0	0	190092973.7
AT5G65620.1	16	36	771132372.667	185718761.78	2502879236	2555491871.2	321461760.528	303581167.97	628210903.96	85093350.86	1274895268	1426941101.72	75537551.76	83114464.58
AT5G65685.1	2	2	42760360.982	14748168.009	12389903	0	27339777.762	12707674.71	42760360.982	0	0	0	0	0
AT5G65720.1	37	92	1103296101.674	1378530307.873	1566690910	1955737022.96	18544728566.54	14806963606.13	0	0	960543576	1275715618.05	17477835413.63	12968875974.89
AT5G65750.1	54	133	503471812.86	843212289.002	1393401544	2177884460.748	23054717825.78	22370347189.693	0	0	461864561.5	1180489690.05	20871845904.53	18067505341.783
AT5G65760.1	6	11	1816569.135	0	331856172	580520698.79	58474617.146	20023127.7	0	0	176826348	580520698.79	0	0
AT5G65770.1	1	1	13618769.46	11539594.69	56576396	67598910.9	0	0	0	0	0	67598910.9	0	0
AT5G65780.1	4	10	337600189.11	67782442.686	148938063	147298077.611	0	27043919.97	337600189.11	43264425.79	137654292	77094442.3	0	0
AT5G65810.1	3	3	0	0	0	0	34602202.31	39483472.54	0	0	0	0	34602202.31	25262056.4
AT5G65840.1	7	16	553886777.26	141572177.78	1344912190	1122225810.102	115103113.24	320069152.61	404498160.48	43472539.64	975423422	781179800.52	0	48064354.33
AT5G65880.1	4	11	33190814.19	0	0	650543.8858	969025827.74	703774304.08	0	0	0	0	969025827.74	661212219.64
AT5G65940.1	2	3	0	0	130799474	38331081.17	69773771.31	60421361.83	0	0	29866666	0	69773771.31	0
AT5G65950.1	1	1	0	0	0	0	0	0	0	0	0	0	0	0
AT5G66030.1	1	1	28423796.78	86345117.79	56153452	58832199.14	55660132.13	109888163.6	0	0	56153452	0	0	0
AT5G66040.1	4	12	85307209.05	33836283.75	850980434	590410210.65	274831870.5	437351541.24	0	33836283.75	823198688	464655085.6	250923973.17	50636205.68
AT5G66060.1	3	6	0	0	52120680	27058470.812	96055693.1	81915399.73	0	0	52120680	7236835.802	41583895.54	45105600.49
AT5G66090.1	10	36	769237138.016	269750302.31	973965018	1041225945.4	11952374955.36	10605556055.179	760386432.77	226595590.06	633064250	794474609.83	0	0
AT5G66110.1	1	1	0	0	0	0	229832022.1	295632330.7	0	0	0	0	0	295632330.7
AT5G66120.1	11	35	1734024631.302	589046512.771	1614504396	1570573875.34	102173802.75	182138354.31	1494924215.79	357548639.71	1477274824	1549484292.58	65769848.61	0
AT5G66140.1	1	1	0	0	50740796	37985771.71	30164558.18	0	0	0	0	37985771.71	0	0
AT5G66190.1	22	122	32147646454.14	28784520559.83	17889995801.75	20703864284.13	864212856.88	2246959429.16	32145823411.91	28583540680.73	17148373160	18916430186.39	553622593.31	405499939.24
AT5G66290.1	1	1	27188394.06	0	139407600	117765511	14341944.61	52000894.95	0	0	0	117765511	0	0
AT5G66420.1	10	18	28714503.114	75832827.49	824237500.5	1288711176.85	115546333.174	122987843.83	0	0	579097040	1099488762.96	54172511.84	84848691.84
AT5G66450.1	1	1	13979890.91	15552047.82	0	5682293.655	0	0	0	15552047.82	0	0	0	0
AT5G66470.1	4	6	146121701.61	18330691.539	94453382	20487375.16	1656908833.54	2632981653.83	146121701.61	10615142.1	0	0	1619770743	2580170439
AT5G66510.1	22	63	288709588.052	696698477.31	1066378113	1269085207.1832	12770170407.38	14043665616.67	0	0	280198000	620284570.49	11888456013.39	13724720471.77
AT5G66530.1	5	15	1600838590.93	487811238.729	1665098692	1989634665.54	36042073.311	42559637.38	1600838590.93	83288331.11	1625273624	1946386674.8	0	0
AT5G66550.1	2	6	79714580.65	3136627.963	96048452	101753304.37	39941169.08	0	79714580.65	0	96048452	61257520.88	0	0
AT5G66570.1	10	137	179043377597.34	250711806381	73546020160	74116476377.47	5701965492.61	6495559720.6	179022694216	238706636172	73520356512	52493492398.99	5209401515.1	4905258519
AT5G66590.1	1	1	0	0	20654836	52056669.6	0	6364493.567	0	0	20654836	0	0	0
AT5G66680.1	15	37	535007101.463	498579898.159	3195868886	2897105705.69	1366068797.52	1508312851.9	0	15968483.269	2782495600	1399875666.1	814285828.65	1096777343.67
AT5G66720.1	5	6	139075854.36	7300312.771	162959152	107501442.17	215201840.77	129341466.48	139075854.36	0	34748996	0	100685899.51	0
AT5G66760.1	38	111	154286486.396	79479162.853	1993899023	2632232183.07	33375808953.68	29842655687.56	0	0	655607768	1188472321.2	30214367782.83	29429942678.25
AT5G66860.1	5	9	4183720.572	0	13983000	23540701.24	496895826.15	570092240.42	0	0	0	0	496895826.15	449428088.42
AT5G67030.1	29	79	4135371661.09	4258050997.86	4686540412	3900412566.67	693675282.988	695932618.09	3473437457.81	3203041271.01	2791399630	2798230944.4	106311240.94	94659800.72
AT5G67150.1	1	2	0	0	30069484	47605001.24	0	0	0	0	30069484	47605001.24	0	0
AT5G67290.1	2	3	18114782.11	5847653.85	29603382	43190026.17	32360956.66	0	18114782.11	5847653.85	0	43190026.17	0	0
AT5G67330.1	2	3	2852843.903	15520718.02	87356334	145007092.82	52330123.913	31938296.41	0	0	0	106874346.1	46712916.59	31938296.41
AT5G67360.1	7	12	25134115.142	32589475.471	840802604	834815984.26	0	0	0	0	623326764	765153784.36	0	0
AT5G67385.1	1	1	0	0	21925194	14487789.12	0	8711249.584	0	0	0	14487789.12	0	0
AT5G67490.1	1	1	0	0	0	7321076.516	204801218.7	267497332.7	0	0	0	0	204801218.7	0
AT5G67500.1	31	124	175483568.4371	190664483.34	4082787143	5076877036.129	72171840408.13	73473625697.247	28140413.5	42750644.97	3658757159	4068768241.01	70532951799.73	68698925793.23
AT5G67510.1	1	1	26641632.74	0	100598304	79719378.29	15241783.69	14304607	0	0	0	79719378.29	0	0
AT5G67590.1	19	44	25939166.959	35874079.201	1165971638.625	1471423295.31	17596182980.65	16349758152.37	0	7371781.449	907092692	1369802259	12804710265.95	13165757620.15
AT5G67610.1	1	2	0	0	0	0	20391285.3	16021822.6	0	0	0	0	20391285.3	16021822.6
AT5G67630.1	11	19	5131783.597	33605386.41	311742696	325559521.257	984403762.71	843389186.01	0	0	30374824	181273948.77	500417823.1	794264413.27
ATCG00020.1	14	270	170358285140.12	295178151148.91	118106974002	111093022117.94	13487589557.59	11557829545.11	170358285140.12	295156349817.7	115169366278	105004354561.94	12677864790.5	11369843405.83
ATCG00120.1	40	620	537116464358.676	830414378004.346	288184924813.25	388138295645.04	60059954204.33	52855878442.19	512713618566.25	789731060747.7	287866862309.5	366724918800.1	54916220515.76	52099521931.99
ATCG00130.2 atpf	21	130	44656396172.082	86534795543.7	30022070929	28044780146.05	5187329540.94	5666751487.1	44552156675.42	86534795543.7	24266494359	20930309546.5	3934420041.04	4973177071.02
ATCG00140.1	4	34	142918092.9378	404094775.548	159166132.8	136088857.8428	40747250.6	0	142918092.9378	404094775.548	148036325.8	85668309.85	40747250.6	0
ATCG00150.1	4	16	2823873995.854	2055715514.204	2601296458	3145818843.98	312077014.59	267759919.09	2791120776.28	2054309516.97	2601296458	3118242047.15	0	0
ATCG00160.1	14	36	6397042752.2	1895687642.26	4045956042	3418825407.65	817784380.37	678703079.09	4826309661.98	1229077393.9	1760896996	2246959312.97	321187425.76	176368783.66
ATCG00170.1	15	21	636717091.557	304462464.367	626994996	1009909025.82	684051552.55	752790667.99	636717091.557	128088579.02	13140254	0	0	0
ATCG00180.2	3	5	71435639.467	23509091.049	16283871.375	6951265.67	0	0	71435639.467	23509091.049	0	0	0	0
ATCG00190.2 RPOB	20	31	760867620.058	620332008.983	157117674.3438	164809505.5639	69326566.539	168081648.85	512767605.878	531072297.11	29389802	0	0	0
ATCG00270.1	13	167	211436521104.06	373000515650.21	140734321673	140057333546.87	15839112148.63	13744126395.45	207497266209.9	372460004139.01	140734321673	139298643892.87	14504015261.02	13620259923.79
ATCG00280.1	29	430	367393223966.319	530183611528.671	240530715662.1	234027163021.91	25001312600.8	23601580907.93	367328629246.94	527425587040.67	214804205882.6	233785071962.41	22184166220.7	22968410742.2
ATCG00330.2 RPS14	2	8	2514707955	532221862.2	819223512	661176400.3	101150135.306	597198230.3	2514707955	363915798.3	819223512	233736117.1	93458542.93	0
ATCG00340.1	22	448	193235201899.562	276744055455.545	90828396030.88	80062827107.2673	11669726351.5414	8777515881.89	193224190167.14	276593928747.245	90708821828.88	80010380599.438	11469501082.081	8308686902.74
ATCG00350.1	25	188	222612312915.552	308364290059.153	147679384914	127142088628.12	12963664391.564	13282716198.351	222529561595.295	286629531626.32	147599372362	111431144829.7	8987655694.464	11643444452.6
ATCG00360.1	2	5	284966512.9	141801575.92	148449636	208776725.6	38731162.27	21288165.36	126195785.2	52078594.28	63449220	208776725.6	0	0
ATCG00380.1	9	37	5691885450.618	1071130566.37	4391208792	3491867087.95	722081275.56	507601231.573	4647259169.9	1031166804.63	3697541248	3090568532.69	320190029.8	249251156.96
ATCG00420.1	8	20	923850613.2	1038500178.69	518588058	701152881.75	28784854.29	10950206	742737779.1	1017890622.33	187479108	523619962.98	0	0
ATCG00430.1	12	32	2205829891.16	2940704482.51	1141836751	1413808848.31	199315009.61	101326016.989	1796429385.62	2232964798.05	799024064	1208279534.75	106335714.62	0
ATCG00470.1	12	62	17871479232.536	41968282958.2	9950390427	9749743318.79	928194666.68	598540806.6	17862971516.6	41968282958.2	6879300200	9453932461.2	363744075.46	360177566.1
ATCG00480.1	61	973	567989029767.058	874636858986.62	281335115835.1	383156629174.59	44649372540.88	40337361276.01	563774992045.44	874636858986.62	277100292522.1	379151015321.7	38850665699.18	29634515144.48
ATCG00490.1	59	1287	1955838348790.18	322973905345.986	1831781347694.6	1620862106343.19	80184303609.638	72686824765.55	1955219195792.73	322030553801.33	1831348926730.6	1537515256938.29	77660073756.94	64084351930.07
ATCG00500.2 ACCD	21	52	2963003465.93	849952549.041	1765660028	1367285328.748	376026123.97	159574209.628	2815546306.33	576327114.907	1338937202	580824754.12	89228731.33	0
ATCG00520.1	7	12	1298142353.51	1471623328.96	448126972	405511644.12	186249927.69	244562300.21	975566434.53	1471623328.96	0	174400630.58	0	0
ATCG00540.1	23	188	115152896501.768	154561269499.03	57078275993	68697136103.27	12626299703.71	10389434183.16	114734418367.54	154299661272.43	50756845312	60082158555.3	4831199768.5	4082206442.9
ATCG00550.1	1	2	351025365.5	518191015.9	244077712	376262109.6	0	0	351025365.5	518191015.9	0	0	0	0
ATCG00560.1	2	12	279567839.23	710903537.5	217808754	283003319.27	40852093.453	25356357.02	279567839.23	710903537.5	217808754	283003319.27	34455158.87	0
ATCG00570.2 PSBF	2	10	7403656423.52	6309177012.4	5070827008	5489382835	3150847187	2713994615	7350017147	6065007530	5070827008	5489382835	3150847187	1076399416
ATCG00580.2 PSBE	4	84	113489535501.9	196363837668	50078597770.75	51046841308.32	6755446654.8	6968456855.57	113489535501.9	196363837668	50078597770.75	51002743922	6755446654.8	6883368173
ATCG00640.1	4	6	29353443.84	53588050.95	9517821.75	7418216.947	322679036.7	93770151.34	0	53588050.95	0	0	322679036.7	75750860.99
ATCG00650.1	6	27	3348724537.5	868576813.87	2163908079.5	1992506882.9	411437355.77	519244014.06	3348724537.5	409601683.44	1641365967.5	1992506882.9	178335387.4	226416856.27
ATCG00660.1	6	11	3213008472.21	2119500064.95	976926099	5192863457.97	100073387.17	64579293.7	2661930346.51	1974246252.89	758012360	178768785.7	0	0
ATCG00670.2 CLPP1	5	19	1257007285.47	67276297.76	1107020770	1144499816.08	212797716.876	237049368.16	1177608420	16693887.94	1020023530	1055307753.82	25497192.61	0
ATCG00680.1	32	737	366655486338.569	602725354485.96	203395287216.3	198348853365.537	31134818090.59	32844583273.82	361261719587.16	598238297919.74	184657752400.3	183845973247.85	27952673383.3	29637943006.6
ATCG00700.1	1	5	387385295	955179192.5	188064000	217308783.2	41056313.3	78268273.69	387385295	955179192.5	188064000	0	41056313.3	78268273.69
ATCG00710.1	3	15	4048736735.139	8582191732.5	2882836388	4439713941.3	4958469744.46	2780851985.11	119449755	8582191732.5	2831997812	4387967602.5	4930397636	2696988162
ATCG00720.1	6	35	18731499167.87	14326892095.097	12141432374	17138102145.2	3159037910.85	4409350192.29	18720090890.7	14324498159.053	6802988896	17123176939.76	3159037910.85	4317356110.8
ATCG00730.1	6	58	10001174677.419	13689734206.839	11612333349.1	12445132677.185	1107181786.54	545063835.28	9996414849.59	13679414970.999	11596576504.6	12445132677.185	721460812.64	388280672.88
ATCG00740.2 RPOA	6	11	538915785.74	410181920.39	245080343	185202989.005	65532121.792	19181014.77	299085839.34	88248845.89	140426652	32719255.9	0	0
ATCG00750.1	7	22	2479709554.121	626883209.468	1421622149	1253296469.172	350514480.047	236127578.98	1362111460.301	619020309.25	759232241	1059565225.7	340170260.05	45317000.45
ATCG00770.1	9	28	4363934744.5	1202465870.3953	3571766712.75	2931532185.526	788945771.27	400161544.448	4146809690.8	791514140.6853	3567116613.25	1450412484.226	356205599.1	205785176.9
ATCG00780.1	14	58	5147468339.65	1488111091.979	4515166181.75	3548344805.829	2214500527.832	1878872556.58	5147468339.65	972342353.89	3868920808	2295164504.53	1847314923.99	1214260163.79
ATCG00790.1	4	19	2085287368.4	1136866189.5	1636999744	1395314815.6	755226451.5	1245087796.91	2085287368.4	631297434.7	967766128	703910831	736613026.82	0
ATCG00800.1	22	84	7114159868.8	1660063244.17	5854679550	5344365511.09	3028004037.95	2441998099.8	6598693649.44	1191260217.1	5002813128	3856037543.9	1830180323.92	1269133959.56
ATCG00810.1	8	19	4134657003.86	1389699266.8	2640724504	2123133386.88	484402252.15	510164368.37	3013156057.86	584667828.4	2548820248	1180668413.13	21461967.26	111472762.9
ATCG00820.1	5	13	2866279783.1	516502913.33	1362230528.5	1340665512	562026646.87	577908043.72	2866279783.1	396961820.33	1171822801.5	955001433.8	0	0
ATCG00830.1	13	66	5888690216.39	2340436450.196	3197637956.5	3193319501.528	963878900.69	879591241.54	4474033981.63	2331721061.15	2986028724.5	3184547831.62	670256770.97	200329465.58
ATCG00840.2 RPL23	6	25	1672595063.62	320264858.58	741707091.75	965614413.12	135649926.58	274416356.29	1633473234.77	253570635.67	650157312	902171231.07	135649926.58	88365606.53
ATCG00860.1	10	10	214549401.35	71203188.25	42562128	39902111.467	115374629.974	182898528	185526088	12720806.94	0	0	0	0
ATCG00890.2 NDHB	2	4	69141305.95	170045478.97	110069247	129329180	2678512.212	0	39295018.46	85872296.75	105657536	129329180	0	0
ATCG00900.1	11	40	7166938977	1550250901	5849362320	4607583900.27	433859483.431	336150321.762	5844569972.2	1333218487.69	5009649488	4055889380.27	81620736.53	0
ATCG01010.2 NDHF	14	32	1586286755.97	1490435922.286	1124297318	1598529231.95	184406694.762	474302069.802	1371533918.94	1199324430.19	548253732	479050470.56	0	0
ATCG01020.1	2	8	810460207	158146274.46	388194336	203945807.35	143806110.34	56220618.705	810460207	158146274.46	0	71119375.35	143806110.34	0
ATCG01050.2	3	5	165831727.62	58878294.55	255203530	203297086.79	10019419.94	0	126065848.77	0	132134216	169594234.67	0	0
ATCG01060.1	9	74	57808922777.3	70840841094.13	31797624038.3125	23234205769.56	6080190642.4	3801775807.4	57414190712.5	70694613302.64	18275946971	12529443404.75	6080190642.4	3801775807.4
ATCG01070.1	1	3	350833705.7	587368302.5	229838832	204442167.4	53437908.96	39383701.1	350833705.7	587368302.5	229838832	0	0	0
ATCG01090.1	8	25	1739585936.7	2275181647.38	1434783074	1667091450.01	160613890.75	212185658.6	1720978969	1579957093.43	780235390	482811451.2	0	111810659.3
ATCG01100.1	4	8	478499646.34	384285278	346329616	445629672.28	44758243.16	0	478499646.34	384285278	144976400	47940050.84	0	0
ATCG01110.1	18	67	4167901532.82	4123670163.734	3108208204.5313	3724212248.378	211617162.481	520345407.874	4167901532.82	4090268867.88	1747943886.6563	2557086577.688	0	0
ATCG01120.1	7	24	3325846434.37	756030246.62	1773535515.5	1365316650.2	338797780.21	184895261.76	3325846434.37	591314618.67	1728131070.5	1126930629.1	270649856.65	58818366.19
ATCG01130.1	29	52	1856965380.99	988321142.804	517072203	584306806.422	348280886.686	438517030.839	1624230623.52	806269507.29	84060942	162414503.45	0	72016604.5
ATMG00060.2  NAD5C	7	17	7030324.47	12013495.61	272511041	478396100.3	2565776303.219	2839747899.391	0	0	93192584	478396100.3	2547100556.179	2223645274.8
ATMG00070.2 sp	20	64	26798757.112	98242699.06	1524254297	2326989908.9777	27254279820.21	31388467936.48	0	0	773124240	1558501853.63	24708905062.01	31047917448.18
ATMG00080.2	2	3	0	0	6973365	0	340097590.97	398815507.1	0	0	0	0	340097590.97	398815507.1
ATMG00090.2	9	13	3427805.599	34403929.5	28455281.375	0	803804292.48	823300442.051	0	0	0	0	432162868.89	712457045.24
ATMG00160.2 sp	10	36	33420721.189	37127393.16	1487542523.5	2082337548.7	20084561593.8	22187856468.4	24134016.72	37127393.16	1453358759.5	2082337548.7	20084561593.8	22025918432
ATMG00210.2	3	4	0	19878540.34	51326030	38798719.86	621781573.69	530138161.96	0	0	0	0	576371693.7	30277145.56
ATMG00220.2 tr	3	12	58396548.429	13381349.105	553830062	577565803.4	4831328770.3	5221915303.3	0	0	553830062	577565803.4	4831328770.3	5221915303.3
ATMG00270.2 tr	3	4	0	5698900.761	256236596	277387167.12	2819742215.5	3654590650.7	0	0	0	0	2819742215.5	2302849598
ATMG00285.2 sp	5	13	0	5778280.595	451666105	523166051.01	3141961083.4	3387303728.7	0	0	279661060	426624553.2	3141961083.4	1907174934.7
ATMG00290.2 tr	9	18	0	0	117056239.5	61987478.59	2490326740.93	3462549775.69	0	0	0	0	2490326740.93	3019645413.09
ATMG00410.2 sp	1	1	0	0	0	32230516.64	0	36691325.12	0	0	0	0	0	36691325.12
ATMG00480.1	14	61	68268708.568	58345868.17	1845036306	2195224643.73	38159440826.74	37244697623.99	0	11096233.98	1351754356	1472554201.4	34095648773.5	37091566083.2
ATMG00510.2 tr	35	132	128503512.499	205931351.91	2048238746.875	3162525908.91	43880565289.37	48311657837.82	11215948.95	14651978.656	1391708664.375	1791903163.18	39669537859.29	47455984386.24
ATMG00516.2	5	9	0	0	352702936	463375061.47	700155141.91	979725089.18	0	0	145752444	463375061.47	259305031.31	950467717.8
ATMG00560.2 tr	5	6	0	0	0	0	592947044.28	523471460.48	0	0	0	0	499473370.04	287609757.8
ATMG00580.2 tr	5	13	32329288.36	12528459.557	385534808	577964286.36	1541330226.19	2254905947.64	0	0	322463696	459345881.3	1455440121.5	2212961320.2
ATMG00640.2 sp	15	40	48430750.813	12116381.26	3333324062	3419723743.92	18969061234.73	14356575102.11	2659505.416	12116381.26	559548726	2755933410.5	16839179868.73	14305675368
ATMG00730.2 sp	2	3	0	0	85854904	318396697.47	146458418.7	163540118.3	0	0	22462040	31183347.07	146458418.7	0
ATMG00830.2 tr	2	2	0	0	13660213	7159761.746	168924637.73	171078255.75	0	0	0	0	0	171078255.75
ATMG00980.2 sp	3	7	414129349.7	95231563.16	95762320	125645953.5	414690916.795	295669280.819	414129349.7	95231563.16	95762320	0	413154013.79	287554400.5
ATMG00990.2 sp	1	2	0	0	0	0	389577998.4	567977092.6	0	0	0	0	389577998.4	567977092.6
ATMG01080.2 sp	1	44	347479007.5	2944559.143	0	212431625	368226846.3	4431725413	347479007.5	0	0	212431625	368226846.3	4431725413
ATMG01190.2 sp	69	485	2207968642.3001	2126096720.22	32334934603.3075	47100856188.8866	613325242099.65	674204128897.64	1217219999.2249	1214020305.64	29103159030.7	39789430112.3136	613086555941.48	655194320234.18
ATMG01270.2 tr	3	5	38909046.09	18455206.35	43585916	19497356.33	381551748.77	360194477.93	0	0	0	0	381551748.77	334579212.8
