Protein	UniquePeptides	TotalPSMs	Cp1	Cp2	Lf1	Lf2	Mt1	Mt2	Cp1_noPF	Cp2_noPF	Lf1_noPF	Lf2_noPF	Mt1_noPF	Mt2_noPF
Chr01-anno1.g58176.t1	5	10	369509032.19	274510068.13	247934112.307	353374080.1	66535494	57592133.8	342319031.4	217391041.2	156033031.35	0	0	0
Chr01-anno1.g58184.t1	1	1	0	0	67330397.95	27934624.13	0	21155399.06	0	0	67330397.95	0	0	0
Chr01-anno1.g58297.t1	1	1	0	0	10981328.2	0	0	265732985.6	0	0	0	0	0	265732985.6
Chr01-anno1.g58419.t1	2	3	0	16940259.85	235735333.42	1195509064.6	0	0	0	0	192414970.4	1195509064.6	0	0
Chr01-anno1.g58427.t1	9	16	85592447.27	219368292.41	271115398.55	423772662.11	923908750	373637807.76	0	48913229.44	271115398.55	78653898.04	674117758	234010044.25
Chr01-anno1.g58473.t1	2	3	0	0	193381961.3	219469600.9	6120469.5	9006371.293	0	0	59990856.4	219469600.9	0	0
Chr01-anno1.g58654.t1	5	7	66107732.28	93387214.95	3442215806.6	8271210960.2	312657522	271013362.92	0	0	0	0	197912930	218840274.5
Chr01-anno1.g58696.t1	9	15	25799372.297	10496948.3438	956973904.76	2204910787.2	34820977	105126298.338	0	0	633488455.08	2085807588	0	0
Chr01-anno1.g58706.t1	3	3	0	8258070.246	207996949.26	236633849.42	9309964	0	0	0	148164679.8	87097515.12	0	0
Chr01-anno1.g59067.t1	1	1	0	0	95167476.79	111176134.5	0	0	0	0	95167476.79	0	0	0
Chr01-anno1.g59458.t1	10	16	2815698772.11	4395813824.5	1735226292.48	1787966780.73	2684670701	2591252708.33	0	0	0	0	1977224667	2591252708.33
Chr01-anno1.g59750.t1	1	1	0	0	0	55764167.2	0	0	0	0	0	55764167.2	0	0
Chr01-anno1.g59850.t1	1	4	0	0	0	25983540.34	0	0	0	0	0	25983540.34	0	0
Chr01-anno1.g59994.t1	12	23	15589270.464	213781505.806	1826789086.82	4838355393.06	916644587	1351329805.4	0	0	1551961160.42	3807857505.73	411835307	852143929.2
Chr01-anno1.g60247.t1	4	13	3263175056.7	3417731999.2	2406922808.7	1551759524.1	59093105	91494041.96	3263175056.7	3417731999.2	1612214610.3	1118057939	0	0
Chr01-anno1.g60266.t1	3	4	0	0	25536355.37	99646026.05	406243116	486990531.4	0	0	0	81748939.44	106343728	291641191.4
Chr01-anno1.g60365.t1	1	1	0	0	0	0	40651120	0	0	0	0	0	40651120	0
Chr01-anno1.g60564.t1	11	28	5640699871.26	9010922321.99	5121714116.9	4990440709.34	239110014	134153084.21	2473724827.76	5269103953.72	2565850725.8	4656574900.1	79522564	0
Chr01-anno1.g60914.t1	1	3	0	0	158445269.1	122996533.9	92091120	126984094	0	0	158445269.1	122996533.9	0	126984094
Chr01-anno1.g61032.t1	14	54	800615293.51	578425452.03	32342108250.15	43139753234.13	1741156050	1509533853.2	622878978.55	210315283.95	32277967941.3	31408470129.11	1548009920	1479941860.34
Chr01-anno1.g61065.t1	2	4	94401402.837	169725565.64	102944430.4	34258954.2	24717204	16390099.47	85012739.99	169725565.64	102944430.4	0	0	0
Chr01-anno1.g61074.t1	4	7	0	19740071.54	1363758964.2	723933614.9	0	0	0	0	1363758964.2	606229360.1	0	0
Chr01-anno1.g61166.t1	2	3	0	0	129637632.98	254901004.1	11981917	0	0	0	129637632.98	150186990.4	0	0
Chr01-anno1.g61176.t1	2	2	0	0	229251164.5	205001752.37	5052386	0	0	0	77495808.9	84833786.87	0	0
Chr01-anno1.g61189.t1	13	30	1736643390.31	2280159720.37	1652508067.4	792426588.22	26269245	4790457.859	1409669743.11	2219793397.65	983799778.82	181828951.1	0	0
Chr01-anno1.g61192.t1	12	26	25969619.11	146345538.148	172929202.97	609578429.29	12709205888	12476238217.4	0	0	0	0	12258799200	12476238217.4
Chr01-anno1.g61247.t1	2	4	0	0	0	0	173007048	207847963.1	0	0	0	0	173007048	207847963.1
Chr01-anno1.g61407.t1	3	6	981301273	295225326.5	594764810	1632727031.9	85919980	79945883.5	268601073.3	295225326.5	372632181.1	379561892.9	0	0
Chr01-anno1.g61421.t1	3	5	409222848.42	347847871.1	228626564.54	412789809.94	0	0	197530339.32	347847871.1	0	0	0	0
Chr01-anno1.g61439.t1	2	2	0	0	38287612.94	26954444.7	7081813	51282058.63	0	0	0	0	7081813	36716906.82
Chr01-anno1.g61482.t1	4	7	0	30491400.239	562925804.3237	653787090.67	258411779	345775266.8	0	0	206219191.5	348684467.77	244340472	345775266.8
Chr01-anno1.g61525.t1	3	4	0	34796367.92	348492916.2	724641696.01	0	56098029.77	0	0	123629628.1	724641696.01	0	0
Chr01-anno1.g61541.t1	1	1	0	260250078.2	0	0	0	0	0	260250078.2	0	0	0	0
Chr01-anno1.g61640.t1	2	5	114271451.99	67083146.2	250814885.1	569686051.4	0	0	93823105.05	67083146.2	250814885.1	0	0	0
Chr01-anno1.g61667.t1	5	6	0	9947316.356	194405237.01	2483810435.7	18042690	0	0	0	32834756.82	2483810435.7	0	0
Chr01-anno1.g61721.t1	28	65	480191967.395	412515528.239	16773684059.58	32826122246.47	1696618780.5	1488835384.151	21991184.62	28144873.9	15066595474.2	29611425880.07	451878252	299699585.058
Chr01-anno1.g61738.t1	2	2	0	0	74173542.49	236588056.96	26435802	30895718.92	0	0	0	236588056.96	0	0
Chr01-anno1.g61781.t1	4	11	947165941.89	864917442.36	506406593.37	410934970.01	55881096	309915782.132	947165941.89	841780559.8	261402144.3	154133781.6	0	0
Chr01-anno1.g61788.t1	14	29	2575599106.66	1679602859.34	1017231491.25	1455216367.453	102796896	217955294.25	2371004149.58	1379664188.8	774394704.61	917355551.13	0	0
Chr01-anno1.g61821.t1	2	5	229253559.75	163129026.1	455495916.3	462275617.49	88921558	109232640.4	0	0	250316789.9	399556516.1	63571132	57498237.61
Chr01-anno1.g61919.t1	13	23	53593208.924	128212926.99	162253994.086	330605678.89	2146486560	3076941130.82	0	0	9821877.082	0	1995038032	2848952420.72
Chr01-anno1.g61939.t1	1	1	12979090.65	0	47345794.99	96401381.83	31506536	0	0	0	0	96401381.83	0	0
Chr01-anno1.g61978.t1	2	4	0	0	277920937.86	313180431.9	130638128	7415557.707	0	0	277920937.86	313180431.9	0	0
Chr01-anno1.g62128.t1	1	3	0	0	85800778.64	123705459.3	140387840	150224521	0	0	85800778.64	123705459.3	0	150224521
Chr01-anno1.g62185.t1	3	7	96941114.13	203988708.55	138670752.27	153237617.67	27148965.5	199273624.7	19578043.32	120815629.98	102698768.13	0	0	128696486.06
Chr01-anno1.g62439.t1	5	20	2771596888.18	3377181592.7	1450006914.61	1277485826.2	36206996	0	2771596888.18	3377181592.7	1141574401.4	1140570522.1	0	0
Chr01-anno1.g62471.t1	12	27	2398118663.86	2036434677.17	1379242503.69	2142410132.3	118904463.5	43056057.65	1606318251.25	1544502481.18	727524024.6	1573052806	0	0
Chr01-anno1.g62473.t1	1	1	22587169.5	0	46596294.04	43087320.05	0	0	0	0	46596294.04	0	0	0
Chr01-anno1.g62538.t1	2	3	0	758456.6562	728969.5349	34806769.01	14165218.25	52649716.67	0	0	0	0	14165218.25	52649716.67
Chr01-anno1.g62606.t1	3	6	1549511488.7	1191199394.9	236323991.67	174188879.37	0	204298610.6	1110865678.6	829795136.8	178954627.4	114948795.7	0	0
Chr01-anno1.g62681.t1	1	4	109622939	0	60052330.26	113134937	1095811672	640863839.6	0	0	60052330.26	113134937	1095811672	640863839.6
Chr01-anno1.g62765.t1	3	5	0	0	72945123.89	48677963.52	587304464	396413741.47	0	0	0	0	587304464	149519481.9
Chr01-anno1.g63078.t1	1	1	0	0	0	0	64482760	226601647.7	0	0	0	0	0	226601647.7
Chr01-anno1.g63118.t1	20	52	7184796791.765	16950770097.48	4451116601.96	1793750880.74	493372439	692711949.225	6280731558.37	14165643561.68	2766044965.47	505773240.1	98085696	0
Chr01-anno1.g63135.t1	6	8	0	11020540.43	10147119.55	55036149.02	711580644	759900465.1	0	0	0	0	464448556	621288255.1
Chr01-anno1.g63223.t1	2	2	0	0	0	170305256.21	0	0	0	0	0	170305256.21	0	0
Chr01-anno1.g63279.t1	1	2	44011931.62	47470533.5	1236903660	1993082309	64574512	0	0	0	1236903660	1993082309	0	0
Chr01-anno1.g63350.t1	7	9	164844818.6	0	192057459.82	578725972.09	434033100	1655823428.14	0	0	0	578725972.09	243356456	793584587
Chr01-anno1.g63406.t1	3	4	160948855.82	75662791.07	82772460.11	504395832.21	35562792	173515289.3	54633989.08	0	0	330137955.51	0	0
Chr01-anno1.g63408.t1	11	100	183025176986.71	229676352378.7	76889069291.94	104980034418.73	2127676888	4168494272.43	174079699590.75	229493642599.4	76873545960.9	83206790632.8	1545845732	3896740899.13
Chr01-anno1.g63475.t1	1	1	0	0	324896052.9	134781108.1	5782018048	2394179251	0	0	0	134781108.1	0	0
Chr01-anno1.g63513.t1	10	37	8951733954.5	6917957346.76	3365810499.81	9438424642.7	181862660.5	141199143.55	8732617473.6	6639829373.8	2104869240.9	9438424642.7	0	0
Chr01-anno1.g63535.t1	1	1	0	0	0	64106611.37	0	0	0	0	0	64106611.37	0	0
Chr01-anno1.g63569.t1	1	1	8909885.933	6271926.91	0	0	0	0	0	6271926.91	0	0	0	0
Chr01-anno1.g63570.t1	1	1	87887301.52	91618296.3	93121542.81	136044619.3	0	21632525.96	0	91618296.3	0	0	0	0
Chr01-anno1.g63575.t1	2	2	0	0	0	409341454.5	96208192	0	0	0	0	409341454.5	0	0
Chr01-anno1.g63583.t1	4	7	945109584.5	1265753333	624796315.3	28551777.97	145658861	151966315.06	0	0	624796315.3	0	131952536	96724294.59
Chr01-anno1.g63586.t1	3	7	0	0	843391815.4	182779315.3	289506546	256413605.2	0	0	843391815.4	182779315.3	289506546	256413605.2
Chr01-anno1.g63653.t1	1	1	0	0	72381594.6	132055800.2	0	0	0	0	0	132055800.2	0	0
Chr01-anno1.g63655.t1	3	3	0	0	195912008.19	216017564.11	0	0	0	0	86298341.35	216017564.11	0	0
Chr01-anno1.g63716.t1	1	1	270327033	445531260.9	0	24271500.61	0	0	0	445531260.9	0	0	0	0
Chr01-anno1.g63837.t1	6	8	26485407.568	0	255011914.23	551284419.81	0	16251992.65	0	0	140565788.28	391570251.83	0	0
Chr01-anno1.g63840.t1	1	1	91144618.06	35595918.44	44878163.94	55413058.5	0	21236759.2	0	0	44878163.94	0	0	0
Chr01-anno1.g63868.t1	6	8	33141171.26	28071713.47	497273078.13	909915407.36	68294926	142491188.26	0	0	258963744.23	663110521.16	0	0
Chr01-anno1.g63918.t1	3	4	0	0	1191122849	649897000.8	0	0	0	0	510208032.6	649897000.8	0	0
Chr01-anno1.g64044.t1	2	3	4797082.656	0	104279227.92	102308089.8	9075894	7508897.27	0	0	33068724.21	102308089.8	0	0
Chr01-anno1.g64099.t1	5	13	158441542.764	166871655.38	166325247.89	402165546.86	1065066916	1591261194	0	0	0	0	920170372	1591261194
Chr01-anno1.g64174.t1	3	8	452157856.4	169258519.38	226338433.91	265530085.56	0	20932112.18	452157856.4	169258519.38	79603620.01	222081517.4	0	0
Chr01-anno1.g64181.t1	1	1	23974966.69	28207632.58	23861647.95	94175514.82	0	2188562.724	0	0	0	94175514.82	0	0
Chr01-anno1.g64193.t2	12	23	186479715.23	110614853.49	717132363.505	421170302.02	2689926960	4834052427.62	0	0	0	0	1575807664	4313389641.52
Chr01-anno1.g64206.t1	1	1	53378977.32	25269122.49	80580094.09	234200671.7	28222988	33151295.82	53378977.32	0	0	0	0	0
Chr01-anno1.g64224.t1	8	20	148087125.04	65921428.76	4892691702.5	2606633735.4	275635760	196304279.2	0	0	4742462393.3	1611405608.8	275635760	0
Chr01-anno1.g64237.t1	2	2	33472469.43	17272249.61	116708614.14	78168711.48	0	0	0	0	47225288.96	78168711.48	0	0
Chr01-anno1.g64251.t1	5	5	732723767.29	800131732.34	551224638.24	768478384.13	359916498	460072914.5	369052016.19	134260814.9	152789018.7	92219767.65	0	0
Chr01-anno1.g64256.t1	13	18	55433582.79	24774394.36	1862278491.58	1994293202.46	245546467.5	140804086.81	0	0	1555292405.98	1383319550.24	0	0
Chr01-anno1.g64272.t1	24	52	336931376.65	282795730.4	503011144.78	1202166541.38	9632670600	9551033074	131969307.87	108149697.05	123054259	270945665.72	8473897960	6466888514.97
Chr01-anno1.g64308.t1	2	3	0	0	265551238.7783	796255828.9	42522876	0	0	0	889738.5783	796255828.9	0	0
Chr01-anno1.g64351.t1	9	18	571006552.22	722743431.57	391150327.54	329883212.81	132594400	304134887.49	475495708.99	661738802.8	326529637.59	104065057.6	0	0
Chr01-anno1.g64390.t1	6	7	0	0	446710749.71	731217380.43	0	33285637.121	0	0	247469824.3	586931596.13	0	0
Chr01-anno1.g64421.t1	4	18	0	14054735.03	572543203.68	609006008.3	16337956392	20233356392.8	0	0	540029401.4	566719700.93	15627365992	20233356392.8
Chr01-anno1.g64423.t1	3	3	0	0	321146085.265	205752897.229	232147130.5	317572710.002	0	0	0	0	74592602.5	259865993.7
Chr01-anno1.g64487.t1	2	2	0	0	53184579.79	459221265.8	0	0	0	0	0	459221265.8	0	0
Chr01-anno1.g64533.t1	5	7	145025335.8	100281396.2	559513143.07	706863537.02	540041200	646670220.35	0	0	0	0	412465788	646670220.35
Chr01-anno1.g64616.t1	2	2	0	1330523038.4	97317858.36	145850898.92	0	0	0	0	38045892	53237736.3	0	0
Chr01-anno1.g64619.t1	6	8	0	0	311907781.4	916113665.36	9032001	0	0	0	197197200.03	854734957.75	0	0
Chr01-anno1.g64620.t1	6	9	18189100.25	12262838.02	805554544.54	1112781180.47	13479186	0	0	0	468381104.49	905371629.05	0	0
Chr01-anno1.g64625.t1	10	16	128370962.31	319385535.12	186701003.17	530420515.98	1834990685	1389417322.63	0	0	0	0	1620023984	1188549306.05
Chr01-anno1.g64665.t1	5	7	0	9056694.978	1047656256.6	2130252192.4	27888800	56328451.669	0	0	498290194.5	2023001680.2	0	0
Chr01-anno1.g64708.t1	1	1	0	0	17883584.47	60751529.23	0	0	0	0	0	60751529.23	0	0
Chr01-anno1.g64709.t1	17	34	256042492.42	200296728.98	6463534610.4	14164694802.7	690912280	600922932.6	0	0	5372065632.8	12336564829	0	291440044.18
Chr01-anno1.g64712.t1	21	66	49408632.669	132387423.41	1158882117.45	3837151940.76	24841909178	24591044313.12	0	0	544530320.2	2698046328.1	24288938892	21837287875.04
Chr01-anno1.g64715.t1	4	5	26903926.65	36187628.9	189007802.5	258376449.61	87057798	31907705.43	0	0	142826107.3	258376449.61	0	0
Chr01-anno1.g64724.t1	1	1	0	30612768.51	0	0	0	63422075.79	0	30612768.51	0	0	0	0
Chr01-anno1.g64732.t1	17	73	26194810662.91	31332603024.27	26569240492.51	19803370426.99	1750714214	1853147440.346	25335913057	31033096932.4	23839393728.6	15509689376.88	449050486	905342457.41
Chr01-anno1.g64747.t1	6	15	0	119022480.1	756857827.46	1593061603.56	539910150	357355760.66	0	0	715449823.84	1061670120	539910150	357355760.66
Chr01-anno1.g64749.t1	1	1	0	0	23903418.17	113046206.5	0	0	0	0	0	113046206.5	0	0
Chr01-anno1.g64806.t1	2	2	29376474.6	0	85423978.72	140023350.669	0	0	0	0	25734852.11	131956640.2	0	0
Chr01-anno1.g64825.t1	2	2	0	0	16322094.24	138875232.22	0	0	0	0	0	138875232.22	0	0
Chr01-anno1.g64839.t1	3	3	0	0	282350168.6	528782415.45	82625336	80549862.69	0	0	112565505.4	269277933.85	0	0
Chr01-anno1.g64849.t1	14	41	6299091735.86	5479976756.18	2768559833.05	2290214772.79	174575658	271057706.96	6016198363.4	4303359780.58	2296515158.1	1500062454.2	0	0
Chr01-anno1.g64853.t1	7	9	3972529.331	11212624.828	1084661948.03	1708640334	123326390	22492208.45	0	0	828029919.43	1191421740.2	0	0
Chr01-anno1.g64862.t1	5	12	39659997.98	26562576.73	69079064.92	57123415.51	2213810940	1404912081.42	0	0	33191734.94	0	2184554480	1404912081.42
Chr01-anno1.g64863.t1	3	3	0	0	520674398.3	11947775.12	88410770.5	18305405.57	0	0	520674398.3	0	0	0
Chr01-anno1.g64881.t1	3	5	44138773.44	147564093.7	102189828.73	144682142.71	349670224	454961333.13	0	0	0	0	255484504	454961333.13
Chr01-anno1.g64929.t1	1	1	3538747.64	15324249.73	50597942.38	96578934.77	39916420	0	0	0	50597942.38	0	0	0
Chr01-anno2.g43912.t1	1	1	0	0	0	61329989.1	0	0	0	0	0	61329989.1	0	0
Chr01-anno2.g43952.t1	13	59	8343993313.86	12020200706.3	5288297321.8	4353208693.57	647041184	232825171.073	7728049912.9	12020200706.3	5262560130.4	4086725555.6	0	0
Chr01-anno2.g44161.t1	16	41	3003415044.2	4050230562.82	2338613597.44	3201627948.75	902754624	898526581.859	2675783526.93	2822040162.94	1686817548.3	2169119017.63	0	0
Chr01-anno2.g44207.t1	2	3	37936002.42	89552550.73	83877313.49	99281108.83	15524410	19704940.33	0	89552550.73	83877313.49	0	0	0
Chr01-anno2.g44440.t1	1	2	66301720.06	18619143.41	54563097.69	80069474.44	0	0	66301720.06	18619143.41	0	0	0	0
Chr01-anno2.g45053.t1	12	18	16578155.61	5780706.364	1251429896.18	2637720949.44	465974559.25	524729856.353	0	0	605225813.33	2145640087.4	172330716	200659172.61
Chr01-anno2.g45463.t1	1	1	0	0	16804423.97	228653181.7	85764344	0	0	0	0	228653181.7	0	0
Chr01-anno2.g46480.t1	1	1	51931837.55	156547326	0	0	0	0	0	156547326	0	0	0	0
Chr01-anno2.g46927.t1	18	50	6758388383.27	5918319169.47	3600764826.77	4762279119.729	103309883.5	386978967.353	5238351966.57	5291941845.77	3228764283.93	2602703599.1	0	0
Chr01-anno2.g47018.t1	1	1	0	0	0	63367402.81	0	0	0	0	0	63367402.81	0	0
Chr01-anno2.g47224.t1	4	5	68482839.7	313979172.49	46785109.871	21950246.85	18206722	0	45259991.19	313979172.49	0	0	0	0
Chr01-anno2.g47487.t1	17	27	1253668133.98	1140381574.36	621229371.12	856549907.8	505808238.5	550118510.75	845502714.5	734997611.27	230766149.13	129055375.96	0	0
Chr01-anno2.g47683.t1	1	1	30244993120	29139800832	7312528288	13374931618	0	8928645.355	0	0	0	13374931618	0	0
Chr01-anno2.g48250.t1	1	3	0	118217898.9	0	240720062.5	0	0	0	0	0	240720062.5	0	0
Chr01-anno2.g48474.t1	38	98	11685512485.461	13337421324.1	11546880276.28	12380057407.83	7603052633.5	2009486248.823	10113302391.56	11489332780.9	7414236234	6655598529.12	30314322	0
Chr01-anno2.g48736.t1	10	27	1929129120.9	2488065891.4	2436412045.98	3266304882.9	673385517	728993458.78	1065982903.3	1617706747.7	864060387.54	1464129623	241421168	155474453.93
Chr01-anno2.g48983.t1	6	9	19389021.65	58133571.353	1001608914.27	1712665331.58	432198046	71613918.16	0	0	777368968.9	935331442.74	0	0
Chr01-anno2.g49556.t1	3	3	4715611.302	5752346.845	992844522.5	642813881.2	101708958	115962013.32	0	0	0	0	66814530	50681658.23
Chr01-anno2.g49560.t1	2	2	9411722.417	0	45819107.5	118945379.48	0	0	0	0	29301244.91	64710656.64	0	0
Chr01-anno2.g49676.t1	5	8	36107021.04	111885787.5	388051541.049	2133427321.08	215186916	350823008.06	0	0	0	2081106587.5	176356760	185771317.7
Chr01-anno2.g49775.t1	1	3	116661406.5	0	143086218.1	79870597.45	0	0	0	0	143086218.1	79870597.45	0	0
Chr01-anno2.g49833.t1	1	1	8239048.742	0	86341157.55	245472193.8	0	0	0	0	0	245472193.8	0	0
Chr01-anno2.g49922.t1	1	2	0	0	709356822.9	405129183.8	0	0	0	0	709356822.9	405129183.8	0	0
Chr01-anno2.g50376.t1	2	5	58506772.385	53471008.09	209409417.6	438696579.7	23965010	0	58506772.385	0	209409417.6	438696579.7	0	0
Chr01-anno2.g50470.t1	1	1	0	0	97773890.31	98649853.59	0	0	0	0	97773890.31	0	0	0
Chr01-anno2.g50865.t1	5	7	61606081.665	37729867.454	866104150.77	1188925293.88	36971309	138825302.24	0	29609836.65	536990686.1	407556586.77	0	0
Chr01-anno2.g50913.t1	5	5	0	7563627.596	72184067.063	106306584.52	452243830	318484837.53	0	0	0	0	217699158	179680536.08
Chr01-anno2.g51020.t1	2	2	15487787.08	0	152785376.67	476598275.2	268615424	587332610.6	0	0	69256200.82	206054039	0	0
Chr01-anno2.g51024.t1	4	4	35092689.15	0	111920796.99	973364936.2	27549684.75	51463793.31	0	0	0	973364936.2	0	0
Chr01-anno2.g51205.t1	5	11	18330740.201	0	9001845.976	102429194	2727167035	2042946127.03	0	0	0	0	2727167035	2030708118.8
Chr01-anno2.g51251.t1	1	1	132802201.8	178824869.9	814256280.9	369609084.5	22359180	211479316	0	0	0	369609084.5	0	0
Chr01-anno2.g51413.t1	7	11	601813404.82	765424645.9	1311952086.973	2205468429.03	90141027.5	196839399.926	590490372.1	0	1280907847.683	209049461.03	0	0
Chr01-anno2.g51449.t1	8	17	54256203.85	52247176.58	657257503.08	2307811849.78	295231594	147837971.268	0	0	552417282.08	1587785450.6	199410330	132672014.8
Chr01-anno2.g51451.t1	1	2	0	0	107256913.7	0	0	0	0	0	107256913.7	0	0	0
Chr01-anno2.g51490.t1	16	32	167141536.752	132575074.01	130002325.27	521390678.75	7624377658	7709103809.64	0	0	0	0	5939050258	6895203648.41
Chr01-anno2.g51543.t1	5	7	0	0	169719912.79	2200839837.02	37726048	111523254.2	0	0	169719912.79	1873981959.02	0	0
Chr01-long_reads1.PB.176.10	34	96	1327707570.49	333351947.001	35821196224.554	809963420.359	8474934736	8200995415.37	114788865	46248026.6	35813892551.42	0	6760024522	5126608332.86
Chr01-long_reads1.PB.22.2	7	7	276030295.03	217993002.32	1060949438.52	924961731.43	0	198227623.23	210420027.11	94649768.04	18031870.62	0	0	0
Chr01-long_reads1.PB.238.1	5	13	835735551.63	518271640.848	253964484.7	687481534.91	41691324	85462690.12	159904306.23	508726414.23	0	540966604.3	0	0
Chr01-long_reads1.PB.359.1	7	10	44897230.821	50654072.14	137998885.634	145771838.29	822146496	468460529.73	0	50654072.14	0	0	536090728	161106119.63
Chr01-long_reads1.PB.367.1	4	6	0	0	272671280.75	493063634.54	140808974	76521509.75	0	0	272671280.75	439340056.97	0	0
Chr01-long_reads1.PB.408.1	4	13	6452883.399	3891746.209	31994667.63	98994863.15	6051730944	2936273846.01	0	0	0	0	6033320176	2936273846.01
Chr01-long_reads1.PB.416.1	1	1	0	0	0	105935232.9	0	0	0	0	0	105935232.9	0	0
Chr01-long_reads1.PB.426.1	1	1	12118225.94	0	0	71678139.46	0	0	0	0	0	71678139.46	0	0
Chr01-long_reads1.PB.473.6	1	1	0	0	0	47198208.25	0	0	0	0	0	47198208.25	0	0
Chr01-long_reads1.PB.49.2	52	78	104646874.96	88616549.33	4213195276.523	8373837578.716	3421457205	2665419682.812	0	0	3518944905.63	1028389710.93	2105379795	1954485147.272
Chr01-long_reads1.PB.65.1	43	69	280548518.431	33089921.745	3027861803.2	7994517356.34	1175318421	584329100.853	0	0	1669319664.05	7156755454.44	255671897	44207604.87
Chr01-long_reads1.PB.76.1	13	20	0	0	1871266469.74	2857124068.5	322633683.5	277289198.43	0	0	1817935023.13	1488186634.1	0	39692137.63
Chr01-long_reads1.PB.81.1	1	1	0	0	0	62231382.13	4251893.5	4278462.581	0	0	0	62231382.13	0	0
Chr01-long_reads1.PB.96.3	1	1	18476774.23	21011712.3	0	0	0	0	0	21011712.3	0	0	0	0
Chr02-anno1.g20309.t1	1	1	0	0	74332791.04	120355029	0	0	0	0	74332791.04	0	0	0
Chr02-anno1.g20323.t1	2	3	70419194.74	100112940.55	15498014.66	41615648.16	0	0	15218358.48	100112940.55	0	0	0	0
Chr02-anno1.g20341.t1	1	1	36906563.5	144097748.9	70154912.6	0	0	0	0	144097748.9	0	0	0	0
Chr02-anno1.g20377.t1	1	1	0	0	82311456.58	8101760.463	0	11897436.8	0	0	82311456.58	0	0	0
Chr02-anno1.g20400.t1	1	1	80903060.44	107516957.2	45278267.02	23957078.68	0	0	0	107516957.2	0	0	0	0
Chr02-anno1.g20425.t1	2	2	0	5973843.755	200630111.15	491531284.1	19203320	8559645.17	0	0	0	491531284.1	0	0
Chr02-anno1.g20428.t1	1	1	0	0	61610046.1	0	35953016	0	0	0	61610046.1	0	0	0
Chr02-anno1.g20433.t1	7	14	168009871.21	147949699	4589653638.85	5124415813.6	469757418	1424311303.69	0	0	1658853748.85	4367032593.2	328004376	781824611.6
Chr02-anno1.g20469.t1	1	1	0	0	67004175.66	153791057.8	5148156.5	6008470.843	0	0	0	153791057.8	0	0
Chr02-anno1.g20472.t1	2	3	144363504.6	166736213.5	516819654.61	1068638860.2	0	8071672.096	144363504.6	0	0	776452967	0	0
Chr02-anno1.g20476.t1	1	1	0	0	0	0	49464436	51577067.12	0	0	0	0	0	51577067.12
Chr02-anno1.g20639.t1	3	4	1300602086.2	453318040.4	1055539277.24	2361804223.43	80120274	92129909.17	131169055.2	431616455.1	0	0	0	68483362.69
Chr02-anno1.g20661.t1	8	12	1238382427.27	1277059763.22	443323118.51	295541055.79	43410076	81661448.07	940153546.07	755186358.63	132741420.2	0	0	0
Chr02-anno1.g20666.t1	2	3	0	0	189179130.34	266479217.91	0	20836956.03	0	0	116603914.5	89574288.51	0	0
Chr02-anno1.g20679.t1	10	17	24869445.559	26154339.757	1672902201.91	4849733665	35226759	73316251.03	0	0	1586383724.15	4176383709.9	0	0
Chr02-anno1.g20827.t1	2	3	0	0	209080051.08	179800864.13	0	0	0	0	92359905.88	179800864.13	0	0
Chr02-anno1.g20839.t1	2	2	0	0	61589819.47	87403523.45	0	0	0	0	61589819.47	0	0	0
Chr02-anno1.g20870.t2	12	24	200344729.06	207100238.361	255849878.32	898700371.23	9011032188	7927326185.7	0	0	0	434353654	8894013964	7309743231.6
Chr02-anno1.g20955.t1	2	9	2102270.461	8728398.809	306280413	178591705.4	2311422436	6184910521.23	0	8728398.809	306280413	178591705.4	2311422436	6184910521.23
Chr02-anno1.g20957.t1	4	4	37106357.59	38779163.7	449396652.03	185118454.49	22039262	17091983.56	0	0	449396652.03	0	0	0
Chr02-anno1.g21072.t1	1	2	0	10862621.35	38565622.1	100842112.1	0	0	0	0	38565622.1	100842112.1	0	0
Chr02-anno1.g21175.t1	9	18	134899955.5	121034529.8	212682147.7	50885649.39	1839831720	1977164989.8	0	0	0	0	1729533020	1611533580.6
Chr02-anno1.g21262.t1	7	15	44817522	247952682.7	111083621.288	469753269.25	1471995240	997575931.03	0	0	0	0	1125216992	985001173.33
Chr02-anno1.g21268.t1	3	5	0	0	102453253.91	507971804.64	24063176	15975705.12	0	0	102453253.91	507971804.64	0	0
Chr02-anno1.g21269.t1	1	1	0	0	18198160.69	50002334.12	19944866	63745952.68	0	0	0	50002334.12	0	0
Chr02-anno1.g21303.t1	37	174	85343278291.77	100995307116.412	38905002894.7921	29755964751.63	981294907.5	1837351515.774	73355001016.7	82345167947.6	32685597883.01	21047831634.56	234944973.5	377053254.03
Chr02-anno1.g21386.t1	23	46	94057445.01	134218997.46	148908388.4	106248175.99	5952419894	6350042197.331	0	0	0	0	5793900348	4803564392.49
Chr02-anno1.g21401.t1	2	5	151346750.78	111299501.7	591830302.75	871338429.4	26742794	12789134.53	140174733.3	111299501.7	78033598.05	871338429.4	0	0
Chr02-anno1.g21436.t1	2	3	148632495.1	180496511.6	176384161.81	287576741.5	14169179	0	0	0	99754777.69	161960308.1	14169179	0
Chr02-anno1.g21511.t2	3	4	0	14071344.75	431999338.71	664748366.07	49477576	126474322.9	0	0	299549012	607165068	0	109493896.6
Chr02-anno1.g21525.t1	5	14	2718014580.188	1222478648.553	2639506234.523	5140573289	909787727.625	1899812696.83	2716363103.4	1205156723.753	2635589581	5140573289	733083776	1899812696.83
Chr02-anno1.g21528.t1	1	1	0	0	1106481.133	187672427.7	18001090	65756492.9	0	0	0	187672427.7	0	0
Chr02-anno1.g21533.t1	2	11	882966710.943	419131468.4	314338352.3	303363791.7	43563372.75	106792263.55	877701942.3	419131468.4	314338352.3	303363791.7	10624770	67857221.23
Chr02-anno1.g21555.t1	1	1	29533263.21	53684499.49	20594217.16	0	0	0	0	53684499.49	0	0	0	0
Chr02-anno1.g21609.t1	1	1	0	0	61433110.27	94985742.26	0	0	0	0	61433110.27	0	0	0
Chr02-anno1.g21613.t1	2	3	0	0	69126844.84	36711463.1	108217592	248656319.7	0	0	69126844.84	0	108217592	248656319.7
Chr02-anno1.g21724.t1	2	4	0	11359363.64	0	0	159331256	184125954.16	0	0	0	0	159331256	184125954.16
Chr02-anno1.g21749.t1	1	1	0	0	29481636.91	37598544.4	0	0	0	0	29481636.91	0	0	0
Chr02-anno1.g21863.t1	4	7	113996320.47	203025794.615	166563019.59	327142883.85	80132712	110554771.4	100951947.3	33602232.015	166563019.59	140277783.3	0	0
Chr02-anno1.g21915.t1	1	1	66208101.59	25646047.55	0	8856695.726	0	0	66208101.59	0	0	0	0	0
Chr02-anno1.g22082.t1	2	2	31199538.01	0	31129947.31	241975142.86	0	0	0	0	0	241975142.86	0	0
Chr02-anno1.g22205.t1	1	1	0	0	142924405	221680788.6	28464714	36188546.1	0	0	0	221680788.6	0	0
Chr02-anno1.g22381.t1	3	4	6722772.36	29810997.714	991152340.5	1920288393.1	75972056	70292914.76	0	0	991152340.5	1018278468	0	0
Chr02-anno1.g22390.t1	6	15	939309808.2	952024181.69	333566604.98	474540065.8	34328020	8583048.933	808802423.1	894331405.4	0	332042170.04	0	0
Chr02-anno1.g22455.t1	14	27	85794149.64	40163833.685	643935677.94	2297941132.96	5238704372	5516000183.83	0	0	295011691.7	752818991	3816735856	4229598605.93
Chr02-anno1.g22695.t1	1	1	0	0	0	0	380213888	361828635.3	0	0	0	0	0	361828635.3
Chr02-anno1.g23433.t1	14	20	0	60565350.076	3006050145.4	3508403496.6	561441999	427562938.16	0	0	1802030715.9	2286710886.1	31650680	99411214.85
Chr02-anno1.g23633.t1	2	3	0	0	61900830.82	181605775.11	0	9254247.001	0	0	44662176.83	181605775.11	0	0
Chr02-anno1.g23806.t1	2	3	0	0	0	0	185192248	284723486.38	0	0	0	0	185192248	94311833.48
Chr02-anno1.g23843.t1	8	26	5399683352.2	4457398959.17	1630731178.2	2681410919.2	1445984044	1452941918.55	5399683352.2	3326785514.17	1091639152.3	2681410919.2	0	0
Chr02-anno1.g23898.t1	8	10	60077838.01	64518537.05	639502904.41	732116349.83	64929808	110014344.56	0	0	518725835.76	446874266.5	0	0
Chr02-anno1.g24083.t1	3	3	35671613.88	368434806.07	0	0	0	23262513.4	0	368434806.07	0	0	0	0
Chr02-anno1.g24096.t1	8	16	837767100.26	864425021	710553836.71	694682962.01	152314075.5	84854401.587	213445603.9	762500078.1	484106746	526943252.8	0	0
Chr02-anno1.g24229.t1	3	3	0	0	209115110.64	472134877.02	47114016	6389186.247	0	0	174119943.99	220280856.3	0	0
Chr02-anno1.g24543.t1	2	2	0	0	162754702.6	6547242957.89	0	0	0	0	0	6547242957.89	0	0
Chr02-anno1.g24545.t1	1	3	0	0	36767530.61	17156059067	0	0	0	0	36767530.61	17156059067	0	0
Chr02-anno1.g24566.t1	1	1	0	0	0	50847732.16	0	0	0	0	0	50847732.16	0	0
Chr02-anno1.g24669.t1	1	5	25918798.35	0	247697311	462867774.6	5410712576	1142109477	0	0	247697311	462867774.6	5410712576	1142109477
Chr02-anno1.g24716.t1	1	1	35855003.14	0	15206221.76	0	46829984	37203315.2	0	0	0	0	46829984	0
Chr02-anno1.g24736.t1	2	4	423596805.6	542447368.9	0	0	48435118	62739055.29	423596805.6	542447368.9	0	0	0	0
Chr02-anno1.g24759.t2	5	26	290276451.2	22861169.02	377150283	403883873.73	8666520020	13109277404.99	0	0	133986360.4	271554150.4	8666520020	13109277404.99
Chr02-anno1.g24855.t1	1	1	179229319.4	0	59040500.52	41862844.52	103536880	0	179229319.4	0	0	0	0	0
Chr02-anno1.g24910.t1	12	20	287800017.174	117071117.52	3285604419.22	4463069866.87	139501403	27491175.786	0	0	3029280024.5	3063118201.47	20340222	0
Chr02-anno1.g24923.t1	2	2	0	0	52488753.48	310385024	0	17375774.45	0	0	29783199.72	190073194.4	0	0
Chr02-anno1.g24933.t1	7	12	32858692.2	78223251.38	1914247201.5	4401474990.4	182413231	89868354.61	0	0	1759351650.8	2778449058.9	0	0
Chr02-anno1.g24952.t1	3	3	40057953.37	554513936.44	262982027.45	224097578.45	0	4674979.63	0	139818070	124326382.2	86173273.25	0	0
Chr02-anno1.g25143.t1	3	7	0	0	457467758.34	3251314955.7	33215442	59961228.7	0	0	366760028.6	3251314955.7	0	0
Chr02-anno1.g25178.t1	10	26	1466951712.25	2450449100.21	1216235223.02	453966534.83	650682940	384806823.2	1413069405.69	2397115165.6	515942001.2	343786100.41	168871376	188860130.1
Chr02-anno1.g25223.t1	4	5	0	0	0	0	277156516	164541887.4	0	0	0	0	277156516	113335725.3
Chr02-anno1.g25285.t1	7	22	2273757005.36	2825373276.4	1651883690.06	1561583793.97	334915026	30799995.37	1418629095.13	2056880452.3	634281131.39	1485533289.8	17851804	0
Chr02-anno1.g25295.t1	2	2	0	0	180318816.45	106065704.1	0	0	0	0	180318816.45	0	0	0
Chr02-anno1.g25381.t1	19	39	95722120.88	184547767.89	579329192.22	349900969.05	4202644680	3454544771.3	11716455.82	79688671.28	62628939.41	51770305.67	3161819564	3255834178.96
Chr02-anno1.g25466.t1	15	37	2093471345.8	1624411587.131	3500008227.36	4244515803.541	3766814589.5	5046216751.71	572649668.53	1068275543.76	2170215336.5	2205504977.42	2992561153.5	2664252675.15
Chr02-anno1.g25475.t1	1	1	0	0	91624154.01	0	0	7459078.344	0	0	91624154.01	0	0	0
Chr02-anno1.g25531.t1	21	79	11435057971.5	8128842565.57	5296225475.5394	4639768696.383	952088742	767706839.229	10889193751.2	7420702758.75	4458458369.22	3986634252.7	0	0
Chr02-anno1.g25591.t1	3	6	240975277.3	431073884.32	145066708.51	67537226.45	38515965	0	240975277.3	431073884.32	72346402.77	0	0	0
Chr02-anno1.g25612.t1	1	4	1108973042	2949042714	1073880894	610763495.8	0	364817750.3	0	2949042714	1073880894	0	0	0
Chr02-anno1.g25700.t1	43	103	9013268841.73	8820773497.2	4107039287.02	5258155660.13	665345309	695928552.72	7226789500.51	6893430455.7	2355395349.75	3093937064.42	0	0
Chr02-anno1.g25726.t1	8	15	366040668.681	442845346.38	2728248191.97	3214989894.42	327237768	133176025.8	159118990.31	310301066.43	2170941869.69	1007075403.6	76087184	0
Chr02-anno1.g25732.t1	7	22	4217463725.5	7690553811.1	4721515701.73	1902213921.9	387930512	348645600.32	3877740378.9	6551476341.4	4721515701.73	1902213921.9	163717792	14270225.41
Chr02-anno1.g25759.t1	1	1	68320286.89	53654969.82	0	46684544.64	0	177754799.4	0	0	0	0	0	177754799.4
Chr02-anno1.g25803.t1	5	8	207910896.9	427226130.836	682095802.43	1002901700.57	141961650	73631978.668	0	0	642574959.97	969332199.79	111813204	0
Chr02-anno1.g25810.t1	5	7	250730704.97	436800321.91	390415224.64	362285174.86	13403069	25850576.613	60827554.58	308498861.38	155907336.33	0	0	0
Chr02-anno1.g25814.t1	5	6	0	0	8566558.151	24783266.132	599414898	540474047.87	0	0	0	0	317802034	354008006.76
Chr02-anno1.g25852.t1	26	111	12700444400.086	28218235195.12	16889649415.33	11451277496.38	845913888	1097214769.83	11717099165.93	24407473583.42	14435366418.41	8928578578.58	372812474	307196450.6
Chr02-anno1.g25923.t1	1	1	22504365.55	42339758.18	0	0	0	0	0	42339758.18	0	0	0	0
Chr02-anno1.g26053.t1	29	74	267032008.118	354734644.77	1231109590.162	572476440.60103	14383246403.5	11514427886.67	102111529.94	0	282113009.6	0	13033351427.5	10224133160.15
Chr02-anno1.g26061.t1	1	1	22981881.26	14908782.88	0	0	14540992	14456764.99	0	14908782.88	0	0	0	0
Chr02-anno1.g26075.t1	7	53	20701299809.5	18205710786.7	27459403829.2	32931009199.13	816977563.75	835053084.55	20701299809.5	18205710786.7	27459403829.2	32896929296.82	510829288	792761386
Chr02-anno1.g26093.t1	7	7	1230158575.845	11611568.026	23708198.417	68113081.83	1031792838	1096956283.96	0	0	0	0	736232658	287102597.37
Chr02-anno1.g26113.t1	4	8	0	51738666.8	348111524.37	1193410314.8	0	73763826.2	0	0	348111524.37	1193410314.8	0	0
Chr02-anno1.g26295.t1	1	1	12390068.03	36680677.6	0	18752138.77	0	0	0	36680677.6	0	0	0	0
Chr02-anno1.g26363.t1	5	7	6488045.698	0	441706118.49	993277996.1	104259699.5	286324636.17	0	0	182981102.2	993277996.1	20531507.5	0
Chr02-anno1.g26405.t1	1	1	123362214.8	66608758.7	50405445.9	75951372.93	0	31660676.2	123362214.8	0	0	0	0	0
Chr02-anno1.g26481.t1	3	20	74983599.51	35268540.41	262550229.74	191363817.29	14126151078	18104699294.4	0	0	210576953.1	114996503.5	14080098566	18104699294.4
Chr02-anno1.g26553.t1	2	2	12373727.26	27029529.216	59235871.89	91908021.98	0	0	0	0	37719458.62	91908021.98	0	0
Chr02-anno1.g26596.t1	3	5	3683158071.5	3332412700.6	952012218.8	1434652365.5	0	0	2824356546.1	1745643679	513917736.8	765338001.1	0	0
Chr02-anno1.g26603.t1	2	3	0	0	214951189.05	122835561.26	17413042	0	0	0	214951189.05	70419814.23	0	0
Chr02-anno1.g26604.t1	1	2	0	0	21611665.93	73161168.28	0	0	0	0	21611665.93	73161168.28	0	0
Chr02-anno1.g26605.t1	1	2	0	0	0	38848682.86	26255694	27490027.14	0	0	0	38848682.86	0	0
Chr02-anno1.g26666.t1	1	1	0	0	0	49697882.16	0	0	0	0	0	49697882.16	0	0
Chr02-anno1.g26684.t1	11	19	1490716771.32	779395723.02	163948614.66	371761147.25	0	0	1296913136.87	656488734.24	0	85022906.37	0	0
Chr02-anno1.g26688.t1	3	5	283985350.02	80802820.47	1029727868	1586485413.7	147563408	106326457.4	0	33210556.94	1029727868	1586485413.7	0	0
Chr02-anno1.g26815.t1	4	8	317605208.506	447886629.78	142995696.02	890820132.66	17090274	41983527.11	151640682.28	263363092.2	0	890820132.66	0	0
Chr02-anno1.g26822.t1	2	2	20041107.33	266247049.222	0	0	12365706	87836850.53	0	0	0	0	0	87836850.53
Chr02-anno1.g26838.t1	7	10	50027438.25	69641965.34	881133663.47	626326904.87	155967421	110682756.43	0	0	699135861.14	296414658	84185136	0
Chr02-anno1.g26907.t1	2	5	243692581.68	240906583.73	32250058.88	38187726.58	50619482	276097234.9	58798385.58	240906583.73	0	0	0	276097234.9
Chr02-anno1.g26910.t1	5	7	9968026.898	100786448.664	651258719.78	695512474.67	15133956	230640595.47	0	0	450702754.1	515799743.77	0	0
Chr02-anno1.g26947.t1	3	3	19842667.8	0	83033276.64	264760794.78	8807162	132783655.2	0	0	0	264760794.78	0	0
Chr02-anno1.g26962.t1	4	6	138242924.3	171580257.6	35198724.77	49703814.76	813248728	1923711000.37	0	0	0	0	111230760	1923711000.37
Chr02-anno1.g27070.t1	9	32	7128096660.332	11058664028.03	4227818488.6	3702456447.95	593373528	496422626.5	5727124470.75	9067682758.03	1895284090.9	1181924598.9	414357480	446985190.7
Chr02-anno1.g27073.t1	29	68	8863944760.36	7701419671.45	6071983776.17	4592799059.19	1924034292.5	1495757720.165	7536863598.26	5754770371.9	5398052260.5	2379156741.4	0	0
Chr02-anno1.g27074.t1	1	1	32978098.59	20721159.33	144304391.1	89053173.27	0	0	0	0	144304391.1	0	0	0
Chr02-anno1.g27084.t1	8	16	842854545.93	989684541.04	825374396.471	1176984993.44	32507237	37279327.67	672230712.4	553181088.2	360215746.86	830351719.91	0	0
Chr02-anno1.g27174.t1	1	2	0	0	0	0	40810860	37088420.27	0	0	0	0	40810860	37088420.27
Chr02-anno1.g27252.t1	2	2	0	0	96122763.3	0	0	0	0	0	96122763.3	0	0	0
Chr02-anno1.g27316.t1	2	3	13181824.5	0	59833365.86	0	40222352	9711443.255	0	0	39561393.4	0	22323192	0
Chr02-anno1.g27320.t1	5	9	0	0	0	0	1137404501.5	1150987893.795	0	0	0	0	733017376	1144837405.41
Chr02-anno1.g27362.t1	6	9	21917437.92	0	35664538.5364	42911044.94	978547283	1142429085.34	0	0	0	0	978547283	998597910.08
Chr02-anno1.g27366.t1	2	5	213030053.9	414424563.8	1000073385	1161041051	90559272	100531146.471	213030053.9	414424563.8	0	1161041051	90559272	93771098.82
Chr02-anno1.g27390.t1	1	2	14554262518	7850915543	1441113117	2777922465	4074515456	3258513128	14554262518	7850915543	0	0	0	0
Chr02-anno1.g27403.t1	1	1	29514400.03	22577088.93	22330456.73	0	0	0	29514400.03	0	0	0	0	0
Chr02-anno1.g27471.t1	1	1	0	52465535.08	33715037.79	20324271.42	16204016	103337802	0	52465535.08	0	0	0	0
Chr02-anno1.g27479.t1	1	3	166740369.3	143834334.6	0	0	0	0	166740369.3	143834334.6	0	0	0	0
Chr02-anno1.g27498.t1	7	40	950980526.54	716206341.5	54428302899.42	95833410226.5	2892163496	6353609440.68	633332896.48	386128642.47	54428302899.42	95774271844.1	2682199396	4050629127.68
Chr02-anno1.g27506.t1	1	1	0	0	10557805.38	80391195.82	0	0	0	0	0	80391195.82	0	0
Chr02-anno1.g27507.t1	6	9	18110381.95	20157779.22	681349247.87	1349202157.03	65329201	0	0	0	525854333.33	792776880	0	0
Chr02-anno1.g27509.t1	3	5	0	13175542.58	423318956.8	778588690.74	11524164.25	0	0	0	320407342.7	778588690.74	0	0
Chr02-anno1.g27528.t1	1	1	0	0	437078386.4	0	0	0	0	0	437078386.4	0	0	0
Chr02-anno2.g11357.t1	2	3	64268500.18	110055070.38	24875045.1	30493489.06	2241365.5	3118566.035	48133132.26	110055070.38	0	0	0	0
Chr02-anno2.g11595.t1	4	8	0	0	452515555.74	740563071.08	27743390	14692089.26	0	0	452515555.74	740563071.08	0	0
Chr02-anno2.g12081.t1	7	14	90837454.87	39044535.5	101908846.207	156307780.11	1080605484	2670973304.81	0	0	0	0	863302848	2604338907.11
Chr02-anno2.g12136.t1	4	11	592912781.02	629686865.53	783120898.76	933759384.8	87483096	35199156.38	385336204.5	629686865.53	562351381.56	174257922.7	50343496	0
Chr02-anno2.g12263.t1	9	23	5975999486.9648	7569368539.834	3933046582.524	4287003794.5	404542829.5	329886735.838	5590811902.1	4054386090.4	3555841345.4	2664484018.1	23340648	0
Chr02-anno2.g12405.t1	4	5	530594155.05	29335689.68	716305284.6	1292077615.9	0	14824872.02	0	0	517315648.4	516938021.5	0	0
Chr02-anno2.g12729.t1	1	3	53098729.63	81187310.62	68855278.59	49670860.99	0	6236219.93	53098729.63	81187310.62	68855278.59	0	0	0
Chr02-anno2.g13121.t1	6	11	1584754189.818	1230517367.64	585608761.021	788201678.45	76504776	33736021.042	1405087636.48	806749006.53	0	713739941.75	0	0
Chr02-anno2.g13157.t1	1	2	0	0	132991411.4	188958015.4	0	0	0	0	132991411.4	188958015.4	0	0
Chr02-anno2.g13262.t1	3	4	142131468.09	332293550.92	237225375.09	141534029.57	11442757	10187665.199	20303339.36	332293550.92	0	0	0	0
Chr02-anno2.g13384.t1	8	12	0	182885274.1	649663614.72	1159623389.94	1488072192	2450533755.3	0	0	501952930.06	1159623389.94	0	0
Chr02-anno2.g13517.t1	11	19	7057624.877	7832541.642	2335881376.89	2489817544.06	181062902	90083448.637	0	0	2005168873.49	1602314686.76	47534373	0
Chr02-anno2.g13559.t1	2	2	0	72659016.55	138367412.55	0	20037678	0	0	0	138367412.55	0	0	0
Chr02-anno2.g13798.t1	10	24	982944549.53	1454709966.95	1789266484.3	2534717338.81	133429085.25	106891734.67	875771418.29	891901265.32	940007935.4	1482596553.5	0	0
Chr02-anno2.g13842.t1	9	19	765551520.49	1075411207.33	1231449859.266	1865000051.8	160152440	126486013.483	381781700.98	1031658493.28	446385160.7	357892623.2	28122542	0
Chr02-anno2.g14015.t1	9	14	565014019.15	343332418.73	612266759.92	817601527.87	56268262.5	126142810.27	485924715.9	274805764.61	192037872.72	363864905.6	0	0
Chr02-anno2.g14623.t1	1	1	0	0	0	64111228.81	0	0	0	0	0	64111228.81	0	0
Chr02-anno2.g14639.t1	14	48	916742386.04	1459616891.62	1205760310.06	1219598007.19	7688806811	7688431900	728865415.45	1199737864.32	911932494.23	639455043.1	4934033398	6699776577.4
Chr02-anno2.g14667.t1	32	126	173624377.46	355204685.597	4656679842.404	1894552189.028	80401172917	94791185532.37	0	29969087.51	3989004733.38	578496355.3	79617124473	92516598467.07
Chr02-anno2.g14669.t1	1	1	0	0	0	49510296.07	0	0	0	0	0	49510296.07	0	0
Chr02-anno2.g14700.t1	3	3	32341364.3	10838101.28	94573387.01	4899702700.9	0	26141559.98	0	0	0	4899702700.9	0	0
Chr02-anno2.g14701.t1	1	2	0	0	397521054	596473275	6198262272	11544974150	0	0	397521054	0	0	11544974150
Chr02-anno2.g15295.t1	2	3	95004450.66	186349050	58243041.65	52141578.31	0	16887750.07	95004450.66	186349050	0	0	0	0
Chr02-anno2.g15982.t1	1	1	0	0	39367381.5	42710680.5	0	0	0	0	0	42710680.5	0	0
Chr02-anno2.g16081.t1	2	2	0	0	0	436510592.7	57013704	51595847.58	0	0	0	436510592.7	0	0
Chr02-anno2.g16177.t1	7	26	17927097.03	15091840.82	400328744.63	564917471.9	10116826814	12151157154.7	0	0	328951966.6	393036275.4	10116826814	12151157154.7
Chr02-anno2.g7879.t1	12	32	194771231.24	88008239.67	11968719888.328	16456022841.24	1902156384	1266290604.924	56933404	0	11674534292.6	12169145677.8	1484902182	885895418.21
Chr02-anno2.g7980.t1	2	9	512372779.7	525414966.1	424103558.22	836311066.04	26509562	0	512372779.7	525414966.1	424103558.22	0	0	0
Chr02-anno2.g8375.t1	5	7	54047782.66	83924551.09	3505372834.19	5366747880.26	28725622	35130074.24	0	0	1448158726.79	2850806765.3	0	16298115.81
Chr02-anno2.g8399.t1	1	1	20074299.56	0	45925519.47	31726541.88	0	32119463.83	0	0	45925519.47	0	0	0
Chr02-anno2.g8493.t1	1	1	64684095.97	0	151909254.4	193408933.9	0	0	0	0	0	193408933.9	0	0
Chr02-anno2.g8656.t1	12	28	39969617.68	237401958.247	560519901.247	417884175.54	8219101902	6542772397.63	0	0	225944587.9	121058554.44	7096563022	6521969130.3
Chr02-anno2.g9797.t1	2	3	102066399.6	16960736.27	26264607.32	177605168.39	68195280	49324237.93	0	0	0	177605168.39	0	0
Chr02-anno2.g9805.t1	15	97	83434480132.567	93661811700.872	34830548984.43	41746916943.718	1265161037.88	2075566273.5	83422997515.167	93645666703.55	34781193332.6	41652609476.7	889250610	898553938.01
Chr02-anno2.g9847.t1	4	6	66142460.29	188744467.05	276487902.59	194779178.77	264314808.5	355072591.7	0	188744467.05	191031342.28	0	0	0
Chr02-long_reads1.PB.1006.2	2	2	0	0	0	98367248.3	62558068	0	0	0	0	0	62558068	0
Chr02-long_reads1.PB.1059.1	36	84	4436410814.486	4802741467.76	4844307203.37	3611233453.77	543539526	528568856.309	3204819550.56	4066235666.58	3014207120.38	715431191.5	0	0
Chr02-long_reads1.PB.592.2	1	1	80040724.93	0	42312011.51	53571788.07	0	0	0	0	42312011.51	0	0	0
Chr02-long_reads1.PB.648.1	1	2	24405230.18	24645185.32	66074052.72	104764564.2	31934522	99605832.38	24405230.18	0	66074052.72	0	0	0
Chr02-long_reads1.PB.666.1	1	1	0	0	55640068.55	178037556	0	0	0	0	0	178037556	0	0
Chr02-long_reads1.PB.686.1	19	25	70622908.82	206488696.399	431666796.32	637318347.31	2174969560	2138347108.591	0	0	240898085.3	266820333.7	1337454396	1374469782.911
Chr02-long_reads1.PB.703.3	3	4	7660776.576	0	76797073.03	154171131.75	511838912	455803668	0	0	76797073.03	25662467.93	0	0
Chr02-long_reads1.PB.784.2	70	335	71605319691.1	72400698778.391	119624462111.59	3385614211.463	9756090538	13218802678.935	67471206776.5	69043101438.87	110932240356.24	75645307.17	6221958623.5	9773002655.99
Chr02-long_reads1.PB.810.1	1	5	2174236904	850030856.4	9676974946	13829314251	691967424	682893607.9	2174236904	850030856.4	9676974946	13829314251	691967424	0
Chr02-long_reads1.PB.813.2	1	2	206432712	184082780.8	49696382.48	0	119551680	44060652.63	0	0	0	0	0	44060652.63
Chr02-long_reads1.PB.815.1	11	15	318184236.639	404246624.11	491521130.83	786430961.76	302249024	411645460.352	87656180.46	282139773.09	185458928.48	131045598.81	0	0
Chr02-long_reads1.PB.851.1	9	12	247620618.21	213939889.66	331017081.28	632379630.62	653187516	1011818551.146	0	0	227844047.29	521296510.92	0	0
Chr02-long_reads1.PB.859.3	2	3	0	0	162059372.54	251779274.6	57571818	0	0	0	87819958	251779274.6	0	0
Chr02-long_reads1.PB.862.1	12	20	0	0	2315463306.969	2596480783.62	84301116.75	29773971.225	0	0	2108679697.699	1961113248.72	0	21459666.44
Chr02-long_reads1.PB.889.1	2	3	103435157.9	148793272.38	93550665.76	20033406.15	20919338	40215261.5	103435157.9	57469553.56	0	0	0	0
Chr02-long_reads1.PB.897.1	1	1	0	0	0	0	33959032	7576654.293	0	0	0	0	33959032	0
Chr02-long_reads1.PB.901.1	1	1	0	0	25902103.1	74239413.61	26824464	35338348.23	0	0	0	74239413.61	0	0
Chr02-long_reads1.PB.936.1	1	1	0	0	80114213.47	57082513.32	21213932	0	0	0	80114213.47	0	0	0
Chr03-anno1.g51625.t1	1	1	0	0	0	34340181.4	0	0	0	0	0	34340181.4	0	0
Chr03-anno1.g51636.t1	5	13	109200437.7	129677338.8	1935541009.94	2015605712.2	116734144	50087709.51	0	129677338.8	1222840906.34	2015605712.2	0	0
Chr03-anno1.g51663.t1	1	1	0	0	32301391.06	103980278.3	0	0	0	0	32301391.06	0	0	0
Chr03-anno1.g51676.t1	16	26	218833902.0856	267053325.2391	1165156138.194	1613312719.38	798772824	433184755.984	0	0	692330863.69	813816524.82	743314134	167666999.8
Chr03-anno1.g51739.t1	3	4	67311744.82	23500354.96	128125234.89	472999267.48	33861246.5	21879611.11	0	0	60865932.63	472999267.48	0	0
Chr03-anno1.g51741.t1	10	36	2593087667.99	4117011991.549	1485754026.04	1064554573.4338	3022859563.5	2427125793.1619	2463108237.71	4079405140	524896302.7	433394411	716425683.5	2109269018.7
Chr03-anno1.g51825.t1	3	4	59371013.43	34312014.77	71188807.338	71174570.74	525056320	511200598.5	0	0	0	0	329674656	511200598.5
Chr03-anno1.g51837.t1	1	2	14338472.26	19844697.39	0	0	0	0	14338472.26	19844697.39	0	0	0	0
Chr03-anno1.g51925.t1	1	6	97111613.1	72641128.12	293730901.2	1627333514	17183610	0	97111613.1	72641128.12	293730901.2	1627333514	0	0
Chr03-anno1.g51926.t1	1	5	22407585.83	9843132.361	166657145.9	692052179.4	0	0	22407585.83	9843132.361	166657145.9	692052179.4	0	0
Chr03-anno1.g51933.t1	2	3	27345094.36	0	30248374.61	2754528090.2	66221580	133501737.2	27345094.36	0	0	2754528090.2	0	0
Chr03-anno1.g51944.t1	25	71	45584182.49	79193088.14	514458315.03	2475669187.31	17941976056	18064119958.69	0	0	165901690.41	914526190.12	17103335096	17792745699.69
Chr03-anno1.g51971.t1	14	32	1588213321.49	1856526058.509	1656868734.29	896383143.32	13663108467	4332125262.994	1160189488.32	1812977894.519	901667648.23	138202361.9	0	0
Chr03-anno1.g52015.t1	5	13	212838229.71	355247011.169	1254493652.28	4259629077.3	0	123978333.579	0	0	904160263.18	4259629077.3	0	0
Chr03-anno1.g52106.t1	9	14	1439242282.87	150554352.44	1356790414.41	2469617984.8	304307040	266066531.83	0	0	637656374.55	2235911700.1	98023672	22545258.35
Chr03-anno1.g52127.t1	24	115	42730141274	39452212566.1	23271953431.24	20060062986.01	849483753	1159052446.701	42730141274	33003178897.1	19194640317.61	16448479391.7	0	283685373
Chr03-anno1.g52179.t2	10	65	168644592.01	499555207.71	3333619268.9	6241570470.34	76161949793	93848033643	159537622.94	79812786.56	1976881194.5	5372549403.8	76161949793	93848033643
Chr03-anno1.g52180.t1	2	3	0	0	0	0	266043136	228137213.7	0	0	0	0	266043136	106507564.1
Chr03-anno1.g52195.t1	5	16	1189959579.9	1131657045.2	531605371.8	264175733.25	89281426	144214672.75	1189959579.9	780033546.2	441175481.1	35259403.82	0	0
Chr03-anno1.g52201.t1	1	1	0	0	38130261.03	116192814.9	0	0	0	0	0	116192814.9	0	0
Chr03-anno1.g52202.t1	3	5	181820525.935	341022887	270058210.03	258926573.12	34380360	6372203.385	172198488.7	104940419.9	85428740.8	85174075.62	0	0
Chr03-anno1.g52206.t1	6	9	24259635.691	74515808.811	1133987015.81	2896012372.7	107114588	91839101.25	0	0	988715030.5	2070210943.8	52057888	0
Chr03-anno1.g52220.t1	2	3	30016726.17	53066981.65	219126307.64	434342822.6	184208960	163173515.298	0	0	219126307.64	148254835.8	0	0
Chr03-anno1.g52246.t1	1	1	0	0	0	0	0	0	0	0	0	0	0	0
Chr03-anno1.g52291.t1	6	7	100588610.1	34789596.64	966961626.79	658291833.36	13349777	0	0	0	359965635.99	600864120.96	0	0
Chr03-anno1.g52328.t1	1	1	0	0	0	25974779.28	0	0	0	0	0	25974779.28	0	0
Chr03-anno1.g52362.t1	6	7	0	155981843.7	975773434.57	1789432893.38	23851014	0	0	0	550627882.97	1476891427.5	0	0
Chr03-anno1.g52554.t1	2	8	0	0	44031543.62	40445332.71	2187192304	1872737510.7	0	0	0	0	2187192304	1872737510.7
Chr03-anno1.g52604.t1	5	10	0	0	166536895.09	345422500.96	1133834912	2110346646.3	0	0	82515216.33	120475576.2	1133834912	1070603788.3
Chr03-anno1.g52645.t1	4	5	0	0	147128962.43	383701329.96	0	0	0	0	147128962.43	224808777.94	0	0
Chr03-anno1.g52808.t1	7	20	1885503817.6	2720874841	1865873842.81	2335184551.3	29121096	126788991.14	1549434036.9	1447385201.1	780904424.7	1243329328.5	0	0
Chr03-anno1.g52947.t1	1	1	0	0	0	35061793.18	0	0	0	0	0	35061793.18	0	0
Chr03-anno1.g52999.t1	1	1	106112158.5	100317563.3	0	0	0	0	106112158.5	0	0	0	0	0
Chr03-anno1.g53042.t2	10	14	13649257.88	34330990.61	1747293016.99	157282586.85	659366053.5	579302023.4	0	0	1747293016.99	0	141208125.5	202861789.9
Chr03-anno1.g53066.t1	8	35	2215536989.9	1466620481.33	2138888176.2	11167635340.8	309814373	412230979.13	1574769588.9	1187050745.9	1949023942.5	7863344964.8	24545360	174179151.74
Chr03-anno1.g53141.t1	4	5	26602976.14	27190031.525	291624262.14	569484756.62	34788788	53049273.59	0	0	192566014.91	375952369.62	0	0
Chr03-anno1.g53200.t1	2	2	0	0	83647990.03	0	18602346	34640470.8	0	0	83647990.03	0	0	0
Chr03-anno1.g53256.t1	10	18	1111621011.07	2357889557.81	872710430.95	771538010.87	215336599	267463855.505	860326177.25	1925111166.21	208694131.83	148281437.7	0	0
Chr03-anno1.g53306.t1	1	2	0	0	0	37111057.73	0	0	0	0	0	37111057.73	0	0
Chr03-anno1.g53316.t1	14	35	2405608490.08	5552572415.3	3038597057.15	5582177744.1	322558089.5	195853631.11	1755227645.1	4845179794.5	3038597057.15	3334553108.9	101513104	0
Chr03-anno1.g53350.t1	15	33	87133341.422	57082679.602	5289792716.7	9890006149.97	704806172	673996805.39	0	0	3649340080	8976840448.67	304120040	271446067.87
Chr03-anno1.g53352.t1	3	3	116793227.25	232067055.6	257869747.7	162033618.47	0	72865333.06	29289204.26	0	168782505.7	54539691.67	0	0
Chr03-anno1.g53358.t1	7	9	81614185.76	72178629.577	285643838.83	747615979.3	17126416	1292178287	12142463.43	0	124193913.5	625161120.8	0	0
Chr03-anno1.g53413.t1	1	1	0	0	47427823.14	144262754.6	0	0	0	0	0	144262754.6	0	0
Chr03-anno1.g53416.t1	2	5	1599812357.8	604168823.9	126561520.4	11346330.03	52841172	21144966.38	1599812357.8	604168823.9	0	11346330.03	0	0
Chr03-anno1.g53454.t1	1	1	0	0	0	53085211.68	27901962	0	0	0	0	53085211.68	0	0
Chr03-anno1.g53459.t1	4	5	0	0	233201830.32	309603962.76	12552262	0	0	0	137405966.68	180706728.16	0	0
Chr03-anno1.g53462.t1	2	3	0	0	119974078.98	253536403.2	0	0	0	0	80990127.76	253536403.2	0	0
Chr03-anno1.g53617.t1	13	53	12727204600.7	11390892494.3	4359519377.55	4029436869.93	22112610	121062335.057	11954142453.1	11265361214.4	3245527476.6	2291611246.4	9872220	0
Chr03-anno1.g53733.t1	2	8	24596794.4	25508309.37	2255825893.5	1736491189.9	17191066	0	24596794.4	25508309.37	2255825893.5	1736491189.9	0	0
Chr03-anno1.g53737.t1	1	1	144301048.3	0	505804246	1215637214	43693568	14637431.58	0	0	0	1215637214	0	0
Chr03-anno1.g53785.t1	1	1	0	0	0	0	56743020	36585517.42	0	0	0	0	56743020	0
Chr03-anno1.g53900.t1	3	3	3933726101.14	4075525663	1055658255.3	1015031562.8	308260192	157236605.983	0	0	1055658255.3	0	0	151582641.1
Chr03-anno1.g54040.t1	6	7	22569421.09	13705727.15	4189317062.5	30454068.59	221896108	152181269.546	0	0	4189317062.5	0	0	103070772.306
Chr03-anno1.g54081.t1	1	1	0	0	27472410.18	0	1339802368	1523382135	0	0	0	0	0	1523382135
Chr03-anno1.g54179.t1	3	3	275003417	244949738.3	469656570.5	532443833.3	0	39451356.93	0	0	0	532443833.3	0	0
Chr03-anno1.g54181.t1	2	2	16241106.05	0	70709380.86	205966244.65	0	24690056.76	0	0	0	205966244.65	0	0
Chr03-anno1.g54182.t1	27	86	1045115751.71	565439618.6	36653011919.51	24110380989.4	2383041003.5	2255120098.74	94968294.86	190198506.79	34222583015.51	20829088210.9	1533780088	831137505.65
Chr03-anno1.g54204.t1	1	1	0	0	33025416.52	57972374.26	0	0	0	0	0	57972374.26	0	0
Chr03-anno1.g54256.t1	15	69	600881830.21	581833337.65	34643447734.9	31163931905.12	15624783988	14881519415.3	325808594.78	426724985.31	34282127323.7	31010889101.2	15178182276	13847791946.1
Chr03-anno1.g54281.t1	1	4	233494263.8	116731828.5	411420283.6	461619229.9	270869504	214043404	0	0	411420283.6	461619229.9	270869504	0
Chr03-anno1.g54991.t1	2	4	0	13366688.75	297880421.4	72912607.94	103824472	0	0	0	297880421.4	72912607.94	103824472	0
Chr03-anno1.g55061.t1	3	5	0	0	387543070.4	107278862.91	85331680	597467371.64	0	0	244621097.6	0	26190192	580961599.5
Chr03-anno1.g55220.t1	5	7	0	0	340106475.98	375010522.27	129155480	67631408.26	0	0	64053228.75	339060800.69	48483800	67631408.26
Chr03-anno1.g55424.t1	5	11	40705649.53	40561455.38	726477009.2	1041141568.5	16361653.5	6775592.018	0	0	726477009.2	1041141568.5	0	0
Chr03-anno1.g55523.t1	2	2	0	0	30267136.23	85692566.29	0	13267577.83	0	0	0	25746164.65	0	13267577.83
Chr03-anno1.g55536.t1	4	5	0	0	269331935.11	486615314.31	15694906	68472465.22	0	0	229485793.48	187112845.41	0	0
Chr03-anno1.g55546.t1	1	2	0	0	81416027.68	68021608.99	56022056	0	0	0	81416027.68	68021608.99	0	0
Chr03-anno1.g55552.t1	1	2	118427351.4	0	0	0	66375408	62411312.31	0	0	0	0	66375408	62411312.31
Chr03-anno1.g55574.t1	5	13	2380637516.6	3476416507.8	6240832588.5	69166629.06	811513472	880798963.06	806565742.7	2144904888.8	5247192510.1	0	0	655200034.7
Chr03-anno1.g55592.t1	4	5	70402274.629	37789241.44	2530132900.7	3073730516.4	325930316	80652170.28	0	0	1199928254.8	2817285784.9	0	0
Chr03-anno1.g55617.t1	4	6	0	355770.5449	206565298.55	424043832.89	43269308	191631404.44	0	0	0	387842754.1	22283150	191631404.44
Chr03-anno1.g55624.t1	1	2	0	0	0	231341837.3	0	0	0	0	0	231341837.3	0	0
Chr03-anno1.g55635.t2	2	3	51181674.33	46016682.16	251902675	138282110.3	13403887	73712114.24	0	0	251902675	138282110.3	0	0
Chr03-anno1.g55646.t2	2	2	13647291.02	12648192.75	30255309	26319651.01	0	0	13647291.02	0	30255309	0	0	0
Chr03-anno1.g55694.t1	1	2	0	0	25136917.06	30422487.41	0	0	0	0	25136917.06	30422487.41	0	0
Chr03-anno1.g55711.t1	9	20	2382374860.04	2350689987.97	1058559811.55	1095898655.7	92930182	174468064.062	1770506342.9	1831620476.97	825645577.57	1078665493.1	53566580	0
Chr03-anno1.g55763.t1	2	2	59638985.87	62713579.51	47267501.83	144741922.39	0	50014325.73	0	0	0	144741922.39	0	0
Chr03-anno1.g55888.t1	9	52	100348024.89	20544914.75	869603842.861	1702554776.58	55528596077	46515099211.9	0	0	675491594.4	1641881129.2	55528596077	46515099211.9
Chr03-anno1.g55895.t1	7	14	186103222.34	227659816.007	21298965.88	1080507719.76	409462744	732039995.62	0	0	0	1080507719.76	151738728	732039995.62
Chr03-anno1.g55914.t1	1	4	776802054	1477052913	732712100.7	0	0	0	776802054	1477052913	732712100.7	0	0	0
Chr03-anno1.g56065.t1	1	2	0	0	48347530.31	110641546	0	0	0	0	48347530.31	110641546	0	0
Chr03-anno1.g56104.t1	2	2	0	0	132985883.68	315962889.15	0	0	0	0	0	315962889.15	0	0
Chr03-anno1.g56276.t1	6	22	28340103.633	96504524.856	8144299376	6785037388.6	1576408450	1781305919.9	0	27422282.62	8144299376	6785037388.6	1362337538	1634229721.1
Chr03-anno1.g56312.t1	33	113	493859683.487	343716026.087	3168288862.66	5126452530.81	80647035288	62826335247.89	0	0	1659614733.69	2108303777.65	62140624496	59512978096.39
Chr03-anno1.g56406.t1	1	1	0	0	41462681.71	57728046.57	0	0	0	0	0	57728046.57	0	0
Chr03-anno1.g56500.t1	1	1	0	0	147167651.4	86519069.61	21851278	0	0	0	0	86519069.61	0	0
Chr03-anno1.g56518.t1	9	20	15613818	17747418.969	2390131217.02	7161338663.2	301071403	222636388.015	0	0	1445421630.82	6601299463.6	0	0
Chr03-anno1.g56559.t1	2	3	5112349.868	8400149.503	641687578.36	0	38607924	6135250.802	0	0	641687578.36	0	0	0
Chr03-anno1.g56640.t1	12	58	35708413275.2	69828655957	26482210122.5	8909391441.9	1252004912	1244998022.89	33700207782	69828655957	17564909525.5	2214034301.2	653567076	608261217.88
Chr03-anno1.g56752.t1	8	14	673761842.19	508475329.72	811672995.63	1190167475.29	18224128	151313851.8	529472728.62	181445210.11	591637595.13	594169514.58	0	0
Chr03-anno1.g56753.t1	2	2	85703141.44	174678994.6	304154157.7	66922332.52	180629228	196045594.242	0	0	0	0	180629228	0
Chr03-anno1.g56775.t1	3	7	224127774.6	169853401.926	833965234.48	997959878.2	57339560	127427583.49	102995979.9	0	802418568	545107706.9	57339560	30791642.46
Chr03-anno1.g56782.t1	3	3	83041904.97	47647723	208036948.83	750482006.8	0	0	0	0	0	750482006.8	0	0
Chr03-anno1.g56800.t1	1	1	0	0	12177900.88	14122099.46	0	31208167.88	0	0	0	0	0	31208167.88
Chr03-anno1.g56801.t1	11	41	7441693.264	9173878.302	1093438620.7	2111454437.71	21963872920	22229691441.9	7441693.264	0	882121355.3	1567914659.6	20065349272	20028721772.9
Chr03-anno1.g56834.t1	9	13	185391799.57	106750549.138	816266446.53	2110491720.19	179033576	103154109.6	0	0	500921340.03	2110491720.19	0	0
Chr03-anno1.g56958.t1	1	1	0	0	14863537.76	65003484.61	0	0	0	0	0	65003484.61	0	0
Chr03-anno1.g56964.t1	5	8	36414008.5	0	409077068.5	2475428410.3	48288361	21400452.15	0	0	119275847.2	2475428410.3	0	0
Chr03-anno1.g57034.t1	2	2	7462354.896	8034459.223	362671563.3	491340636.9	0	0	0	0	0	491340636.9	0	0
Chr03-anno1.g57047.t1	3	5	23625607.09	17808443.23	302298629.73	1205503045.19	19001160	85975411.053	0	0	248354090.7	1205503045.19	0	0
Chr03-anno1.g57108.t1	6	13	40205955.63	51962187.92	2668727538.7	1956251887	108428218	116555725.03	0	0	2343620322.2	1956251887	0	0
Chr03-anno1.g57156.t1	20	52	1809047973.434	880379861.62	15681785505.14	61474339576.31	476066936	429679406.86	713568762.95	438827995.32	14574919163.94	59949344717.31	0	0
Chr03-anno1.g57210.t1	4	4	0	0	367110242.51	1136621433.7	76440920	0	0	0	142274266.6	672912275.4	0	0
Chr03-anno1.g57219.t1	5	7	0	0	494431455.81	415501673.31	26293684	0	0	0	374405597.31	359365906.1	0	0
Chr03-anno1.g57227.t1	1	1	23336124.59	0	0	0	55281228	36684886.45	0	0	0	0	0	36684886.45
Chr03-anno1.g57229.t1	15	20	245852649.273	294934626.266	2273137341.1	2667778157.31	442464222	356326361.293	28699444.87	27661785.11	1408043892.21	1717327581.08	0	0
Chr03-anno1.g57231.t1	1	2	0	0	130623218.5	1982390218	0	0	0	0	0	1982390218	0	0
Chr03-anno1.g57235.t1	1	3	0	0	38688711.6	1428310838	0	0	0	0	38688711.6	1428310838	0	0
Chr03-anno1.g57244.t1	3	10	32287385.96	35385373.69	2187012891.6	21053157210.5	78794464	86434518.81	0	35385373.69	2187012891.6	20908374236.6	78794464	86434518.81
Chr03-anno1.g57321.t1	2	3	79829104.979	125001652.85	66589353.13	14603311.81	0	0	77086888.64	125001652.85	0	0	0	0
Chr03-anno1.g57353.t1	12	36	3952907254.31	3639026854.18	1886023236.16	2973673532.71	158352170.5	435993455.326	3488963164.81	3194498240.1	1858314754	2148762896.54	0	13052025.17
Chr03-anno1.g57402.t1	7	13	7194540.793	44261577.7	444702086.97	152341416.38	350428284	327983551.79	0	0	392646043.37	0	180952632	261710325.14
Chr03-anno1.g57405.t1	7	10	45790298.17	8456220.106	351538537.66	891542617.47	12611209	85869130.68	0	0	303340066.97	608997637.67	0	0
Chr03-anno1.g57426.t1	7	35	418920824.37	241696818.95	11819755027	18221815058.32	2725596162	2432579213.42	153785655.27	131177736.05	11819755027	18202316535.01	2367755330	2432579213.42
Chr03-anno1.g57427.t1	5	7	4847011987.12	10439506213.43	61678586.69	20111697.2	2147610618	1760317808.9	0	0	0	0	1903086426	1033384422
Chr03-anno1.g57432.t1	13	45	3975547939.95	5350199947.56	3715534097.1	4147522230.222	467455268	107279137.736	3102778710.3	5350199947.56	2901245730.8	3230696929.5	63295610	0
Chr03-anno1.g57434.t1	12	24	0	0	3158869458.88	2201601893.62	323826657	345542270.62	0	0	3158869458.88	602253707	124903640	23279135.1
Chr03-anno1.g57435.t1	1	1	0	0	34528022.65	0	0	0	0	0	34528022.65	0	0	0
Chr03-anno1.g57441.t1	4	4	22753579.15	0	99199164.2	639860326.21	72016168	63722924.44	0	0	0	639860326.21	0	0
Chr03-anno1.g57517.t1	2	3	120930166.43	0	0	0	187720222	434307284	0	0	0	0	148597840	161953674.4
Chr03-anno1.g57527.t1	17	37	1309249420.596	1507070377.07	1142093814.89	1884554427.81	736565807	15981343514.45	847099646.66	939473685.69	588248719.52	858841018.98	244674655	213461656.83
Chr03-anno1.g57531.t1	1	1	0	0	57701761.67	134092651.1	0	0	0	0	0	134092651.1	0	0
Chr03-anno1.g57538.t1	42	120	14347272282.84	14076026280.2	7714382656.273	4530489802.57	1444329908	2841070413.956	11889184298.68	11792172939.07	5883588917.72	2094208514	443998864	835749011.51
Chr03-anno1.g57594.t1	1	1	1281529882	2506095741	423506097.4	444921672.3	74513912	0	0	0	0	0	74513912	0
Chr03-anno1.g57612.t1	1	1	8678340.202	21867085.72	71224838.79	168651531.7	3804669.5	0	0	0	0	168651531.7	0	0
Chr03-anno1.g57617.t1	10	18	68064791.05	112798305.546	423347352.96	484894257.98	1426113441.5	1845174435.009	0	41031015.01	140248553	232748959.9	1340060785.5	1474383298.49
Chr03-anno1.g57627.t1	2	10	91486029.67	165740695.64	282900185.1	327701725.42	162169536	403442311.1	0	0	282900185.1	327701725.42	162169536	403442311.1
Chr03-anno1.g57640.t1	30	84	396846484.751	839105768.04	37705337587.96	18752602145.85	5468550743.5	3998199317.7	0	0	37464662978.66	16176644634.2	4164889388	2383155821.91
Chr03-anno1.g57644.t1	2	2	74803884.04	93385837.74	61883590.92	0	0	0	0	93385837.74	61883590.92	0	0	0
Chr03-anno1.g57655.t1	26	55	322746721.21	572612579.706	1379450760.72	859393333.42	9612522690	7520977516.819	0	0	760010300.32	75357487.17	8146988906	6559672504.72
Chr03-anno1.g57682.t1	2	2	0	0	0	151132398.34	0	4553690.475	0	0	0	151132398.34	0	0
Chr03-anno1.g57685.t1	10	39	7212809244.7	9196389096.3	5135532847.8	1865298796.33	90663248	83599057.498	5989789194.1	8154797432.7	3607707991.1	1084647463.99	36431576	0
Chr03-anno1.g57796.t1	25	71	6956893928.3	6625285542.49	3320236575.15	7072714533.89	795354281	639074816.9	6071180057.87	5260160232.33	2260789104.02	5438896664.98	0	0
Chr03-anno1.g57845.t1	1	2	0	0	47810503.59	78681677.3	21742902	0	0	0	47810503.59	78681677.3	0	0
Chr03-anno1.g57873.t1	5	6	133927907.9	251904616.3	252227482.66	318864124.68	204169438	62289773.319	0	0	87210748.65	318864124.68	0	0
Chr03-anno1.g57881.t1	12	18	25487233.38	242472614.48	228594461.91	345598204.59	2889599472	1795258845.19	0	0	0	0	2468953616	1136545336.29
Chr03-anno1.g57884.t1	1	1	0	0	0	59083349.38	0	0	0	0	0	59083349.38	0	0
Chr03-anno1.g57979.t1	2	7	86613274.65	0	6444082964	439984832.1	203250560	186187213.1	0	0	6444082964	439984832.1	203250560	0
Chr03-anno1.g57986.t1	5	8	0	14026896.26	16558068.55	114377112.697	1277392780	1094050156.803	0	0	0	0	1162848452	906465493.3
Chr03-anno1.g58012.t1	7	8	299816904.53	415401602.25	33658151.16	22804183.41	433979598	1162184430.91	191810840.89	415401602.25	0	0	0	0
Chr03-anno1.g58013.t1	11	22	0	37989966.88	51062767.55	17730607.76	2927031292	2373650465.33	0	0	0	0	2591148636	2373650465.33
Chr03-anno1.g58056.t1	4	4	0	0	188711271.17	188457592.41	46561236	98826157.71	0	0	48981414.9	188457592.41	0	0
Chr03-anno2.g16299.t1	3	5	20655058.45	8799415.962	501168791.8	603741919	0	0	0	0	244877994.8	603741919	0	0
Chr03-anno2.g16453.t1	14	47	435842470.98	292118189.553	3125419326.77	6190709637.67	3341611890	2488032859.06	203575554.78	128847661.9	1012771259.08	5981936272.2	2893292530	2216642331.29
Chr03-anno2.g16466.t2	2	5	21376816.15	0	86917953.88	3956384689	0	0	0	0	29458313.27	3956384689	0	0
Chr03-anno2.g16597.t1	9	38	150904478.36	183573602.5	13038399433.8	64005670648.5	146823456	656361707.76	85362883.03	23350086.09	13038399433.8	52105498512.5	124212802	576914654.8
Chr03-anno2.g16860.t1	1	1	0	0	51851685.24	27437667.14	0	0	0	0	51851685.24	0	0	0
Chr03-anno2.g16989.t1	7	11	1069298907.16	984581130.16	495962160.37	395259540.82	141636420	191532277.56	491763924.62	908373702.42	265679725.6	56289647.19	0	0
Chr03-anno2.g17130.t2	5	9	42111493.49	0	1449243879.58	880195512.07	44461484	103349369.43	0	0	1000440747.08	857786940.46	0	0
Chr03-anno2.g17143.t1	1	1	0	18491933.24	0	157753229.1	0	38446088.87	0	0	0	0	0	38446088.87
Chr03-anno2.g17362.t1	1	1	0	0	0	0	0	22760831.53	0	0	0	0	0	22760831.53
Chr03-anno2.g17890.t1	14	22	676557805.289	1396785408.32	559324586.36	257169065.46	88704816	0	484390682.79	861949020.02	44870167.8	0	0	0
Chr03-anno2.g17980.t2	3	4	20960627.28	99812802.59	60869215.52	0	0	0	0	99812802.59	60869215.52	0	0	0
Chr03-anno2.g17981.t1	8	25	2104357129.4	2625452898.4	1131685371.51	1172657961.78	33733770	80833215.466	1923099651.4	2625452898.4	617004453.96	551577569.4	0	0
Chr03-anno2.g18149.t1	8	27	186083253.48	14768100.92	683360721.1	1040748889.94	19594099352	17109773938.6	0	0	76566234.16	72096637.42	19546087264	17109773938.6
Chr03-anno2.g18342.t1	2	3	24154478.97	12233056.82	563962310.54	3078651482.1	0	74608761.55	0	0	68425887.84	3078651482.1	0	0
Chr03-anno2.g18421.t1	5	14	0	0	56929986.22	105200854.26	840614534	1013197527.24	0	0	0	0	840614534	846109984.54
Chr03-anno2.g18441.t1	5	5	0	0	9450551.277	11303352.43	159952176	193651128.7	0	0	0	0	128519156	44301643.67
Chr03-anno2.g18448.t1	3	3	0	0	484279724.68	636690110.83	0	0	0	0	124516701.68	533126041.9	0	0
Chr03-anno2.g18458.t1	1	2	0	0	148516031	92756555.75	29627556	81862361.32	0	0	148516031	92756555.75	0	0
Chr03-anno2.g18675.t1	38	100	353563117.064	444488397.152	696054146.83	2808773672.79	27173863074	30355026131.91	0	0	40268966.6	1548766428.1	25383949960	28810484738.69
Chr03-anno2.g18797.t1	3	5	14162553.22	180207026	2434399399.2	110796207.1	0	69342503.44	0	0	2434399399.2	0	0	0
Chr03-anno2.g18851.t1	2	3	159259941.6	202541031.7	0	32928771.61	872743424	913457606	0	0	0	0	507513280	913457606
Chr03-anno2.g19279.t1	3	3	36991366.342	0	164960628.71	169125714.47	84629026	86981630.25	0	0	164960628.71	0	0	0
Chr03-anno2.g19292.t1	1	1	0	0	0	244272649	0	0	0	0	0	244272649	0	0
Chr03-anno2.g20267.t1	1	1	0	0	60558386.9	165363023.3	0	0	0	0	0	165363023.3	0	0
Chr03-anno2.g20351.t1	5	7	448258002.03	464871790.48	146292672.83	165686266.57	0	0	172689645.23	409856087.82	0	81813583.5	0	0
Chr03-anno2.g20526.t1	1	1	0	0	71018293.93	127985796.9	0	0	0	0	0	127985796.9	0	0
Chr03-anno2.g20661.t1	29	292	154427905507.59	273084568467.2	193857294612.54	37884754777.683	31045858817	28117701634.05	154382362684.06	263704098854.2	193021977479.37	35213643562.62	30731198837	27909340589.82
Chr03-anno2.g21223.t1	22	77	5648639338.89	16785204852.3	9137876522.935	3926392846.42	657224351.5	570204550.711	4441785895.43	14199549578.1	8524946571.845	2570100569	267227026	81902606.86
Chr03-anno2.g21342.t1	10	24	121915426.52	151244623.692	174775554.06	408027955.5	11522635736	10264652873.57	0	0	0	0	7738846552	7597471036.27
Chr03-anno2.g21502.t1	1	1	0	0	0	0	0	61267891.26	0	0	0	0	0	61267891.26
Chr03-anno2.g21514.t1	5	9	0	0	520117223.76	755378817.9	69978422	73063019.45	0	0	351065836.06	755378817.9	43318024	0
Chr03-anno2.g21955.t1	5	8	0	0	401550855.86	581291028.1	167777648	89856021.72	0	0	340133422.81	457751727.5	0	0
Chr03-anno2.g22059.t1	12	49	110639215.62	85134451.74	1423238333.93	2230980519.94	21664580584	16920223153.77	0	0	1080253761.6	1902090305.09	21664580584	16866701011.3
Chr03-anno2.g22530.t1	9	13	30614481.137	26789506.44	2119849877.57	3248516758.81	194587187	73240090.82	0	0	1543017640.17	2105087548.8	71424640	0
Chr03-anno2.g22532.t2	3	5	0	0	210188861.58	301218804.46	8958013	19498773.8	0	0	210188861.58	68295691.56	0	0
Chr03-anno2.g22682.t1	5	6	32693536.43	3299463.343	179395495.63	624309793.06	45775591	35513189.01	0	0	35948055.58	624309793.06	0	0
Chr03-anno2.g22812.t1	38	137	9810599802.01	2859674292.34	67657762173.733	4666871316.38	6908231464	17274593717.2	8382325326.4	1664483623.52	65642178974.23	1736182387.36	5264086064	15570803418.25
Chr03-anno2.g22858.t1	13	21	599357676.32	764454774.56	849315192.95	761601729.56	516781191	770231054.39	217382415.87	344589613.05	227333414.44	0	440669258	325701429.41
Chr03-anno2.g22945.t1	2	4	0	0	20800721.06	0	303266096	316438722.7	0	0	0	0	32031152	316438722.7
Chr03-anno2.g22964.t1	1	2	0	0	0	0	161004256	211501642.5	0	0	0	0	161004256	211501642.5
Chr03-anno2.g23060.t1	1	1	0	0	30028625.72	135300799	0	62926626.03	0	0	0	135300799	0	0
Chr03-anno2.g23183.t1	7	8	124754893.9	30330045.55	354996405.222	357373552.5	1078330634	550741882.03	0	0	0	0	290786564	550741882.03
Chr03-anno2.g23275.t1	1	1	152107713	0	0	0	0	0	152107713	0	0	0	0	0
Chr03-anno2.g23328.t1	36	134	646239814.82	728185019.8503	27001985840.77	55478518196.9796	12878364396	12494641559.001	277649648.02	592497724.92	23575217124.47	43578712515.9796	10926227504	7011471149.37
Chr03-anno2.g23436.t1	12	53	4444253580.98	6179105345.999	7016594645.86	5681446703.96	4310728080	4143139975.9	4444253580.98	5143096683.1	3092876017.8	2758429651.5	4310728080	3703025287.7
Chr03-anno2.g23587.t1	2	3	0	75849888.82	0	0	423164340	486723016.4	0	0	0	0	277147332	294625192.7
Chr03-anno2.g23596.t1	1	2	83320907.93	36227495.3	0	53339974.54	15430918	0	0	0	0	53339974.54	0	0
Chr03-anno2.g23601.t1	4	27	6299614539	9737918806	7886376686.2	5751239049.3	864159268	1124231767.39	6299614539	9737918806	7886376686.2	5751239049.3	840721386	1109761245.38
Chr03-long_reads1.PB.1086.1	9	12	72959936.61	0	344406670.44	1413871559.76	40495710	39056838.853	0	0	69997511.86	1369924420.8	4129401	0
Chr03-long_reads1.PB.1187.7	44	127	303248821.234	266823866.02	1423143294.733	3183227675.23	39049592181	35935394978.94	0	0	190019755.08	1263378825.3	38393601227	34917514268.45
Chr03-long_reads1.PB.1210.2	1	1	0	22320591.29	17017759.87	17997376.52	0	0	0	0	0	17997376.52	0	0
Chr03-long_reads1.PB.1232.1	1	1	0	0	0	24704551.53	0	0	0	0	0	24704551.53	0	0
Chr03-long_reads1.PB.1241.1	2	4	0	0	115072190.83	710732137.71	0	0	0	0	40642122.89	710732137.71	0	0
Chr03-long_reads1.PB.1279.4	11	20	0	0	1028285358.95	2111287210.82	47142856	115884336.63	0	0	813807810.35	1808248695.42	0	0
Chr03-long_reads1.PB.1280.1	12	28	24983217.7	102351439.86	2359677483.63	6555829405.67	1111156032	786561011.93	0	0	1747953424.6	6296757926.1	764123404	531408800.82
Chr03-long_reads1.PB.1349.5	3	3	57736819.77	59914663	61657583.44	254625577.59	0	52184506.09	0	0	35514537.59	157368626.73	0	0
Chr03-long_reads1.PB.1443.2	1	1	0	0	0	74636863.19	54446652	24660283.39	0	0	0	74636863.19	0	0
Chr03-long_reads1.PB.1520.1	2	2	168293684.7	221012587.99	34605688.07	100133831.46	0	0	0	0	23167088.17	20617989.57	0	0
Chr03-long_reads1.PB.1596.1	1	1	0	0	38636856.42	0	24198182	47625609.02	0	0	0	0	0	47625609.02
Chr03-long_reads1.PB.1631.4	17	31	96656252.245	13251029.92	2465081634.02	1886441803.66	2466315490	4655585847.6	0	0	1843642222.42	1140425968.86	1761543164	1164840524.68
Chr03-long_reads1.PB.1643.2	19	35	657233066.274	1606925769.281	1060999697.83	679471546.04	1261292694	743568025.004	537112214.82	1304763258.58	531431595.99	66011308.34	791196138	266485622.31
Chr03-long_reads1.PB.1653.1	1	1	0	0	0	59963292.02	0	0	0	0	0	59963292.02	0	0
Chr04-anno1.g45181.t1	13	33	1998068211.62	2619500651.88	1201607834.5	1123825650.12	166663305	339746933.52	1978351609.52	2392529237.48	763930764.8	490175981.32	54829048	0
Chr04-anno1.g45221.t1	9	17	270133892.316	562495697.768	923458729.38	1207604896.29	523492283	1164054784.19	122975319.26	223477502.45	542503683.35	774960014.17	0	0
Chr04-anno1.g45230.t1	1	1	0	3292461.81	30617838.43	0	0	34082400.32	0	0	30617838.43	0	0	0
Chr04-anno1.g45257.t1	4	5	0	0	461994725.91	592226649.2	135824836	20891372.6	0	0	125433441	487560004.4	135824836	0
Chr04-anno1.g45329.t1	4	7	22703971.1	43553383.99	515960003.57	1476381350.44	404740644	0	0	0	515960003.57	1136510098.24	109171600	0
Chr04-anno1.g45330.t1	2	2	0	0	122654474.1	203244284.97	0	0	0	0	0	203244284.97	0	0
Chr04-anno1.g45390.t1	10	20	0	32773926.015	73505846.015	203111943.297	6306163397	5743827866.72	0	0	0	41954641.85	5538468549	2943043500.97
Chr04-anno1.g45458.t1	5	21	2693844386.6	3562135121.3	1640745053.4	2320884710.7	0	142977398.64	2553359832.2	3373285435.4	1360665989.8	1912297827.5	0	0
Chr04-anno1.g45467.t1	7	11	615557951.521	590639977.22	1597051327.557	107890401.451	519924056	1011047651.07	0	0	1593656656.4	9174623.091	436235752	250080860.9
Chr04-anno1.g45483.t1	11	24	51731594.07	166449574.09	9438237141.6	10038215175.74	817079951	1228590033.51	0	0	7185472153.3	6700020472.2	392439110	300493990.4
Chr04-anno1.g45499.t1	6	7	18032225.151	12596429.75	564004606.89	719164438.12	75508257.5	46493133.66	0	0	259417447.89	505894976.21	0	0
Chr04-anno1.g45501.t1	10	37	4897655088.05	3349147835.34	3523124751.8	2329948347.5	169429114	250232017.79	4873580416.52	3252375679.2	3523124751.8	1618862683.2	33778932	22161684.94
Chr04-anno1.g45521.t1	9	15	360129566.7	176580798.6	284323365.38	215282869.58	1700334184	2726425798.53	0	0	0	0	1432748616	2110986116.13
Chr04-anno1.g45563.t1	2	3	51987441.36	56027086.197	172516768.53	1928443757.2	269333728	312996233.4	0	47128694.77	46713476.23	703947319.2	0	0
Chr04-anno1.g45619.t1	1	1	0	10249429.28	52851813.77	193556829.6	0	0	0	0	0	193556829.6	0	0
Chr04-anno1.g45631.t1	4	16	99434978.123	177447385.801	1047646515	5659305289.014	182405088	288422557.3	91301640.97	120995635.1	1047646515	5659305289.014	101608480	0
Chr04-anno1.g45723.t1	8	18	305080249.347	180222430.66	2334938645.61	12810323400.5	83371738	26614185.684	143230496.65	103551641.7	1334781411.73	12810323400.5	0	0
Chr04-anno1.g45785.t1	2	2	48086927.08	18004441.2	50652248.7	226589097.11	0	21713317.68	0	0	50652248.7	167324995.9	0	0
Chr04-anno1.g45825.t1	1	1	106026337.9	95592043.39	64716838.94	0	0	0	0	0	64716838.94	0	0	0
Chr04-anno1.g45830.t1	9	18	2462921760.72	2204903313.38	1108916363.692	795803352.04	105184457	12106913.3	1495577203.57	1645618378.58	957767469.39	144116754.1	0	0
Chr04-anno1.g45878.t1	11	20	1535061185.39	1903567288.63	426996255.08	186129995.41	16027593	0	1038201768.43	1775995883.09	173468060.14	151853659.79	0	0
Chr04-anno1.g46389.t1	1	2	16021456.66	0	111861630.9	262042301.1	0	0	0	0	111861630.9	262042301.1	0	0
Chr04-anno1.g46404.t1	5	13	125121072.06	52453040.73	157899807.6506	88433994.99	1732868394	2276335064	0	0	0	0	1708071992	2276335064
Chr04-anno1.g46406.t1	1	1	0	0	0	0	1338299.375	0	0	0	0	0	1338299.375	0
Chr04-anno1.g46486.t1	1	1	264011820.6	740320746.5	0	35472029.73	0	0	0	740320746.5	0	0	0	0
Chr04-anno1.g46547.t1	2	2	0	0	270408071.05	169315695.5	8699412	33297759.67	0	0	270408071.05	0	0	0
Chr04-anno1.g46557.t1	1	4	0	0	0	0	332126984	376020160	0	0	0	0	332126984	376020160
Chr04-anno1.g46581.t1	13	42	5443971624.2	9345657463.88	7743815685.549	2480654853.64	643959232	678600573.362	3794321100.34	6088403703.34	7420429541.8	1039345817.7	139398264	0
Chr04-anno1.g46688.t1	23	155	908286473.41	281527548.9	4205511853.6	10025036780.943	91351301620.63	97940238619.27	224590979.5	107133844.27	3068887442.96	8132247488.8	91210133352.63	97940238619.27
Chr04-anno1.g46730.t1	16	33	1463700000.56	2183983686.56	913246847.57	855137825.92	450628483.5	393189704.3	1074661725.84	2000872925.03	146296866.22	115879254.5	424928764	111502286.24
Chr04-anno1.g46736.t1	7	13	744497077.1	1055227446.71	383604878.72	191092131.3433	70157928	160988281.993	744497077.1	661184606.01	297796671.05	0	0	0
Chr04-anno1.g46782.t1	4	7	0	11945954.52	591587923.39	714352372	196049424	177912660.4	0	11945954.52	591587923.39	445195904.2	0	0
Chr04-anno1.g46788.t1	7	24	4318490965.71	4552825623.2	2913122373.94	2576267151.2	1411253665.75	649954307.48	4299028283.4	4113191030.6	2748849589.54	997998793.3	0	0
Chr04-anno1.g46836.t1	8	10	91479886.55	44694327.56	1548480319.69	1881866648.03	33299990	34176511.97	91479886.55	0	1195846537.89	527475635.9	0	0
Chr04-anno1.g46970.t1	5	6	86140650	158809163.3	0	50749115.65	1488177596	1183479277.39	0	0	0	0	866833276	894671835.4
Chr04-anno1.g47029.t1	8	17	249575544.866	127789278.188	128827968.77	213553075.09	3410193128	4184660954.36	0	0	0	0	2977976168	4138931860.7
Chr04-anno1.g47049.t1	1	1	0	0	3848915.942	44824933.7	12201227	2072817.085	0	0	0	0	12201227	0
Chr04-anno1.g47054.t1	3	5	205718880.32	282316442.28	139609813.36	169488137.1	104611368	0	87243079.62	282316442.28	0	169488137.1	0	0
Chr04-anno1.g47062.t1	7	11	344271578.12	14725769.416	1021552692.13	2238044052.75	0	76019243.552	0	0	960898282.25	2080788030.5	0	0
Chr04-anno1.g47173.t1	14	26	471585634.134	251407971.57	353352229.15	126503106.95	4483200582	4458073949.97	0	0	0	0	3840137990	3729213153.95
Chr04-anno1.g47287.t1	11	21	8124242.374	68601711.09	208032891.709	424024016.44	4865783816	3566488102.01	0	0	0	0	4585106504	2695024706.11
Chr04-anno1.g47347.t1	3	5	585357771.97	528856880.69	222115514.9	77468228.47	0	0	293147066.2	286299294.29	119234373.1	0	0	0
Chr04-anno1.g47348.t1	2	3	47731478.371	69926533.19	20841610.69	9164208.741	0	0	42202142.91	25570727.57	0	0	0	0
Chr04-anno1.g47357.t1	9	27	879029675.75	679945561.79	21406524109.4	37682637112.5	516167744	1698263753.36	0	240577174.3	20051999859.4	29589941084.5	151341952	695825319.6
Chr04-anno1.g47377.t1	3	4	3118807359	4843013828	3442417430	4134635176	479964964	312526426.24	0	0	0	0	455062648	312526426.24
Chr04-anno1.g47378.t1	1	1	0	0	0	32667203.2	0	0	0	0	0	32667203.2	0	0
Chr04-anno1.g47400.t1	8	12	1356620653	328061339.8	1431418849.39	3184088640.91	774360878	781878051.49	0	0	0	0	620430140	505596705.59
Chr04-anno1.g47425.t1	8	10	840002631.969	1028639454.76	338575050	132096458.27	203577280	562940022.78	614739349.93	490655981.84	0	0	0	0
Chr04-anno1.g47504.t1	1	1	0	0	0	0	0	0	0	0	0	0	0	0
Chr04-anno1.g47585.t1	5	15	1861029814.2	1086191617.93	1242745910.17	1842527910.9	128107532	116990888.297	1385942769	695445227.9	1125009118	1593840949.7	0	0
Chr04-anno1.g47717.t1	1	6	405448990.1	772722999.9	155974304.8	0	0	0	405448990.1	772722999.9	155974304.8	0	0	0
Chr04-anno1.g47806.t1	1	1	0	0	0	63307967.71	0	0	0	0	0	63307967.71	0	0
Chr04-anno1.g47937.t1	4	9	82448790.29	83815715.19	342826810.89	1591237992.7	107643773	158427471.22	0	0	342826810.89	1513907391.3	0	25912225.68
Chr04-anno1.g49160.t1	7	12	0	20616294.38	1641707693.25	2120930433.2	361435292	322289411.12	0	0	994173989.35	2061034432.8	48575368	16329495.94
Chr04-anno1.g49161.t1	1	1	21206710.74	85095150.58	0	96671248.98	174814000	5201995.229	0	0	0	0	174814000	0
Chr04-anno1.g49484.t1	27	94	107619515.391	222258405.807	22096092355.09	38747129692.68	1602254399.25	2169209904.781	0	0	21695421414.79	37114838316.2	487167596.25	1548192080.11
Chr04-anno1.g49515.t1	37	180	15212912356.005	1412328986.772	8099741476.77	19672703895.425	189953444075	220642057343.13	15812957.23	0	5223624960	12789451432.9	189818525040	212881794568.13
Chr04-anno1.g49714.t1	6	11	0	0	572166143.85	745267896.82	10926065	102422738.4	0	0	519046875.31	675759560.47	0	0
Chr04-anno1.g49792.t1	2	3	33526479.8	35411923.23	930438321.9	2014937240.8	165534528	92904562.44	0	0	363811955.1	2014937240.8	0	0
Chr04-anno1.g49801.t1	12	19	38352345.05	3981887.448	282398317.04	169633560.37	3082900032	1860361357.19	0	0	32146688.78	0	2619186096	1717363127.13
Chr04-anno1.g49974.t1	2	3	0	0	0	0	369515608	103219408.27	0	0	0	0	369515608	0
Chr04-anno1.g50029.t1	11	35	5102577060.27	7351954348.63	4160729298.6	2462151239.34	207729262	133649950.975	3391887520.86	5448817039.97	3497733331	1176723442.3	128625264	0
Chr04-anno1.g50061.t1	12	22	35808625.9	69233351.06	4582253054	8088173501.05	193030448	294351465.344	0	0	3454724703.4	7784500447.5	0	59441433.28
Chr04-anno1.g50273.t1	6	11	53603631.496	35145180.68	70130911.58	12329261.82	1109262712	1119226656.795	0	0	0	0	1109262712	898306964.1
Chr04-anno1.g50275.t1	2	3	0	23363634.39	388344045.2	308433928.7	0	39286104.41	0	0	126713894.4	308433928.7	0	0
Chr04-anno1.g50374.t1	2	2	1090771.585	0	32926564.34	194682823.511	89019842	125937161.343	0	0	0	189325985.7	17509210	0
Chr04-anno1.g50409.t1	1	1	20603815.77	0	46595096.83	69786628.6	0	0	0	0	0	69786628.6	0	0
Chr04-anno1.g50425.t1	2	2	0	0	23587457.664	39765969.87	0	0	0	0	6028493.424	39765969.87	0	0
Chr04-anno1.g50430.t1	5	7	0	0	0	0	410414248	351974029.94	0	0	0	0	366522412	238344196.98
Chr04-anno1.g50516.t1	7	8	0	84529307.741	183671591.41	1228289400.79	204609146	139405252.82	0	0	163145687.99	1078519713.79	0	0
Chr04-anno1.g50545.t1	15	60	10119719094.56	18917086648.2	18020634875.04	9610566481.814	1244285442.5	1318145608.91	10067812737.4	15737637408.8	15630622869.1	9152720824.9	718412616	718290760.01
Chr04-anno1.g50554.t1	21	43	204027364.93	296749630.243	2688927621.48	10107743453.2	1408366271	1699301407.99	67719509.78	23753034.67	1909805056.6	9940343467.04	809628896	688746385.16
Chr04-anno1.g50657.t1	1	2	0	0	13425053.54	10784109.43	0	0	0	0	13425053.54	10784109.43	0	0
Chr04-anno1.g50664.t1	6	9	301012921.5	149878641.73	1746464742	5774088809	784860748	565314601.86	0	0	0	0	750565352	500813716.22
Chr04-anno1.g50669.t1	6	12	83392553.22	139413078.5	316127965.67	158123561.29	1478806672	1152609944.259	0	0	0	73275237.26	1478806672	1011515510.79
Chr04-anno1.g50909.t1	2	3	0	0	127610741.03	98780945.05	0	0	0	0	127610741.03	66558336.35	0	0
Chr04-anno1.g50970.t1	12	54	48413220.7	11086346.18	742162656.682	1749038912.967	25873148568	31052188483.42	0	0	483856893.4	1319534657.2	25515744920	30981551941.7
Chr04-anno1.g51220.t1	3	3	0	7845947.439	26585279.88	0	235679480	381255907.08	0	0	0	0	235679480	115702105.4
Chr04-anno1.g51298.t1	1	1	0	0	15634761.86	0	406545824	427520020.4	0	0	0	0	0	427520020.4
Chr04-anno1.g51347.t1	1	2	9468896.791	60281459.83	55236499.85	0	0	0	0	60281459.83	55236499.85	0	0	0
Chr04-anno1.g51520.t1	6	13	3460466.598	0	26761944.77	35016893.81	820657808	885989408.75	0	0	0	0	820657808	774305658.75
Chr04-anno2.g23679.t1	77	319	1573869014.411	1129719439.068	9460690869.65	16317350072.93	191522012328.8	178861429779.75	274195809.35	24740088.46	6442526186.19	12098589121.3	168321450149.8	170007154487.72
Chr04-anno2.g23838.t1	2	2	0	0	159284765.98	269463573.04	37268952	18229481.34	0	0	44054070.18	204433779.4	0	0
Chr04-anno2.g23985.t1	7	39	8542061983.9	12730108973.5	12945245372	6413573956.9	796017736	652860121.14	8542061983.9	12730108973.5	12945245372	6413573956.9	671320988	287499247.56
Chr04-anno2.g24006.t1	1	2	0	61671152.33	96041047.05	282759230.9	0	0	0	0	96041047.05	282759230.9	0	0
Chr04-anno2.g24019.t1	10	16	647251351.48	778160709.42	309463863.09	407068201.39	421081720	1287554452.413	484108923.2	671265899.01	0	0	0	0
Chr04-anno2.g24158.t1	4	10	324365882.93	237518712.13	550686096	2018197884	7534411	657496176.8	130639284.57	81323882	351683038.4	2018197884	0	0
Chr04-anno2.g24167.t1	3	4	40187167.5	18166617.19	0	11749901.01	163637956	209264201.69	0	0	0	0	112084396	129967336.04
Chr04-anno2.g24404.t1	1	1	0	0	46318801.57	0	0	0	0	0	46318801.57	0	0	0
Chr04-anno2.g24505.t1	30	92	1758577957.8	1604430725.347	9261650183.039	9356343393.21	4162191345	3262424183.999	1144719985.93	1220491757.89	5376062205.17	9195077868.17	2317492194	2148286231.19
Chr04-anno2.g24768.t1	4	8	0	0	0	0	889209116	855440668.85	0	0	0	0	889209116	765903186.6
Chr04-anno2.g24880.t1	3	3	46136780.23	37914186.87	40099900.88	20304431.97	167938288	184825973.94	0	0	0	0	131717292	38034182.64
Chr04-anno2.g24989.t1	2	2	0	50890994.27	15030662.73	0	310927472	175742071.7	0	0	0	0	310927472	0
Chr04-anno2.g25270.t1	1	1	0	0	0	0	124555592	60128639.99	0	0	0	0	0	60128639.99
Chr04-anno2.g25555.t1	6	10	0	0	0	0	1715108412	1555036326.38	0	0	0	0	1715108412	1355288958.64
Chr04-anno2.g25579.t1	7	12	648479524.6	653922153.98	318394108.49	495469083.17	2056264280	1351301687.94	0	0	0	0	1968431144	1180358813.9
Chr04-anno2.g25586.t1	4	5	68920189.013	27246539.199	315412534.88	594487037.85	50389592	3582302.98	0	0	210044571.88	339575822.65	0	0
Chr04-anno2.g25772.t1	3	6	6540950.458	0	756341062	730776903.7	95817208	26403224.52	0	0	756341062	730776903.7	0	26403224.52
Chr04-anno2.g25964.t1	4	4	42416582.73	45570928.19	165741552.578	25218559.72	258011236	13109365.93	19631026.79	45570928.19	158067869	0	0	0
Chr04-anno2.g25977.t1	2	7	32048413.02	19970572.91	82544787.56	180330421.73	3569289400	4246367473.1	0	0	0	0	3569289400	3329029320
Chr04-anno2.g26127.t1	6	16	2057097571.8	1411254848.87	814386197.7	995900669.56	23813812	31407478.47	2057097571.8	1061440528.97	814386197.7	283404029.02	0	0
Chr04-anno2.g26234.t1	8	23	2324406862.6	2310963622.71	1102401378.25	1623588961.663	1689567.25	18955345.3	1945162624.1	2004261702.41	1102401378.25	709411017.65	0	0
Chr04-anno2.g26351.t1	29	130	1533137371.652	2355625260.9	2431781370.92	5200729456.96	72074635039	73889312145.1	24688302.31	23215922.92	2111067720.67	3877976520.38	68683998079	69147683236
Chr04-anno2.g26717.t1	1	1	13759763.52	36622765.93	38013797.18	94549756.63	192858112	155817275.5	0	0	0	94549756.63	0	0
Chr04-anno2.g26750.t1	3	3	0	0	913099089.19	1238786807.9	8538441	0	0	0	657435254.99	374453874.7	0	0
Chr04-anno2.g27307.t1	3	4	0	0	303827645.52	558075504.09	30534843	30633327.96	0	0	133634794.9	558075504.09	0	0
Chr04-anno2.g29592.t1	19	63	5816132850.79	7836436747.797	6768182577.223	4604695466.75	362454758	1406840563.71	4071845598.79	7645747961.9	5364447766.12	1340164484.75	21527828	80591002.43
Chr04-anno2.g29594.t1	2	4	119488851.3	48419266.43	106966484.99	136361631.34	70214312	85239537.65	119488851.3	0	49831453.58	69673995.38	0	85239537.65
Chr04-anno2.g29693.t1	2	3	0	0	113579798.83	155688122.26	17608975	7352090.006	0	0	84732150.48	155688122.26	0	0
Chr04-anno2.g29698.t1	5	6	160031118.8	0	177511793.77	826431404.16	0	0	0	0	118836447.1	703430367.66	0	0
Chr04-anno2.g29925.t1	15	33	3146926755.75	1734324148.16	1390899707.93	2437893501.92	2532157881	3181973593.4	2472526556.54	788139438.56	425095173.95	1725657310.04	0	631047039.4
Chr04-anno2.g29986.t1	14	38	2527145263.97	2918783943.13	1614893838.14	2578537997.152	70270799	142452153.94	2474991005.67	2918783943.13	661134927.76	2390791890.72	0	0
Chr04-anno2.g30033.t1	2	3	0	0	14601785.52	79897057.23	0	0	0	0	0	79897057.23	0	0
Chr04-anno2.g30291.t1	2	3	0	0	0	0	138142412	68117040.96	0	0	0	0	138142412	0
Chr04-anno2.g30329.t1	2	10	4089793367.6	5796575974	648330609.9	231274229.8	230421920	50919807.16	4089793367.6	5796575974	0	121420139.9	230421920	50919807.16
Chr04-anno2.g30683.t1	7	9	0	292521282.5	987166680.503	768349363.04	1252865660	1201673739.219	0	0	0	0	853871856	1070481783.11
Chr04-anno2.g30692.t1	24	101	15861006403.16	27029860774.55	19773881203.9	7801970078.117	1005474627	1249081315.7	14037158417.16	25886502294.65	17885281298.4	3705359759.3	396371110	397475164.15
Chr04-anno2.g30799.t1	11	32	2235364594.62	713103214.75	5626834034.32	9433041156.98	47692038	50092151.199	823395379.9	470746335.6	5528969495.9	8929758736.3	0	0
Chr04-anno2.g30811.t1	1	1	0	0	0	0	30362198	50018628.91	0	0	0	0	0	50018628.91
Chr04-anno2.g31173.t1	37	329	1703836056.982	1607246686.2082	23755811138.91	15653789160.334	577446668768	590022339375.07	386676961.79	431486649.31	18648309780.4	13284599600.41	576783559271	551310764882.07
Chr04-long_reads1.PB.1659.1	13	20	1147724166.91	1122536468.71	594843196.06	755582413.396	87451946	140531784.38	601133594.48	880343081.48	0	42036411.77	0	0
Chr04-long_reads1.PB.1661.1	4	9	114282348.88	16105070.2	241943662.38	528473949.09	10526160	0	16954291.58	16105070.2	88820206.26	528473949.09	0	0
Chr04-long_reads1.PB.1759.5	1	1	0	4291703.664	13923359.79	80478881.11	0	0	0	0	0	80478881.11	0	0
Chr04-long_reads1.PB.1834.1	4	5	11388048277	2739562030	20699676947.03	12154489459.2	298117000	50396713.82	0	0	20596490401.83	11921947778.4	0	0
Chr04-long_reads1.PB.1859.1	20	32	63353901.49	131223669.82	39722377.91	157763555.13	3495158417	2513006602.15	0	0	0	0	3095085525	1989925606.03
Chr04-long_reads1.PB.1879.1	4	6	117543211.1	160907537.179	127530546.5	376505353.16	0	139242991.19	117543211.1	156015524.1	0	215649048.16	0	0
Chr04-long_reads1.PB.1888.1	1	1	0	0	0	1082577949	0	0	0	0	0	1082577949	0	0
Chr04-long_reads1.PB.1920.2	3	3	44720780.72	0	25252298.69	0	208571008	7325755.899	0	0	0	0	208571008	0
Chr04-long_reads1.PB.2017.1	11	34	30816603.61	74776747.476	3153981632.87	5353087932.3	698323272	1619265506.88	0	23524547.94	3153981632.87	5121447684.8	189973488	549339350.18
Chr04-long_reads1.PB.2019.1	2	2	0	0	112285586.94	162805344.26	0	0	0	0	46664768.46	123782887.4	0	0
Chr04-long_reads1.PB.2041.4	11	20	90526798.199	51804285.09	897410474.714	1087665865.54	988627194	949583283.01	0	0	656137246.65	544919374.24	610957808	486091178.3
Chr04-long_reads1.PB.2072.1	9	16	67979120.56	39093623.46	2609780758.12	938635700.22	327399396	326997070.33	0	0	2596506843.57	434486910.65	70744200	102456228.07
Chr04-long_reads1.PB.2142.1	1	1	0	0	0	55094662.35	10554982	0	0	0	0	55094662.35	0	0
Chr04-long_reads1.PB.2198.1	2	3	36567161.76	98925357.4	64497871.4	49759040.18	20285766	5173674.727	0	0	64497871.4	49759040.18	0	0
Chr05-anno1.g10086.t1	7	8	358125405.78	268733395.85	147263102.54	1400177471.32	1079949932	170841494.01	282349051.27	113355555.16	0	0	0	0
Chr05-anno1.g10220.t1	29	61	239373717.648	403978824.85	112708512.73	148859832.93	13662724158	13943723445.84	0	0	0	0	12499186342	13722500978.09
Chr05-anno1.g10273.t1	1	1	0	0	0	0	34955144	26935590.87	0	0	0	0	34955144	0
Chr05-anno1.g10281.t1	9	74	10807373648.1	13805283652.7	8688180858.91	8542177283.5	6280471644.5	7798981124.02	10807373648.1	13805283652.7	7113066825.91	6901601246.4	6085223400	7776263654.6
Chr05-anno1.g10358.t1	1	2	0	0	0	147794447.8	169341888	0	0	0	0	147794447.8	0	0
Chr05-anno1.g10423.t1	1	1	0	23684137.84	17265747.29	920195272.5	102645768	343997237.5	0	0	0	920195272.5	0	0
Chr05-anno1.g10458.t1	1	4	0	99450694.01	100655360.9	274716420.3	8374894.5	10417363.74	0	99450694.01	100655360.9	274716420.3	0	0
Chr05-anno1.g10533.t1	14	30	781507010.09	1356788050.22	1693712111.59	566051801.23	630514194	811751113.674	520892091.69	938390282.55	967797906.9	158125311.5	272857660	555203112.27
Chr05-anno1.g10686.t1	51	186	478123310.66	624406636.821	7253114926.7124	14423632109.03	160754643426.75	151351939366.75	52869437.23	32553107.67	6030121311.1	12884621622.5	159219793242	150690331010.31
Chr05-anno1.g10687.t1	15	52	7203873124.11	7251230829.25	4059205404.52	6645859535.82	106790534	219969885.744	7203873124.11	6185984213.2	2328703396.5	5250902273.9	0	0
Chr05-anno1.g10703.t1	24	118	34004611340.2	39188589019.807	18949461338.847	24380779559.225	306277894.375	406299523.3897	30614152892.4	38018453452.807	16734439535.6	20838486438.1	0	0
Chr05-anno1.g10762.t1	2	2	3515470.699	0	129600897.37	200343807.47	6656191	13883913.52	0	0	0	138459088.9	0	13883913.52
Chr05-anno1.g10807.t1	2	2	24016937.94	0	91906186.45	179851776.51	14765051	486573068.1	0	0	91906186.45	50890001.21	0	0
Chr05-anno1.g10831.t1	9	10	137607851.15	299051834.59	752414939.01	1574339237.96	136344760	69578580.83	0	0	424893852.72	1168169563.8	0	0
Chr05-anno1.g10833.t1	14	38	14689881.99	13806524.553	111945206	1031594122.08	6825846550	5836278156.9	0	0	48600253.02	553687409	6825846550	5545953986.92
Chr05-anno1.g10896.t1	4	7	224009400.6	93182712.71	552718662.15	1029098101.46	726937426	385581649.862	0	0	0	0	675890474	378249761.89
Chr05-anno1.g10917.t1	1	1	2440329.764	9645130.743	0	52856631.5	0	0	0	0	0	52856631.5	0	0
Chr05-anno1.g11015.t1	4	6	123403133.56	133786928.54	770045611.76	896368914.8	60039408	8597585.995	64405195.52	0	688615444.34	741914841.8	0	0
Chr05-anno1.g11016.t1	5	10	733316098.4	803844421.75	190474408.73	531638585.1	41986376	111212160.63	377748788.4	803844421.75	0	188221890.8	0	0
Chr05-anno1.g11032.t1	6	7	9154216.249	5888100.501	174040055.03	808063518.89	31691998.5	0	0	0	52295596.95	606883881.29	23420166	0
Chr05-anno1.g11235.t1	10	34	8456049513.35	13293378413.03	6375566797.19	3645482588.7	596190613	419769037.27	6056884911.3	13293378413.03	4803282115.1	1355906750.6	171504697	277401597.57
Chr05-anno1.g11287.t1	4	7	99345848	222895700.2	665155044.7	786699459.24	61535820	35319867.36	0	0	388131520.6	786699459.24	61535820	0
Chr05-anno1.g11445.t1	2	5	512748901.02	815135756	711571898.3	246194804.95	19113432	61079651.54	512748901.02	815135756	178601146.4	0	0	0
Chr05-anno1.g11473.t1	17	55	2834345582.16	5571683559.72	8543707014.96	1474026449.32	289907187	311846244.742	2221075169.36	5553193648.3	7980770475.4	480393610.13	65968968	0
Chr05-anno1.g11511.t1	14	33	11859051.74	117241885.77	5588205117.6	5837577516.7	678616740	542018802.93	0	22787333.37	5012765632.4	5837577516.7	109120984	211874099.89
Chr05-anno1.g11527.t1	5	5	0	9741599.495	187732694.09	675249868.11	13525399	116175677.053	0	0	0	675249868.11	0	0
Chr05-anno1.g11607.t1	2	3	0	0	160228918.43	296585801.73	0	0	0	0	160228918.43	56281985.93	0	0
Chr05-anno1.g11653.t1	2	2	16582343.77	33748158.37	61014125.84	22899284.45	0	0	0	0	41678615.26	22899284.45	0	0
Chr05-anno1.g11672.t1	2	4	354674420	104242740.8	447731712.97	80733488.91	0	25564054.43	354674420	104242740.8	405236807.9	80733488.91	0	0
Chr05-anno1.g11712.t1	1	1	0	0	58728008.4	59828565.2	0	0	0	0	0	59828565.2	0	0
Chr05-anno1.g11744.t1	10	25	1829459578.67	1466301424	817216632.24	1286800854.52	252222152	279850088.22	1771597917.8	1466301424	392802859.67	554937125.31	0	0
Chr05-anno1.g11751.t1	2	2	8273189.171	0	146301850.46	290398142.47	10842303	19197235.66	0	0	105215182.6	93976230.07	0	0
Chr05-anno1.g11789.t1	12	52	2531210520.55	1196896717.708	16339313889.43	20943179156.4	860521752	2098354392.25	1853962197.6	1086363593	16339313889.43	20943179156.4	559297309	1710318422.2
Chr05-anno1.g11793.t1	18	132	167817634162.64	74220556754.49	59403009187.5	16796035801.49	4675324755	11589163370.12	161175238807	70867688145.49	59259420529.6	11517078051.6	3455466098	11302842747.73
Chr05-anno1.g11795.t1	9	11	67617643.14	39741658.92	1009083923.73	6365765672.5	0	82894655.03	0	0	323034477.5	6365765672.5	0	0
Chr05-anno1.g11885.t1	8	19	0	10201896.42	124494004.995	319686820.3	5443149072	6348593520.6	0	0	0	232299001.3	4598998416	6228358517.8
Chr05-anno1.g11887.t1	18	69	598683935.97	429557026.54	1366721089.39	3685041128.81	34803899522	38126130543.5	0	15481455.34	1075098289.13	3149884682.6	34509943522	37609046897.6
Chr05-anno1.g11891.t1	1	2	0	0	0	0	125334952	51389857.53	0	0	0	0	125334952	0
Chr05-anno1.g11895.t1	12	45	16410636.68	0	972428745.57	1117430714.7	19406869676	13941708813.16	0	0	466318444.1	1117430714.7	16914385260	13941708813.16
Chr05-anno1.g11939.t1	2	2	0	0	219905115.11	139940343.1	0	0	0	0	219905115.11	0	0	0
Chr05-anno1.g11985.t1	6	8	441667368.88	318375675.17	289402787.97	1193153840.54	202005422	126811429.42	94721579.88	93262975.34	0	1193153840.54	0	0
Chr05-anno1.g12022.t1	1	1	0	0	305918147.4	207087494.1	0	0	0	0	305918147.4	0	0	0
Chr05-anno1.g12037.t1	1	1	0	0	76274926.45	91008288.7	46200328	0	0	0	76274926.45	0	0	0
Chr05-anno1.g12040.t1	1	3	259066018.1	212808052.9	130023514.4	0	0	0	259066018.1	0	130023514.4	0	0	0
Chr05-anno1.g12047.t1	1	1	0	0	0	0	95825736	142309719.3	0	0	0	0	95825736	0
Chr05-anno1.g12102.t1	1	2	0	0	0	0	96806864	78729872.81	0	0	0	0	96806864	78729872.81
Chr05-anno1.g12149.t1	9	14	25168939.004	16559905.15	2428042330.86	4592140513.8	251695263	59870244.39	0	0	1903630333.16	3868555687.4	100131240	0
Chr05-anno1.g12162.t1	2	3	107323839	512373222.26	83503857.9	0	97956860	64774021.706	107323839	48963454.56	0	0	0	0
Chr05-anno1.g12192.t1	2	5	24793630.42	0	711936985.9	686421317.2	288538128	242596591.96	0	0	711936985.9	593878139.7	178634704	213828105.8
Chr05-anno1.g12199.t1	21	113	183803811.935	313116682.29	3251973042.64	4806020512.99	78547554681	82619706761	0	0	2480066386.7	2962942808.4	78491835889	78328025719.91
Chr05-anno1.g12210.t1	1	1	16279170.59	18834954.07	78131977.65	326292368.7	0	0	0	0	78131977.65	0	0	0
Chr05-anno1.g12222.t1	6	7	0	18907253.75	296830218.53	699521813.91	115079033	0	0	0	127935139.14	699521813.91	0	0
Chr05-anno1.g12225.t1	2	2	180694236.9	286528400.8	224790925.9	238871262.9	68308424	140679105.99	0	0	0	238871262.9	0	67237675.09
Chr05-anno1.g12278.t1	5	5	4634503.758	0	176363082.92	723056833.8	14307844	132335704.509	0	0	25505922.47	302399532.1	0	63126747.19
Chr05-anno1.g12297.t1	13	23	1506596559.28	1560049572.91	757304614.836	1104132105.07	153317330	64236035.27	631426664.85	995064943.21	357249141.64	605493086.4	0	0
Chr05-anno1.g12298.t1	1	1	712262390.9	353381859	0	1184613025	21098238	36209210.36	0	0	0	0	0	36209210.36
Chr05-anno1.g12336.t1	13	30	237467330.4	672128657.57	545972258.95	81990366.88	6711541564.5	6188081128.89	105532644.37	416849736.2	198813859.82	0	5668722236.5	4642444693.56
Chr05-anno1.g12397.t1	4	4	0	0	0	0	325028248	281175733.45	0	0	0	0	202867032	123180770.1
Chr05-anno1.g12398.t1	5	5	0	0	35355060.62	64252729.59	477002743	835650748.5	0	0	0	0	294393640	674483307.1
Chr05-anno1.g12485.t1	2	4	248591688.34	315479259.85	306318849.14	44337652.35	78253316	17196609.97	175564463	245469573.8	54805722.84	0	0	0
Chr05-anno1.g12490.t1	2	2	0	0	243952963.11	997545320	45889140	45350750.95	0	0	0	997545320	0	0
Chr05-anno1.g12581.t1	3	6	0	0	337784095.55	1024716640.5	17224958	0	0	0	337784095.55	702926498.9	0	0
Chr05-anno1.g12590.t1	5	10	16832000.35	18047876.86	1519327532.6	2379148747.09	21645308	101423771.222	0	18047876.86	1473806171	2344532073.9	0	0
Chr05-anno1.g12610.t1	13	27	263581601.95	217306118.06	596748817.96	730550421.13	2583863784	2901597362.23	155738333.66	0	51467697.3	70556080.2	2230265632	2672074079.4
Chr05-anno1.g12702.t1	3	3	0	0	54973342.45	596417119.2	0	0	0	0	0	596417119.2	0	0
Chr05-anno1.g12710.t1	6	9	984230910.21	1347397135	1431074252.08	1531610119.37	76338802	59808949.31	0	0	1150098436.38	900435627.37	0	0
Chr05-anno1.g12750.t1	4	7	177763871.08	309474581.93	135883237.87	57831872.77	0	27983455.62	177763871.08	281021104.04	50467077.28	0	0	0
Chr05-anno1.g12772.t1	6	9	116330791.11	23895587.34	773992604.06	1392399327.8	341280224	25416238.28	56241911.59	0	727854522.15	666058591.5	0	0
Chr05-anno1.g12783.t1	1	1	0	0	0	0	29828804	70883962.89	0	0	0	0	0	70883962.89
Chr05-anno1.g12855.t1	11	24	71608480.1	47324599.02	2988090616.64	3454055976.85	333932465.5	320102528.759	0	0	1655633894.82	3413238969.48	155413636	3581384.939
Chr05-anno1.g12863.t1	20	29	132100563.464	184523004.426	119440710.07	225030333.305	3680402814	2919674726.228	0	0	0	0	3560526346	1616478989.698
Chr05-anno1.g12868.t1	3	15	1976408784.37	6022201763	4092735744	3250404424.6	535975496	209206936.86	1976408784.37	2284170101	4092735744	2455494589	285677240	209206936.86
Chr05-anno1.g12891.t1	12	28	142099877.972	186430505.748	2592896139.67	12621103787.23	609954993	496534631.002	0	0	1727896057.8	12621103787.23	0	0
Chr05-anno1.g12958.t1	10	28	92514602.76	16395697.77	281126508.87	1342560857.96	9424898180	12877521265.5	0	0	80575084.69	345897111.7	9424898180	12054961519
Chr05-anno1.g13029.t1	29	118	1509583086.16	983941472.754	23472621378.14	305326681675	11531937762	12236645359.71	417222358.59	182932625.25	10846594032.32	273406591050.5	615318174	10201631495.71
Chr05-anno1.g13053.t1	3	5	400996650.64	299593713	448104210.8	143074983	0	0	365862186.1	299593713	0	0	0	0
Chr05-anno1.g13065.t1	1	1	10485318.19	19962062.43	750630357.2	2750243962	0	0	0	19962062.43	0	0	0	0
Chr05-anno1.g13080.t1	5	7	62772390.74	58162314.386	419931161.85	1142929961.5	47375876	6138752.132	0	0	209501757.6	683243943	0	0
Chr05-anno1.g6184.t1	2	3	30272518.55	0	123657123.09	422627372.1	366664672	430492160.8	0	0	88938144.58	422627372.1	0	0
Chr05-anno1.g6207.t1	2	3	7363754.294	94182046.62	1049983706.4	1397954843.7	256138096	0	0	0	490610750.9	1397954843.7	0	0
Chr05-anno1.g6226.t1	1	1	0	0	31691976.92	37285262.46	0	18226860.85	0	0	0	0	0	18226860.85
Chr05-anno1.g6278.t1	2	3	65037072.61	104895656.75	29202326.56	38248976.49	0	0	65037072.61	104895656.75	0	0	0	0
Chr05-anno1.g6292.t1	10	12	18523372.96	22851018.793	472285573.56	2753488926.1	51027817	262452142.33	0	0	221415982.05	2753488926.1	0	0
Chr05-anno1.g6322.t1	5	16	412921823.134	141758860.53	2360943550.7	3521060892.2	167078858	254633417.06	362230578.6	77595697.12	1870128693.5	3521060892.2	0	0
Chr05-anno1.g6337.t1	1	1	0	0	0	91134607.66	0	0	0	0	0	91134607.66	0	0
Chr05-anno1.g6393.t1	3	14	420667128.1	1155543219.6	1806017618.34	901873403.9	215713920	736296016.6	420667128.1	1155543219.6	254843672.34	901873403.9	0	0
Chr05-anno1.g6436.t1	15	23	118289176.05	200144947.1	348484846.079	385143355.4	3015346777	3141190698.29	0	0	0	112304657.6	2092946435	2897008730.7
Chr05-anno1.g6468.t1	10	18	397002825.348	266584615.087	2061900021.29	3879319831.5	81873698	137511769.37	0	0	1919729357.9	3632299557	0	0
Chr05-anno1.g6483.t1	1	2	49076444.89	56971830	17912582.29	0	45334820	24757374.64	0	0	0	0	45334820	24757374.64
Chr05-anno1.g6487.t1	1	1	65673665.03	71977320.74	152447245.2	354709867.9	31763302	19956268.63	65673665.03	0	0	0	0	0
Chr05-anno1.g6492.t1	4	8	15865998.82	27578905.78	109745808.994	4360538435.1	0	21355901.381	0	0	108632129.8	4360538435.1	0	0
Chr05-anno1.g6507.t1	1	1	11180529.24	0	55472685.24	115309380.5	0	0	0	0	0	115309380.5	0	0
Chr05-anno1.g6516.t1	10	23	1165688916.36	1635625096.94	1315285924.67	908584954.88	98894343	73507741.215	1043680052.6	1341068941.24	1030462035.07	552939109.2	0	0
Chr05-anno1.g6597.t1	1	1	0	0	74602397.65	0	13872891	0	0	0	74602397.65	0	0	0
Chr05-anno1.g6636.t1	9	28	2043030694.05	1899073002.28	1545166014.72	2444206854.22	620322476	537222981	1867702129.65	1694536041.85	1516212267.88	2444206854.22	0	0
Chr05-anno1.g6750.t1	9	21	1392970692.81	1027251411.02	722524167.182	1434506399.56	139955863	116118346.557	1270100557.01	916354284.07	466344297.67	761019586.86	0	0
Chr05-anno1.g6792.t1	1	1	0	0	0	151826397.4	13667055	0	0	0	0	151826397.4	0	0
Chr05-anno1.g6853.t1	1	1	0	0	0	96173777.98	0	0	0	0	0	96173777.98	0	0
Chr05-anno1.g6856.t1	4	4	23210108.776	0	11274937.4	476881466.3	0	4743536.444	0	0	0	476881466.3	0	0
Chr05-anno1.g6859.t1	24	55	303801585.513	143767816.762	1130625571.26	1645069193.378	15008635262	11917246488.93	0	0	168066734.72	517800332.9	13553473150	11561669077.74
Chr05-anno1.g6867.t1	5	7	0	19968493.23	289928630.17	392315588.19	40711466	37034079.62	0	0	175815345.86	331908517.18	0	0
Chr05-anno1.g6874.t1	1	1	0	0	14836165.64	67981103.07	0	0	0	0	0	67981103.07	0	0
Chr05-anno1.g6918.t1	2	2	17028808.91	9963541.607	0	21061198.55	114478676	341795933.5	0	0	0	0	102077016	161883186.1
Chr05-anno1.g6981.t1	13	75	231688978323.58	198935710755.37	84138705965.9	78457953645.298	2222552210.5	4650153649.3	231523979539	189757856130.1	83356715143.9	78211394191.3	1283448406	1067887971
Chr05-anno1.g7042.t1	1	1	430887675.3	222260133.3	0	189305930.9	0	0	0	0	0	189305930.9	0	0
Chr05-anno1.g7086.t1	2	2	0	0	24017508.07	158124966.95	0	48728489.55	0	0	0	158124966.95	0	0
Chr05-anno1.g7143.t1	8	28	17057084.46	351412929.39	77168315.35	796359408.14	6211117068	7617806549.3	0	0	0	340543143.3	6211117068	7584430023.3
Chr05-anno1.g7144.t1	3	5	0	0	220563889.16	264360861.3	2779918528	459491403.3	0	0	220563889.16	163341150.3	2607741568	0
Chr05-anno1.g7152.t1	9	13	2029661.186	0	40874503.97	92957144.17	1563709800	1602851878.34	0	0	0	0	1158551528	1398232772.6
Chr05-anno1.g7209.t1	1	2	152861083.2	140113833.4	106182709	356366929.1	9480969	0	0	140113833.4	106182709	0	0	0
Chr05-anno1.g7244.t1	8	13	0	68550815.54	1126450527.52	1644522161.78	146177552	94921877.544	0	0	741374174.61	1446633835.28	0	0
Chr05-anno1.g7260.t1	15	40	6859989813.93	7752597644.43	1798474078.82	4550637928.24	101196076	82991129.619	6123065800.1	6479040643.64	1511585027.3	1200005474	0	0
Chr05-anno1.g7336.t2	3	5	0	21779806.98	8432728.374	19206841.09	939824776	660090704.94	0	0	0	0	799515352	660090704.94
Chr05-anno1.g7355.t1	2	3	0	22294453	20045188.36	164963727.26	0	0	0	0	0	164963727.26	0	0
Chr05-anno1.g7368.t1	7	13	1133156046.3	1326110494	2549834290	4051192552	261987887	236408965.616	0	0	2185043315.2	4051192552	0	98453550.52
Chr05-anno1.g7369.t1	4	6	0	0	377479101.3	828809979.52	38159124	5083225.493	0	0	142840032.8	692704759.32	0	0
Chr05-anno1.g7397.t1	2	2	0	0	63583951.83	71744282.46	0	0	0	0	63583951.83	71744282.46	0	0
Chr05-anno1.g7416.t1	1	1	0	0	0	0	55903968	21721950.7	0	0	0	0	0	21721950.7
Chr05-anno1.g7496.t1	17	36	859305877.959	258877874.35	3238604173.67	3922169026.4	1379216664	1426895497.6	0	0	2501364457.96	1721687753.1	908590448	986131519.71
Chr05-anno1.g7498.t1	2	12	4444854449	8320856826.7	2241463250	3085161293.6	712191270	587397876.4	4444854449	8320856826.7	2241463250	2948654104	497114022	587397876.4
Chr05-anno1.g7562.t1	4	10	1571608030.61	765363958.6538	650624347	0	369335532	239464074.7	1558129308.3	764894925.2	443768526.8	0	124423608	190124895.71
Chr05-anno1.g7586.t2	1	3	471733884.4	486854588.6	127565265.7	201329738.6	0	96839981.62	471733884.4	486854588.6	127565265.7	0	0	0
Chr05-anno1.g7614.t1	4	5	247544448.9	316069749.88	134495126.48	100842291.6	33574529	35640030.02	130263022.3	316069749.88	0	0	0	0
Chr05-anno1.g7621.t1	1	1	8682536.595	18511158.7	0	203731286.3	0	0	0	0	0	203731286.3	0	0
Chr05-anno1.g7624.t1	2	3	37578654.577	0	227025736.4	379764818.8	136285424	15831022.46	0	0	120099947.3	379764818.8	0	0
Chr05-anno1.g7633.t1	10	19	180688247.453	97271282.732	139669510.3	270426234.7	2564367608	2212869772.97	0	0	0	0	2083573048	2153307057.72
Chr05-anno1.g7649.t1	16	32	161651343.747	89514612.6679	1155943350.49	833899867.07	2351615548	2424474692.5	0	0	730085794.53	589511047.07	1977704704	1587690822.3
Chr05-anno1.g7710.t1	2	3	0	0	115685628.24	144275561.63	0	0	0	0	86141676.27	144275561.63	0	0
Chr05-anno1.g7748.t1	3	15	51304365580	30557784704	35102296367.6	45638312279	1471299225	2247656061.7	46903546438	30557784704	29649586771	41530468962	1471299225	1666752926
Chr05-anno1.g7900.t1	7	9	0	0	32089364.614	85255392.555	1002033185	1188994968.73	0	0	0	0	632189721	964134400.86
Chr05-anno1.g8008.t1	3	3	113840364.78	185387518.59	215701811.6	105833247.36	39320116	72071275.5	65165397.13	0	56049402.79	0	39320116	0
Chr05-anno1.g8010.t1	51	180	672750702.215	1069445638.32	38334621520.29	18584549477.62	31457123159	27377246446.384	149146529.07	577591831.31	35388918503.69	17739339400.15	25058620383	26642208636.41
Chr05-anno1.g8096.t1	9	16	0	0	1573711760.07	2064465708.29	40683495	134980364.6	0	0	1129381375.41	1642828172.6	0	42928688.23
Chr05-anno1.g8162.t1	2	2	0	0	64092932.2	28637941.35	0	0	0	0	64092932.2	0	0	0
Chr05-anno1.g8258.t1	8	13	41174155.58	31360343.72	3774259159.59	7475049075.5	3117436368	3698905149.163	0	0	3186291388.8	7475049075.5	0	0
Chr05-anno1.g8318.t1	1	7	575505800.8	365111948.3	367701074.6	68370196.48	0	382383560	575505800.8	365111948.3	367701074.6	0	0	382383560
Chr05-anno1.g8323.t1	1	5	184682196.3	312830625.6	89966577.8	45139191.96	0	27670062.72	184682196.3	312830625.6	89966577.8	45139191.96	0	27670062.72
Chr05-anno1.g8356.t1	5	6	0	0	0	35664293.56	216398416	179299415.927	0	0	0	0	216398416	89787265.35
Chr05-anno1.g8378.t1	39	115	1781173754.202	753697898.084	3387879253.62	4368021449.585	31567171046.88	27444988719.63	102681897.482	0	159076541.94	439234938.5	26487244288.88	26513484988.13
Chr05-anno1.g8379.t1	1	1	0	0	33930769.7	85266028.02	0	0	0	0	0	85266028.02	0	0
Chr05-anno1.g8405.t1	26	79	358614651.217	284363740.03	15990449774.14	32014708156.47	7112796014	4256775351.72	38334483.15	45879837.26	13296058195.18	31213256348.38	4482267498	2253447138.99
Chr05-anno1.g8406.t1	23	71	5074206343.59	5623925861.47	3409233714.92	5547546238.304	867112632	2364826071.01	3768070493.16	5440013074.2	1854000011.88	4261115167.474	40611344	0
Chr05-anno1.g8408.t1	1	2	0	0	0	0	90672464	94598194.57	0	0	0	0	90672464	94598194.57
Chr05-anno1.g8513.t1	7	14	16044326.78	18104981.326	2258140586.3	2955035890.51	56381882	54907973.57	0	0	1777876422.8	2909214067.9	0	27917935.35
Chr05-anno1.g8943.t1	14	199	208613858221.14	191679408721.97	111870549425.903	145416568071.86	3518334091	5480613306.3	208613858221.14	191636082030.51	111166608818.003	145267040145.46	2333822070	5405065970.75
Chr05-anno1.g9133.t1	2	3	36341323.49	0	43445711.48	17306098.23	179991656	104953143.84	0	0	0	0	179991656	69297407.34
Chr05-anno1.g9174.t1	2	2	0	0	183583131.34	0	98665760	44006322.25	0	0	107945224.3	0	98665760	0
Chr05-anno1.g9176.t1	6	7	41169711.15	39042494.55	851462067.89	2215383694.7	29083292	59217348.15	0	0	358449066.55	2215383694.7	0	0
Chr05-anno1.g9213.t1	4	5	0	27301210.59	270280772.43	418173501.6	0	130685890	0	0	147019143.15	314888870.7	0	0
Chr05-anno1.g9265.t1	1	2	0	69830388.65	45769021.36	0	37052976	0	0	69830388.65	0	0	0	0
Chr05-anno1.g9421.t1	19	91	15970687457	27030025469	18101234968.2	7969106647.59	2149541553.5	2681833797.93	15970687457	22899987218	17893415309.2	5608729687.7	1283706947	1712010264.91
Chr05-anno1.g9575.t1	14	64	6749849712	1868486408.31	349648551.293	1254757693.95	40202491306	35984719261.43	0	0	153595248.8	595898180.5	35334711246	34475306643.43
Chr05-anno1.g9695.t1	1	1	16336675.82	0	22585435.25	0	102872920	143589565.5	0	0	22585435.25	0	0	0
Chr05-anno1.g9698.t1	14	26	166548316.35	147031409.98	3221164452	6008180849.54	335952527.75	286228105.955	0	0	2525978072.07	5563714987.92	151439260	0
Chr05-anno1.g9732.t1	60	203	9266949882.86	12970065147.715	52640294936.372	102413131744.56	23414630348.5	22469929918.09	909059722.27	593711231.22	49167767969.1	82419198828.93	19607455820.5	14354273007.74
Chr05-anno1.g9744.t1	4	5	0	0	0	0	302682080	226625447.54	0	0	0	0	235041432	46392931.49
Chr05-anno1.g9848.t1	16	17	199985407.94	378833130.85	148183690.29	331923877.12	1733608797	1085435503.098	0	0	0	0	1559397397	347825510.37
Chr05-anno1.g9877.t1	2	3	199998576.49	59975554.79	124738029	57204322.53	0	0	199998576.49	59975554.79	0	0	0	0
Chr05-anno2.g66478.t1	13	22	134081540.76	203162818.913	65917498.7188	82538541.0609	5253835948.25	6399142033.46	0	0	0	0	4682965116.25	5262555811.94
Chr05-anno2.g66509.t1	1	17	1726305102	3072879422	2371062332	2674907207	519360190	1419801434	1726305102	3072879422	2371062332	2674907207	519360190	1419801434
Chr05-anno2.g66533.t1	1	1	113365312.9	113456954.1	261482074.2	63238539.66	54006392	0	0	0	0	0	54006392	0
Chr05-anno2.g66616.t1	8	8	37493741.91	17956702.477	588458509.37	1481156586.13	81669876	117640098.011	0	0	336789115.01	1081815676.63	0	0
Chr05-anno2.g67260.t1	2	4	11398779.23	0	132599335.92	338719811.3	10080862.25	0	0	0	132599335.92	338719811.3	0	0
Chr05-anno2.g67329.t1	1	1	20201599.01	30009770.67	0	0	0	24529480.88	0	30009770.67	0	0	0	0
Chr05-anno2.g67405.t1	1	1	0	0	19811372.19	198990974.2	0	0	0	0	0	198990974.2	0	0
Chr05-anno2.g67443.t1	1	1	0	0	0	81328672.61	0	0	0	0	0	81328672.61	0	0
Chr05-anno2.g67462.t1	1	4	511720877	479503839.4	149046863.7	115673882.1	0	0	511720877	479503839.4	149046863.7	115673882.1	0	0
Chr05-anno2.g67874.t1	5	7	96156398.63	113775494.1	13742725.19	323322789.16	1236312060	654046209.67	0	0	0	0	1214105200	483646918.57
Chr05-anno2.g67908.t1	7	12	562558357.4	178865183.897	1171827509.64	1410323551.87	0	128638086.43	211381040.58	0	556641758.94	831790268.57	0	0
Chr05-anno2.g67919.t1	8	15	399061641.91	549250707.98	246398978.15	323005106.55	140663072	181571190.8	36213434.63	253612815.34	207510243.37	237120336.73	0	0
Chr05-anno2.g67921.t1	1	1	0	4818628.369	0	80508251.2	208846608	23643166.73	0	0	0	80508251.2	0	0
Chr05-anno2.g67959.t1	4	6	727021852.46	1055598619.9	262134947.28	1112322430.71	77656255	64432183.64	688249545.9	870810600.7	82624408.68	0	0	0
Chr05-anno2.g68008.t1	4	5	76942324.943	158299446.5	177686481.68	206794022.9	62482478	21567611.04	8855141.533	67768346.25	115610213.12	0	0	0
Chr05-anno2.g68178.t1	2	2	0	0	46861880.53	226564539.8	0	0	0	0	0	226564539.8	0	0
Chr05-anno2.g68182.t1	2	6	0	0	137217745.5	1030845341.3	0	0	0	0	137217745.5	1030845341.3	0	0
Chr05-anno2.g68310.t1	5	7	125916911.421	13671610.61	320663083.65	1135794103.28	51764440	0	120532950.56	0	0	1135794103.28	0	0
Chr05-anno2.g68355.t1	1	2	0	0	110102795.5	170529081.1	0	26640204.8	0	0	110102795.5	170529081.1	0	0
Chr05-anno2.g68401.t1	28	57	3213714604.153	3243003450.1	1525550815.74	2987992435.178	1617585950	2485813863.978	1900045694.77	3039833211.49	888235527.85	1882879183.198	0	0
Chr05-anno2.g68475.t1	11	29	1214568354.92	1753998455.83	1330845370.79	866689758.22	24411749.75	47237357.418	738164687.36	1699006360.83	596192835.89	350380287.65	0	0
Chr05-anno2.g68743.t1	1	1	18014599.84	78890691.16	0	0	0	0	0	78890691.16	0	0	0	0
Chr05-anno2.g69941.t1	3	6	83507376.06	84543478.182	370095054.88	958454566.5	100163324	216490452.61	0	0	250259452.78	777008000.9	24339688	80164233.12
Chr05-anno2.g70097.t1	1	1	531504789.8	1019100966	184046850.7	37403874.21	0	0	531504789.8	0	0	0	0	0
Chr05-anno2.g70232.t1	3	6	58314972.03	279829668.42	42158909.72	41160322.72	0	0	58314972.03	195736384.29	0	0	0	0
Chr05-anno2.g70441.t1	4	4	32915448.314	0	352210081	525289223.87	25972084	7901926.583	0	0	92883586.8	433473757.3	0	0
Chr05-anno2.g71273.t1	7	59	123448275434.67	98811375386.5	49215238520.54	38127291067	827454340	1579934099.08	123448275434.67	98811375386.5	49215238520.54	38127291067	681755404	1308322927.44
Chr05-anno2.g71713.t1	5	12	267056785.9	0	4128623566.6	319359223.8	816692896	1196562719.67	267056785.9	0	1302447749.4	180693958.4	777825328	1149646963.91
Chr05-anno2.g71974.t1	1	1	0	0	0	0	0	0	0	0	0	0	0	0
Chr05-anno2.g72062.t1	2	2	46809231.91	86895691.48	0	0	0	0	46809231.91	86895691.48	0	0	0	0
Chr05-anno2.g72204.t1	1	2	0	0	0	0	11098473	12019343.62	0	0	0	0	11098473	0
Chr05-anno2.g72456.t1	3	4	448329530.2	175368395.1	0	8041114.296	233761584	757239210	0	0	0	0	76870976	539641335.7
Chr05-anno2.g72701.t1	1	1	0	113995986.3	494910997.4	0	0	0	0	0	494910997.4	0	0	0
Chr05-anno2.g72736.t1	1	2	0	0	103183382	217001904.4	0	13849688.21	0	0	103183382	217001904.4	0	0
Chr05-anno2.g72739.t1	17	34	39121343.985	171713890.93	1526569888.62	1388546668.37	1883574607	2042670228.32	0	0	955963035.83	740334674.66	1562031079	1787739270.5
Chr05-anno2.g72754.t1	5	9	93026117.95	98157448.26	93627096.93	111956584.11	587718000	1002023872.1	0	0	0	0	530369140	627055705.6
Chr05-anno2.g72863.t1	5	8	951671447.83	369596826.7	445088437.83	563011973.8	0	52025935.08	719935243.13	0	177640450.33	246609966.2	0	0
Chr05-anno2.g73027.t1	1	2	0	0	87932578.17	115269201.9	0	0	0	0	87932578.17	115269201.9	0	0
Chr05-anno2.g73192.t1	1	2	0	0	92718503.4	129779428.5	34235872	59209948.41	0	0	92718503.4	129779428.5	0	0
Chr05-anno2.g73381.t1	2	3	0	0	0	0	131432327	135513168	0	0	0	0	131432327	135513168
Chr05-anno2.g73406.t1	21	224	589265574591.81	481508578190.26	135064657125	226908671283.5	5176707238.8	7654939350	589249155212.72	481363151954.4	126124999097	226908671283.5	3348831139.8	6220352449.41
Chr05-anno2.g73428.t1	4	6	48638130.91	36023549.68	215167538.49	449654765.38	15324770	69407475.81	0	0	127178621.89	449654765.38	0	0
Chr05-anno2.g73466.t1	2	2	0	0	39774891.57	153536731.41	0	0	0	0	0	153536731.41	0	0
Chr05-anno2.g73625.t1	19	56	15817083.148	63123917.211	8822243446.53	14847236871.73	1280124810	1106039201.26	0	0	7218988311	13438419401.43	320394554	806434990.9
Chr05-anno2.g73748.t1	14	34	847428591.71	958390782.61	975311140.1	968928095.35	657293620	577769989.529	679401937.71	709469269.27	385282686.7	688221550.44	309496736	321816716.65
Chr05-anno2.g73817.t1	1	1	32333796.15	46571938.65	528304535.6	1263292434	5911476224	3484558519	0	0	0	1263292434	0	0
Chr05-anno2.g74070.t1	5	10	1227427865.33	2145223866.25	598689449.05	869664391.6	263290956	75657144.959	559155085.13	2145223866.25	286506701.9	115609238	0	0
Chr05-anno2.g74081.t1	25	62	3467712712.18	3380686662.82	2418964447.61	2784009261.09	227609590	181194725.693	2957795244.66	2389961899.88	1247608825.01	1685411847.79	71429856	0
Chr05-anno2.g74166.t1	5	5	4191591.136	0	290867710.17	591178181.8	50705960	26658137.77	0	0	117589411.79	429207869.3	0	0
Chr05-anno2.g74199.t1	12	22	33456386297.422	23790613711.16	4063136431.08	91852645.093	3228939438	3472157036.72	0	0	0	0	3168105886	2831162743.42
Chr05-anno2.g74212.t1	11	12	275212811.935	278438698.196	3142847762.8	699987192.51	0	408945283.8	0	0	2249153014.7	445823725.8	0	0
Chr05-anno2.g74371.t1	3	3	49362777.12	177015706.1	16801292.3	31699951.44	29103254	19712785.36	15972749.21	160100056.23	0	0	0	0
Chr05-anno2.g74395.t1	5	5	26982017.09	85076512.34	208127404.74	443120017.59	5868827	82277219.43	0	0	68032829.42	274240376.67	0	0
Chr05-long_reads1.PB.2208.3	2	2	0	0	36438091.59	108020598.43	0	0	0	0	0	108020598.43	0	0
Chr05-long_reads1.PB.2264.1	15	65	16088195424.8	11443581517.96	4008098069.83	3953924499.2	734886318	705260682.1	14369978659	11401153717.83	3087532206.68	2030289391.2	163494072	266091431.57
Chr05-long_reads1.PB.2271.3	21	36	1920402520.234	633270142.08	7501404465.3	1511808423.42	1112852857.5	1427515899.51	0	0	5902269048.9	547294165	793742061	1087680185.58
Chr05-long_reads1.PB.2354.1	3	4	5628249.533	0	156344116.75	317822459.84	7483554.5	4097267.078	0	0	76721733.53	317822459.84	0	0
Chr05-long_reads1.PB.2357.2	13	18	6384152.699	59477176.586	2078996279.25	2120560473.325	5920817699	7685061314.96	0	0	1868981940.15	1383670607.1	0	0
Chr05-long_reads1.PB.2361.2	24	67	912402714.571	597984778.645	18904630907.041	33709074496.671	2978273429	2910416118.63	67214145.04	46065806.47	17198209920.62	30854461206.6	1678132340	2096318465.89
Chr05-long_reads1.PB.2370.1	25	43	1395987029.313	2688583969.52	26890287652.63	852404661.52	259832538	348180538.97	1037605628.9	2241665575.42	934635636.01	343307707.91	0	0
Chr05-long_reads1.PB.2374.1	41	68	1384648635.946	796158857.042	2568414293.676	4046890925.6386	6835227136	5155151492.629	0	0	0	0	5646033219	3005436418.09
Chr05-long_reads1.PB.2390.1	1	1	0	0	0	129768482.2	0	0	0	0	0	129768482.2	0	0
Chr05-long_reads1.PB.2429.1	6	12	1359708759	3065545467	684551307.61	821615788.88	318696448	110536015.6	0	0	684551307.61	821615788.88	0	0
Chr05-long_reads1.PB.2447.2	1	1	0	0	17534578.85	13726374.23	0	0	0	0	17534578.85	0	0	0
Chr05-long_reads1.PB.2452.1	10	13	31022054.818	121752591.58	2915558361.6	3521273156.1	166812356	277343211.76	0	0	2270817950.1	2058976355.5	0	0
Chr05-long_reads1.PB.2464.4	25	79	996034366.606	791773807.782	42117558864.17	39806374777.52	4704830469	3756065624.768	97488228.65	72642036.7	39559003395.17	39652356483.4	3523611324	3204987174.92
Chr05-long_reads1.PB.2512.2	30	114	19799902976.71	28242969530.89	14344742644.474	9396486878.84	1563487813.5	1586710273.747	18829586826.55	26854563072.01	12394606951.964	6064972229.6	658676124	190148397.99
Chr05-long_reads1.PB.2527.1	13	21	20125366.51	106199656.2	37928664.725	10266413.46	1472016707.5	1177891390.37	0	0	0	0	1326911453.5	759492135.55
Chr05-long_reads1.PB.2531.3	18	31	42807773.554	164412574.921	3124182846.494	6560617802.11	1276951988	954097756.19	0	0	2478080946.75	4961724196.88	212534402	0
Chr05-long_reads1.PB.2554.1	5	7	466727002.13	697849040.06	930226099.7	482264118.5	11152199	4303552.369	370006234.8	515727115.06	656802923.6	215588786	0	0
Chr05-long_reads1.PB.2563.11	2	2	0	86967214.57	17274754.76	168577641.26	0	0	0	0	0	168577641.26	0	0
Chr05-long_reads1.PB.2572.1	10	14	13382876.14	43384056.549	542595817.01	715232822.84	392093663	226471763.01	0	0	425160017.4	600032494.74	252319400	0
Chr05-long_reads1.PB.2598.3	7	7	5821538.984	0	339481323.18	915074372.42	198386682	0	0	0	70423655.95	748576942.32	0	0
Chr05-long_reads1.PB.2602.1	4	8	37373034.04	0	0	0	1520739916	1066990173.6	0	0	0	0	1520739916	866644638.1
Chr05-long_reads1.PB.2689.1	2	2	0	0	413247146.1	75258849.83	256024388	161816799.824	0	0	0	75258849.83	24864276	0
Chr05-long_reads1.PB.2702.1	6	20	49636614.45	161198151.4	4216808785.88	1492548270.7	3500842372	4880862172.9	0	0	3127997333.9	1007922047.9	2811825796	4633105920.3
Chr05-long_reads1.PB.2732.3	1	1	0	0	30504811.84	43970869.35	0	0	0	0	30504811.84	0	0	0
Chr05-long_reads1.PB.2749.1	2	4	0	57560610.07	83677636.86	160338974.47	937017992	886540048.71	0	0	0	89683481.62	937017992	824954781.5
Chr05-long_reads1.PB.2780.5	19	24	687687429.617	1888647087.39	418538822.38	652782514.69	278996472	58293056.497	252421738.017	1829311873.86	0	98280516.36	0	0
Chr05-long_reads1.PB.2809.3	2	2	0	90519466.65	94632872.86	72615943.59	0	79764776.75	0	0	62370977.3	47531579.46	0	0
Chr05-long_reads1.PB.2862.6	5	7	0	0	407237131.16	806305201.4	31967356	75584751.82	0	0	276574398.25	806305201.4	0	0
Chr06-anno1.g13148.t1	15	56	12836592473.329	15320201852.8	11440588426.1	13221657885.87	2064439128	2335670099.9	10680727792.2	15201957167.1	8748785045.6	10728379253.7	506271304	776193655.92
Chr06-anno1.g13263.t1	1	1	0	0	45162814.5	0	0	22800614.85	0	0	45162814.5	0	0	0
Chr06-anno1.g13322.t1	6	10	0	28076220	0	0	663077696	520129778.35	0	0	0	0	663077696	506246431.2
Chr06-anno1.g13466.t1	24	67	544836180.8	450757117.756	6495386564.465	15325553652.9	3596866461	3524738109.91	59079577.8	0	4050551021.33	10924953638.24	3292711526	2576865419.16
Chr06-anno1.g13477.t1	1	1	0	0	0	0	0	40121342.74	0	0	0	0	0	40121342.74
Chr06-anno1.g13492.t2	2	2	29954074.06	0	217531358.31	189080779.35	0	0	0	0	0	189080779.35	0	0
Chr06-anno1.g13525.t1	3	4	0	0	40155883.31	0	201456580	115530290.33	0	0	0	0	136781800	115530290.33
Chr06-anno1.g13556.t1	1	2	0	0	85893569.13	213582982.2	0	0	0	0	85893569.13	213582982.2	0	0
Chr06-anno1.g13560.t1	2	4	17176337.08	29730552.9	466500068	515001318.4	61639616	44875563.24	17176337.08	29730552.9	358351493.5	101478513.9	0	0
Chr06-anno1.g13591.t1	8	12	6084120.637	16676808.251	3256971614.47	2989725897.2	315110750.5	444551988.372	0	10659169.23	3256971614.47	1465131927.6	71524804	0
Chr06-anno1.g13633.t1	4	5	9824640.208	19542419	3034281876.8	804716169.81	311580792	48698783.9	0	0	3034281876.8	0	225414032	0
Chr06-anno1.g13784.t1	2	4	0	0	153914728.85	266670531.3	11865776	0	0	0	153914728.85	266670531.3	0	0
Chr06-anno1.g13881.t1	1	1	0	0	16871597.2	36189239.44	0	0	0	0	16871597.2	0	0	0
Chr06-anno1.g13976.t1	1	2	2279204927	3712659420	934050106.5	1068666014	46200356	122582257.6	2279204927	3712659420	0	0	0	0
Chr06-anno1.g14036.t1	1	1	174772083.3	130019468.3	0	27328887.53	0	0	0	130019468.3	0	0	0	0
Chr06-anno1.g14055.t1	1	1	0	0	15637512.3	87080828.61	40654484	108044213.5	0	0	0	87080828.61	0	0
Chr06-anno1.g14068.t1	2	2	0	0	221235624.7	132711521.64	36886396	23480341.8	0	0	221235624.7	82848445.63	0	0
Chr06-anno1.g14151.t1	15	31	3878353337.922	1291589391.86	4463508100.61	1852808458.41	2352804344	1606588296.72	0	0	0	93198175.34	2214535992	1053317430.4
Chr06-anno1.g14188.t1	1	1	0	10277278.57	0	0	2425938432	2783318430	0	0	0	0	0	2783318430
Chr06-anno1.g14394.t1	5	9	1397416248.64	1791814646.69	522750205.95	271033422.89	55545985916	71074654712	815624413.44	1701556077.1	0	0	0	0
Chr06-anno1.g16330.t1	24	67	116053989.758	228275331.124	1366115706.154	2998255267.25	25383058798	19762413167.19	72294642.13	63276980.66	1005184086	2489180935.57	19625634148	19689064418.17
Chr06-anno1.g16375.t1	3	11	1363454859.5	2577950948.7	846862961.8	596021019.2	15732618	41408194.7	1363454859.5	2577950948.7	536773867.2	285926123.9	0	0
Chr06-anno1.g16428.t1	2	2	23335546.16	14661887.45	8972900.931	298687939.9	0	20600903.27	0	0	0	298687939.9	0	0
Chr06-anno1.g17247.t1	49	497	4327691861.766	2206644168.81	17487179640.4647	40267066365.6983	379776706339	385924560262.79	3840787335.88	1656736154.12	14065004472.2	38314858625	352414769445	385396493277.19
Chr06-anno1.g17256.t1	2	2	0	0	0	0	160215368	79688907.92	0	0	0	0	160215368	0
Chr06-anno1.g17291.t1	26	258	79661580789.035	139270041511.1	259865766400.2	83153874208.09	41956410693.5	39637337657.61	79236888833.715	139132796619.6	259623831287.3	80637578067.91	38714297541.5	32787559232.41
Chr06-anno1.g17418.t1	6	8	186639385.03	305474667.8	143446323.17	0	24898914	23570244.67	43358322.98	305474667.8	0	0	0	0
Chr06-anno1.g17474.t1	31	110	11190565676.258	12542881275.95	17234715092.48	12116951655.85	1516026796.5	1388981806.662	8548976151	11455426500.58	14416472537.95	10384793042.9	819510698	612806415.39
Chr06-anno1.g17522.t1	6	7	0	0	936274026.94	11374207824.1	0	85193111.81	0	0	236367318.2	11374207824.1	0	0
Chr06-anno1.g17929.t1	2	7	0	0	108154031.3	182876358.93	3409478976	2041560990.1	0	0	108154031.3	182876358.93	3409478976	2041560990.1
Chr06-anno1.g17963.t1	4	8	200490368.16	294317670.74	217280963.911	77697991.72	238912976	224850024.3	133320383.64	263421241.04	213559634.11	0	0	0
Chr06-anno1.g17971.t1	13	41	8436577.602	27596983.57	270053090.39	578545274.9	9131485814	4299534035	0	0	121122778.78	578545274.9	9131485814	4299534035
Chr06-anno1.g18008.t1	14	21	130821419.025	6349568.537	2604138348.17	3091198444.19	444892522	979940557.446	0	0	1193110018.57	2857484136.41	0	0
Chr06-anno1.g18065.t1	2	3	0	0	70881590.84	286507840.11	36882484	0	0	0	70881590.84	286507840.11	0	0
Chr06-anno1.g18066.t1	1	1	0	0	85214565.27	248438033.3	0	45673897.3	0	0	0	248438033.3	0	0
Chr06-anno1.g18076.t1	3	4	112027768.1	63095685.364	205918690.4	457755759.11	12562139	46334018.853	0	0	100718618	457755759.11	0	0
Chr06-anno1.g18088.t1	7	16	910216956.76	1044849200.4	1355386181.64	976540348.98	188573890	116581190.08	698168681.36	944986628.9	571449670.4	509163194.3	0	0
Chr06-anno1.g18105.t1	2	2	0	0	0	267341529.4	0	0	0	0	0	267341529.4	0	0
Chr06-anno1.g18118.t1	1	1	0	0	49415657.52	77110136.19	0	0	0	0	49415657.52	0	0	0
Chr06-anno1.g18142.t1	10	29	49766626.68	110558987.08	6274047018.3	9135844668.3	411636340	316870899.306	0	0	5454015824.1	7606599565.3	0	0
Chr06-anno1.g18145.t1	4	7	15291734.051	9554726.495	187423087.88	2104171447.6	41700852	73303950.97	0	0	140494245.21	2104171447.6	0	0
Chr06-anno1.g18147.t1	2	2	0	0	0	274856114.8	109860132	60045736.7	0	0	0	0	109860132	0
Chr06-anno1.g18344.t1	2	3	28564346.63	136081474.58	13252578.91	0	0	0	11628508.2	136081474.58	0	0	0	0
Chr06-anno1.g18373.t1	3	3	1176682.558	0	79810275.14	964707926.4	6338542.5	8137431.437	0	0	0	964707926.4	0	0
Chr06-anno1.g18375.t1	1	1	0	0	63899676.43	273966788	178410528	0	0	0	0	273966788	0	0
Chr06-anno1.g18465.t1	2	2	122531598	30362089.58	84577429.29	173352147.67	0	0	0	0	39865435.7	104133721.8	0	0
Chr06-anno1.g18515.t1	7	21	2154148740.32	2846524646.96	1993560068.3	1753054657.74	35122560	80693268.97	1958450049.4	2631607948.36	1427069301.9	1342312050.6	0	0
Chr06-anno1.g18560.t1	3	5	0	15253793.98	0	14770906.26	352260052	137831784.29	0	0	0	0	352260052	100905201.91
Chr06-anno1.g18666.t1	14	27	884471500.08	1456263721.54	1316496750.61	349356152.11	60462544	75067752.848	412234198.61	1196758409.6	1083312787.13	50337402.41	0	0
Chr06-anno1.g18709.t1	8	11	61779924.47	0	706042428.08	2113369949	34573296	60800468.55	0	0	415890766.15	1704771855.3	0	0
Chr06-anno1.g18822.t1	3	4	42864977.21	0	55344639.9	327717806.03	13195917	48045308.98	0	0	55344639.9	327717806.03	0	0
Chr06-anno1.g18888.t1	7	13	78020453.005	118857791.64	839227635.66	1352777112.81	111683789	33204328.279	35670186.1	13398901.11	626818443.61	1318002941.5	0	0
Chr06-anno1.g18890.t1	1	3	178491632.8	154455421.1	41548985.19	82076047.83	0	0	178491632.8	154455421.1	0	82076047.83	0	0
Chr06-anno1.g18927.t1	11	52	28322909970.5	19687709632.3	9081285754	17862844349.6	146774102	353896692.67	26172681510.9	11456786418.3	9081285754	17581282596	0	0
Chr06-anno1.g18931.t1	5	11	39233219.74	41134638.55	1478032599.71	2498437361.68	152775988	159004923.41	0	0	1478032599.71	2341756399.4	152775988	66582652.92
Chr06-anno1.g19112.t1	1	1	0	0	0	45631899.08	0	0	0	0	0	45631899.08	0	0
Chr06-anno1.g19142.t1	3	3	29647405.11	41843955.07	156815811.74	449724658.66	987115520	268273815.5	0	0	0	449724658.66	0	0
Chr06-anno1.g19145.t1	37	380	177979047484.34	228783304055.657	196068729485.3	185570568855.28	11663145140.7	14078946911.93	172501682863.45	228711064064.883	193417626601.36	181594629347.68	7977900145.6	10988571509.68
Chr06-anno1.g19146.t1	4	11	62385762.41	12769455.1	1668158314.43	2383003981.9	844553832	617189353.28	0	0	1628660962.6	2383003981.9	844553832	406097715.78
Chr06-anno1.g19207.t1	1	1	67734811.75	7680792.27	0	85905714.81	0	0	0	0	0	85905714.81	0	0
Chr06-anno1.g19286.t1	2	3	4162231.026	70447963.88	73154655.48	41553585.61	0	0	0	0	73154655.48	41553585.61	0	0
Chr06-anno1.g19304.t1	1	1	173461554.6	158679338.3	125754370.3	434281222.3	0	0	0	0	0	434281222.3	0	0
Chr06-anno1.g19311.t1	1	1	18572732.07	0	168053136.9	250604643.2	257837200	47931021.46	0	0	0	250604643.2	0	0
Chr06-anno1.g19452.t1	10	52	270231636.92	222957193.61	49151259322.7	446727629.432	452750385	281725760.88	0	89878911.15	49151259322.7	340623886.6	9769026	0
Chr06-anno1.g19453.t1	7	12	4320028.232	1414673.311	20309496100	82136907.21	43009178	39845629.8	0	0	20309496100	0	0	0
Chr06-anno1.g19459.t1	5	6	0	13720105.61	1960060412.6	214329228.95	89307040	38652238.98	0	0	1960060412.6	0	0	0
Chr06-anno1.g19475.t1	5	7	68342622.5	93936230	307541845.56	2066820340.7	63096660	174251257.1	0	0	33640048	2066820340.7	0	0
Chr06-anno1.g19483.t1	6	7	0	8718066.867	0	0	577346928	249376199.35	0	0	0	0	577346928	98175061.13
Chr06-anno1.g19493.t1	1	1	30734184.06	50359226.86	49447720.84	0	0	0	0	50359226.86	0	0	0	0
Chr06-anno1.g19546.t1	6	10	16127097.78	23306072.76	569402942.39	994005507.52	25079874	0	0	0	569402942.39	977027249.92	0	0
Chr06-anno1.g19555.t1	16	50	11544784678.301	23392185112.34	12777475622.003	11642040079.25	911476484.5	1263961095.387	3836386291.68	20241373518.54	12159844164.3	9887225019.2	349930054.5	691553258.78
Chr06-anno1.g19572.t1	1	1	0	0	7966782.384	0	0	0	0	0	7966782.384	0	0	0
Chr06-anno1.g19582.t1	2	3	0	0	1518643929	1930352158.3	0	0	0	0	1518643929	302152749.3	0	0
Chr06-anno1.g19636.t1	9	13	7883736.404	0	1188483628.54	3074548422.2	86026927	28112954.05	0	0	698922485.82	2681372785.3	0	0
Chr06-anno1.g19746.t1	2	3	0	0	114549054.96	119085740.3	292677728	0	0	0	114549054.96	119085740.3	0	0
Chr06-anno1.g19775.t1	7	37	2114709555.54	3140476732.28	2388616162.9	843284926.5	3785663366	5039847704.96	2114709555.54	3123219545.42	2291908972.6	843284926.5	3751543478	4968663574.7
Chr06-anno1.g19871.t1	14	32	0	272586540.5	646103144.96	419926067.42	8313024272	8862670910.25	0	0	33084738.54	0	7826447624	7946254034.36
Chr06-anno1.g19878.t1	2	3	121276161.6	137890466.2	153178958.1	0	204402248	286958780.7	0	0	0	0	204402248	177171127.4
Chr06-anno1.g19883.t1	4	6	7274057.643	0	33528672.31	236349792.58	534282056	299450457.55	0	0	0	0	534282056	199840192.72
Chr06-anno1.g19895.t1	1	1	0	0	0	0	29837420	18634496.74	0	0	0	0	29837420	0
Chr06-anno1.g19899.t1	6	9	0	146430864.4	0	51473876.79	578002450	272469342.718	0	0	0	0	578002450	179970510.83
Chr06-anno1.g19910.t1	13	21	0	36310506.61	2441745655.09	1812673038.06	70000120	125520142.436	0	0	2052476994.19	1430969233.21	0	78757807.53
Chr06-anno1.g19933.t1	1	1	0	0	34431621.61	0	0	0	0	0	34431621.61	0	0	0
Chr06-anno1.g20143.t1	6	15	40827750.39	0	1354331245.8	1620534044.61	233371693.5	111366087.827	0	0	1354331245.8	1565358353.2	195408464	75639812.73
Chr06-anno1.g20177.t1	2	2	1528971.616	23999413.64	35759648.53	45468224.28	0	0	0	23999413.64	35759648.53	0	0	0
Chr06-anno1.g20255.t1	6	12	126659787.5	0	8754778531.9	6570009620.6	0	11338392.62	0	0	8754778531.9	3721387682.8	0	0
Chr06-anno2.g51623.t1	22	38	1116017614.16	906212463.684	1396934941.54	2206823826.14	954470742	751410448.34	425369618.36	368025762.344	543819870.52	1916062052.18	565120232	232165550.14
Chr06-anno2.g51656.t1	3	3	13345916.76	114383116.11	0	23034255.35	0	0	13345916.76	79870912.45	0	23034255.35	0	0
Chr06-anno2.g51675.t1	7	121	412899922177	421427469064.96	128136099990.06	86273601344.95	3019336223	8800047114.31	412899922177	421427469064.96	128121106378	86254618402	2484303469	4175637810
Chr06-anno2.g51699.t1	8	73	614935346.97	290132091.04	899633355.41	1674235953.67	16316032983	15409765428.1	410923477.1	127862519.3	623601469.1	1674235953.67	16316032983	15409765428.1
Chr06-anno2.g51754.t1	2	4	148371236.91	308484381.5	105828197.79	374705743	67842314	140296203.6	148371236.91	308484381.5	0	0	0	0
Chr06-anno2.g51775.t1	1	2	0	12489523.86	145218836.8	160751953.3	0	0	0	12489523.86	145218836.8	0	0	0
Chr06-anno2.g52545.t1	9	16	195012387.92	43020466.276	96322573.435	23427824.06	2278206586	2295128016.85	0	0	0	0	1604266394	2210274480.2
Chr06-anno2.g52850.t1	2	2	0	0	0	0	106566528	112896481.53	0	0	0	0	106566528	0
Chr06-anno2.g54846.t1	1	1	0	0	35608046.41	40210463.86	0	0	0	0	35608046.41	0	0	0
Chr06-anno2.g56002.t1	15	29	16216876.346	21562651.62	3129439234.24	2939101301	374624757	146265063.973	0	0	2879816448.04	2211745892.3	93291782	0
Chr06-anno2.g56548.t1	5	5	173145083.44	361160446.1	151537435.58	325907459.18	12700244	31926643.91	19663234.23	327136903.19	0	0	0	0
Chr06-anno2.g56570.t1	3	3	187053864.23	167965671.52	123377563.84	23975723.58	0	0	52850270.19	140348464.01	0	0	0	0
Chr06-anno2.g56819.t1	1	1	0	0	24354270.58	49129398.02	0	0	0	0	0	49129398.02	0	0
Chr06-anno2.g56890.t1	4	4	10584967.21	0	51264217.162	521845836.19	30551832	4727546.267	0	0	0	521845836.19	0	0
Chr06-anno2.g56987.t1	4	9	17606527.35	108132232.06	28583707.26	93924835.28	293390598	384979368.76	0	0	0	0	293390598	285484470.84
Chr06-anno2.g56992.t1	1	1	0	0	109051804.2	2791026051	0	0	0	0	109051804.2	0	0	0
Chr06-anno2.g57186.t1	1	1	0	0	0	34875990.31	0	0	0	0	0	34875990.31	0	0
Chr06-anno2.g57297.t1	1	1	7972501.337	10394291.65	0	0	31407754	24571289.58	0	0	0	0	31407754	0
Chr06-anno2.g57354.t1	11	20	82545663.369	140565609.77	109776736.629	328787953.6	3487798554.531	2809248277.63	0	0	0	151128900.81	3486496712	1352134450.48
Chr06-anno2.g57604.t1	1	1	0	0	29691889.99	72703491.05	0	0	0	0	0	72703491.05	0	0
Chr06-anno2.g57608.t1	2	4	42229581.93	45978992.53	199342033.43	316608129.49	308192288	330717969	0	0	152955104	316608129.49	0	0
Chr06-anno2.g57621.t1	1	1	0	0	9798641.652	32288240.58	0	60941100.44	0	0	0	32288240.58	0	0
Chr06-anno2.g57669.t1	9	15	125699964.74	91316293.36	29378895.35	249205124.41	1067136860	1403371446.97	0	0	0	0	1067136860	1127523496.57
Chr06-anno2.g57801.t1	14	26	123285603.432	133300141.726	2019158262.87	3410655380.59	943031343	1122229637.698	0	0	1030779375.87	2500041626.69	920770543	320467085.99
Chr06-anno2.g58047.t1	12	15	285998995.773	204169801.136	1104640022.94	2696020351.91	215179349.5	106596791.338	0	0	635579640.6	2161705079.71	0	0
Chr06-anno2.g58120.t1	6	12	0	0	647905987.49	1425266708.8	4851324	25750190.79	0	0	517431752.99	1425266708.8	0	0
Chr06-anno2.g58134.t1	1	1	0	0	0	0	0	225000481.5	0	0	0	0	0	225000481.5
Chr06-anno2.g58353.t1	6	15	1554230319.78	893107716.36	1210960430.7	1492869607.34	0	0	1554230319.78	893107716.36	816358528.1	495301734.32	0	0
Chr06-anno2.g58782.t1	1	1	0	0	61118280.43	97770301.47	0	0	0	0	0	97770301.47	0	0
Chr06-anno2.g59105.t1	1	1	0	0	0	362163622.7	199674176	256101412.7	0	0	0	0	199674176	0
Chr06-anno2.g59180.t1	2	4	32558067.523	31866292.28	0	0	0	0	9238023.763	31866292.28	0	0	0	0
Chr06-anno2.g59219.t1	7	19	848727922.36	812332114.9	929207740.31	2022360247.5	129540141	222118977.57	458292666.86	273548705.1	831550877.8	1760304691.4	0	53593985.15
Chr06-anno2.g59226.t1	3	6	20835720.28	0	119653124.43	203697672.14	20829052	25702903.08	0	0	119653124.43	203697672.14	0	25702903.08
Chr06-long_reads1.PB.2874.1	6	10	52244969.037	7932496.935	278008041.65	338809135.56	334623704	375358576.32	0	0	112992394.6	230356204.82	316044882	176442990.2
Chr06-long_reads1.PB.2875.1	7	11	178554953.02	87440697.33	939365824.76	1081303893.85	96842061	46346437.419	0	0	939365824.76	495290862.65	0	0
Chr06-long_reads1.PB.2955.1	4	4	64323614.34	0	280529170.85	247143944.47	613289664	927164887.37	0	0	280529170.85	0	0	0
Chr06-long_reads1.PB.2956.2	3	4	0	0	194169855.05	40383405.12	0	23208295.88	0	0	194169855.05	0	0	0
Chr06-long_reads1.PB.3068.1	2	2	0	0	40894257.232	91302980.29	270118464	260697505.5	0	0	0	91302980.29	0	0
Chr06-long_reads1.PB.3119.1	25	54	3679864095.235	6024654048.04	3949809384.85	2552426555.18	606778401	942543909.287	2798703933.28	4433890521.74	1407342207.37	1282337152	15590474	48401813.65
Chr06-long_reads1.PB.3126.9	17	33	18230889.829	5094182.67	1274643524.56	2308368346.59	2169385262	3518629775.66	0	0	865500319.41	1447807811.9	654228280	1435364863.95
Chr06-long_reads1.PB.3127.1	24	47	332796663.37	639037247.54	389688733.9	436602912.57	3980714536	3093798313.943	46396380.02	219702970.65	46867992.63	0	3671657208	2730052548.76
Chr06-long_reads1.PB.3179.1	2	3	34150754.87	35569592.69	29886925.83	64856002.42	3725415.75	14238670.86	16177952.39	18406574.93	0	64856002.42	0	0
Chr06-long_reads1.PB.3184.1	14	57	28854104.159	73958833.689	450146874.5	936923035.84	12550413959	7093440536.44	0	0	187531998.3	812897927	12550413959	6911264562.06
Chr06-long_reads1.PB.3187.2	3	5	106396945.8	7386541.392	114793157.7	147654661.3	340539800	464584825.53	0	0	0	0	340539800	427105865.1
Chr06-long_reads1.PB.3200.1	18	32	1670942575.875	2512821054.38	984688524.25	3307471165.64	42831597	101290464.157	1392853251.535	1469522863.48	283232106.72	0	0	71791478.94
Chr06-long_reads1.PB.3206.2	9	11	37254846.76	185894905.59	425227173.25	1108182776.9	164311812	31806829.157	0	0	230978626.51	642068877.8	0	0
Chr06-long_reads1.PB.3222.2	1	1	0	0	0	0	41585392	118991593	0	0	0	0	41585392	0
Chr06-long_reads1.PB.3233.5	1	2	773293667.8	419719720.6	71817214.67	0	0	0	773293667.8	419719720.6	0	0	0	0
Chr06-long_reads1.PB.3326.1	1	1	0	0	0	0	371954624	561738509.9	0	0	0	0	0	561738509.9
Chr06-long_reads1.PB.3359.1	3	7	171646196.68	652360047.32	321387758.1	235472039.41	0	513120179.1	14569104.58	315713553.8	256018600.6	235472039.41	0	359446306.6
Chr07-anno1.g1067.t1	1	4	49120804.93	63006816.13	1527962197	2403838697	119634920	206712754.4	0	0	1527962197	2403838697	119634920	206712754.4
Chr07-anno1.g1119.t1	1	1	51053324.19	20831896.55	37128402.84	0	0	0	0	0	37128402.84	0	0	0
Chr07-anno1.g1128.t1	7	12	0	0	779320429.81	1213697126.492	18598320	13829702.15	0	0	541732178.81	912698373.752	0	0
Chr07-anno1.g130.t1	1	2	0	0	48317001.32	170116165.4	0	0	0	0	48317001.32	170116165.4	0	0
Chr07-anno1.g1314.t1	1	1	0	8857071.312	0	0	0	0	0	8857071.312	0	0	0	0
Chr07-anno1.g1320.t1	14	41	2491576539.54	3115210177.22	1581481379.16	1960939299.7	139470441	502211326.084	2308161879.24	2292827854.09	865082390.5	520806511.7	0	0
Chr07-anno1.g1340.t1	37	181	933801732.483	2386140592.541	67451712871.75	26885576323.07	48130868284	49691189317.65	143341367.47	1636336188.406	59910409208.26	24375680697.3	47896693852	47544286933.46
Chr07-anno1.g1346.t1	48	294	6923457737.738	4355074823.45	72588890331.99	225891044987.85	88460377844	111643432230.39	3698683343.07	2719337654.31	67282324048.93	173810871652.95	77265237981	103343793398.49
Chr07-anno1.g1347.t1	12	136	319433770712	240630706808	120874862879	135387593382.2	3114813425	4167595275.25	319433770712	240630706808	120874862879	135387593382.2	1747550976	2330497076.1
Chr07-anno1.g1373.t1	2	5	74623271.64	49812363.7	149741513.3	939492192.4	0	50119147.09	74623271.64	49812363.7	149741513.3	939492192.4	0	50119147.09
Chr07-anno1.g1456.t1	14	25	144121052.79	67181042.378	30223963.62	170769058.44	2908705422.75	2078969060.916	0	0	0	0	2527178542.75	1560326506.394
Chr07-anno1.g1588.t1	1	2	0	0	0	0	232428496	189312880.6	0	0	0	0	232428496	189312880.6
Chr07-anno1.g1668.t1	1	1	64055045.16	91792115.46	24590851.37	93345623.08	36080800	44309641.58	0	0	0	93345623.08	0	0
Chr07-anno1.g1698.t1	25	50	1870415234.43	2161403051.337	3228737090.551	5008415248.1	6221260758	5503708683.478	78599648.19	719579874	1693362965.73	4018412973.39	4716816944	3542616399.14
Chr07-anno1.g171.t1	1	1	0	0	4728609414	2880216116	0	0	0	0	4728609414	0	0	0
Chr07-anno1.g1733.t1	4	12	0	135011320.5	762635670.8	808571136.47	364150616	436955120.7	0	0	411032414.2	808571136.47	364150616	436955120.7
Chr07-anno1.g1780.t1	11	27	1676532594.2	1286309516.1	2852571369.98	3756354067.57	87974184	135659176.3	934597065.2	1192299917.17	2011086967.63	2390385033.97	0	0
Chr07-anno1.g198.t1	1	1	217191836.4	82337938.66	0	0	0	0	217191836.4	0	0	0	0	0
Chr07-anno1.g1981.t1	1	1	26238119.64	108071804.4	94313887.42	148668142	0	0	26238119.64	0	0	0	0	0
Chr07-anno1.g2035.t1	2	2	92422569.5	80771500.43	24428075.76	119253799.9	0	0	0	0	0	119253799.9	0	0
Chr07-anno1.g2041.t1	2	3	0	0	0	245034628.9	0	179745857.3	0	0	0	245034628.9	0	0
Chr07-anno1.g2057.t1	6	17	3527589734.96	4933782140.71	3344657150.2	2850264572.7	37386510	96320999.84	1707104000.4	2911473330.51	2044822455.8	2169681167.1	0	0
Chr07-anno1.g2136.t1	15	23	620771221.22	87170282.22	487070362.89	2971954073.15	4438485944	4610227231.11	0	0	0	561955503.3	3423520992	3279940140.01
Chr07-anno1.g2168.t1	1	2	46982022.64	40483574.18	0	0	0	337494763.1	46982022.64	0	0	0	0	337494763.1
Chr07-anno1.g222.t1	3	4	0	0	98777471.86	650733296.1	11117004	65550080.13	0	0	0	267413168.5	0	49411313.06
Chr07-anno1.g232.t1	3	5	0	0	124457458.4	75455263.04	722774912	303702566.33	0	0	0	0	290193952	207695459.07
Chr07-anno1.g2550.t1	4	4	0	0	0	36284924.83	247943384	183423143.57	0	0	0	0	160701600	89712711.9
Chr07-anno1.g258.t1	3	5	234144804.54	320057051	44152344.23	160031892.18	65102932	0	169494697.07	320057051	0	0	0	0
Chr07-anno1.g2626.t2	1	1	0	0	30487631.8	20641329.43	0	0	0	0	30487631.8	0	0	0
Chr07-anno1.g2676.t1	3	3	0	0	0	62546811.98	813698752	664402841.7	0	0	0	0	349432704	321171548.5
Chr07-anno1.g2764.t1	3	4	199292813.6	156968080.78	331608877.4	129741616.1	126723750	68741068.81	0	0	0	0	126723750	31317961.39
Chr07-anno1.g2884.t1	34	105	15992465150.74	19840687838.13	8939308443.06	8967199997.11	635763312	770315841.378	14708194545.49	16712327347.28	6597856441.78	5828701365.6	42791763	133820869.74
Chr07-anno1.g2897.t1	6	7	94468264.15	0	673800382.79	1296213205.05	47299543	131854317.52	0	0	423388845.9	455133677.25	0	81626858.51
Chr07-anno1.g3035.t1	2	2	21699564.11	0	0	14900379.61	77252356	66778682.258	0	0	0	0	0	66778682.258
Chr07-anno1.g3109.t1	1	1	0	0	0	102503767.8	18638136	0	0	0	0	102503767.8	0	0
Chr07-anno1.g317.t1	10	26	169387937.55	596273177.75	1369705492.6397	1902448044.07	2693850514	3730971840.863	42461863.51	0	754238613.1	729244673.9	2647050074	3725079757.57
Chr07-anno1.g347.t1	8	10	41201739.19	136925906.79	683997723.19	2707081849.5	20555336	56085235.17	0	0	0	2707081849.5	0	0
Chr07-anno1.g349.t1	3	3	0	0	103067775.12	372232671	14324408	0	0	0	43453915.55	278925842.4	0	0
Chr07-anno1.g3598.t1	10	26	1969942350.97	2571437072.71	1550606935.01	564941251.04	296900254	517881433.066	1263611824.47	1268824996.41	1505469008.41	174143061.1	0	237281487.6
Chr07-anno1.g3889.t1	21	57	854436298.777	932953441.57	9767695115.81	19931264054.44	536107934.5	741792995.137	91235505.44	460537053.82	9486726256.61	16793411202.1	0	60735192.47
Chr07-anno1.g3906.t1	4	6	38235907.71	10735353.79	9609632.847	9665770.968	364193420	275688269.26	0	0	0	0	364193420	0
Chr07-anno1.g3909.t1	13	56	7586652373.95	8796730410.22	3979298379.68	2029501334.94	71080498	168896508.96	6812589374.15	8796730410.22	3415175982.58	1350351465.84	0	0
Chr07-anno1.g392.t1	2	3	0	20346692.21	114348820.69	192691055.12	52294580	168959345.11	0	0	114348820.69	106645536.6	0	0
Chr07-anno1.g3925.t1	11	18	646956161.46	880985022.279	627864116.73	313348439.84	260504446	225944698.153	273371738.39	468186097.629	397666922.13	0	42527868	0
Chr07-anno1.g3937.t1	3	4	0	0	0	41486693.13	188666888	177069271.25	0	0	0	0	188666888	0
Chr07-anno1.g3961.t1	1	3	0	0	198727698.1	217805797.2	271683008	302715503.1	0	0	198727698.1	0	271683008	302715503.1
Chr07-anno1.g3973.t1	8	10	43252608.64	53720141.486	596999904.04	3234956514.4	5873524	49000428.75	0	0	348541775.28	2680011515.3	0	0
Chr07-anno1.g3987.t1	8	14	0	713288.7832	27360527.26	214936533.4	1454491168	936365203.06	0	0	0	0	1454491168	438514956.36
Chr07-anno1.g4036.t1	1	1	0	0	8304225.418	25347118.48	0	14379219.64	0	0	8304225.418	0	0	0
Chr07-anno1.g408.t1	6	12	284850638.077	346629515.04	1286682643.67	665421937	23480844	18204048.08	133899850.2	346629515.04	1181575689.38	665421937	0	0
Chr07-anno1.g4187.t1	1	1	0	0	21365294.76	56237500.06	0	30887625.59	0	0	0	56237500.06	0	0
Chr07-anno1.g4211.t1	15	79	26434602.38	23188097.54	2721772033.29	4385037596.48	26334575361	25343574542.68	0	23188097.54	2311189926.4	4050019174.8	17458065169	25343574542.68
Chr07-anno1.g4258.t1	2	4	0	0	217060783.38	402685352.66	0	0	0	0	217060783.38	360834054.6	0	0
Chr07-anno1.g4383.t1	1	1	0	0	0	0	85671824	18663714	0	0	0	0	85671824	0
Chr07-anno1.g4389.t1	1	1	0	0	0	96961228.38	0	0	0	0	0	96961228.38	0	0
Chr07-anno1.g4461.t1	2	3	0	0	211414999.2	246050659.44	0	0	0	0	211414999.2	152174933.2	0	0
Chr07-anno1.g4462.t1	1	1	0	0	0	0	0	0	0	0	0	0	0	0
Chr07-anno1.g4534.t1	5	8	329711470.35	219082987.21	53609173.8	84360095.796	0	0	118626083.77	219082987.21	34382305.79	0	0	0
Chr07-anno1.g4536.t1	7	14	526387725.07	772974025.08	324197359.61	441972559.54	18652218	5226072.068	313620913.7	538760022.13	136716554.92	177477605.99	0	0
Chr07-anno1.g4692.t1	3	17	699883784.38	4002686500	4619543715.3	849067894.15	9420506	0	699883784.38	4002686500	4619543715.3	751437919	0	0
Chr07-anno1.g4738.t1	1	1	0	0	29735496.98	55003175.15	0	0	0	0	29735496.98	0	0	0
Chr07-anno1.g4740.t1	1	2	0	101734153.5	0	0	8545598	0	0	101734153.5	0	0	0	0
Chr07-anno1.g4846.t1	9	39	1226153916.66	795244219.07	1319403276.756	1924490202.4	17803089077	19862370732.1	0	0	1025057438.5	1867338709	17567316933	19862370732.1
Chr07-anno1.g4847.t1	5	15	589628040.18	543959197.01	1032523170.54	763950462.4	180873540	102700534.21	365664972.88	523858459.14	953413899.67	639484217.8	95479224	0
Chr07-anno1.g4931.t1	11	61	56990385.26	261812280.01	1929248820.67	2282432937.64	61719363098	48582868299	0	26329095.7	1458198578.1	1387853800.73	61719363098	48582868299
Chr07-anno1.g5044.t1	10	22	28872336.28	111896085.9	144872879.34	187951414.91	7426130096	7284719867.93	0	0	0	0	6664684756	5219499575.13
Chr07-anno1.g5076.t1	35	147	7737582029.4	6302235677.89	152093654947.15	3302924228.39	2606465671	8536121366.238	5367319218.27	4455608015.55	152036421184.85	2560058464.35	1753501479	7148779043.45
Chr07-anno1.g5088.t1	2	3	0	0	93927326.26	188553191.964	12497158	4422505.252	0	0	93927326.26	183362340.9	0	4422505.252
Chr07-anno1.g5125.t1	3	5	0	0	380169962.66	469135607.1	0	0	0	0	280617117.4	469135607.1	0	0
Chr07-anno1.g5157.t1	4	6	0	0	412953028.11	631244143.97	0	72176029.14	0	0	412953028.11	304805499.1	0	0
Chr07-anno1.g5247.t1	2	2	0	0	0	133856972.45	0	23624825.4	0	0	0	133856972.45	0	0
Chr07-anno1.g5310.t1	6	11	0	0	221171293.226	35954860.19	1771324768	1937655738.19	0	0	0	0	1771324768	1151911422.09
Chr07-anno1.g5330.t1	1	1	2333566.331	0	26867003.57	14309230.42	31102996	0	0	0	0	0	31102996	0
Chr07-anno1.g535.t1	18	68	13410473673.44	24760671581.92	14495324079.508	6713750068.76	1926239911.5	1823770522.053	11056878844.95	24184815448.82	12386194193.1	5419726684.5	1391069326.5	167795161.31
Chr07-anno1.g5394.t1	15	60	13583702594.04	11947138550.45	5674929695.401	4307892886.95	1177825506	705567488.43	11010250164.1	11947138550.45	2284322369.93	2976941855.5	0	0
Chr07-anno1.g5443.t1	1	1	0	0	28989842.88	53607400.88	0	0	0	0	28989842.88	0	0	0
Chr07-anno1.g5451.t1	1	1	0	0	14120298.57	55411415.98	0	4039809.865	0	0	0	55411415.98	0	0
Chr07-anno1.g5457.t1	1	1	0	0	64606027.21	86480166.01	0	24242861.22	0	0	0	86480166.01	0	0
Chr07-anno1.g5468.t1	1	1	4415542.631	1609424.38	18559209.34	211979791	0	9454796.01	0	0	18559209.34	0	0	0
Chr07-anno1.g5472.t1	1	1	0	0	233080697.3	126565680.6	0	0	0	0	0	126565680.6	0	0
Chr07-anno1.g5487.t1	2	2	0	0	0	0	23443697	3026803.482	0	0	0	0	23443697	0
Chr07-anno1.g5499.t1	4	6	0	25754108.77	471958677.1	215852645.89	102795322	32484424.02	0	0	471958677.1	215852645.89	0	0
Chr07-anno1.g5514.t1	3	4	18186230.04	24843463.34	296292976.8	843595856.6	175583840	19982028.16	0	0	121679313.8	843595856.6	0	0
Chr07-anno1.g5549.t1	6	14	923806180.13	553933802.05	584023305.2	586433872.5	54770024	0	823523129.63	536974307.18	150358381.6	288324650.85	0	0
Chr07-anno1.g5554.t1	11	30	28775039.439	90463383.61	3830600373.66	3059285783.78	1200050132	1122884037.48	0	0	3406037292.7	2678603221.38	1075664616	858340018.44
Chr07-anno1.g5559.t1	20	132	38048091059.73	59841891720.88	62055883535.49	40964903761.61	4156672130.5	4575568365.55	37746003252.04	59736305825.78	57586056424.48	40560911732.8	1763359958	4470877319.25
Chr07-anno1.g5579.t1	1	1	0	0	0	64412056.88	0	0	0	0	0	64412056.88	0	0
Chr07-anno1.g5587.t1	3	8	755523386.7	1144160614.5	1158419171.43	1389655684.87	35403916	15668551.51	696749958	1144160614.5	1117558903.3	1333287392	0	0
Chr07-anno1.g5605.t1	20	48	182964548.427	433052066.147	977819973.446	1484569733.515	12960174759	10723714946.29	0	0	0	63624475.82	12551391148	10468610577.95
Chr07-anno1.g5610.t1	1	1	0	0	74179585.28	112934021.2	13545602	0	0	0	0	112934021.2	0	0
Chr07-anno1.g5613.t1	5	6	58751845.42	9456129.763	1308566553.64	1226798492.4	295396026	689857199.04	0	0	54373792.74	1226798492.4	0	0
Chr07-anno1.g5614.t1	6	9	164765464.243	537067153.14	217462556.28	173120681.58	0	6150144.152	61760397.743	416539582.84	142756807.44	75496888.85	0	0
Chr07-anno1.g5637.t1	5	21	253606719.9	155983509.79	17578340492	20886232091	2471436608	1382000423.4	0	0	13735400274	20886232091	1913847872	954007706.5
Chr07-anno1.g5671.t1	5	19	93424329.6	354547527.3	1972810750.3	2305709493.4	329794532	325248634.79	93424329.6	139740228.9	1972810750.3	2305709493.4	229515188	121248704.8
Chr07-anno1.g5672.t1	1	1	0	0	34636591.19	52235035.39	0	0	0	0	0	52235035.39	0	0
Chr07-anno1.g5675.t1	4	4	1461577.63	0	205410296.08	784391632.7	53470052	81197862.72	0	0	158339952	784391632.7	53470052	0
Chr07-anno1.g5694.t1	3	3	30842772.26	142824074.8	130037335.94	238958356.61	0	0	0	0	0	238958356.61	0	0
Chr07-anno1.g5820.t1	6	7	1276980445.63	1711992533.4	82771707.13	292948157.35	168733328	398387406.07	407353385.8	1599519457.8	45501153.87	0	0	0
Chr07-anno1.g5847.t1	4	10	0	0	1614558436.7	2546967584.2	337318241	290477972.01	0	0	1004129462.2	2546967584.2	184638449	0
Chr07-anno1.g5877.t1	3	3	36448996.45	35584981.1	226363852.73	225280904.79	0	0	0	0	116787504.33	81975337.24	0	0
Chr07-anno1.g5898.t1	2	2	12343224.01	27264157.91	154607399.87	460078132.79	0	37982707.701	0	0	154607399.87	0	0	0
Chr07-anno1.g5899.t1	3	3	25920568.44	34462256.86	280665683.27	777168933.42	0	0	0	0	280665683.27	0	0	0
Chr07-anno1.g5948.t1	1	1	0	0	71372304.22	69766493.37	0	0	0	0	71372304.22	0	0	0
Chr07-anno1.g5949.t1	1	1	0	0	67580805	113014929.7	0	0	0	0	67580805	0	0	0
Chr07-anno1.g5952.t1	9	21	1967565042.41	1830263264.9	845370492.62	766321594.72	29962286	0	905681988.91	1730119314.2	671952625.66	427425126.4	0	0
Chr07-anno1.g5953.t1	11	37	101388473.16	994577787.984	1174459312	1768704227.5	29186659346	31213380118.22	0	0	621558187.9	945885269.9	27684985368	31185298272.4
Chr07-anno1.g5964.t1	2	3	0	0	98336461.82	295020899.6	0	178208525.56	0	0	45899347.71	295020899.6	0	0
Chr07-anno1.g5978.t1	1	1	0	0	170492709	257698651.7	11255814	80908735.44	0	0	170492709	0	0	0
Chr07-anno1.g5987.t1	2	2	0	5676089.6	153455407.72	336729525.3	196621744	16858909.37	0	0	153455407.72	0	0	0
Chr07-anno1.g6004.t1	5	12	552988156.8	290802684.156	0	75893385.09	816577780	475927435.09	0	0	0	0	816577780	463007134.83
Chr07-anno1.g6009.t1	6	17	713158041.21	631721895.4	591237091.88	1658698853.5	18045209.5	117498570.39	590472986.07	570940539.08	389723041.98	1313507031.8	0	0
Chr07-anno1.g6014.t1	11	14	291809716.28	158703668.09	1750437373.95	3061831781.1	422373308	399759561.295	0	0	1338811818.3	1469821264.2	0	355109972.1
Chr07-anno1.g604.t1	1	1	0	0	0	23226424.42	0	1336796.956	0	0	0	23226424.42	0	0
Chr07-anno1.g6078.t1	5	8	45298903.7	75131257.02	0	153234266.6	1401871472	980066697.64	0	0	0	153234266.6	704072752	654262854
Chr07-anno1.g6125.t1	10	24	1598201250.27	3286961827.77	1673488289.29	992355675.37	0	61915160.75	1389940063.96	1589945645.37	998165332.15	217290206.82	0	0
Chr07-anno1.g6158.t1	2	2	25182965.11	69703394.62	16760352.26	0	0	0	0	69703394.62	0	0	0	0
Chr07-anno1.g667.t1	1	1	0	0	60697660.86	252346793.9	0	0	0	0	0	252346793.9	0	0
Chr07-anno1.g699.t1	1	1	0	6792826.802	18989126.24	46624357.2	0	0	0	0	0	46624357.2	0	0
Chr07-anno1.g703.t1	1	1	25010588.99	55417312.29	0	0	0	0	0	55417312.29	0	0	0	0
Chr07-anno1.g78.t1	3	3	113318591.5	47136873.87	277358624.69	320891086.04	0	0	0	0	117928425.39	91089731.26	0	0
Chr07-anno1.g866.t1	4	33	78076948.036	41782276.16	5537716550.1	12070472897	2212738839	1735117026.42	0	0	5537716550.1	12070472897	2142622570	1463617645
Chr07-anno2.g59423.t1	3	5	42130677.01	33627159.03	681352304.08	1698528017.49	1683152480	1186187764.86	0	0	0	0	1683152480	61230765.36
Chr07-anno2.g59491.t1	8	16	268941734.48	118812701.428	5888351331.27	5664809842.46	1224451336	1413019777	0	0	5849418466.5	3206354847	742380216	879510531
Chr07-anno2.g59541.t1	1	1	13160707.08	64069777.12	30617293.38	38447109.75	40911924	15323073.59	0	0	0	0	0	15323073.59
Chr07-anno2.g59786.t1	1	1	0	18444082.85	5424596.715	29661598.73	0	110278719.9	0	0	0	0	0	110278719.9
Chr07-anno2.g60278.t1	1	2	0	0	21311624.85	589218207.6	0	0	0	0	0	589218207.6	0	0
Chr07-anno2.g60374.t1	4	15	0	0	2456759180.55	3064714426	326456128	413402353.44	0	0	2456759180.55	3064714426	326456128	345492771.8
Chr07-anno2.g60463.t1	1	2	0	0	183979504.2	161309399.3	86896440	83328625.02	0	0	183979504.2	161309399.3	0	0
Chr07-anno2.g60493.t1	10	18	444410110.858	147364084.55	1242943044.25	5940513875.6	365611716	154969414.93	0	0	1148505074.91	5641283685.9	0	0
Chr07-anno2.g63971.t1	1	2	15721963.22	0	169445095.1	153197809.5	0	0	0	0	0	153197809.5	0	0
Chr07-anno2.g64029.t1	5	9	32891227.29	0	69194689.15	733406956.9	1162061182	714783901.63	0	0	0	0	670134070	714783901.63
Chr07-anno2.g64044.t1	3	5	178082654.17	250031305.23	178446056.58	228831334.82	77566640	116992376.05	132367321.8	250031305.23	111159924.1	0	0	0
Chr07-anno2.g64096.t1	4	6	834683046.68	428085817.57	119060920.263	231156620.23	0	0	834683046.68	273488827	0	0	0	0
Chr07-anno2.g64276.t1	8	19	231092270.19	455939800.858	3897586434.25	5168070011.8	532350240	541425180.33	130280583.98	395502269.7	3491504319.8	5168070011.8	219534042	198564083.3
Chr07-anno2.g64377.t1	3	3	3087240564.37	922581857.68	96845619.9	198614310.2	0	0	17298606.35	45808891.84	0	149742660	0	0
Chr07-anno2.g64509.t1	3	3	0	0	0	25094365.7	164350312	205152186.18	0	0	0	0	120788116	72948320.48
Chr07-anno2.g64565.t1	3	7	1385166078.36	1044760469.9	358410352.3	580179676.82	0	0	1385166078.36	108266626	334197005	333437651.5	0	0
Chr07-anno2.g64673.t1	26	83	5120293510.15	7279414403	4780423999.6	5111423941.46	6942700506	7239046328.476	3547129257.4	5218570115.93	4267919332.89	4115750258.4	1731881048	6344780232.52
Chr07-anno2.g64679.t1	1	3	7907267.326	8386803.002	282243402.1	295614417.8	21908084	65776102.4	0	0	282243402.1	295614417.8	0	65776102.4
Chr07-anno2.g64785.t1	1	2	0	0	92628195.55	94553983.54	36756372	15260445.7	0	0	92628195.55	94553983.54	0	0
Chr07-anno2.g64970.t2	2	2	0	0	0	0	36953668	121079783.196	0	0	0	0	0	121079783.196
Chr07-anno2.g65024.t1	8	20	855498219.78	1189282933.06	989662831.19	971227977.79	149183959.5	472864306.24	805794173.82	747494543.41	181075179.37	871481633.12	38119348	389805441.14
Chr07-anno2.g65105.t1	2	11	0	0	730971702.44	3638907908	251136336	327019398.8	0	0	730971702.44	3638907908	251136336	0
Chr07-anno2.g65106.t1	14	42	196581780.521	188329900.189	526520969.84	1548981270.83	24312821356	19764963396.53	0	0	255273668.1	1092616387.1	24312821356	19720005878.05
Chr07-anno2.g65199.t1	36	213	78206643941.45	114855230170.58	58475981009.82	29720159068.1924	6663535556	8293760528.94	76501701066.29	91056066943.86	54771527106.92	25797389562.9424	5248470574	6383801804.68
Chr07-anno2.g65318.t1	3	4	45396395.49	36500990	397155517.42	420488887.4	0	0	0	0	397155517.42	298655491.5	0	0
Chr07-anno2.g65359.t1	6	13	10134176.62	111177825.2	151650898.49	376784469.56	1812632500	2385261237.03	0	0	0	0	1812632500	1975808667.2
Chr07-anno2.g65580.t1	11	17	56381887.16	135532652.68	1420663622.93	1885047815.51	209727052	70119184.14	0	0	693658336.04	1645960681.91	0	0
Chr07-anno2.g65659.t1	17	50	10537948960.73	9644589443.23	3903750922.5	136540591288.11	666241131	971809768	8191349515.9	9559542196.6	2037288330.1	135176612374	0	0
Chr07-anno2.g65683.t1	2	2	0	0	86880235.29	209374949.87	265886608	0	0	0	50128810.38	71692726.87	0	0
Chr07-anno2.g65860.t1	9	25	877322088.64	1016831770.1	1456711236.38	1252475200.32	74558127	129017399.77	701426893.06	927581501.58	1024994680.01	797449848.9	0	0
Chr07-anno2.g65879.t1	1	1	0	0	0	0	0	47772286.28	0	0	0	0	0	47772286.28
Chr07-anno2.g65920.t1	8	11	0	0	849466423.21	1579200321.3	0	108682857.179	0	0	631317585.29	857821869.9	0	0
Chr07-anno2.g65953.t1	1	1	0	0	0	0	211820816	49034285.72	0	0	0	0	211820816	0
Chr07-anno2.g66138.t1	2	2	0	0	124760328.71	188152474.3	18894410	38578217.02	0	0	59749226.83	0	0	38578217.02
Chr07-anno2.g66237.t1	3	6	27170923.442	131055344.2	2837027875.7	5297001361.2	302073816	282973192.7	0	0	2837027875.7	5001169074	270418016	0
Chr07-anno2.g66252.t1	16	28	1057307185.36	1820138825.55	899232267.92	1892649020.79	298900916	541757773.963	520321166.15	1750589888.81	330421636.76	469293271.84	0	0
Chr07-anno2.g66420.t1	34	163	614385493.585	409151683.9	5774148235.8419	9119342756.43	146482021172.1	155129898205.3	158583869.88	31964325.69	3814586447.7	7814086295.4	145427726840.1	151110296541.8
Chr07-long_reads1.PB.3400.2	9	21	374508689.46	471997350.68	507541506.32	146809719.86	1915660832	1508545747.11	137926846.62	144234934.2	297353237.08	75899645.05	1462739094	866796420.84
Chr07-long_reads1.PB.3402.2	12	15	123789736.263	37372007.186	992704675.14	1696144445.44	111112664	98031565.08	0	0	720431563.07	1223208127.9	0	0
Chr07-long_reads1.PB.3437.1	1	1	100836941.5	94747155.89	52302710.93	101341196.9	0	55205493.77	0	0	0	0	0	55205493.77
Chr07-long_reads1.PB.3445.1	2	3	176303020.93	140294970.88	77719514.89	93593321.95	16073228	39917273.42	176303020.93	0	25525196.06	0	0	0
Chr07-long_reads1.PB.3488.2	1	1	0	0	45488639.82	65278951.26	61348844	0	0	0	0	65278951.26	0	0
Chr07-long_reads1.PB.3498.2	1	2	0	0	0	0	104822568	162339728.8	0	0	0	0	104822568	162339728.8
Chr07-long_reads1.PB.3554.1	1	2	8152411.752	7156703.277	33517231.42	15857145.95	0	122654350.6	8152411.752	0	33517231.42	0	0	0
Chr07-long_reads1.PB.3567.1	18	28	23028879.947	50167127.633	2831905899.6	4495374687.74	279183441	415663064.52	0	0	2489100575.6	2976037085.72	41299148	137513694.21
Chr07-long_reads1.PB.3582.2	2	3	72166618.268	103693460.342	143712935.19	60548319.1	1317551.75	30884439.25	0	98520220.58	143712935.19	0	0	0
Chr07-long_reads1.PB.3608.2	2	2	3469138.077	0	19997759.73	70084190.29	0	0	0	0	19997759.73	19216357.36	0	0
Chr07-long_reads1.PB.3645.1	7	20	640964910.67	1329852932.61	910880873.6	1209724062.57	471516324	250201958.18	550363947.51	1285642047.7	506463142.92	381900094.5	442344392	94006720.64
Chr07-long_reads1.PB.3664.1	3	4	82438869.04	101629332.51	127007596.51	76077278.4	0	0	0	45490178.75	127007596.51	34414066.08	0	0
Chr07-long_reads1.PB.3699.9	31	92	7676115447.268	8464813231.96	5374723468.72	4740577448.11	422834663	1214529148.09	7399243077.95	8006104695.5	4365485508.16	3238196918.91	0	69772328.27
Chr07-long_reads1.PB.3707.2	2	2	106481807.2	65306255.04	74627485.61	220507564.23	90795056	34633337.83	0	0	36881089.64	140275635.4	0	0
Chr07-long_reads1.PB.3736.1	1	1	53348968.3	46275406.29	11051666.97	33058493.34	16516696	0	0	46275406.29	0	0	0	0
Chr07-long_reads1.PB.3812.1	21	42	2084408222.75	3191719153.68	2364278352.28	2765367761.73	1849605875	2014377850.09	1100886277.02	2514834182.08	1781167366.16	594027769.7	0	0
Chr07-long_reads1.PB.3864.6	17	35	1653439735.835	1466769830.32	3203452189.21	3116223240.97	567874049	1165262316.68	0	14445871.17	2768839335.55	2668062683.36	220487988	615824698.4
Chr07-long_reads1.PB.3906.1	10	40	86922288.914	0	1814543761.84	3400267757.8	21657988416	14025106743.8	0	0	1100056581.09	2020001726.8	21657988416	13644168818.1
Chr07-long_reads1.PB.3913.1	2	4	136008103.6	0	182026401.69	457216202.9	8383877.5	21279384.62	0	0	51873121.69	457216202.9	0	0
Chr07-long_reads1.PB.3919.1	2	3	0	0	201681077.25	302177593.8	0	0	0	0	134514055.1	302177593.8	0	0
Chr07-long_reads1.PB.3954.1	120	1227	10349140469.927	7978200028.70755	76910956803.536	45752702804.2866	1810848178507.55	1825746720900.97	2766495556.858	2635797751.09	72421901250.74	36640425937.6	1795722733693.55	1714864366019.17
Chr07-long_reads1.PB.3969.1	19	44	665212631.461	1404047133.313	1079016993.12	1031962784.58	1513246002	907210136.17	556532773.95	1301828444.03	617249691.69	82876565.17	946506654	309497632.49
Chr07-long_reads1.PB.3986.1	1	1	335395004.3	1754049677	0	240903829.4	0	21747761.53	0	1754049677	0	0	0	0
Chr08-anno1.g32859.t1	2	2	176443382.75	150447043.85	95345805.17	62878276.49	0	0	0	139426911.8	0	62878276.49	0	0
Chr08-anno1.g32874.t1	9	22	1357355672.21	1270284184.46	792768980.43	1068067378.39	78139484	192307051.95	1172605936.37	712170076.76	404195038.33	785554525.4	0	0
Chr08-anno1.g32889.t1	8	17	1678345251.25	1681963854.81	1291749861.1	790471215.84	37465182	1516009090.147	1428069850.85	603875340.5	935747253.8	447965364.8	0	0
Chr08-anno1.g32968.t1	3	8	27710637.29	11548316.8	257264335.955	371050240.5	13203365.375	173410158.1	0	0	257264335.955	371050240.5	0	0
Chr08-anno1.g32971.t1	1	2	0	0	0	0	129846456	0	0	0	0	0	129846456	0
Chr08-anno1.g33116.t1	2	3	0	0	0	0	174335388	111665008.56	0	0	0	0	60691828	111665008.56
Chr08-anno1.g33152.t1	2	2	59458166.62	159084421.5	24729233.71	202555179	0	22267650.84	0	0	0	202555179	0	0
Chr08-anno1.g33271.t1	1	1	0	14845735.37	186684215.4	0	0	0	0	0	186684215.4	0	0	0
Chr08-anno1.g33285.t1	2	6	0	17814805.17	580454796.8	683827841.6	36765768	43930092.26	0	0	227666927.1	683827841.6	0	0
Chr08-anno1.g33292.t1	1	3	21844875.56	23442020.57	68710825.1	101220144.4	0	0	0	0	68710825.1	101220144.4	0	0
Chr08-anno1.g33328.t1	1	2	0	0	21981756.72	0	477835104	93081679.98	0	0	0	0	477835104	93081679.98
Chr08-anno1.g33338.t1	1	2	0	0	35189770.86	66413599.34	0	0	0	0	35189770.86	66413599.34	0	0
Chr08-anno1.g33371.t1	4	5	20344316.66	0	1247140557	1225647063.02	0	8240307.956	0	0	681941422.2	760840265.12	0	0
Chr08-anno1.g33382.t1	13	22	91310463.92	33001174.22	95683694.01	204831685.56	3315729538	2456867649.1	0	0	0	0	3315729538	1894181472.5
Chr08-anno1.g33389.t1	3	4	169506617.23	48982954.51	37670569.7	18977297.51	289314344	177099637.65	0	0	0	0	178620896	177099637.65
Chr08-anno1.g33390.t1	7	15	1403706570.04	1996482920.2	784916223.725	694168023.37	227830788	466489002.23	1273746478.86	1545958937.8	422010800.6	81418459.86	0	0
Chr08-anno1.g33446.t1	4	5	25149771.96	0	11770238.8	35663232.53	1010180608	455131030.94	0	0	0	0	1010180608	88491283.77
Chr08-anno1.g33458.t1	3	7	358575292.11	258612352.14	156980747.1	220356389.2	0	31083121.4	358575292.11	217522821.03	156980747.1	220356389.2	0	0
Chr08-anno1.g33489.t1	8	14	57723616.46	91028544.54	129900554.04	178953332.54	1578470731	983952795.6	0	0	0	0	1456376752	619203337.9
Chr08-anno1.g33498.t1	1	1	0	0	0	0	62469092	39506216.75	0	0	0	0	62469092	0
Chr08-anno1.g33511.t1	1	1	0	0	25190438.89	71610181.64	0	0	0	0	0	71610181.64	0	0
Chr08-anno1.g33690.t1	15	34	1234830968.33	981811438.3	434359221.15	1414696470.8	7268859553	6246777360.11	0	0	0	751480544.1	7047160011	5258650059.58
Chr08-anno1.g33691.t1	2	4	174651569.42	269866612.72	71933536.74	0	0	0	174651569.42	229029145.4	0	0	0	0
Chr08-anno1.g33757.t1	23	45	398987573	197936204.158	735895263.31	465788273.95	6068525274	5813630120.42	0	0	0	0	5920502698	4839183765.12
Chr08-anno1.g33850.t1	7	9	0	89691098.02	802374044.21	1210452540.22	44525548	22612126.32	0	0	641286218.21	689913147.66	0	0
Chr08-anno1.g33974.t1	2	2	15005122.21	25557974.99	0	152400791.19	0	25042395.74	0	0	0	152400791.19	0	0
Chr08-anno1.g34018.t1	9	14	31403484.55	46851193.73	626389695.6	372561660.23	1946700362	2102042109.16	0	0	0	0	1345013546	2102042109.16
Chr08-anno1.g34020.t1	12	23	137144816.44	111118661.401	5102991017.7249	5228396353.591	364045280	245210870.763	0	0	4130512841.8	4206500424.9	71800852	2720953.699
Chr08-anno1.g34075.t1	1	1	0	0	0	0	0	14773421.7	0	0	0	0	0	14773421.7
Chr08-anno1.g34153.t1	1	1	38780386.33	0	540517896.9	0	486768416	524982638.5	0	0	540517896.9	0	0	0
Chr08-anno1.g34195.t1	6	8	0	0	67209750.14	136589074.4	356427840	273547786.31	0	0	0	0	299317144	186191530.66
Chr08-anno1.g34337.t1	8	12	364632848.71	393482468.01	212327981.45	794765924.91	28221542	108654069.83	214138952.43	276788824.05	0	518970909.67	0	0
Chr08-anno1.g34401.t1	4	4	0	0	0	74562501.84	384328684	323224157.975	0	0	0	0	42501540	313281404.28
Chr08-anno1.g34447.t1	6	10	0	19322650.78	374403398.22	1114333060.2	0	0	0	0	190372754.04	1114333060.2	0	0
Chr08-anno1.g34455.t1	1	1	0	0	67060224.24	45652470.78	0	32993748.79	0	0	0	0	0	32993748.79
Chr08-anno1.g34570.t1	1	2	0	0	86484136.58	55908864.01	20499746	0	0	0	86484136.58	55908864.01	0	0
Chr08-anno1.g34581.t1	21	47	403266894.79	470727876.619	7305606134.65	9137326397.23	335211123.5	238170863.43	0	0	5348421154.45	8794182513.42	0	89354027.94
Chr08-anno1.g34635.t1	8	17	211429411.19	1255983503.76	6982861866.38	469706629.77	1239985562	1431336581.8	0	645835891.56	6907368822.4	0	1008508136	136083633
Chr08-anno1.g34660.t1	6	10	42778801.5	38032673.282	1152618889.8	1872098516.8	69501879	161564145.38	0	0	640418917.6	1872098516.8	0	0
Chr08-anno1.g34666.t1	6	14	0	0	2278847346.4	3707152514.34	250146099	231779485.777	0	0	2137520858.5	3707152514.34	93669928	124335403.62
Chr08-anno1.g34667.t1	4	6	0	10666779.27	195558832.79	246206087.19	246836056	135723110.37	0	0	118742834.3	129813091.59	173124392	0
Chr08-anno1.g34779.t1	10	17	207083606.97	119456344.419	32790355.88	23929952.695	2272488625	2019182529.92	0	0	32790355.88	0	1900451385	1502526402.42
Chr08-anno1.g34782.t1	9	18	324725764.1	352729650.82	144824965.5	228735146.88	4465234687	5724015409.5	0	0	0	154250354.6	3834062880	5407084487.4
Chr08-anno1.g34862.t1	1	1	7752252.461	0	38065164.02	0	0	0	0	0	38065164.02	0	0	0
Chr08-anno1.g34937.t2	1	1	40159490.53	0	17419600.49	28570035.21	13557683	3608541.666	40159490.53	0	0	0	0	0
Chr08-anno1.g34938.t1	15	25	184560593.343	71362278.524	907120249.057	901222512.11	3214850334	2785764429.77	0	0	0	0	2745109470	2282214934.77
Chr08-anno1.g34978.t1	6	13	735799799.59	1555465062.32	398722494.41	80725879.33	312458706	0	455566234.92	1555465062.32	347166263.03	0	0	0
Chr08-anno1.g35025.t1	6	12	619440782.3	824417328.2	759634784.31	99849432.89	3132015008	2475106684.51	0	0	0	0	2752278528	2475106684.51
Chr08-anno1.g35072.t1	1	1	0	20400598.49	0	90301281.56	0	0	0	0	0	90301281.56	0	0
Chr08-anno1.g35079.t1	1	3	968412075.7	128047958.8	406185894.1	0	0	52510500.71	968412075.7	128047958.8	406185894.1	0	0	0
Chr08-anno1.g35138.t1	13	40	4167300148.12	7526870926.69	3705321290.41	1207896516.69	435840510	357968324.61	3706538731.5	7526870926.69	3413235330.1	567468351	0	0
Chr08-anno1.g35141.t1	1	2	0	0	0	997246726	0	0	0	0	0	997246726	0	0
Chr08-anno1.g35497.t1	2	3	9797510.548	0	111851275	104452356.27	0	0	0	0	111851275	70648813.65	0	0
Chr08-anno1.g35689.t1	1	3	0	25385330.29	233502596	565865389.6	154430768	0	0	0	233502596	565865389.6	154430768	0
Chr08-anno1.g35704.t1	3	5	0	0	345054790.9	309015955	20971914	56162579.42	0	0	345054790.9	309015955	0	56162579.42
Chr08-anno1.g35763.t1	6	18	1071666908.58	1161322144.15	517381224.26	448535049.26	69302248	50124150.02	1010028502.78	1063418431.46	373354624.97	308101691.75	0	0
Chr08-anno1.g35816.t1	10	17	23452151.664	48951869.74	1334357874.61	4019998343.9	596837490	684767148.37	20603195.23	48951869.74	667596415.73	3202190174.3	0	0
Chr08-anno1.g35835.t1	1	3	38893217.6	31493013.96	71665949.65	91706118.4	311183504	113039473.3	0	31493013.96	0	0	311183504	0
Chr08-anno1.g35854.t1	1	1	0	15642848.04	0	49714163.78	516536992	810102648.8	0	15642848.04	0	0	0	0
Chr08-anno1.g36070.t1	10	23	1499302659.87	1104653877.93	667787730.76	949390249.24	58779308	60042382.605	1150891598.25	1104653877.93	304851113.44	285578099.22	0	0
Chr08-anno1.g36187.t1	3	4	126703506.84	140215984.07	39476879.45	28575313.1	22937560	18382234.75	26683999.03	140215984.07	0	0	0	0
Chr08-anno1.g36299.t1	16	31	99458171.776	24032103.24	376987139.552	3339602054.84	4642817932	4083727842.15	0	0	0	0	4072768652	3605104501.85
Chr08-anno1.g36423.t1	41	125	1038788107.495	1307651652.69	10992423392.925	16319730966.29	29337633489.5	24135132685.55	452640321.69	830987566.86	8876281256.85	14297957790.7	27130887606	22442994454.11
Chr08-anno1.g36481.t1	1	2	0	0	0	0	281141728	192033011.4	0	0	0	0	281141728	192033011.4
Chr08-anno1.g36524.t1	1	1	12211211.98	80491467.81	55494008.27	334264493.6	0	0	0	80491467.81	0	0	0	0
Chr08-anno1.g37018.t1	2	2	103198333.03	110934594.71	136013926.54	128771093.68	0	0	50699999.76	62386934.08	0	0	0	0
Chr08-anno1.g37619.t1	2	2	9956628.451	0	108088307.31	202958951.68	0	0	0	0	0	202958951.68	0	0
Chr08-anno1.g37727.t1	9	15	19698661.49	72834442.45	792653115.17	1679131885.76	403795344	259340577.67	0	0	497929199.43	1531623368.5	19509970	60227282.59
Chr08-anno1.g37797.t1	1	1	0	0	54565819.78	33599158.02	0	0	0	0	54565819.78	0	0	0
Chr08-anno1.g37814.t1	3	7	749223718.9	608409437.093	480204867.4	856426570.1	38525248	299077161.61	749223718.9	0	0	856426570.1	38525248	146200943.2
Chr08-anno1.g37825.t1	3	4	0	0	8144898.891	0	80097370	132325709.536	0	0	0	0	80097370	131247046.8
Chr08-anno1.g37833.t1	10	31	43380161.609	285287767.28	6896291132.83	5077535261.184	2000967268	2189610276.09	8657166.949	0	6224830658.7	2562507700.1	1359553428	754527496.78
Chr08-anno1.g37872.t1	2	2	8614890.916	26625584.07	59974495.51	164369844.35	0	0	0	0	28607222.3	56462668.85	0	0
Chr08-anno1.g37993.t1	12	62	48503601891.4	46893720796.6	21852986238.994	26140336451.8	1040780364	1977716177.33	45366482091	40577525544.6	21843579155.3	20421774584.8	708835168	1315623657.5
Chr08-anno1.g38039.t1	3	3	0	0	436566545.27	638833963.81	43079532	8276817.21	0	0	436566545.27	0	0	0
Chr08-anno1.g38041.t1	4	9	8573510.45	26032442.84	1167709906.34	603628407.05	77411379	76258080.44	0	0	1167709906.34	576639905.9	66706774	0
Chr08-anno1.g38054.t1	10	20	1214029576.39	1021624065.6	1013182031.61	880301332.62	916801512	957978133.85	448828469.91	342600379.19	958630327.94	657544446.6	0	0
Chr08-anno1.g38064.t1	20	77	773338892.282	621347520.69	22331893520.71	31464464258.4	6207865098.5	7790675763.84	300535727.98	60638413.44	19873958098.63	28891431780.4	5162155140	6946447206.91
Chr08-anno1.g38135.t1	2	2	37477565.88	196326939.43	16956925.58	332963951.01	9983220	4477328.644	0	74738955.03	0	295134641.2	0	0
Chr08-anno1.g38136.t1	2	2	0	0	0	185630884.79	0	0	0	0	0	185630884.79	0	0
Chr08-anno1.g38232.t1	1	2	17925751.62	9039991.529	104294186.8	75733497.85	0	12910816.66	17925751.62	0	0	75733497.85	0	0
Chr08-anno1.g38263.t1	3	4	376275355.6	200595371.2	124251865.03	152351435.18	24567370	139717700.75	0	200595371.2	124251865.03	89328950.04	0	0
Chr08-anno1.g38299.t1	7	7	0	201302105.641	0	1462607966.31	32430015	132454505.001	0	0	0	1462607966.31	0	0
Chr08-anno1.g38415.t1	2	2	0	77697997.02	161495893.67	312406058.5	23948488	16229752.4	0	0	67259503.89	210577768.3	0	0
Chr08-anno1.g38416.t1	1	1	306912920.7	92974993.15	79218091.45	12112215.18	13602535	31868646.49	0	92974993.15	0	0	0	0
Chr08-anno1.g38418.t1	1	1	7375138.098	0	59161280.65	90982864.1	0	0	0	0	59161280.65	0	0	0
Chr08-anno1.g38452.t1	3	4	40442396.545	7248688.447	842307141.5	802217900.1	8839837	29245523.8	0	0	842307141.5	178380957.5	0	0
Chr08-anno1.g38469.t1	7	27	12540284301.05	7362999042.4	8709844449.7	1978829005.4	41524398	134163436.82	12540284301.05	7362999042.4	8709844449.7	1076808869	0	44091031.35
Chr08-anno1.g38550.t1	1	1	23623470.92	9459582.351	0	172608028.8	0	0	0	0	0	172608028.8	0	0
Chr08-anno1.g38555.t1	1	2	4988705.447	0	196301408.8	310524707.1	7796660	0	0	0	196301408.8	310524707.1	0	0
Chr08-anno1.g38564.t2	1	1	48440639.57	33586753.23	0	0	390943360	0	0	0	0	0	390943360	0
Chr08-anno1.g38582.t2	1	1	58756635.81	57282084.73	0	0	0	0	58756635.81	0	0	0	0	0
Chr08-anno1.g38621.t1	1	2	0	0	55854754.48	66923641.94	0	0	0	0	55854754.48	66923641.94	0	0
Chr08-anno1.g38783.t1	4	7	408203083.573	409032650.39	331003477.1	285657083.8	0	13162241.661	399884995.28	152028134.99	119885582.7	0	0	0
Chr08-anno1.g38787.t1	18	40	1693498013.22	3366169215.82	2405293091.54	2881811908.72	326912997.5	301599153.88	1367883627.77	2847044761.76	1585678140.74	2025382613.52	0	0
Chr08-anno1.g38850.t1	8	19	547737658.7	117710760.61	0	58807219.761	1889377418	1823869786.45	0	0	0	0	1787538218	1757806656.03
Chr08-anno1.g38863.t1	2	2	62457351.42	0	0	67022175.9	185610140	60933310.81	0	0	0	0	120769336	60933310.81
Chr08-anno1.g38960.t1	3	8	1015085240	881969472.3	1487950357.7	1920754639.3	133633572	57457013.75	0	0	1487950357.7	1742787746.1	0	57457013.75
Chr08-anno1.g38977.t1	4	6	0	0	572432288.04	1462853798.2	9019865	16705460.31	0	0	508139049.11	423269712.2	0	0
Chr08-anno1.g39001.t1	1	13	18686477264	7951004834	20457607462	28310236640	159194776	91955485.98	18686477264	7951004834	20457607462	28310236640	0	0
Chr08-anno1.g39003.t1	2	5	0	682674.3219	161878482.77	303111417.98	14800886	0	0	0	37088274.07	303111417.98	0	0
Chr08-anno1.g39004.t1	2	2	0	0	105857630.4	376668324.4	23679998	46020773.7	0	0	54103814.37	153846662.3	0	0
Chr08-anno1.g39050.t1	1	1	0	0	41672383.44	80663365.94	0	0	0	0	0	80663365.94	0	0
Chr08-anno1.g39256.t1	3	4	0	0	303122145.39	458732863.15	0	0	0	0	90522791.47	380757888.6	0	0
Chr08-anno1.g39265.t1	1	2	0	0	83406820.44	39218763.82	0	0	0	0	83406820.44	39218763.82	0	0
Chr08-anno1.g39304.t1	1	1	0	0	32461216.17	0	0	0	0	0	32461216.17	0	0	0
Chr08-anno1.g39394.t1	2	2	0	27793838.47	119787184.2	297758543.61	69407952	47991335.65	0	0	119787184.2	51372833.11	0	0
Chr08-anno1.g39423.t1	6	17	922890075.7	453228259.74	3292633116.45	1676385673.22	0	63463409.44	294227090.6	277717939.41	3292633116.45	737693939.32	0	0
Chr08-anno1.g39462.t1	3	3	0	0	135010643.5	286758043.04	13853811	0	0	0	10378643.67	286758043.04	0	0
Chr08-anno1.g39476.t1	8	24	7982301938.8	11354302957.8	9127815555	3480741870.95	6501054456	7430317878.03	5035228182.8	10138146431.8	6396273515	1692365567.35	90995520	119433746.6
Chr08-anno1.g39494.t1	14	43	151886597.34	274313538.4	22720293025.76	1320150946.88	3393141854	2970770248.37	0	131600734.5	22645626066.7	1042845938.4	3068437080	1474313515.89
Chr08-anno2.g1047.t1	2	4	92998138.95	183740391.19	38335344.02	208128426.7	38351960	0	92998138.95	183740391.19	0	0	0	0
Chr08-anno2.g1061.t1	1	1	0	0	35407030.79	76565330.75	0	0	0	0	0	76565330.75	0	0
Chr08-anno2.g1181.t1	2	3	0	0	0	182644915.9	1488382912	718851769.04	0	0	0	0	1488382912	45809501.64
Chr08-anno2.g1187.t1	3	7	0	0	67974493.53	117078408.8	2689217104	2548649126	0	0	0	117078408.8	1429060432	2548649126
Chr08-anno2.g1277.t1	5	13	217575876.22	519467306.52	496238387.85	174410631.02	179412224	110577234.291	120445865.8	519467306.52	496238387.85	0	151663464	0
Chr08-anno2.g1326.t1	4	6	17352949.87	11023028.97	1891071748.71	5789973212.17	151519088	167572412.09	0	0	1891071748.71	5758213980.7	50693180	0
Chr08-anno2.g2005.t1	9	36	6268260212.65	7153086018.9	4554263753.79	6877486134.6783	710428361	547484935.192	6186989941.7	1307753487.9	4260699067.09	6877486134.6783	464647668	0
Chr08-anno2.g2138.t1	2	2	0	0	45783479.32	38953202.54	109978800	50146751.43	0	0	23944047.88	12385126.16	0	0
Chr08-anno2.g2242.t1	4	13	0	59935944.71	21402129.61	67646130.97	836018776	545185673.72	0	0	0	0	836018776	525871234.56
Chr08-anno2.g2862.t1	1	1	0	0	58995920	0	0	0	0	0	58995920	0	0	0
Chr08-anno2.g2947.t1	2	2	3329656.732	7380857.055	155922748.91	183041030.24	262066320	67719729	0	0	70188245.6	160032127.7	0	0
Chr08-anno2.g3453.t1	2	3	0	0	0	0	320294040	338020640.78	0	0	0	0	218426000	338020640.78
Chr08-anno2.g380.t1	1	1	0	12823967.74	14185836.66	38798606.11	0	0	0	0	0	38798606.11	0	0
Chr08-anno2.g4053.t1	2	2	26896062.87	151345406.3	62080407.62	115403090.28	0	7881431.104	0	0	62080407.62	0	0	0
Chr08-anno2.g428.t1	6	8	0	0	732225205.78	1471265475.58	75106929	14564676.76	0	0	501576078.17	1072911008.3	0	0
Chr08-anno2.g4336.t1	2	2	0	21235214.3	0	127857910.1	80066842	45857503.47	0	0	0	0	20639814	45857503.47
Chr08-anno2.g4402.t1	10	12	14728391.8	42984454.87	436326980.88	3870303626.94	130646577	19891185.44	0	0	71062181.33	3870303626.94	0	0
Chr08-anno2.g4561.t1	1	1	63769891.76	72871183.34	0	0	0	0	0	72871183.34	0	0	0	0
Chr08-anno2.g499.t1	1	1	0	23101962.64	79974674.87	43532787.5	193388240	18641477.86	0	0	0	43532787.5	0	0
Chr08-anno2.g50.t1	5	6	0	114069762.67	42978706.11	51248176.76	321746667	218495142.38	0	0	0	0	321746667	132037853.9
Chr08-anno2.g523.t1	4	8	830037728.805	755662199.78	1079292169.2	1163130238.52	32825704	20376778.643	92619338.705	0	899729306	209009925.72	0	0
Chr08-anno2.g568.t1	4	4	0	33503324.93	264653116.54	159707784.56	27299207	67987187.526	0	0	264653116.54	0	0	0
Chr08-anno2.g5928.t1	3	5	154184762.07	241375355.32	103374262.3	54673890.13	16520867	32912848.317	154184762.07	203167838.1	103374262.3	0	0	0
Chr08-anno2.g6040.t1	3	3	889880632	1018909564	272195208	443512301.28	428415644	634336937.49	0	0	0	0	0	634336937.49
Chr08-anno2.g6150.t1	6	12	0	0	74708467.78	97363637.12	1860904472	1657226730.57	0	0	0	0	1227036248	1657226730.57
Chr08-anno2.g6461.t1	1	1	19615010.02	0	424027024.7	83456953.27	0	0	0	0	424027024.7	0	0	0
Chr08-anno2.g7023.t1	2	3	0	0	227983798.57	254908561.97	9175508	0	0	0	227983798.57	182170537.8	0	0
Chr08-anno2.g7325.t1	9	32	3266638927.33	3289123126.67	1721392478.1	871048099.69	86188416	0	3266638927.33	3224358612.33	1622876865.6	689238141	0	0
Chr08-anno2.g7390.t1	1	1	0	0	81897566.61	201278349.6	0	0	0	0	81897566.61	0	0	0
Chr08-anno2.g7431.t1	3	5	130151190.44	867897381.6	93447377.58	0	2240795136	1015278532	130151190.44	867897381.6	0	0	0	0
Chr08-anno2.g7473.t1	13	28	988645926.084	1068035206.268	1830305458.86	1115923481.66	2902241788.5	1737399204.835	690167487.15	971969698.53	1468890533.79	653549312.95	0	0
Chr08-anno2.g7560.t1	2	6	0	0	321792216.86	372628552.7	13487271	16211480.85	0	0	321792216.86	372628552.7	0	0
Chr08-anno2.g7582.t1	1	1	0	0	105293178	122809952.9	54866780	0	0	0	0	122809952.9	0	0
Chr08-anno2.g854.t1	1	1	0	83808002.81	60727351.8	96377674.41	0	0	0	83808002.81	0	0	0	0
Chr08-anno2.g995.t1	1	1	0	0	0	0	74405032	112334327.5	0	0	0	0	0	112334327.5
Chr08-long_reads1.PB.4049.1	4	4	0	0	202469453.03	134838165.53	91693496	11221018.8	0	0	62694852.42	134838165.53	0	0
Chr08-long_reads1.PB.4057.1	8	13	0	237432989.4	405443563.87	434183057.31	509400956	541218517.42	0	0	172503079.36	72812362.55	362238600	323111027.9
Chr08-long_reads1.PB.4073.1	16	32	507424976.893	263947000.41	3733963034.98	4446449355.58	1627311509	2336742839.04	446442194.65	46220151.5	2591618190.95	3512978566.12	0	0
Chr08-long_reads1.PB.4112.1	1	1	14628930.41	39079160.84	174138607.9	0	0	0	14628930.41	0	0	0	0	0
Chr08-long_reads1.PB.4118.1	1	1	0	0	0	72856699.09	0	0	0	0	0	72856699.09	0	0
Chr08-long_reads1.PB.4124.1	6	14	109853071.64	368598127.83	295746859.09	142221613.6	724824353	862252690.6	109853071.64	335948068.42	60739147.52	0	716395141	691759663.3
Chr08-long_reads1.PB.4130.1	1	2	0	0	0	0	127635600	205596892.6	0	0	0	0	127635600	205596892.6
Chr08-long_reads1.PB.4133.1	2	3	0	0	81527668.01	112590246.43	24952960	0	0	0	44384435.46	112590246.43	0	0
Chr08-long_reads1.PB.4142.1	1	1	25622749.89	0	31358246.83	95423203.86	54425988	56241440.15	0	0	0	95423203.86	0	0
Chr08-long_reads1.PB.4152.1	1	1	0	0	0	36407194.93	64194332	81179550.12	0	0	0	0	0	81179550.12
Chr08-long_reads1.PB.4175.1	14	24	1546934297.08	1596762460.17	493916486.26	277414494.51	153044210	69814604.85	1157399934.57	944383434.17	339627372.4	0	0	0
Chr08-long_reads1.PB.4180.1	11	18	29781936.82	10106557.18	64058756.42	74900524.94	1779306444	1818394116.4	0	0	0	0	1446398044	1178698482.64
Chr08-long_reads1.PB.4192.1	13	17	0	20726168.93	1384160106.73	1090723365.78	137811853	213135460.098	0	0	1015094480.67	451671567.13	21654246	105181127.9
Chr08-long_reads1.PB.4219.6	6	6	13527404.248	44608898.488	324407759.605	334700618.873	14661893	4325006.161	0	0	247399872.3	258787391.453	0	0
Chr08-long_reads1.PB.4247.3	4	5	11503528.89	26606310.79	417587215.7	556162651.93	80265392	0	0	0	350846874.81	211695250.33	0	0
Chr08-long_reads1.PB.4256.2	1	1	0	0	34580255.9	54064819.67	0	0	0	0	0	54064819.67	0	0
Chr08-long_reads1.PB.4275.1	1	1	0	0	75971356.73	64219227.36	0	0	0	0	0	64219227.36	0	0
Chr08-long_reads1.PB.4277.1	10	32	2805411873.13	2337809061	1740299875.5	2055630088.86	924336829	1179999746.63	2805411873.13	1424325673.7	1456891570.2	1661949836.6	911407232	1067498683
Chr08-long_reads1.PB.4317.1	6	9	28759550.77	0	414212952.37	361259751.48	64151670	114505753.42	0	0	314229960.23	249725616.58	0	54378196.92
Chr08-long_reads1.PB.4343.1	12	16	0	29039492.06	1075213186.18	2362293346.87	15238059	31867316.76	0	0	981215792.88	1416382118.16	0	0
Chr08-long_reads1.PB.4347.4	16	27	346691029.07	204723597.16	1532567219.37	6227888369.1	20743594.5	19703787.07	0	0	984326887.88	6227888369.1	0	0
Chr08-long_reads1.PB.4419.3	1	1	0	0	0	0	14763926	63852647.57	0	0	0	0	14763926	0
Chr08-long_reads1.PB.4457.1	2	2	0	0	64352986.28	94683398.01	0	0	0	0	37186732.43	51482227.22	0	0
Chr08-long_reads1.PB.4491.1	30	78	1063568780.79	1049905184.8	1850814194.92	3287602093.88	7735570622	7379139942.53	677531889.3	440110171.72	934972519.99	1888160402.18	6798500892	6530559707.73
Chr08-long_reads1.PB.4495.1	4	4	77964369.594	64765323.44	187482238.22	34706905.53	0	74816781.08	0	49621084.58	161010611.89	34706905.53	0	0
Chr08-long_reads1.PB.4499.1	5	6	56560427.46	8723439.897	282510979.78	1022248530.5	15550191	0	0	0	72376396.17	1022248530.5	0	0
Chr08-long_reads1.PB.4505.6	5	6	9006532.947	16897426.71	243394239.267	383286099.82	49174972	41770760.638	0	0	100390609.33	383286099.82	0	0
Chr08-long_reads1.PB.4553.2	12	21	2640923049.45	1032216142.66	1269537791.7	3393852804.7	131233113	9896736323.92	2308761609.38	1011177982.19	110753831.77	211160271.3	0	0
Chr08-long_reads1.PB.4556.5	2	3	0	4265649.057	0	216814886.8	0	0	0	0	0	216814886.8	0	0
Chr08-long_reads1.PB.4574.3	9	13	467214493.13	467466885.7	215869086.23	196940862.56	40343716	0	389011441.63	315493552.19	56177958.52	0	0	0
Chr09-anno1.g39611.t1	1	1	0	0	84264108.57	154570818.3	0	0	0	0	0	154570818.3	0	0
Chr09-anno1.g39730.t1	8	69	63784514989.53	53413845378.694	41278067975.18	38733062794.7	1581257523	3278539628.3	63776274485.55	53396672251.824	41262379168.5	38733062794.7	1542769664	3278539628.3
Chr09-anno1.g39769.t1	5	10	33361984.84	96639958.37	12994300.95	27525964.06	2333427112	2150848343.4	0	0	0	0	2333427112	1841937715.4
Chr09-anno1.g39771.t1	3	4	12519765.42	2529571.364	0	24652174.68	722618800	790900114.72	0	0	0	0	0	790900114.72
Chr09-anno1.g39780.t1	16	29	0	55832384.14	659737098.44	1296862465.67	1229307978	994318312.481	0	0	366878798.7	849927121.55	998145576	473065183.6
Chr09-anno1.g39788.t1	5	10	10955950.35	0	377259651.67	513614796.2	73930311	0	0	0	377259651.67	464204912.08	0	0
Chr09-anno1.g39795.t1	3	7	487620791	612442058.7	1020485579.4	1993613107	300041316	180480208.09	0	612442058.7	707111804.6	1993613107	198389616	74773391.27
Chr09-anno1.g39799.t1	8	15	0	135664130.3	144486686.8	164583387.76	1265116004	935505110.24	0	0	0	0	985374436	826459915.41
Chr09-anno1.g39848.t1	1	1	0	0	75400959.21	92492219.18	0	0	0	0	75400959.21	0	0	0
Chr09-anno1.g39849.t1	10	43	6613661636.23	6743649885.78	15446114458.46	31399161303.7	32134458.5	101330923.126	6470114880.73	6743649885.78	15446114458.46	31233679582.5	0	0
Chr09-anno1.g39850.t1	9	18	500025326.25	789483189.6	5722248848.32	6621222666.1	1036993232.75	983641474.032	0	315949844.7	3622105257.3	4142646975.8	0	0
Chr09-anno1.g39856.t1	10	34	2957534012.2	3085869916.86	20174048517.8	22527770330	322766518	114062228	2841864378.7	1485072760.46	16484090247	18962503820	66170888	0
Chr09-anno1.g39857.t1	3	5	10525456.21	23762267.71	885611137.3	396620649.79	0	0	0	0	885611137.3	178583268.8	0	0
Chr09-anno1.g39858.t1	9	35	13664553893.4	10143167232.7	13420525182.7	3013550473.2	151109962	287784523.08	13183621090	9425370657.8	11961851662.7	2093860569.8	0	23023212.23
Chr09-anno1.g39979.t1	13	21	137555961.398	0	2083906403.624	2516283027.62	218504980	440222417.31	0	0	1594964834.85	1792506830.32	22445684	156452950.83
Chr09-anno1.g39999.t1	10	21	1510508961.56	2416404291.04	1572700718	1464131202.33	197359819	206729624.45	1303262766.06	2256366641.54	793529294.2	161933660.2	0	0
Chr09-anno1.g40020.t1	2	3	0	0	597085845.1	1235716754.5	0	55903959.12	0	0	597085845.1	575711549.1	0	0
Chr09-anno1.g40089.t1	2	3	1525966963	554570589.417	14476613.5	70186343.83	837750512	650269599.5	0	0	0	0	837750512	0
Chr09-anno1.g40131.t1	2	3	0	0	121634065.37	385684023.7	34269988	0	0	0	38718733.35	385684023.7	0	0
Chr09-anno1.g40159.t1	3	3	0	0	255021484.07	51828941.04	0	0	0	0	255021484.07	0	0	0
Chr09-anno1.g40169.t1	9	19	80192134.65	283997963.6	3064649261.27	3698430358.24	684603177	508358889.211	0	0	2826695796.47	2878831684.2	85853920	414051477.92
Chr09-anno1.g40423.t1	3	3	7503862.123	77053478.22	110922973.09	208724395.72	353057608	348868290.09	0	0	0	0	45543528	230329283.39
Chr09-anno1.g40441.t1	4	5	0	0	879901157.1	1137303975.2	102942944	67923301.204	0	0	359249827.2	535255689.4	29531368	0
Chr09-anno1.g40445.t1	1	1	0	0	8368537.15	73168754.88	0	0	0	0	0	73168754.88	0	0
Chr09-anno1.g40494.t1	18	25	165115582.53	179932928.764	4185444688.1	2616303207.998	666754456	388906519.13	0	0	3450123073.7	634515216.5	210120882	89640360.3
Chr09-anno1.g40657.t1	3	4	132260710.56	66005640.35	581290358.73	0	0	177262657.5	0	0	581290358.73	0	0	0
Chr09-anno1.g40698.t1	1	1	0	0	56623864.55	141580967.7	0	0	0	0	0	141580967.7	0	0
Chr09-anno1.g40702.t1	1	1	0	0	34781800.81	85940041.18	0	0	0	0	0	85940041.18	0	0
Chr09-anno1.g40716.t1	19	37	1524675747.87	1957341375.52	1556767044.45	1326238106.49	513827885	578552298.55	1128085345.17	1562426202.6	1028081158.02	509062340.05	10412243	0
Chr09-anno1.g40754.t1	10	36	107369387.69	21713088.822	488207923.709	816220254.9	6828406066	5047766455.05	0	0	421139846.879	816220254.9	6828406066	4533076301.05
Chr09-anno1.g40803.t1	11	31	112998178.36	115749300.42	13809403856.28	14027187800.41	2643346584	601912692.705	52196383.31	54112023.62	13382484258.38	13994263488.3	719747716	0
Chr09-anno1.g40832.t1	2	2	110192228.1	72973787.37	209237195	346389609.2	0	0	0	0	209237195	0	0	0
Chr09-anno1.g40867.t1	6	10	0	32581122.41	664422452.76	1013510213.24	3559614464	6680177857.83	0	0	572449562.51	972776649.9	0	0
Chr09-anno1.g40894.t1	1	2	0	0	0	51753317.65	46399912	49195698.84	0	0	0	0	46399912	49195698.84
Chr09-anno1.g40923.t1	1	3	0	0	41335121.56	166048608.7	41861320	32327228.91	0	0	0	166048608.7	0	0
Chr09-anno1.g40935.t1	2	3	13179644.39	0	72396351.86	344618734.47	0	0	0	0	72396351.86	344618734.47	0	0
Chr09-anno1.g40992.t1	1	1	0	0	21781246.77	38758599.84	97823216	65170592.37	0	0	21781246.77	0	0	0
Chr09-anno1.g41247.t1	1	3	58152329.53	69045930.05	259675135.9	202019505	0	0	58152329.53	69045930.05	0	202019505	0	0
Chr09-anno1.g41440.t1	1	1	22427483.23	29196998.93	0	25652380.21	16358402	0	22427483.23	0	0	0	0	0
Chr09-anno1.g41452.t1	4	20	9136170542.7	8216342202.2	14768638932	18845183349	1388084808	2895249272.13	8756552928.6	8216342202.2	10200804568	11745674657	190576380	2862848224.4
Chr09-anno1.g41489.t1	1	1	0	0	194179502	239772121.8	35957224	38433517.94	0	0	194179502	0	0	0
Chr09-anno1.g41501.t1	1	1	0	0	144538679.8	157319833.6	0	0	0	0	0	157319833.6	0	0
Chr09-anno1.g41561.t1	1	1	0	0	0	0	103497904	186429520.6	0	0	0	0	0	186429520.6
Chr09-anno1.g41575.t1	1	2	0	20358584.03	29084300.03	100469630.6	0	0	0	0	0	100469630.6	0	0
Chr09-anno1.g41896.t1	11	33	4199296093.26	2218070055.18	1822055665.07	3328373351.7	232406371	160353226.41	3120922332	1467289277.37	1489154021.89	2900244675.4	105903424	30944469.75
Chr09-anno1.g41920.t1	2	3	34172572.46	21379331.63	64683477.59	729706922.7	0	0	34172572.46	0	45330207.26	479422903.9	0	0
Chr09-anno1.g41930.t1	6	12	325700227.98	362585112.05	477526365	829413754.93	6966972	67241367.78	239213266.15	206760691.02	357712312.8	626764785.78	0	0
Chr09-anno1.g41954.t1	3	4	0	0	1134023.684	15166179.22	161841264	185428740.912	0	0	0	0	91195448	178565006.69
Chr09-anno1.g41986.t1	1	1	60049121.32	22996774.43	0	0	59226316	115136122.1	0	0	0	0	59226316	0
Chr09-anno1.g42113.t1	2	3	0	0	68028991.246	76535805.6	0	0	0	0	68028991.246	76535805.6	0	0
Chr09-anno1.g42404.t1	1	1	0	0	50889580.9	0	17145426	90456534.99	0	0	50889580.9	0	0	0
Chr09-anno1.g42540.t1	2	2	6808111.992	14453653.36	35743965.01	117354775.616	11295825	8888983.108	0	0	35743965.01	110009129.9	0	0
Chr09-anno1.g42580.t1	4	9	19647927.69	83718247	0	44892722.1	1035941984	1155019390.46	0	0	0	0	1035941984	1155019390.46
Chr09-anno1.g42671.t1	4	4	0	0	517718341.19	23600519.07	309001113	0	0	0	517718341.19	0	0	0
Chr09-anno1.g42887.t1	1	4	0	86126956.03	279048651.8	49291220.68	232702304	13811103.29	0	86126956.03	279048651.8	0	232702304	0
Chr09-anno1.g43234.t1	17	44	1390152052.59	1583596881.26	2253807008.28	2549914511.87	1421133150	1422067128.421	643498188.63	956499422.36	1620405021.39	1910940227.5	532862088	629035475.718
Chr09-anno1.g43265.t1	1	1	15312039.19	0	0	73032977.08	0	26575070.31	0	0	0	73032977.08	0	0
Chr09-anno1.g43304.t1	2	2	145602393.4	0	19682922.01	142212924.33	47599864	138270707.394	0	0	0	142212924.33	0	0
Chr09-anno1.g43321.t1	2	2	21115515.84	93829467.56	145732209.04	0	0	248121076.4	0	93829467.56	0	0	0	0
Chr09-anno1.g43559.t1	1	4	3052375498	2397818503	743052903.7	0	123609530	328024375.5	3052375498	2397818503	743052903.7	0	0	0
Chr09-anno1.g43668.t1	1	1	0	0	26817788.56	78206742.13	47466720	95884508.89	0	0	0	78206742.13	0	0
Chr09-anno1.g43706.t1	8	12	15941601.17	5762769.165	1041921717.72	71428638.69	382245084.5	417201318.7	0	0	870934306.72	0	145441028	341649137.21
Chr09-anno1.g43836.t1	7	12	44708428.59	34555998.93	2200237119.12	949104292.86	88377907	16806914.23	0	0	2134786632.89	696584310.76	0	0
Chr09-anno1.g43891.t1	3	3	52911258.38	72802812.53	57834810.11	136889245.555	172937552	316481323.6	0	72802812.53	57834810.11	128539452.4	0	0
Chr09-anno1.g43943.t1	2	2	25850008.62	0	38679326.06	106162968.84	48674012	12002419.25	0	0	0	106162968.84	0	0
Chr09-anno1.g43971.t1	19	74	10509835570.2	17427587233.16	16404787046.23	7218932190.89	1687409707	1892061837.44	8303827433.9	15005251890.92	16384774793.89	5237410870.7	1123966246	809200966.78
Chr09-anno1.g43981.t1	2	2	0	0	82026828.07	105771094.35	19675964	39483270.59	0	0	39693755.02	88315050.14	0	0
Chr09-anno1.g44044.t1	6	15	644970641.37	604348299.13	447591418.24	420925733.04	14306440	0	459924309.77	175013115.23	252204940.35	326731271.82	0	0
Chr09-anno1.g44084.t1	1	1	13223309.76	0	56746560.22	0	0	0	0	0	56746560.22	0	0	0
Chr09-anno1.g44239.t1	7	12	657502335.116	826846435.31	239921204.84	262313276.63	43466236	28825946.97	453256310.18	487284477.01	196034177.72	0	0	0
Chr09-anno1.g44301.t1	2	2	3920052137	2299195275	181319893.38	64373285.37	87810574	0	0	0	181319893.38	0	0	0
Chr09-anno1.g44302.t1	2	5	27829362.74	73171300.27	21603036.53	0	0	0	27829362.74	73171300.27	21603036.53	0	0	0
Chr09-anno1.g44313.t1	16	28	491150919.327	251777535.041	4033193168.7	4264697266.6	614852319.5	449119748.19	63717413.51	38439710.94	3308392809.1	2083989646	320896826	97755106.72
Chr09-anno1.g44327.t1	6	12	0	0	2057833244.4	10416730672.3	47104136	0	0	0	1819399809.7	10416730672.3	0	0
Chr09-anno1.g44446.t1	4	5	5979858.336	0	183084406.1	327716921.55	64283112	85204621.82	0	0	60155927.2	327716921.55	0	0
Chr09-anno1.g44451.t1	1	2	0	0	96056979.47	139427314.1	0	0	0	0	96056979.47	139427314.1	0	0
Chr09-anno1.g44452.t1	2	5	0	0	432817635.4	356283332.9	73577256	188596940.88	0	0	432817635.4	356283332.9	0	82063389.48
Chr09-anno1.g44495.t1	6	23	18472457.94	116142310.13	5323585400.2	5634953207.5	550664850	520898502.33	0	0	5323585400.2	5634953207.5	281168040	157906257.8
Chr09-anno1.g44500.t1	9	12	189509536.9	157216080.777	926964286.35	1254290955.57	279528293	295605006.41	0	0	452187855.75	1238016919.72	0	0
Chr09-anno1.g44553.t1	15	15	118062173.0911	71946742.86	322479368.5242	3647101233.4	124354886	667954389.81	0	0	0	3647101233.4	0	0
Chr09-anno1.g44556.t1	12	28	734642797.6	774111257.81	1081754200.44	4517458366.2	618517149	798445656.2	372628487.43	513603297.16	750173085.78	3105028328.8	57096308	30449106.18
Chr09-anno1.g44624.t1	5	15	3352473186.72	4041499296.7	1282421864.5	487482886.4	1887482450	1091535634.726	2059105173.72	4041499296.7	899062658.7	129194025.3	0	0
Chr09-anno1.g44628.t1	1	1	0	0	0	0	74825856	72314914.72	0	0	0	0	74825856	0
Chr09-anno1.g44675.t1	2	3	146101772.48	132166109.66	103804487.91	106851758.9	0	0	112456805.2	0	81265531.4	106851758.9	0	0
Chr09-anno1.g44707.t1	2	2	0	27883485.26	136191996.57	67059546.09	38695656	78004075.03	0	0	90659891.53	67059546.09	0	0
Chr09-anno1.g44725.t1	29	95	5794094772.636	3089247939.388	3293582734.86	2733499610.88	65318207515.5	65769346143.94	30334687.41	41434196.95	607584516.7	1010884183	62871886536	65438713475.04
Chr09-anno1.g44735.t1	11	31	98509579.211	63011654.166	6157003134.81	8000394763.12	928910250.5	565429029.932	22979563.86	29421285.17	6136818826.87	7666184254.42	836575483	505210220.3
Chr09-anno1.g44760.t1	5	12	76321053.699	43595247.34	90669725687	717321335.65	388311725.5	642130737.31	0	0	90669725687	0	0	0
Chr09-anno1.g44761.t1	11	23	31548744.297	76410605.375	40300394045.81	333718591.26	106631312	17415434.64	0	0	40300394045.81	49212069.61	36947560	0
Chr09-anno1.g44773.t1	31	50	465333675.14	456087106.89	7433189998.79	10348497511.17	377832405	530916814.979	0	0	5224317982.64	9173449855.47	19401774	0
Chr09-anno1.g44818.t1	6	10	0	0	539616308.55	1137560128	0	85257045.84	0	0	539616308.55	635627420.7	0	0
Chr09-anno1.g44828.t1	3	3	0	0	163102348	1080426949.1	0	0	0	0	0	1080426949.1	0	0
Chr09-anno1.g44835.t1	1	1	0	0	84207114.82	101884067	0	0	0	0	84207114.82	0	0	0
Chr09-anno1.g44863.t1	1	2	36812070.05	203700596.3	201252751.4	0	10363942	0	36812070.05	203700596.3	0	0	0	0
Chr09-anno1.g44899.t1	6	7	244815016.631	408856862.98	82236013.88	72606654.18	78024240	39894117.96	57484210.61	395867459.85	0	0	0	0
Chr09-anno1.g44911.t1	15	45	6339532404.5	11476200014	2705060135.5311	1599289036.12	356089977	377766427.51	6339532404.5	11476200014	1622000642.5	724389781.7	92651992	0
Chr09-anno1.g44968.t1	3	5	7931524.722	14719613.576	1144204633.9227	1838997505	71874250	14744603.57	0	0	1143990167.8	1402140536	0	14744603.57
Chr09-anno1.g45083.t1	9	16	145261444.438	18340880.836	293470332.761	74580789151.83	9729811584	9525084875.66	0	0	0	0	2018581632	9425623935.25
Chr09-anno1.g45089.t1	5	8	48598871.062	46554149.7	408716243.47	1366669792.2	0	81707159.79	0	0	408716243.47	1291430038.1	0	0
Chr09-anno1.g45096.t1	5	16	35179867.05	87605953.393	6435246051.2	8857585287.6	762625996	467749902.83	21858095.34	0	6435246051.2	8857585287.6	365049736	386670050.07
Chr09-anno1.g45105.t1	1	2	13155260.46	34639316.29	28899383.81	0	0	0	13155260.46	34639316.29	0	0	0	0
Chr09-anno2.g37208.t1	4	7	0	13234294.91	88030496.21	58542350.16	579781220	466791955.26	0	0	0	0	579781220	440093978.77
Chr09-anno2.g37217.t1	1	2	0	0	0	0	48799084	24525407.54	0	0	0	0	48799084	24525407.54
Chr09-anno2.g37265.t1	8	29	269892203.371	356735888.57	5755563447.2	4546415605.48	540565118	581445896.26	34992901.93	0	5755563447.2	4464691257.9	283072390	313565175.7
Chr09-anno2.g37328.t1	2	3	0	2046489061	85394040.46	23716537.11	37401984	819039003.78	0	0	85394040.46	23716537.11	0	60349199.68
Chr09-anno2.g37485.t1	1	1	0	0	0	40371959.17	0	0	0	0	0	40371959.17	0	0
Chr09-anno2.g38020.t1	1	1	3087117.319	9425538.494	66771978.88	129054583.4	170102768	151564583	0	0	0	129054583.4	0	0
Chr09-anno2.g38302.t1	3	5	0	0	603462932.7	1258488442.2	0	0	0	0	406039468.4	1258488442.2	0	0
Chr09-anno2.g38428.t1	2	2	38639347.24	0	26591977.99	7285724.612	207488632	172975831.01	0	0	0	0	207488632	0
Chr09-anno2.g39089.t1	4	6	26715271.08	32508187.69	660769962.9	1131022738.3	40859296	34307108.766	0	0	365802130.3	849765459.6	0	0
Chr09-anno2.g39489.t1	1	1	22444012.54	17758287.93	624406804.4	977931106.7	79726416	0	22444012.54	0	0	0	0	0
Chr09-anno2.g40155.t1	1	1	60449379.46	68378052.25	0	31575082.6	0	0	0	0	0	31575082.6	0	0
Chr09-anno2.g40651.t1	3	4	51119199.78	109432640.5	234588010.4	603563441.43	23808236	0	0	0	160681818.71	507294902.7	0	0
Chr09-anno2.g40858.t1	27	307	6895972295.2594	5510657598.326	511433767255.264	61079967816.59	38164952541	35793282438.2	5233614761.5	5044930591.97	467692024642.56	60897946446.6	33594394845	30229691851.4
Chr09-anno2.g40880.t1	1	1	0	0	0	0	60766540	78511098.42	0	0	0	0	60766540	0
Chr09-anno2.g40949.t1	1	2	1834569644	479985924	965121248.4	1667953074	0	5230182.861	0	0	0	1667953074	0	0
Chr09-anno2.g41454.t1	4	5	38878423.6	17291660.62	155567736.75	306915485.2	14197559	122566153.02	0	0	76515478.53	306915485.2	0	0
Chr09-anno2.g41484.t1	1	1	0	54688198.39	130752996.6	0	71010464	10044630.35	0	0	0	0	71010464	0
Chr09-anno2.g41982.t1	9	13	181904361.41	73522958.789	807869864.52	3633895815.011	195072190	132046829.64	0	0	389347516.46	3633895815.011	0	0
Chr09-anno2.g42376.t1	1	2	47312517.23	17406282.72	147763411	353908846.6	0	14374040.23	0	0	147763411	353908846.6	0	0
Chr09-anno2.g42487.t1	5	6	0	0	164967950.64	808597963.85	0	33742769.76	0	0	54092573.14	808597963.85	0	0
Chr09-anno2.g42615.t1	6	21	6495260284	5615880792.2	1412666378.63	716075062.27	22720748	41391881.323	6495260284	5218330780	929482124.9	685938539.85	0	0
Chr09-anno2.g42712.t1	3	3	139293448.58	101653854.5	59046146.34	77404586.57	0	0	139293448.58	0	0	34691565.77	0	0
Chr09-anno2.g42839.t1	1	1	8388380.857	0	30996388.48	58171595.83	15077231	0	0	0	0	58171595.83	0	0
Chr09-anno2.g43179.t1	2	4	0	0	14261715970.2	19543227520.6	333677440	529144909	0	0	0	439888164.6	333677440	529144909
Chr09-anno2.g43180.t1	1	1	0	0	151291869.4	58739781.33	0	14573116.89	0	0	151291869.4	0	0	0
Chr09-anno2.g43205.t1	1	1	0	0	0	29071270.8	0	0	0	0	0	29071270.8	0	0
Chr09-anno2.g43317.t1	7	14	9018565.659	0	3328881031.8	6064485986.3	381121400	275532825.56	0	0	2755753709.8	2815113982.8	147542188	115147088.34
Chr09-anno2.g43356.t1	12	35	57430067.98	344934748.6	1771052143.7	1493861735.27	32075451656	37673979938.1	29884321.49	306606862.3	1474710503.19	1273274187.2	32075451656	37276317004.12
Chr09-anno2.g43371.t1	1	2	134250791.3	285920255.6	0	0	0	0	134250791.3	285920255.6	0	0	0	0
Chr09-anno2.g43563.t1	6	24	738110900.24	359929817.5	14166320588	820151448.05	5916441008	2485861408.4	722357384.9	359929817.5	10349530175	607887397.75	5916441008	2271105376.8
Chr09-anno2.g43605.t1	3	5	0	0	216027926.78	213381078.62	0	12213878.04	0	0	216027926.78	157491947.82	0	0
Chr09-long_reads1.PB.4666.2	5	7	0	0	181743266.51	295424728.33	102643350	59894819.362	0	0	110366869.7	250936346.07	0	5873260.502
Chr09-long_reads1.PB.4678.1	1	1	0	0	16321065.58	0	0	0	0	0	16321065.58	0	0	0
Chr09-long_reads1.PB.4693.1	1	1	0	0	75353253.33	70045428.84	0	16302260.97	0	0	75353253.33	0	0	0
Chr09-long_reads1.PB.4703.2	14	28	721762542.25	1339678074.23	717165285.35	364041822.51	209889777	366602274.41	608740863.17	975737214.06	533356409.57	130808938.12	0	0
Chr09-long_reads1.PB.4709.1	1	1	427045349.5	30732310.31	0	0	0	0	427045349.5	0	0	0	0	0
Chr09-long_reads1.PB.4724.1	1	1	12922624.68	12901478.82	59934335.23	303924993.7	11407531	18202952.28	0	0	0	303924993.7	0	0
Chr09-long_reads1.PB.4753.1	9	24	66251604.9083	35812316.33	182609152.492	415122519.7314	4320430306	4756728596.16	0	0	0	119402516.9	4320430306	4756728596.16
Chr09-long_reads1.PB.4773.1	6	8	543922017.73	422857435.45	254576649.22	408521202.47	103268520	155106983.1	198438191.75	406747721	0	0	0	0
Chr09-long_reads1.PB.4775.9	1	2	27227955.95	52854137.73	33294172.47	724863235.2	266645360	362262556	0	0	33294172.47	724863235.2	0	0
Chr09-long_reads1.PB.4794.1	10	14	290113728.2	463527243.7	778297192.06	1629743320.03	51827072	69400027.351	0	0	433075175.36	1330920727.93	0	0
Chr09-long_reads1.PB.4798.5	1	1	37262296.85	47279832.05	17050256.4	0	0	0	37262296.85	0	0	0	0	0
Chr09-long_reads1.PB.4820.1	27	66	244022333.06	154215655.561	12117276780.98	20055586080.21	1971663964	1962205356.985	41697440.8	0	10477824941.28	18477965601.19	231227484	275177954.38
Chr09-long_reads1.PB.4834.1	4	7	624639276.28	214094097.94	443964904.72	449963628.01	38866220	117626945.36	564621580.77	0	0	222872471.11	0	0
Chr09-long_reads1.PB.4842.2	5	6	27958296.81	30645282.14	330886446.19	741169982.19	0	16484948.327	0	0	29775698.22	741169982.19	0	0
Chr09-long_reads1.PB.4949.1	8	14	0	0	1131975329.95	6104843098.81	38085012	38735507.54	0	0	349768479.9	6104843098.81	0	0
Chr09-long_reads1.PB.4953.3	1	2	52727514.01	38911343.07	244392164.8	2279131321	1430010496	1622522863	52727514.01	0	0	2279131321	0	0
Chr09-long_reads1.PB.5009.1	12	42	1213996708.2	1623501192.62	2184981605.1	1843498640.5	2496550356	2308697783.4	554932427.79	1149198973.5	1993672319.8	1157843696.7	1871980148	1937829906.9
Chr09-long_reads1.PB.5033.1	14	29	21994781.53	80947825.34	389943691.99	730847876.71	10405480120	9182808058.13	0	0	0	220829423.49	10405480120	6793683839.7
Chr09-long_reads1.PB.5036.1	9	17	16613586.077	34550781.314	1824014300.03	3737551134.06	211159666.5	298317213.76	0	0	1441782354.4	3737551134.06	0	62983566.64
Chr09-long_reads1.PB.5059.1	1	1	53484958.9	29231532.47	0	60459413.4	0	0	0	0	0	60459413.4	0	0
Chr09-long_reads1.PB.5067.1	1	3	65392465.49	39437487.83	44902946.3	44899076.81	9760696	11228595.01	65392465.49	39437487.83	44902946.3	0	0	0
Chr10-anno1.g27635.t1	3	4	32892515.7241	0	103920902.5451	48538245.96	96824196	94231255.17	0	0	103402503.9	0	72433972	33325844.19
Chr10-anno1.g27717.t1	2	3	0	0	102251318.3	430404347.3	0	9663854.92	0	0	102251318.3	430404347.3	0	0
Chr10-anno1.g27729.t1	3	5	0	128244589.4	212942623.93	1296438488.78	659780645	786379064.423	0	0	146792658.3	1296438488.78	0	0
Chr10-anno1.g27741.t1	1	2	0	0	9341437.697	52364495.82	0	0	0	0	0	52364495.82	0	0
Chr10-anno1.g27802.t1	2	2	0	0	148655509.73	416979676.9	0	0	0	0	48295432.53	257327901.7	0	0
Chr10-anno1.g27811.t1	5	6	3614894.562	0	494445362.49	279019552.17	145681776	22879297.05	0	0	326771408.93	49907780.11	36820564	0
Chr10-anno1.g27913.t1	2	2	0	0	44322766.27	66058539.4	8376397.5	64671549.44	0	0	44322766.27	66058539.4	0	0
Chr10-anno1.g27990.t1	38	89	2838066851.33	2457654738.59	5181610464.79	10348721853.23	363978533	422170520.385	1490371679.49	1597670480.31	3710922031.65	8271198778.72	0	0
Chr10-anno1.g28348.t1	2	4	31186113.21	74725817.98	0	0	0	0	31186113.21	74725817.98	0	0	0	0
Chr10-anno1.g28404.t1	7	22	14698623.49	24331496.657	275330122.03	615185170.59	3518381944	5084583850.65	0	0	181037126.8	353628056.1	3518381944	4991985578.93
Chr10-anno1.g28413.t1	5	6	71093351.52	11064539.41	258135012.8	749162107.34	0	0	0	0	72701125.09	749162107.34	0	0
Chr10-anno1.g28416.t1	7	10	26594268.51	0	581671293.75	1320070730.32	11231003	10789307.1	0	0	471659203.08	1294519698.17	0	0
Chr10-anno1.g28419.t1	2	2	0	0	13603347.27	310311455.2	4336032	2254666.299	0	0	0	310311455.2	0	0
Chr10-anno1.g28461.t1	5	6	0	0	349774210.76	1158911420.59	18513162	0	0	0	40316130.59	986528394.09	0	0
Chr10-anno1.g28462.t1	3	4	22008918.39	0	202985106.3	751876339.65	3933412.75	0	0	0	123697516.5	751876339.65	0	0
Chr10-anno1.g28541.t1	2	3	0	85878934.918	58228838.89	191435687.58	161127816	0	0	0	58228838.89	191435687.58	0	0
Chr10-anno1.g28562.t1	6	9	287015594.48	77956388.33	1215623181.34	2975018269.9	218085381	193871227.67	0	0	1120359820.2	1690261065.9	59477556	0
Chr10-anno1.g28575.t1	2	2	3689972729	2230778736.63	52416711.04	51453503.23	0	0	0	2230778736.63	0	0	0	0
Chr10-anno1.g28582.t1	1	1	0	0	0	0	40056940	44132047.96	0	0	0	0	40056940	0
Chr10-anno1.g28621.t1	2	3	0	0	9528744.407	78274529.09	0	0	0	0	9528744.407	78274529.09	0	0
Chr10-anno1.g28623.t1	1	4	0	0	0	47284443.41	1167634912	1336831017	0	0	0	47284443.41	1167634912	1336831017
Chr10-anno1.g28670.t1	5	6	49077911.114	56563680.54	77624704.89	338847795.73	884029208	996558739.6	0	0	0	0	884029208	364089055.1
Chr10-anno1.g28684.t1	10	19	3433968.685	41149727.3636	84670939.69	58420260.084	2642098236	1652438315.43	0	0	0	0	2376205020	1528188413.03
Chr10-anno1.g28739.t1	1	1	3104780.383	17112864.38	0	0	309742336	357576796.4	0	0	0	0	309742336	0
Chr10-anno1.g28745.t1	2	2	0	0	240574685.92	297495872.5	56218638	55898587.85	0	0	217433445	52946545.1	0	0
Chr10-anno1.g28757.t1	10	28	181242159.808	93818641.16	6615711032.8	8293193356.91	1238168117	969199771.39	33448720.68	60237228.44	5828449463.7	6871500397.9	530717424	558738633.84
Chr10-anno1.g28789.t1	23	32	208374985.95	235237828.3877	4407290397.91	6565295031.82	226742092	155635105.7706	0	0	3837472532.11	3114575004.3	0	0
Chr10-anno1.g28860.t1	36	140	7935809559.45	8310590655.585	13767748290.07	24943758175.191	11250885011	9590132923.166	6428287274.86	5953360761.37	12301901156.6	20576620267.941	10420650956	8385238130.45
Chr10-anno1.g28877.t1	10	20	164886140.98	108354410.887	3770256257.14	7787312339	941093322	600560645.72	0	0	1516106783.74	6501653426	42476076	89724421.47
Chr10-anno1.g28890.t1	1	1	0	0	41084853.14	197365040.4	0	11091955.41	0	0	0	197365040.4	0	0
Chr10-anno1.g28891.t1	34	114	13282056443.06	10668330625.21	5780233738.782	10075459461.8	1084205400	422747408.238	12903571196.26	10154821377.15	3604772974.88	7144183665.04	0	0
Chr10-anno1.g28977.t1	1	2	0	0	0	0	115433472	104621900	0	0	0	0	115433472	104621900
Chr10-anno1.g29056.t1	6	8	26208757.245	0	418782301.33	889191356.14	230318400	163041895	0	0	187081212.01	793772074.8	0	0
Chr10-anno1.g29202.t1	36	95	98709835.962	198902408.024	2855698849.47	6315873797.81	43276277492	31459063894.26	0	0	1891915451.44	2433096223.92	39214918628	29192717976.96
Chr10-anno1.g29236.t1	3	3	12973435.36	28061740.18	126882600.93	123924043.62	13802108	11074157.88	0	0	77182377.91	45989104.06	0	0
Chr10-anno1.g29307.t1	1	1	16199111	11412204.5	0	114274397.8	3606652.75	0	0	0	0	114274397.8	0	0
Chr10-anno1.g29364.t1	4	15	10344812535.8	8328777660.28	1128624287.9	777815536.241	39326880	182494528.22	10344812535.8	8328777660.28	1057178555	0	39326880	0
Chr10-anno1.g29379.t1	1	2	0	79292889.92	16154564.43	23203353.05	0	0	0	79292889.92	0	0	0	0
Chr10-anno1.g29392.t1	1	4	6531443106	6792854725	1375983289	0	0	0	6531443106	6792854725	1375983289	0	0	0
Chr10-anno1.g29527.t1	2	3	0	0	164058545.82	218787828.74	0	54589261.72	0	0	164058545.82	92364183.04	0	0
Chr10-anno1.g29611.t1	1	1	0	13287362.43	45304120.57	38653197.17	0	0	0	0	45304120.57	0	0	0
Chr10-anno1.g29715.t1	3	3	51989984.82	15118131.18	192448412.12	309788372.96	0	0	0	0	168320405.8	287746142.13	0	0
Chr10-anno1.g29745.t1	1	1	0	0	51316407.09	114454316.9	8465282	0	0	0	51316407.09	0	0	0
Chr10-anno1.g29747.t1	9	25	2489122924.54	2002868540.02	1796321753.31	1775175933.41	112869992	140484064.714	2205667603.34	1411208498.12	1444584298.29	901423154.94	0	0
Chr10-anno1.g29758.t1	2	3	677341148.9	601372476.2	13344732.99	0	18996522	0	562017353.1	264763775.6	0	0	0	0
Chr10-anno1.g29827.t1	19	30	92451293.977	265647968.102	321845164.52	363362957.89	3625358742	3329511191.45	0	0	0	0	3221236100	1796818779.26
Chr10-anno1.g29882.t1	10	32	785835040.216	1705423266.52	1088745807.22	531042946.28	79336549	148761109.71	641839413.34	1664368816	653661512.31	223542622.08	0	0
Chr10-anno1.g29939.t1	9	33	5288576098.91	4871262986.11	2026314603.74	2495069756.67	116752696	214041134.42	5202528942.91	4871262986.11	940324428.8	2341774191.38	33111436	0
Chr10-anno1.g29972.t1	1	3	25311872.65	0	33224497.69	60422898.93	0	0	25311872.65	0	33224497.69	60422898.93	0	0
Chr10-anno1.g30027.t1	4	5	0	18335514.74	87517063.8866	199724484.21	571331904	456556331.3	0	0	87101584.66	143856246.72	0	0
Chr10-anno1.g30096.t1	7	11	16427749.92	0	6078697582.91	6879740772	146129663.5	90233839.1	0	0	5620911403.01	6778022381.3	0	0
Chr10-anno1.g30209.t1	1	1	0	0	160613048.1	363536792.2	112318816	173075327.3	0	0	0	0	0	173075327.3
Chr10-anno1.g30244.t1	5	8	57904986.69	153447931	146389124.28	8362397.772	1184016344	1679589217.79	0	0	0	0	995724440	1584227771.2
Chr10-anno1.g30267.t1	2	3	0	0	273684837	187630784.7	12552898	0	0	0	273684837	90062363.84	0	0
Chr10-anno1.g30286.t1	15	46	190624274.73	149173275.11	473134824.62	1634902338.29	10625712888	13230354123.31	0	0	137729397.56	496691880.3	10453221358	13230354123.31
Chr10-anno1.g30308.t1	3	4	113299889.43	117473563.03	22246448.44	91246310.49	25277542	0	31083547.31	95904061.7	0	53013314.11	0	0
Chr10-anno1.g30488.t1	9	25	0	24588440.939	190202294.23	169493466.61	3359377328	4176225445.8	0	0	97265661.34	51146676.51	3359377328	4176225445.8
Chr10-anno1.g31091.t1	2	5	79904953.99	230666291.8	154575818.59	248228376.48	14929704	23727514.67	79904953.99	230666291.8	72449338.09	0	0	0
Chr10-anno1.g31135.t1	8	21	58914744.19	76098276.223	5082540502.34	8380296004.8	683364530	773125536.44	0	0	5082540502.34	7982558987.1	530349896	487717346.9
Chr10-anno1.g31224.t1	1	1	0	0	29819576.16	33776914.84	24481092	0	0	0	0	0	24481092	0
Chr10-anno1.g31258.t1	8	8	0	16942274.01	206370662.88	2613802518.9	110640892	87859032.29	0	0	0	2613802518.9	0	0
Chr10-anno1.g31297.t1	7	23	4790834472.02	3718615867.4	871521499.9	1077407360.24	61039287	66772159.777	4790834472.02	3718615867.4	633775884.4	759637561.5	0	0
Chr10-anno1.g31304.t1	17	50	2868368257.75	4308935390.55	3083719005.51	1230854308.81	8171246931	8072740123.91	2593235633.96	4098505640.95	1880511058	897217598.03	74526200	2909044277.16
Chr10-anno1.g31334.t1	1	1	0	0	100117376.4	25775032.22	30628282	0	0	0	100117376.4	0	0	0
Chr10-anno1.g31439.t1	2	3	119386655.13	105889267.59	33629827.56	0	15893829	0	74219400.12	105889267.59	0	0	0	0
Chr10-anno1.g31462.t1	3	4	106130392	77525495.78	19090411.848	67403470.21	0	64465397.28	83762368.51	55192042.88	0	0	0	0
Chr10-anno1.g31507.t1	1	2	45544243.99	39264399.36	0	0	77325128	0	45544243.99	39264399.36	0	0	0	0
Chr10-anno1.g31517.t1	4	5	244901571.32	97758462.99	420365020.07	852413258.98	64174664	85702843.92	0	0	0	852413258.98	0	85702843.92
Chr10-anno1.g31570.t1	1	5	1599915.892	851060.2252	6725358.24	2992980.111	50666654.25	59777181.85	0	0	0	0	50666654.25	59777181.85
Chr10-anno1.g31577.t1	5	15	1122288462.93	1673095925.5	443748692.3	286982608.8	156456064	306716607.78	726604219.4	1673095925.5	199069221.1	176665121.6	156456064	0
Chr10-anno1.g31610.t1	1	1	0	64702226.21	0	0	107527592	111846224.1	0	0	0	0	0	111846224.1
Chr10-anno1.g31613.t1	1	1	19065984.48	19979067.14	37091635.72	0	10497620	11945201.61	0	0	0	0	0	11945201.61
Chr10-anno1.g31632.t1	1	2	0	0	0	0	134810080	196453267.1	0	0	0	0	134810080	196453267.1
Chr10-anno1.g31636.t1	11	22	0	175046587.1	20874787.74	118778243.04	2859143732	2515406614.29	0	0	0	0	2340878992	2265775877.19
Chr10-anno1.g31646.t1	6	13	0	0	94412530.1	183543288.05	392465349	351699357.4	0	0	74886540.97	144216631.93	346408989	316129343.72
Chr10-anno1.g31715.t1	1	5	135616511	190243896.4	98103912.18	221745111	19379912	26576558.06	135616511	190243896.4	98103912.18	221745111	0	26576558.06
Chr10-anno1.g31743.t1	7	17	233383387.5	211102076.54	9010655156.6	9997309786.7	9491433456	5223315973.07	71954229.96	211102076.54	8812740392.9	8750113403.7	363955200	2036763106
Chr10-anno1.g31750.t1	8	12	405964041.87	1178084280.87	767949182.12	854204817.35	157317852	48681784.626	0	0	701087979.18	854204817.35	0	0
Chr10-anno1.g31753.t1	1	1	0	0	0	43838250.24	253940032	231609991.4	0	0	0	43838250.24	0	0
Chr10-anno1.g31892.t1	9	28	0	0	186383797.8	103750474.8	10708161756	12643606350.85	0	0	58721360.7	103750474.8	10708161756	12643606350.85
Chr10-anno1.g31934.t1	24	80	117733967.237	426641495.307	1300762422.79	4441715967.269	46952766175	44804136343.82	0	0	845093745.2	2309015868.4	40524072615	38252382415.29
Chr10-anno1.g32015.t1	2	3	69681620.71	0	200652770.02	376052436.9	10444168	0	0	0	200652770.02	183387932.1	0	0
Chr10-anno1.g32034.t1	15	28	67339110.154	41743789.84	330671781.084	191560405.63	5251819644	5789048300.01	0	0	0	0	4082174368	4415116533.81
Chr10-anno1.g32038.t1	1	2	7795871.157	0	179715564.9	375770785	9945884	6402798.598	0	0	179715564.9	375770785	0	0
Chr10-anno1.g32043.t1	27	90	215591627.589	428371755.94	1619515617.39	3616996194.42	47214493025	44491215627.104	12797030.33	0	762295595.5	2034598264.8	44036313312	44488222213.23
Chr10-anno1.g32048.t1	2	4	13020460.59	0	196599219.32	94968053.59	11949389	9609569.681	0	0	196599219.32	55984385.46	0	9609569.681
Chr10-anno1.g32050.t1	1	1	0	0	52824050.97	88587105.4	0	0	0	0	52824050.97	0	0	0
Chr10-anno1.g32051.t1	23	69	17199136622.15	18000576902.56	11876380631.72	15346059324.33	649636692	1113730220.615	12489257536.51	10982825244.76	9035271080.61	13059068980.14	88856104	218206885.2
Chr10-anno1.g32056.t1	19	42	105022824.21	77735081.26	9845332985.5	12853876162.49	1460602510	1239757699.81	0	0	7090710907.8	11110306284	930042864	338512452.23
Chr10-anno1.g32075.t1	2	3	0	19525877.19	65575994.58	464568368.4	122038472	81406540.97	0	0	55247741.07	464568368.4	0	0
Chr10-anno1.g32086.t1	1	4	28197623.95	11228764	2291186554	2515042111	103918456	122098315.8	0	0	2291186554	2515042111	103918456	122098315.8
Chr10-anno1.g32107.t1	7	9	546963593.001	4995448.217	657427888.93	1306440601.6	153874192	208115390.94	0	0	280991915.09	1110186536.26	0	0
Chr10-anno1.g32121.t1	16	34	2782000512.74	3917130574.318	2920850392.5	2574573865.34	144728882	172848901.77	1843544971.34	3784369004.14	1569164143.66	1623475200.3	54879762	0
Chr10-anno1.g32145.t1	1	1	0	0	0	0	352690560	377939781.6	0	0	0	0	352690560	0
Chr10-anno1.g32185.t1	20	53	23690781.62	53280215.78	662548662.77	2510335450.46	21039776401	18536875369.03	0	0	236824887.67	1031591619.6	16275779537	15660777290.13
Chr10-anno1.g32190.t1	1	4	0	0	87962845.66	206243112.6	0	0	0	0	87962845.66	206243112.6	0	0
Chr10-anno1.g32193.t1	2	2	0	30550883.98	69865350.31	139430645.12	0	0	0	0	69865350.31	59089643.79	0	0
Chr10-anno1.g32198.t1	2	9	125255854.52	243902944.2	104949797.72	0	32797656	59984341.07	125255854.52	243902944.2	48233703.48	0	32797656	59984341.07
Chr10-anno1.g32249.t1	5	6	3790318330.9	121894421.2	131406926.72	130092380.3	559181060	338407128.13	0	0	0	0	492667720	139909919.41
Chr10-anno1.g32421.t1	1	1	0	0	0	0	24060234	0	0	0	0	0	24060234	0
Chr10-anno1.g32430.t1	2	2	33359597.88	0	79100499.69	199006400.13	0	8548308.556	0	0	42643501.55	98853870.63	0	0
Chr10-anno1.g32446.t1	10	15	95005102.31	40607146.22	2206675006.17	1874371828.81	11658950	159490974.73	0	0	2206675006.17	1021690539.05	0	0
Chr10-anno1.g32466.t1	3	5	0	0	0	0	127924768	98710702.57	0	0	0	0	127924768	98710702.57
Chr10-anno1.g32471.t1	2	5	154512520.03	147315306.53	266672286.41	226553972.49	0	4898771.829	99760709.77	147315306.53	266672286.41	0	0	0
Chr10-anno1.g32474.t1	1	1	0	0	46230711.72	0	0	0	0	0	46230711.72	0	0	0
Chr10-anno1.g32491.t1	1	1	0	0	0	0	28016090	43910478.66	0	0	0	0	0	43910478.66
Chr10-anno1.g32532.t1	5	9	0	9148390.36	923723011.53	1441027685.5	219976936	333146292.59	0	0	882688558.01	1441027685.5	42234696	0
Chr10-anno1.g32539.t1	11	27	76317411.95	20659540.68	4980546822.59	5531189411.95	727262846	214071777.81	0	0	2130017709.69	5473307815.63	423070306	100959872.9
Chr10-anno1.g32576.t1	1	1	67929653.46	115741018	0	0	17364708	0	0	115741018	0	0	0	0
Chr10-anno1.g32583.t1	29	43	207039715.545	131035452.12	447047192.46	360248950.359	6032386620	4999859830.688	0	0	0	0	4448029194	3370370578.18
Chr10-anno1.g32588.t1	13	49	8910479841.6	15042194876.3	6274607779.57	3317937211.55	914469184	561182800.292	5933446521.35	13616625119.3	5442173660.79	2416642092.71	204844520	278391796.79
Chr10-anno1.g32626.t1	9	16	51502057.31	15947098.994	0	85806727.15	1919795070	1895526578.17	0	0	0	0	1919795070	1589274100.54
Chr10-anno1.g32639.t1	4	7	0	458138.4346	369425285.5512	275564408.41	125592735	108700025.76	0	0	56945594.13	93587343.41	102828753	80325030.62
Chr10-anno1.g32675.t1	1	1	0	0	0	49953242.3	0	0	0	0	0	49953242.3	0	0
Chr10-anno1.g32696.t1	1	5	0	6800442.58	486711533.8	272624229.1	108061332	87896918.48	0	0	486711533.8	272624229.1	0	87896918.48
Chr10-anno1.g32706.t1	2	3	17539701.73	12287395.39	1243530133.5	888804755.2	88680696	8220931.877	0	0	1243530133.5	714074797.6	0	0
Chr10-anno1.g32734.t1	2	2	0	0	180534838.25	131270170.3	116603236	67696323.18	0	0	86055319.23	0	72114512	0
Chr10-anno1.g32742.t1	6	10	0	9106792.891	99103681.55	581495975.5	643313084	647706623.86	0	0	0	0	643313084	478204268.35
Chr10-anno1.g32750.t1	12	17	28703852188.75	228922987.34	1487006318.11	20510192644.55	157264124	171740264.18	0	0	538205595	20465964827.1	0	0
Chr10-anno1.g32759.t1	7	11	839218772.3	844909430.9	227057487.81	342346630	91575766	0	470696283.28	526028249.08	117890026.3	111581400.4	0	0
Chr10-anno2.g31226.t1	10	21	1652218727	1041948879.3	5182255447.3	2714029984	269414362	176645098.82	0	0	4680647453.9	1810832677.8	56834912	129237836.34
Chr10-anno2.g31268.t1	2	5	128109920.04	135994205.361	229184958.4	231956656.6	45332469	19154503.53	118103201.2	0	229184958.4	231956656.6	0	0
Chr10-anno2.g31374.t1	6	14	233846391.1	352559173.26	255576024.79	362061774.94	2300386523	3058865703.8	0	0	0	53258778.93	2291248472	2227668846.3
Chr10-anno2.g31402.t1	1	2	0	0	0	181082695.8	0	0	0	0	0	181082695.8	0	0
Chr10-anno2.g31418.t1	2	4	0	0	707634546.7	415658355.9	242761560	79450585.59	0	0	383522606.8	415658355.9	0	27707096.27
Chr10-anno2.g31778.t1	3	4	60981667.01	0	87926789	90874285.5	50834588	44557850.75	0	0	87926789	50537565.85	0	0
Chr10-anno2.g32744.t1	1	1	0	0	0	0	50652712	53916889.36	0	0	0	0	50652712	0
Chr10-anno2.g32798.t1	1	1	46796023.11	65111303.37	0	0	51383216	17484316.19	0	0	0	0	51383216	0
Chr10-anno2.g32944.t1	6	11	0	0	1096740212.96	2779664827.7	115873888	21183740.08	0	0	680019311.8	2779664827.7	115873888	0
Chr10-anno2.g33387.t1	18	52	8704952623.69	9555934537.39	12159613161.764	13925684990.2	1065841601	891550627.06	7005220435.29	6745482363.66	6996171726.1	3611729136.1	114279544	468062068.56
Chr10-anno2.g33806.t1	2	3	0	0	81789473.82	133797904.91	0	4927892.635	0	0	81789473.82	60971690.06	0	0
Chr10-anno2.g34038.t1	1	1	0	0	152193813.6	284286866.2	0	0	0	0	152193813.6	0	0	0
Chr10-anno2.g34575.t1	1	1	47360296.62	0	0	59830362.78	0	0	0	0	0	59830362.78	0	0
Chr10-anno2.g35296.t1	4	6	110544893.55	261289324.41	157121779.02	50933222.884	0	11279434.84	32767577.84	261289324.41	0	0	0	0
Chr10-anno2.g35547.t1	4	5	56059250.86	38706189.52	326756459.54	818266788.6	21627982	54585350.49	0	0	230319994.3	545444779.5	0	0
Chr10-anno2.g35674.t1	3	7	0	0	650506150.32	1882705140.1	63786881	42694699.85	0	0	582076456.6	1882705140.1	34270564	0
Chr10-anno2.g36016.t1	14	86	87205090837.63	84704387483.29	34991220262.3	51568328939.2	2581056329	903096582.7	75003842306.1	84704387483.29	25596628854.3	51568328939.2	2069438528	253277271.14
Chr10-anno2.g36094.t1	8	24	5974981126.73	4077306274.31	2317015379.2	1183224914.89	112016824	875667674.09	5974981126.73	4077306274.31	2194499060.6	1118709855.94	0	0
Chr10-anno2.g36211.t2	4	8	341105650.53	509007288.44	243265692.2	165198360.66	75751478	171526890.8	341105650.53	509007288.44	101031475.6	0	0	0
Chr10-anno2.g36227.t1	9	17	58726337.344	0	239019407.08	1633696877.1	5680841560	4354721201.22	0	0	0	0	1571827272	4271537254.75
Chr10-anno2.g36261.t1	1	1	0	0	51877182.77	41920671.55	0	0	0	0	51877182.77	0	0	0
Chr10-anno2.g36315.t1	5	10	0	0	134880147.81	593310907.5	7629137949	8080858608.85	0	0	0	0	7620175328	8034194961.18
Chr10-anno2.g36412.t1	6	12	359944145.62	558537637.9	438399418.97	519262095.1	41999705	43402934.04	181620712.7	558537637.9	438399418.97	317132989.2	0	0
Chr10-anno2.g36420.t1	1	1	0	17203295.41	58483385.79	106430871.9	0	0	0	0	0	106430871.9	0	0
Chr10-anno2.g36519.t1	1	1	0	0	63711946.76	0	0	0	0	0	63711946.76	0	0	0
Chr10-anno2.g36535.t1	12	29	1965640436.4	1960786631.89	2791944102.3	3405587976	311108117	420805290.92	1069225359.98	1740148771.14	959636685	2029406882.8	78922930	311339054.08
Chr10-anno2.g36678.t1	4	8	1032772622	1191918531.5	331656814.85	874410362.12	0	0	456040614	690310760.8	325268279.77	0	0	0
Chr10-anno2.g36762.t1	6	9	997998.5704	57726242.48	27933027.775	61012443.6002	2176553763.5	2271318528.59	0	0	0	0	1918754547.5	1934365033.7
Chr10-anno2.g36822.t1	1	2	37114960.88	40437181.34	38717898.45	0	0	0	37114960.88	0	38717898.45	0	0	0
Chr10-anno2.g36928.t1	2	2	0	0	0	0	111926664	237330228.2	0	0	0	0	111926664	100948299.3
Chr10-anno2.g36981.t1	2	2	0	20593390.62	0	130041025.7	0	0	0	20593390.62	0	130041025.7	0	0
Chr10-anno2.g36982.t1	4	5	242847588.17	220525847.66	228784748.28	299662682.14	27037692	17482502.17	174513601.91	51715808.94	160236328.6	114918139.2	0	0
Chr10-anno2.g36984.t1	3	7	0	0	0	27358972.63	515429248	382663229.34	0	0	0	0	515429248	68457724.24
Chr10-anno2.g36992.t1	1	1	0	0	0	0	55790020	29413960.1	0	0	0	0	0	29413960.1
Chr10-anno2.g37054.t1	9	12	276876309.93	1121450318.87	1553752352.09	4951782523.38	65720732	57974650.4	0	0	283592764.67	4951782523.38	0	0
Chr10-long_reads1.PB.5090.1	6	8	288561166.97	451532260.5	629797474.7	1640908302.36	83352850.5	175141476.34	0	0	427614814.6	979515385.96	0	0
Chr10-long_reads1.PB.5102.1	2	3	10648397.27	47210774.55	0	0	363678176	478600923.6	10648397.27	47210774.55	0	0	0	0
Chr10-long_reads1.PB.5105.1	2	2	0	0	202513154.54	333765351.4	0	0	0	0	0	333765351.4	0	0
Chr10-long_reads1.PB.5146.1	9	13	537598429.01	269815296.33	849445049.94	844938451.4	90765494.75	67860453.23	424545097.14	0	581525482.42	489804433	0	0
Chr10-long_reads1.PB.5189.1	4	10	0	13071326.06	899055614	1919711834.9	246135200	247714645.03	0	0	899055614	1919711834.9	63593072	154707688.81
Chr10-long_reads1.PB.5233.1	1	1	26160688.17	29105437.45	0	28364458.93	0	0	0	29105437.45	0	0	0	0
Chr10-long_reads1.PB.5253.1	2	2	0	0	121263687.88	151803034.57	0	0	0	0	92605076.69	52973767.28	0	0
Chr10-long_reads1.PB.5259.3	7	8	0	0	531883297.47	733265634.2	0	24967459.583	0	0	260414126.53	599891387.39	0	0
Chr10-long_reads1.PB.5278.1	45	125	15050443802.802	28021586794.52	15538505717.42	5322814532.87	4464904870.3	904855145.903	11646993649.57	25218658043.31	12520154177.62	2489456970.68	85533706	85883491.01
Chr10-long_reads1.PB.5290.2	9	26	0	22098160.46	2029256237.61	1463965118.3	389616828	1394362842.94	0	22098160.46	2029256237.61	1463965118.3	216030556	1157271060.22
Chr10-long_reads1.PB.5309.1	19	30	114353547.791	108543611.996	2503440183.47	3497799721.94	8538134220	10215651009.059	0	0	1381782789.7	2435296787.34	186764732	152012219.68
Chr10-long_reads1.PB.5326.3	1	1	0	0	0	61649711.89	0	0	0	0	0	61649711.89	0	0
Chr10-long_reads1.PB.5343.1	2	2	0	0	71570827.74	148231570.55	0	0	0	0	37190191.75	76113264.51	0	0
Chr10-long_reads1.PB.5398.2	3	6	0	0	172245514.22	429210292.8	0	0	0	0	172245514.22	429210292.8	0	0
Chr10-long_reads1.PB.5416.1	1	1	0	0	0	28765469.22	33673072	6778823.502	0	0	0	0	33673072	0
Chr10-long_reads1.PB.5443.1	1	2	0	0	0	0	84079792	32554991.34	0	0	0	0	84079792	32554991.34
FUN_000347-T1	2	3	42192646.34	10042353.38	70802675.44	55035956.63	12893414	12356880.06	42192646.34	0	70802675.44	0	0	0
FUN_000445-T1	1	1	145838497	0	18421962.78	0	0	0	145838497	0	0	0	0	0
FUN_000529-T1	10	52	370786788.3	169874046.521	1644289049.48	4719426298.8	71271741237.5	62410438466.7	0	0	743418835.8	2238642648	71271741237.5	62306374842.3
FUN_000793-T1	6	10	238969996.18	348955268.194	198544291.01	157090531.2	101220864	32587916.67	158544916.39	319619704.754	152058213.24	0	0	0
FUN_000900-T1	1	1	66584647.59	19129311.59	19571716.45	0	0	0	0	0	19571716.45	0	0	0
FUN_000928-T1	2	8	3322026218	1224901432.2	321935036.8	266570000.92	1834195024	1410931652.4	3322026218	165466778.2	131091833.8	0	1213583504	1410931652.4
FUN_002055-T1	2	2	0	0	251160817.3	75077787.87	0	0	0	0	132167008.8	75077787.87	0	0
FUN_002087-T1	11	12	6482662.691	0	602492359.57	675827383.24	76718541	64078675.489	0	0	500165276.4	319836151.81	0	0
FUN_002196-T1	19	45	25417746.23	145548979.67	349122674.763	324817737.373	9014623156	9549432034.08	0	0	53748840	44724559.08	7850676764	9056182804.98
FUN_002427-T1	2	2	0	216988310.72	0	29385250.52	311567776	422887187.5	0	0	0	0	311567776	0
FUN_002437-T1	2	3	0	0	42133568.13	109367168.89	29045626	0	0	0	0	109367168.89	0	0
FUN_002453-T1	1	1	181173443.9	263037122	65520208.28	0	0	27060495.76	0	263037122	0	0	0	0
FUN_002613-T1	1	1	0	0	0	0	15984271	10996909.04	0	0	0	0	15984271	0
FUN_002789-T1	35	58	1734366035.518	430086159.6335	24281990932.28	565020064.02	3733512826	3241738497.834	21529002.91	41590012.91	22357136299.36	0	2059181494	1467240091.43
FUN_002879-T1	1	1	0	0	68955120.05	0	0	0	0	0	68955120.05	0	0	0
FUN_002922-T1	1	2	35718104.61	0	30584335.3	48873480.8	0	0	0	0	30584335.3	48873480.8	0	0
FUN_003034-T1	14	113	93270529869.302	128232083381.469	92178315136.868	63929780990.73	6693880288.5	7988815569.56	83314568192.602	125302653062.369	79053366743.7	54089766067.73	5349628322	7079100747.5
FUN_003066-T1	15	31	151690269.292	149985830.66	318934670.12	1083668572.43	3615028966	3004511349.91	0	0	0	152242793.4	2846697790	2595153823.4
FUN_003128-T1	1	1	0	0	0	0	29986424	155716576.7	0	0	0	0	0	155716576.7
FUN_003467-T1	16	50	4272980893.67	6349129742.93	3313429311.59	1869639119.18	321669827	109591209.45	4057102666.57	4919172311.03	2679946889.8	1489221134.55	0	39897044.2
FUN_003721-T1	1	1	0	0	40470854.92	99810540.78	0	7834464.544	0	0	40470854.92	0	0	0
FUN_003891-T1	3	5	0	0	203164972.17	344653511.71	27323890	91841787.41	0	0	151632155.8	344653511.71	0	0
FUN_003893-T1	3	4	0	0	0	0	290987808	172258508.22	0	0	0	0	290987808	40250819.62
FUN_004078-T1	6	13	742724846.34	625448981.06	1606179995.61	1200123833.1	2336223121	80430101.3	689746123.5	625448981.06	366490037.59	36499850.85	0	0
FUN_004102-T1	15	45	718767853.65	335192437.041	25350689216.4	2369624347.037	2287530201	2098492231.788	314868834.16	71469933.76	25350689216.4	1620144763.2	1321613504	1506406935.1
FUN_004130-T1	1	2	198319755.5	96604988.72	107825275.9	71333991.36	0	13316773.96	198319755.5	96604988.72	0	0	0	0
FUN_004284-T1	5	20	973166454.06	1728366451.8	998094759.29	2276769690.2	163777953	1006643762.3	38947203.26	654630784.8	537457316.5	1751184353.3	144419925.5	1006643762.3
FUN_004371-T1	2	2	64235670.38	26658472.6	1909734285.2	646035448.2	14400009	7210538.281	0	0	1791604652	310134338.7	0	0
FUN_004374-T1	10	63	59502804.9	74031199.35	1223837091.041	2161962221.4	17432584172	29858686030	40027343.95	0	1207023551.7	2161962221.4	17432584172	25573274275
FUN_004414-T1	3	3	77355047.79	0	208679284.82	360967767.81	11141727	20176811.9	0	0	0	360967767.81	0	0
FUN_004426-T1	4	4	3331624049.49	3109396133.148	1576012722.79	2183567511.5	0	0	0	0	1544960849.68	111505867.5	0	0
FUN_004427-T1	6	20	70552247.871	86718034.796	236154922.971	180589644.059	4469431701	9414114662.3	0	0	0	159252688.83	4121049429	8863886034.8
FUN_004429-T1	6	22	14684143.42	34292732.88	67506382.31	38606869.92	8729218536	4853968543.2	0	0	0	0	8729218536	4853968543.2
FUN_004555-T1	2	2	20933695.31	30759529.33	0	273269727.9	73778232	6399482.979	0	0	0	273269727.9	0	0
FUN_004650-T1	6	22	4197647625.29	6703478246.73	3850723485.85	1094768093.8	162381845.5	146369797.14	2978275722.29	5261121187.97	3850723485.85	494833690.8	155802492	34437398.78
FUN_004700-T1	4	7	58388868.83	0	70926431.28	26444252.79	1336322320	1547232286.84	0	0	0	0	1336322320	1547232286.84
FUN_004804-T1	1	1	108639147	0	112885287.9	70857264.35	0	0	0	0	0	70857264.35	0	0
FUN_004859-T1	2	4	27301565.36	23608131.18	141079811.1	423900003.36	0	0	27301565.36	0	141079811.1	423900003.36	0	0
FUN_004920-T1	6	9	406080431.59	600270708.55	554245480.38	308069547.83	38633332	48531419.81	309616005.78	569891943.25	105915956.8	0	0	0
FUN_004965-T1	2	5	647726623	457578356.2	432636024.2	928240035.8	0	16715450.77	647726623	286143547.2	198879820.1	531438358.5	0	0
FUN_005000-T1	3	7	303622823.73	146998902.13	2412116590.9	1410667806.05	820331376	961074760.5	0	0	2412116590.9	1373082040	820331376	739334824.4
FUN_005002-T1	4	4	0	0	516657205.1	226651432.49	0	24627412.447	0	0	364240709.4	80595184.14	0	0
FUN_005013-T1	8	11	30621380.249	12853927.307	486377532.74	684432955.06	410845512	357005063.24	0	0	442217184.49	349773498.62	0	0
FUN_005100-T1	1	1	29484303.15	30633432.4	0	0	0	0	0	30633432.4	0	0	0	0
FUN_005107-T1	3	5	0	0	0	0	301862808	233320672.06	0	0	0	0	301862808	233320672.06
FUN_005264-T1	3	8	52629703.954	401776461.864	157071203.755	124738009.81	105317372	414235389.93	0	391870330.77	100779074.2	113165294.9	44475492	379309514.3
FUN_005320-T1	3	18	0	0	342349273.11	1388846649.4	52150522164	67302432183	0	0	0	1388846649.4	52150522164	39670538782
FUN_005332-T1	1	2	0	0	115629166.9	159016120	0	15637945.01	0	0	115629166.9	159016120	0	0
FUN_005355-T1	3	5	0	25226809.64	117088706.784	127497288	1995537424	1427763163	0	0	0	0	1995537424	1325055664.1
FUN_005395-T1	2	3	0	1753742283	729397395.7	331307154	126969478	171891570.894	0	0	0	0	126969478	166216356.4
FUN_005510-T1	5	8	0	0	675972550.57	2112250531.6	0	8725542.554	0	0	399406457.18	2112250531.6	0	0
FUN_005576-T1	3	6	18600614.06	25912795.84	36012550.83	144864387.7	222491000	246287087.29	0	0	0	0	222491000	246287087.29
FUN_005580-T1	5	10	49903964.52	29967796.38	260619482.108	149121032.35	1471761568	1809243474.55	0	0	0	80291507.5	1409431184	1736854962.64
FUN_005583-T1	3	31	74154438549.92	69945844354.4	29721367192	15450122550	663701646	206057469.65	74154438549.92	69945844354.4	29721367192	15450122550	573966814	206057469.65
FUN_005598-T1	1	1	0	0	42077467.57	0	0	0	0	0	42077467.57	0	0	0
FUN_005717-T1	3	5	27437416.85	0	503241184.24	77314256.6	458721828	304299270.97	0	0	55493119.81	77314256.6	165602628	275650353.3
FUN_005720-T1	4	4	54342557.112	114459552.21	198109364.71	609462482.31	0	7263342.957	0	73572244.25	154389742.95	91885187.51	0	0
FUN_005750-T1	4	4	25951090.448	7964016.863	531099592.43	190383194.2	21438772	85942885.88	0	0	325615655.03	0	0	85942885.88
FUN_005813-T1	1	1	0	0	196496920.4	309458930	54101772	68446035.69	0	0	0	0	0	68446035.69
FUN_006146-T1	2	2	15355514.19	0	128113149.32	249826330.08	10117028	11363754.05	0	0	53396417.6	223885188	0	0
FUN_006396-T1	17	35	475671239.95	580771093.999	835276155.36	1624289918.98	2787019758	2450387184.9	196064552.37	161465425.71	190721200.45	17661640.59	2454916590	1261358065.84
FUN_006427-T1	8	28	7565411351.4	5739993733.7	2210071500	3039852500.2	0	32326660.49	7421900575.9	5627426954.3	2210071500	3039852500.2	0	0
FUN_006478-T1	1	1	217499197.3	167732685.9	221197540.6	327757749.1	23321404	135973626.1	0	0	0	327757749.1	0	0
FUN_006490-T1	7	29	40984020168.83	43859785693.31	19963317284.4	8920338836.58	870662940	1976224739.09	40922704397.5	43859785693.31	19963317284.4	8547034519	451893636	1877939334.5
FUN_006514-T1	6	10	0	0	164846756.624	75794354.36	2679449949	754340377.38	0	0	0	0	1740283381	699552539.71
FUN_006618-T1	1	2	82213001.49	107435288.7	0	118785526.7	132618936	219946007.4	82213001.49	107435288.7	0	0	0	0
FUN_006662-T1	2	4	0	0	106835204	86956134.94	96354417.5	132393059.61	0	0	106835204	0	96354417.5	22114274.11
FUN_006674-T1	5	9	9929485.977	9839906.439	0	0	470639828	451310174.18	0	0	0	0	470639828	319354772.08
FUN_006716-T1	2	14	9703204362.53	12638330102.1	6753776318.27	12042855451.8	2567512568	9763711366.1	9703204362.53	12638330102.1	6716591870	11916043241	2530276928	9763711366.1
FUN_006729-T1	2	4	0	0	447320501	328574291.03	50919480	0	0	0	447320501	303574734.9	50919480	0
FUN_006944-T1	7	9	0	14803220.72	450758572.77	519385459.24	35314754	83788101.12	0	0	402965605.23	367543248.31	0	54289084.09
FUN_007097-T1	1	4	685457341.7	792693855.5	483219218.7	27861807.67	0	0	685457341.7	792693855.5	0	0	0	0
FUN_007236-T1	3	6	0	0	320473896.94	197671054.5	81752344	54070822.71	0	0	320473896.94	197671054.5	81752344	0
FUN_007281-T1	19	29	367803658.941	392980552.569	3410826854.17	2838866613.93	527170394	520308554.641	0	0	2532295664.36	1649574391.99	164640396	166915768.8
FUN_007384-T1	3	3	0	0	187731470.09	279593072.98	0	22689998.47	0	0	63895435.77	198707260.46	0	0
FUN_007466-T1	1	2	47656733.15	28838086.63	10059937.06	17077331.4	0	0	47656733.15	28838086.63	0	0	0	0
FUN_007724-T1	1	1	0	0	0	0	75394328	65876628.8	0	0	0	0	0	65876628.8
FUN_007841-T1	1	1	0	0	55088164.86	79639656.87	0	0	0	0	0	79639656.87	0	0
FUN_008275-T1	1	2	0	38128312.37	87164419.57	146210449.9	0	0	0	0	87164419.57	146210449.9	0	0
FUN_008479-T1	7	11	400264043.54	177301523	1097773129.49	2162504998.24	79056099.5	48647293.57	0	0	657634710.99	2162504998.24	0	0
FUN_008561-T1	1	1	0	0	106227220.2	230706216.6	0	0	0	0	0	230706216.6	0	0
FUN_008574-T1	5	10	411056858.13	633978400.34	585056968.5	357402916.88	28067510	0	411056858.13	330244926.72	447466384.9	0	0	0
FUN_008766-T1	4	5	154955175.9	5368017.85	65026747.6	453409674.75	0	55628264.131	0	0	34271197.9	400273062.54	0	0
FUN_008787-T1	10	13	1055632628.465	1040312559.11	386238099.24	311490241.74	375340233	214320908.42	306305303.05	931335840.04	48956534.87	107633609.9	0	0
FUN_009073-T1	17	35	623377855.07	1373134434.37	3285791932.96	3763868459.24	995289048	491542695.57	349178732.5	1229832804.49	1893650849.8	1678667026.9	199694600	0
FUN_009112-T1	8	19	183851394.55	57804096.91	2364776107.33	3582696079	3653179632	3347552496.64	34747312.7	0	1233978119	3274925981	3531004560	3347552496.64
FUN_009210-T1	3	3	0	0	110370026.57	116129572.2	58260956	80189046.64	0	0	54749113.46	0	19351640	55472339.76
FUN_009270-T1	2	3	57057390.27	140185823.2	67039531.32	111582994.13	0	14163375.58	0	105700471.3	67039531.32	0	0	0
FUN_009475-T1	4	14	65912976.612	102511646.64	866744996.476	786363908.5	392628796.5	493636417.675	7812591.748	6578154.73	866744996.476	786363908.5	392628796.5	164773753
FUN_009496-T1	1	1	0	0	221325252	499314484.8	0	75317195.81	0	0	221325252	0	0	0
FUN_009776-T1	2	5	222303071.08	170878737.6	76663487.431	98634806.73	0	0	222303071.08	170878737.6	69694375.35	0	0	0
FUN_009786-T1	8	14	454661148.36	1336154096.97	523816584.6	438896286.55	20319310	140856317.9	235225326.92	1336154096.97	231527467.84	0	0	0
FUN_009840-T1	14	47	2272030750.95	2767516066.79	2272694402.82	2885719775.37	413534907.5	352577737.24	2151664427.87	2508399508.59	1789706205.69	2094995347.22	275348272	120100535.31
FUN_009878-T1	5	7	4996650.68	0	27168714.45	72007763.31	789132346	603902950.8	0	0	0	0	142578362	579167627.62
FUN_009941-T1	26	58	3320517925.21	4840580593.04	3718500234.22	3305786436.47	759193425	750725532.369	2416382866.87	3990084610.84	2478360693.56	237120032.41	33197526	0
FUN_010217-T1	1	1	0	0	666008955.4	0	88993504	57028036.42	0	0	0	0	88993504	0
FUN_010389-T1	1	1	0	0	102669341.8	252348953.3	0	0	0	0	0	252348953.3	0	0
FUN_010555-T1	1	1	6724732.355	8355723.972	52936787.71	42471771.4	18017788	105612619	0	0	0	42471771.4	0	0
FUN_010842-T1	1	6	20906283.29	32572457.95	479273801.7	146676988.7	31689451	104396132.2	0	0	479273801.7	146676988.7	31689451	104396132.2
FUN_010960-T1	7	7	258501583.6	3964325.395	419792913.38	779034422.25	56039621	0	0	0	85267617.66	617474642.12	0	0
FUN_011088-T1	1	1	79377209.69	0	33885993.85	1073812453	0	7893615.22	0	0	0	1073812453	0	0
FUN_011152-T1	5	7	0	0	502610384.11	716115818.01	30370654	83171175.973	0	0	395059018.41	558026136.56	0	0
FUN_011156-T1	13	56	6164251118.298	5182829808.997	527780938.878	617260313.9625	20363588359	23040701368.952	0	0	148934932.7	490547935.9	20305694679	23035489583.85
FUN_011206-T1	8	12	53663106.56	31863954.85	751587303.87	703878729.58	78001708	105321554.57	0	0	617848688.38	703878729.58	0	0
FUN_011435-T1	3	15	0	0	182740808.43	697503105.3	4493842336	4479856807	0	0	61312834.23	697503105.3	2672198816	1237578146
FUN_011471-T1	11	12	178095764.5588	275826592.3612	687347203.314	461134405.13	46579258	43310286.027	0	19069454.61	493096812.71	181613562.77	0	4508623.097
FUN_011493-T1	1	1	0	0	30321861.58	39607377.69	0	0	0	0	30321861.58	0	0	0
FUN_011644-T1	2	2	19797141.73	81279993	0	0	0	17144406.55	19797141.73	24928155.99	0	0	0	0
FUN_011676-T1	1	1	273713962.7	218078312.8	16294121.93	28477298.89	0	0	273713962.7	0	0	0	0	0
FUN_011765-T1	31	81	7353597366.76	9521835510.95	10564334947.71	4465516862.92	715447869	1018074091.76	5605411357.57	8475158845.15	9032538221.44	1062139346.24	42267604	0
FUN_011907-T1	7	9	33961923.57	16948450.892	631199993.49	996298776.73	0	102420300.6	0	0	465425409.59	345950321.3	0	0
FUN_011927-T1	6	17	82254740.27	99294324.765	140709192.64	329526986.98	3067730950	1913208867.389	0	0	0	240761837.6	3044196612	1908915271.11
FUN_011939-T1	1	1	21571168.2	0	21517052245	165551000000	309042496	223672863.3	0	0	0	165551000000	0	0
FUN_011966-T1	5	17	192916228.57	180208150.69	3501404148	4044269894	799299984	608815235.51	125762105.23	44801026.88	3501404148	4044269894	657590632	382294079.92
FUN_012025-T1	7	16	716013971.12	1470387009.07	793594895.09	806071911.85	26999464	27425563.68	566312548	1067513928.67	370533052.9	621918399	0	0
FUN_012037-T1	3	4	14717377.75	0	298253810.82	240221857.848	26053082	11245825.15	0	0	259483858.71	236499360.97	0	0
FUN_012223-T1	8	12	0	190402734.5	719714437.39	2044042301.4	245312328.5	139229508.108	0	0	610548292.79	1910802646.5	0	0
FUN_012227-T1	20	46	296717778.72	129753775.897	609576045.18	995788155.54	12418486372	9609355751.93	0	0	0	617943644.78	7011230676	9609355751.93
FUN_012232-T1	9	25	150587258.48	221641519.44	4554004742.4	7203194632	561614590	457194801.55	66520661.05	0	4377335901.7	5357886865.1	109489888	312607367.7
FUN_012444-T1	7	14	0	0	234412946.03	581956011.72	6265505136	5625403242.7	0	0	155399553.2	281715943.7	5849841728	3903804955.7
FUN_012478-T1	1	1	0	0	0	0	94252680	132200598.8	0	0	0	0	0	132200598.8
FUN_012555-T1	3	3	23669952.49	40742849.19	108106805.87	251581448.61	0	16104790.06	0	0	24500349.76	188161002.75	0	0
FUN_012578-T1	1	4	70628824.96	119231877.2	237961505	572650351.7	0	48000652.01	70628824.96	119231877.2	237961505	572650351.7	0	0
FUN_012890-T1	10	23	2673696246.74	2853435532.74	1023237668.8	835876210.26	215932380	294075995.32	2061851641.2	2481067247.64	645861307.5	632358754.42	72472360	101234053
FUN_012950-T1	3	3	0	0	121353935.87	764148610	38363828	36649119.02	0	0	0	764148610	0	0
FUN_012963-T1	61	187	8928382531.96	14825988980.89	10656789697.9	9191675942.69	8653260633	8017381307.519	5050183039.92	11009863190.12	8114860082.45	7155828725.45	6700602693	5221832157.389
FUN_013020-T1	1	2	725400021.9	152044875.8	259253741.3	951237748	247771040	400224251.6	725400021.9	152044875.8	0	0	0	0
FUN_013086-T1	6	14	12161261.166	5416092.986	494794993.5	1345224950.5	21430801592	16526008631.22	0	0	295400572.4	1345224950.5	21430801592	8306954452.32
FUN_013110-T1	1	1	411833116.8	342898141.5	6174227388	209610335.6	157563216	412007353.7	0	0	0	209610335.6	0	0
FUN_013458-T1	19	63	357985127.4424	466967818.4044	1592626046.255	3056596626.07	58991042352	61839062982.92	208155230.4	0	930685578.4	2361779812.34	58661442116	58349973906.25
FUN_013463-T1	1	1	0	0	84906521.75	68730413.71	0	0	0	0	84906521.75	0	0	0
FUN_013643-T1	9	14	0	3315569.761	1444276308.32	1755970633.07	48801579	203097822.61	0	0	1097246061.62	1229301772.97	0	0
FUN_013719-T1	4	5	0	0	283655713.03	296223950.59	63104576	0	0	0	54261191.48	296223950.59	0	0
FUN_013730-T1	1	1	0	0	59823428.98	470586652.8	48640140	0	0	0	59823428.98	0	0	0
FUN_013745-T1	3	3	0	0	253891652.99	38413015.98	286617246	0	0	0	253891652.99	0	0	0
FUN_013852-T1	4	4	0	16463467.96	201463347.88	437280250.98	523809350	463623816.329	0	0	62949131.52	293322763.88	0	0
FUN_013853-T1	3	9	22245479647.311	45899653199.28	6773759384	3595519340.38	2303111244	2915139913.8	0	0	0	0	2303111244	1485730513.8
FUN_013855-T1	1	1	0	0	158151485.1	319412921.5	0	19396997.7	0	0	0	319412921.5	0	0
FUN_013879-T1	3	5	0	17260803.47	0	0	223136198	265249084.88	0	0	0	0	223136198	170317044.5
FUN_013959-T1	13	25	41726985.334	18715298.946	5257302373.99	8970685608.49	1023543945	138463081.03	0	0	4337638486.49	8970685608.49	0	29740469.78
FUN_014033-T1	1	2	54201349.62	36135337.02	36756613.9	74819694.02	98124176	34005035.55	54201349.62	0	0	0	98124176	0
FUN_014237-T1	2	2	423644273.8	171188839.3	1366390330.5	887007275.7	39252276	0	0	0	1366390330.5	0	0	0
FUN_014261-T1	5	9	0	0	1138166672.6	4614120770.62	27303470	90384351.67	0	0	791046092.9	4614120770.62	0	0
FUN_014327-T1	11	41	2026007519.03	562189538.78	6817080508.16	24126527228	476150854	610824576.29	1518825168.2	230963837.98	3770104519	17442406737.7	0	266342013.9
FUN_014361-T1	25	105	10073113046.448	6070399173.8593	29111154392.32	18366902168.1	9524924834	14394531253.33	8869798577.52	2979524215.35	19112914687.07	14762153801.8	8329684598	11625115344.1
FUN_014580-T1	1	4	146996683.3	84189443.97	403541031.1	412175800.4	69535864	52565364.63	146996683.3	0	403541031.1	412175800.4	69535864	0
FUN_014623-T1	1	1	0	0	46075643.97	99398222.36	416212960	570946061.2	0	0	0	99398222.36	0	0
FUN_014946-T1	1	1	0	5782621.068	0	0	2227828736	2294169384	0	0	0	0	0	2294169384
FUN_015064-T1	1	1	0	0	0	0	48019272	30606142.25	0	0	0	0	48019272	0
FUN_015248-T1	1	3	1722691983	3698004931	4828155630	3190168009	0	0	1722691983	3698004931	0	3190168009	0	0
FUN_015534-T1	1	1	0	0	57126789.53	156419399.6	0	0	0	0	0	156419399.6	0	0
FUN_015623-T1	1	1	0	0	0	0	0	0	0	0	0	0	0	0
FUN_015702-T1	14	72	163387979.412	253479995.035	4496350875.9	4105211199.18	56532516652.3	47165166328.5	59074376.81	70754644.16	2443478731.4	1975230278.44	56532516652.3	47165166328.5
FUN_015753-T1	10	27	58993391.11	37883937.512	368916965.78	793533203.01	12767742088	13283757307.9	0	0	163238516.3	0	8274283144	11037129939.9
FUN_015829-T1	2	3	0	0	102911741.73	165753410.323	2815436.25	17887710.47	0	0	102911741.73	160664899.8	0	0
FUN_015897-T1	7	14	50920104.94	9559366.926	1427369097.26	2698711494.1	58531661	77791053.079	0	0	1372448794.6	2698711494.1	0	0
FUN_015949-T1	2	2	0	0	65705795.57	0	0	0	0	0	65705795.57	0	0	0
FUN_016030-T1	3	4	67642358.159	245229311.9	59045982.51	1275901971.44	188808822	232080547.66	0	0	0	1256453578	32232010	213018772.7
FUN_016200-T1	7	30	47650066.51	4402210.39	476175652.37	2184863243.2	20503074496	23398266847.009	0	0	109857227.7	471704439.2	20503074496	23398266847.009
FUN_016324-T1	10	36	9897880231.8	6310051740.9	5231694909.9	5776799408.7	31676498	135137860.34	9897880231.8	6160796311.4	3786856675.4	4732154064.1	0	0
FUN_016492-T1	1	1	0	0	0	0	0	144540983.4	0	0	0	0	0	144540983.4
FUN_016641-T1	1	1	0	0	23603621.25	88372199.49	0	0	0	0	0	88372199.49	0	0
FUN_016722-T1	7	13	77884994.158	150114168.47	923090428.2222	2255432697.36	1453277468	1713696555.81	0	0	0	0	1054691548	1122102149.77
FUN_016773-T1	6	9	1864025.602	0	1407683202.64	2241100069.88	3836621.25	100350274.939	0	0	1407683202.64	2152901173.46	0	0
FUN_016812-T1	4	15	2321198632.3	5086673034.1	1114534605	1800046895.1	151626736	157570631.86	2220848377.3	5086673034.1	772012340.5	1118857547.6	0	0
FUN_016948-T1	2	2	12966827.3	30195306.62	95726804.8	153063619.66	34619820	28049028.737	0	0	0	153063619.66	0	0
FUN_016965-T1	2	2	75335865.91	94106772.55	128988748.54	40445828.406	0	0	37966840.64	0	92190392.78	0	0	0
FUN_017315-T1	2	4	15192543.11	14673857.7	0	15585383.58	125333062.5	88113240.66	0	0	0	0	125333062.5	88113240.66
FUN_017330-T1	9	18	738154658.09	1040594912.03	509558974.92	968992962.04	2233877502.5	1647186365.02	455923449.99	682474751.8	142503193.11	371966065.95	75996348	0
FUN_017394-T1	2	2	37626750.64	0	274821845.1	246410738.9	33003474	37569070.56	0	0	102338822.2	114106860.8	0	0
FUN_017511-T1	2	2	14833102.11	0	169590304.73	120609085.48	131915636	0	0	0	0	51593579.73	15805772	0
FUN_017547-T1	1	2	14608535.11	30146057.04	914563573.5	988977477.3	0	0	0	0	914563573.5	988977477.3	0	0
FUN_017651-T1	9	18	275326981.31	96722877.86	293098512.34	237751078.73	3140235916	3524570358.76	0	0	0	0	3105542448	2961123220.26
FUN_017662-T1	2	5	0	0	1432668590	0	167962208	139073207.7	0	0	1432668590	0	167962208	139073207.7
FUN_017814-T1	1	1	0	0	0	117776996.6	0	0	0	0	0	117776996.6	0	0
FUN_017917-T1	4	4	0	10607976.25	103208586.6	199305212.4	279195792	144935151.6	0	0	0	0	279195792	0
FUN_017953-T1	7	12	35401144.66	0	0	0	1174558770	965392140.17	0	0	0	0	1174558770	853592618.96
FUN_017965-T1	5	5	232727250.92	82847773.047	85685382.83	0	410726056	527596054.985	18994699.79	0	14717472.76	0	0	165296003.685
FUN_017996-T1	3	4	0	0	312173030.72	244429882.96	0	0	0	0	312173030.72	73424804.19	0	0
FUN_018158-T1	9	12	90193381.237	33287903.52	480530068.21	666282692.09	72858999	17620222.19	0	0	406890953.21	224099823.89	20290454	0
FUN_018358-T1	2	2	2870612652	5103874714	12439318535	12490867646	1137927424	1116225838.4	0	0	0	0	0	1116225838.4
FUN_018661-T1	32	132	28621289376.5	20983763764.113	13801225743.879	17123765951.44	19687429273.5	17782434884.52	28284164434.91	14154355570.6	10504752315.71	13508993039	15693985285.5	15153569868.29
FUN_018696-T1	1	1	0	0	49884238.18	107861414.7	29859372	50706964.25	0	0	0	107861414.7	0	0
FUN_018730-T1	2	6	34017607.02	0	18678727.67	22178061.76	214072512	197985984.76	0	0	0	0	214072512	197985984.76
FUN_019046-T1	3	3	0	0	118592553.84	158289198.79	0	28098925.13	0	0	102363579.33	28683986.46	0	0
FUN_019134-T1	5	7	42974811.059	59547485.047	91699159.55	15010546.17	138302691	296311581.03	0	18460397.05	13483589.49	0	123004806	124866895.81
FUN_019360-T1	3	6	13109900.06	0	29963179	678762197.16	375904682	462861323.56	0	0	0	0	352103518	462861323.56
FUN_019470-T1	2	2	5012418.96	6909391.816	114834559.33	108606354.87	37910132	0	0	0	114834559.33	0	0	0
FUN_019521-T1	9	20	1953371666.48	2531133448.34	2062381135.665	1605267742	115662226	386988265.24	1563816194.72	1352817394.34	1783608006.5	1053695493.7	0	0
FUN_019620-T1	2	2	0	8963538.224	34482402.45	0	333833648	285537481.7	0	0	0	0	144556480	182005521.9
FUN_019635-T1	22	49	672403611.87	201120190.35	4841720903.479	4161098268.15	12242728781	13372304498.035	0	0	176849888.808	277989973.7	12196382556	13200306585.235
FUN_019638-T1	3	3	66706206.62	83427196.7	62695737.73	33190429.03	136833024	202525239.48	0	0	0	0	136833024	79092201.23
FUN_019661-T1	1	1	0	23150631.7	0	0	246568144	48216225.19	0	0	0	0	0	48216225.19
FUN_019669-T1	9	14	52583652.31	10480972.65	53279559.133	64517594.52	1450683089.5	1240393387.5	0	0	0	0	1446192062	1021629814.88
FUN_019769-T1	6	24	212977281.776	389691990.75	907090895.26	2770705406.45	35187829984	55120423552	0	0	391762284.2	2325637066.1	35143739620	55120423552
FUN_019793-T1	1	2	135201927.5	115912434.7	10260141.4	0	0	0	135201927.5	115912434.7	0	0	0	0
FUN_019843-T1	1	2	40972776.28	305220777.3	38322940.24	30074290.45	0	0	40972776.28	305220777.3	0	0	0	0
FUN_020013-T1	3	7	0	5527157.769	559031601.03	2138372304.7	120482282	168516198.31	0	0	559031601.03	1747154000.1	74438546	0
FUN_020167-T1	18	76	275467279.987	305866822.52	2001110171.59	2346204650.19	64835017471	71283392484.12	0	0	1834291849	1962570459.6	64835017471	71283392484.12
FUN_020178-T1	9	29	4002051066.44	4753461768.64	5460686637.63	3192673811.5	217580109	147614756.24	3336205601.04	4753461768.64	3158800196.5	3055312729.8	158998992	41259403.81
FUN_020241-T1	2	2	0	0	67432803.97	318631334.8	11373061	0	0	0	0	318631334.8	0	0
FUN_021041-T1	1	1	1066428521	1348888072	570268270.8	234559154.5	0	119055206.9	0	1348888072	0	0	0	0
FUN_021058-T1	1	2	0	0	0	0	110712368	564756583.6	0	0	0	0	110712368	564756583.6
FUN_021174-T1	1	1	11567903.49	0	210768937.6	0	66037880	17859303.78	0	0	210768937.6	0	0	0
FUN_021188-T1	3	6	0	0	56428579.81	174331732.7	533127672	560381009.5	0	0	0	174331732.7	248741784	396235335.2
FUN_021330-T1	7	14	53855405.72	49091321.77	22083234.9	15783525.46	683973516	1081485483.55	53855405.72	49091321.77	0	0	449555004	1052447512.44
FUN_021398-T1	8	10	5041367.21	23749741.803	144038269	161105132.4	852484999.5	539474907.959	0	0	0	0	510113276	495985406.93
FUN_021604-T1	5	12	985134303.48	878214967.49	699470917.68	709770252.84	0	45337188.87	858110787.1	848422191.5	277140769.32	323397714.74	0	0
FUN_021706-T1	3	5	0	0	76136707.93	136327012.09	211417440	184184306.56	0	0	34515829.96	82314270.63	57982256	170071929.84
FUN_021852-T1	2	2	0	0	795661232.3	1150408962.9	124425288	32394421.62	0	0	0	1150408962.9	0	0
FUN_021960-T1	5	12	75049669.14	139486275.29	79366041.876	161100565.611	762759160	1728262326.14	0	0	69023247.91	150201149.93	594763216	1284695700.94
FUN_022068-T1	3	3	0	0	228631876.47	339898313.55	8723934	0	0	0	31691910.76	273504964.3	0	0
FUN_022134-T1	1	1	2473587625	354630678.3	0	0	0	0	2473587625	0	0	0	0	0
FUN_022208-T1	1	1	0	0	0	0	47051308	246685454	0	0	0	0	0	246685454
FUN_022225-T1	4	6	352150012.48	303886789.07	27368621.06	0	0	46196438.38	264416215.67	262999413.2	0	0	0	0
FUN_022310-T1	3	4	0	0	99601645.96	164581749.54	119555388	17864197.95	0	0	65201799.39	164581749.54	0	0
FUN_022333-T1	1	1	0	0	57288274.98	90789075.48	0	0	0	0	0	90789075.48	0	0
FUN_023108-T1	2	5	0	0	168805610.38	485410256.1	55135824	72849870.78	0	0	168805610.38	485410256.1	0	0
FUN_023221-T1	12	54	35037547655.6797	32878263487.1	24355950095.388	23591496393.81	1320180419	1789599701.47	34964453216.77	18380982718.86	24355950095.388	19376121030.43	647436976	1053660810.2
FUN_023285-T1	1	2	21835809.15	31637414.39	33622902.61	0	0	0	21835809.15	31637414.39	0	0	0	0
FUN_023290-T1	1	4	0	0	0	32411957.92	265012876	117073514.6	0	0	0	0	265012876	117073514.6
FUN_023363-T1	1	1	0	0	51568439.83	73364834.99	0	0	0	0	0	73364834.99	0	0
FUN_023504-T1	2	10	64656127.95	29486268.43	46573559.55	1314517813.5	213955068	127228486.31	64656127.95	29486268.43	0	1208352513	213955068	87658076.97
FUN_023568-T1	2	2	0	0	0	0	571203632	560720818.63	0	0	0	0	0	560720818.63
FUN_023730-T1	1	1	0	0	0	51806263.07	14590414	0	0	0	0	51806263.07	0	0
FUN_023934-T1	1	1	24276122.21	8375404.68	180451146.6	53088640.3	0	0	0	0	180451146.6	0	0	0
FUN_023938-T1	4	9	6574850.636	33113067.72	148880170.3	0	6793383936	6483515555.029	0	0	0	0	3319570208	6477171016
FUN_023944-T1	2	2	7763281.151	0	12731510.6	826649256.4	0	0	0	0	0	826649256.4	0	0
FUN_024026-T1	2	13	37255976.217	22813689.72	122978518.998	13007339.293	174622222.63	677907848.1	0	0	119735065.4	4610361.741	43138414.63	677907848.1
FUN_024080-T1	8	43	3497471869.57	5211736906.99	2274049635.75	4393779118.2	142891925	158643631.28	2739328835.03	5211736906.99	2021356836.45	3641856403.2	0	0
FUN_024107-T1	10	22	1117288563.088	1032620694.19	756842873.22	1775121958.7	196356338	130132330	953704585.42	543048870.89	261565693.39	1000814009.09	0	0
FUN_024142-T1	4	6	385720213.46	567877896.54	128170651.093	330598676.65	21239566	28009242.857	0	0	54804928.9	330598676.65	0	0
FUN_024327-T1	10	14	121695555.64	110759880.35	2402159340.66	2070200738.47	78695367	82741103.363	0	0	620389283.57	1494223055.13	0	0
FUN_024354-T1	2	3	61083709.4	0	47070208.61	103724734.4	704131392	163216004.22	0	0	0	0	704131392	17926478.02
FUN_024374-T1	17	31	1748851117.9	2330850041.84	3693810732.18	1373144566.44	54062963.5	242491743.88	1155603859.98	2054352050.01	2653447182.39	91768407.8	0	0
FUN_024448-T1	2	6	466925866.3	442985733.8	210516161.35	337038376.5	0	0	466925866.3	442985733.8	123294559	171774076.7	0	0
FUN_024476-T1	3	3	0	25311597.93	100828938.24	198091361.51	52337500	53321500.09	0	0	72105384.41	130294875.37	0	0
FUN_024569-T1	2	4	38510960.48	45693290.39	1051969836	2048560609	206275128	386543846.2	0	45693290.39	1051969836	2048560609	44655528	0
FUN_024571-T1	1	1	0	42235817.11	98196771.99	320501923.7	0	18136440.86	0	42235817.11	0	0	0	0
FUN_024575-T1	4	4	407382098.79	651155608.66	123487556.42	269194196.98	656712416	622765066.4	90443149.48	497405422.2	31422675.92	0	0	0
FUN_024741-T1	1	1	78476221.6	73905582.53	0	0	0	0	0	73905582.53	0	0	0	0
FUN_024762-T1	1	1	18011914.52	9837679.95	144693007.2	244487922.5	282130112	148621089.3	0	0	0	244487922.5	0	0
FUN_024855-T1	1	1	14915997.58	0	25992581.08	40789879.95	15683428	11992715.05	0	0	0	0	15683428	0
FUN_024870-T1	2	2	4143749.505	0	0	161139111.32	0	0	0	0	0	161139111.32	0	0
FUN_024948-T1	1	4	839561780.1	199320228.1	1985294040	6599548826	0	0	839561780.1	199320228.1	1985294040	6599548826	0	0
FUN_024981-T1	10	19	1581451901.95	1807047799.69	1309634953.07	1776637422.92	429398106	198389397.53	988515412.35	1616852543.64	1168063024.98	1747283770.8	302602256	0
FUN_024992-T1	1	2	0	0	58894452.84	42767155.04	0	0	0	0	0	42767155.04	0	0
FUN_025350-T1	12	23	165039198.06	34448498.152	72704244.545	111781071.391	2250755216	2030184947.57	0	0	0	0	2250755216	1728211289.39
FUN_025571-T1	9	16	370970945.321	261936532.045	1179028368.06	1628613306.63	25059934	0	181336639.21	141417533.44	646573266.25	1451828528.1	0	0
FUN_025593-T1	10	120	440383093020	313770422510.3	153299007683.03	163103757280	2780985535	7100634704.87	403512053485	313770422510.3	153299007683.03	142449632581	2668930269	5238173082.2
FUN_025671-T1	16	26	693415451.71	2072614210.24	365186207.92	116043960.16	7075173626	9051606972.57	168589240.77	2072614210.24	0	63175928.65	0	0
FUN_025918-T1	1	1	56212825.13	48492514.86	69726756.87	49181975.89	52278828	23049328.82	0	0	69726756.87	0	0	0
FUN_026254-T1	5	25	6398153799.74	9296808460.6	4958624703.9	2211290026.03	544048032	500169794.57	6398153799.74	9213258294.38	3878208840.9	841851672.9	544048032	369834745.5
FUN_026271-T1	14	19	458041541.828	592428578.983	332596835.33	170592114.25	113836504	246971794.67	253066036.81	455340107.42	48334017.53	55567966.49	74519432	0
FUN_026458-T1	24	46	7083664932.33	6680916140.37	2934402540.03	2539512894.034	529857971.5	426824336.603	6517231458.58	3600086307.65	908327111.46	98104043.12	0	0
FUN_026528-T1	1	1	11365230.96	0	290601855.9	788091379.9	21157026	0	0	0	290601855.9	0	0	0
FUN_026657-T1	1	2	413074099.7	139191317.2	642119744.7	970440573.3	0	0	413074099.7	139191317.2	0	0	0	0
FUN_026666-T1	2	4	0	0	411911.7758	2164112.792	455176064	542257057.51	0	0	0	0	455176064	511268932.2
FUN_026690-T1	1	2	0	0	30892038.56	33652324.55	1739926656	708309688.1	0	0	0	0	1739926656	708309688.1
FUN_026755-T1	4	4	0	0	198041577.907	230901274.46	0	0	0	0	153400399.607	43929140.16	0	0
FUN_026787-T1	3	4	67728563.38	60718655.02	51145666.85	332109013.73	12219094	0	51829791.51	0	0	192686006.93	0	0
FUN_026934-T1	5	14	0	10328496.42	91458197.91	76319056.16	3607739763.5	3946173390.29	0	0	0	0	3368233335.5	3946173390.29
FUN_026935-T1	1	2	0	0	0	0	62670984	34005209.97	0	0	0	0	62670984	34005209.97
FUN_026966-T1	16	18	5253234.739	125884696.74	117975630.33	13522597247.5	602452555.5	680063181.77	0	0	0	13522597247.5	0	0
FUN_027094-T1	1	1	0	0	0	143676168.3	0	9909152.212	0	0	0	143676168.3	0	0
FUN_027156-T1	1	1	11155048.85	3236880.403	32583659.79	62182876.11	0	0	0	0	0	62182876.11	0	0
FUN_027225-T1	3	3	13998446.32	0	80140826.31	567695483.99	93519224	94084439.912	0	0	0	567695483.99	0	0
FUN_027228-T1	18	31	42383825.013	23784078.793	4290618319.288	4617903580.09	508887858	281319118.12	0	0	3115573821.018	3948301051.09	0	0
FUN_027235-T1	1	1	0	0	230535719.9	302924664.6	956066496	351054064	0	0	230535719.9	0	0	0
FUN_027475-T1	1	2	0	4628782.892	0	45075127.94	543272064	947515131.3	0	0	0	0	0	947515131.3
FUN_027685-T1	8	17	918307960.13	1289661332.61	643050409.69	574691004.49	863732061	770371650.25	761989555.83	1138290172.5	375463891.71	354891969.3	0	13766274.98
FUN_027786-T1	1	1	0	0	31874775.96	57704769.88	0	0	0	0	31874775.96	0	0	0
FUN_027892-T1	1	1	0	0	0	466859304.5	34407872	0	0	0	0	466859304.5	0	0
FUN_027893-T1	1	2	0	0	24896872.22	0	20086342	28022159.56	0	0	0	0	20086342	28022159.56
FUN_027902-T1	1	2	0	0	392733679.5	1297700719	0	0	0	0	392733679.5	1297700719	0	0
FUN_027940-T1	1	1	0	19008277.81	0	27950374.52	27363312	0	0	0	0	27950374.52	0	0
FUN_028042-T1	1	2	0	0	135646671.3	0	0	0	0	0	135646671.3	0	0	0
FUN_028063-T1	1	1	495068240.7	221036145.9	614225785.6	211925553.4	0	0	495068240.7	0	0	0	0	0
FUN_028125-T1	4	6	85787326.49	132231926.89	99550263.37	0	0	3266128.762	73712993.82	44574764.73	62284368.22	0	0	0
FUN_028189-T1	1	1	22708166.58	18957112.56	0	0	0	0	0	18957112.56	0	0	0	0
FUN_028272-T1	1	1	0	0	16062596.23	71101953.85	0	0	0	0	0	71101953.85	0	0
FUN_028277-T1	6	15	629060250.78	1031768142.05	766743968.94	800124330.48	877644925	1417127801.46	309979046.46	757678002.38	488665200.3	506111530.3	877644925	0
FUN_028287-T1	15	44	297966313.2162	255467534.14	15952458837.6	76721142077	546686423	1872799441.66	0	0	11952281389.6	76442523604	117238160	1017161791.3
FUN_028380-T1	10	13	0	41193292.38	0	95013861.8	1544966832	1912946763.24	0	0	0	0	1326157776	1042759060.34
FUN_028387-T1	2	3	0	6953528.515	106707177.6	404330046.2	0	0	0	0	106707177.6	404330046.2	0	0
FUN_028457-T1	2	6	0	0	235148666.42	410660777	0	0	0	0	235148666.42	410660777	0	0
FUN_028878-T1	1	2	0	22529506.34	67539507.37	69813253.5	0	0	0	0	67539507.37	69813253.5	0	0
FUN_028889-T1	1	1	7190814.377	0	53188940.17	66537374.12	6922427	0	0	0	53188940.17	0	0	0
FUN_028908-T1	1	1	0	0	12501932.74	0	35454832	35466532.31	0	0	0	0	35454832	0
FUN_028960-T1	6	11	354596386.3	376948067.48	233924589.22	317631650.5	86081665	34721239.94	331015293.01	352150930.03	190073046.93	109397951.8	0	0
FUN_029068-T1	1	2	7751421.42	0	155117338	91917968.99	0	8501931.45	0	0	155117338	91917968.99	0	0
FUN_029123-T1	9	16	839010739.19	1093021162.12	452322208.5	773250713.9	299852616	196183092.66	395680739.98	1024747418.2	305430011.16	0	0	0
FUN_029133-T1	3	4	33198229.4	27503195.6	221413121.28	1219384663.4	0	18857631.77	0	0	221413121.28	714635666.4	0	0
FUN_029235-T1	1	1	9923213.81	19831143.35	29941140.78	43643364.69	0	0	0	0	29941140.78	0	0	0
FUN_029262-T1	11	50	54589252.874	110520062.25	2840121694.14	6535958397.6	89337431616	76084837007.85	25753329.57	0	2659112771.2	5613043086.4	89318125638	67475848369.85
FUN_029269-T1	5	7	24126417.591	18118282.88	46812342.59	176907588.47	1171579296	1398048657.54	0	0	0	0	301861508	1398048657.54
FUN_029538-T1	2	2	0	0	0	0	56490144	42932876.49	0	0	0	0	56490144	0
FUN_029588-T1	1	2	0	0	0	0	45320808	37124926.44	0	0	0	0	45320808	37124926.44
FUN_029877-T1	7	13	8666199.491	37654028.15	161334688.66	55816007.08	1119594894	870244038.41	0	0	0	0	1119594894	833081569.5
FUN_030017-T1	4	7	3016998962.52	6221261836.05	3373789931.5	2526462056.9	0	36449264.63	31140669.52	6221261836.05	0	0	0	0
FUN_030209-T1	11	27	265457369.662	371667400.894	398704413.26	421361359.75	3052762704	2229104194.73	228022086.22	152034990.5	203063703.5	162991882.3	2434298896	1782700844.63
FUN_031228-T1	1	1	0	0	0	0	0	0	0	0	0	0	0	0
FUN_031873-T1	1	1	0	0	0	0	784752128	327634623.3	0	0	0	0	0	327634623.3
FUN_031956-T1	2	3	7109003.468	0	151196073.24	409297876	97980217	72413118.18	0	0	52127407.09	409297876	0	0
FUN_031972-T1	7	7	25170529.24	8576065.078	103444322.2	355729640.04	576185976	389247095.269	0	0	53419889.32	0	381336104	5852863.009
FUN_032150-T1	1	1	0	0	25121249.29	50008846.77	43796132	90864517.68	0	0	0	50008846.77	0	0
FUN_032280-T1	11	17	281720668.577	516133782.1	1332725513.58	3498073879.17	339914936	62443528.142	182860831.567	459002088.67	44900432.14	51507835.6	0	0
FUN_032357-T1	6	9	91912911.336	104828888.9	55186820.13	194300138.67	1702537848	1677971251.33	0	0	0	0	1667976608	1197524588.63
FUN_032415-T1	7	20	0	67040054.84	5236655635.2	44102995021.5	65605663	37865938.21	0	0	5236655635.2	44102995021.5	0	0
FUN_032501-T1	4	9	220708232.9	117830589.3	444586779.42	758257431.4	66741756	17766103.25	0	0	444586779.42	758257431.4	0	17766103.25
FUN_032589-T1	1	1	0	0	68783767.02	45954160.31	57386388	47748326.41	0	0	0	45954160.31	0	0
FUN_032720-T1	15	39	3025621960.75	4692499949.7	2068962404.32	2631222331.46	350804683	141974802.33	2247293375.03	4605116963.2	1149266532.36	2365208978.9	30311422	0
FUN_032930-T1	9	30	228112738.412	324815922.317	7397239379.2	9296604155.5	2602298448	3282201692.2	75569816.91	316255692.28	7263601572.4	6491799439.1	1037899448	3282201692.2
FUN_033039-T1	4	13	198339204.49	97215267.6	420894775.2	495807931.91	3071426336	1649296503.9	0	0	243692253.7	278350615.9	3071426336	1540674848.4
FUN_033043-T1	10	15	0	0	797135007.52	482486464.64	102313960	561774478.42	0	0	462958122.03	300298703.38	68936296	561774478.42
FUN_033148-T1	3	3	0	0	212059071.92	451884865.07	0	0	0	0	0	451884865.07	0	0
FUN_033155-T1	1	1	17950800.02	0	49427856.52	336064994	0	74113202	0	0	0	336064994	0	0
FUN_033197-T1	1	2	107093051.1	65299116.51	0	0	0	0	107093051.1	0	0	0	0	0
FUN_033226-T1	2	4	0	0	264272228.8	512129553.5	0	0	0	0	264272228.8	512129553.5	0	0
FUN_033545-T1	2	2	5729182.634	0	41582563.93	0	95235218	130654981.89	0	0	0	0	61877396	84859315.25
FUN_033556-T1	11	19	164584201.038	49352115.068	39854385.09	55013300.19	2587414196	1296312461	0	0	0	0	1998237620	1148684150.88
FUN_033574-T1	18	43	1641149951.464	1915768153.53	10755984395.9	14873717019.02	807213127	728082203.889	60772645.45	35080432.7	10755984395.9	13852859725.8	370421092	334480809.82
FUN_033810-T1	1	2	0	0	90000553.51	115547488.4	0	22562401.27	0	0	90000553.51	115547488.4	0	0
FUN_033871-T1	5	32	5529162781	6360691261.8	3752971183.4	4007307187.6	1278666160	1647124258.6	4247771372	6360691261.8	3752971183.4	4007307187.6	911233784	1182355806.5
FUN_033874-T1	5	23	3657566013.3	5963469005.3	4264945490.82	1763822675.9	255709406	250907624.24	3657566013.3	5963469005.3	4264945490.82	1763822675.9	226449804	0
FUN_033885-T1	4	28	966758233.57	574070933.37	3521754889.22	7409214207.004	697326810	717038811.61	966758233.57	574070933.37	3521754889.22	7409214207.004	207494394	303989076.21
FUN_033914-T1	6	8	41204769.57	48018238.768	682097186.32	1380725147.2	65820909	57925432.724	0	0	305739069.26	983135611.7	0	0
FUN_034068-T1	9	21	1254062566.54	1377134432.68	721016467.34	569312337.96	0	116396711.8	1241903615.91	1232639594.13	617006905.88	83533709.48	0	0
FUN_034095-T1	6	12	0	0	13049456.35	120542826.134	1668909903	1494295337	0	0	0	0	1094175081	1494295337
FUN_034137-T1	1	1	0	0	31190765.85	0	0	0	0	0	31190765.85	0	0	0
FUN_034249-T1	3	4	0	27374516.4	419831414.85	286559674.24	0	0	0	0	186639994.05	286559674.24	0	0
FUN_034334-T1	1	1	0	0	90457436.11	24769367.89	30369946	0	0	0	90457436.11	0	0	0
FUN_034350-T1	5	8	0	0	269914118.89	533943051.88	6920211.5	16684039.86	0	0	209090567.68	401778983.28	0	0
FUN_034386-T1	35	119	297790355.852	302746076.963	4323278025.19	5174829639.07	88467068546	81229988963.19	0	0	3157241023.34	4252681574.1	73039055030	80407134737.59
FUN_034448-T1	1	1	145809121.4	0	312489801.3	329383108.6	0	0	0	0	312489801.3	0	0	0
FUN_034449-T1	9	12	1373655596.3	1560223901	721647213.97	51000245.3	0	46742244.71	385318455.2	1393920963.35	176606815.54	0	0	0
FUN_034479-T1	7	24	0	16353055.92	154292633	545265779.38	13099897520	11998861019.3	0	0	0	0	13099897520	11998861019.3
FUN_034488-T1	11	46	871744081.35	980822830.436	1417164669.605	2188512465.99	31681902949	13505191754.95	0	0	822281303.8	1964621657	31681902949	13433663637.6
FUN_034502-T1	8	26	906267957.44	1095347618.305	684918455.8	2033482794.22	2943497960	3341280284.35	837801758.7	1034646300.815	684918455.8	1991790163	1017868648	3252073561.6
FUN_034523-T1	1	4	84758448.62	65481290.74	159089459.2	203835695.5	0	0	84758448.62	0	159089459.2	0	0	0
FUN_034757-T1	3	5	12498584.84	11030606.49	25970891	25181686.3	204727272	207846945.28	0	0	0	0	129829608	207846945.28
FUN_034773-T1	2	3	6347596.483	0	147666764.16	389215429.73	0	0	0	0	111853880.5	389215429.73	0	0
FUN_035162-T1	3	5	28303583.57	17816448.26	0	11438291.03	243926044	494690402.22	0	0	0	0	243926044	352419587.9
FUN_035177-T1	5	14	0	0	43140528.67	238030556.92	2409509880	2750210262	0	0	43140528.67	0	1893313688	2750210262
FUN_035230-T1	1	1	31807146.48	64487764.06	0	0	0	20014844.73	0	0	0	0	0	20014844.73
FUN_035300-T1	1	2	0	113495546.6	0	0	25638368	0	0	113495546.6	0	0	0	0
FUN_035473-T1	2	2	0	0	0	0	72130302	4515663.207	0	0	0	0	72130302	0
FUN_035659-T1	1	1	9961922.221	18438287.1	0	0	0	0	0	18438287.1	0	0	0	0
FUN_035867-T1	1	1	0	0	9876439.386	81048915.88	5645022	0	0	0	0	81048915.88	0	0
FUN_036057-T1	2	4	0	0	243118075.5	336068405.3	0	0	0	0	243118075.5	336068405.3	0	0
FUN_036060-T1	1	1	0	847087.089	135766997.7	105993917.1	25462102	23224006.47	0	0	0	0	25462102	0
FUN_036518-T1	1	1	0	0	0	0	22714670	22208765.39	0	0	0	0	22714670	0
FUN_036693-T1	5	7	13810394.81	20212328.19	313586756.23	819774415.07	7456554.5	13729399.43	0	0	229828792.52	602101937.6	0	0
FUN_036694-T1	1	1	0	0	13282200.54	0	101236240	140071379.7	0	0	0	0	0	140071379.7
FUN_036759-T1	4	6	193510485.47	299938946.94	152557647.38	141525292.91	62311622	34619749.08	193510485.47	233721765.28	0	122821978.9	0	0
FUN_036855-T1	11	37	71210290.642	22474357.341	280665193.257	513736509.3	8406750433.375	5407747154.75	0	0	216204027.73	104237510.7	8406750433.375	4946661439.05
FUN_037332-T1	4	5	0	0	249956491.09	330203082.01	47737680	37142553.65	0	0	194093828.69	173923934.06	0	0
FUN_037395-T1	7	20	4058608287.02	7122333350	3937583026	1348125762.4	118309276	105640662.47	3471856393.5	4832868061.5	2982675864.8	690137012.8	0	0
FUN_037500-T1	1	1	26402541.38	0	11911503.12	0	0	0	26402541.38	0	0	0	0	0
FUN_037554-T1	1	1	0	0	0	0	141085360	40798843.2	0	0	0	0	0	40798843.2
FUN_037561-T1	1	2	32636899.31	92270902.38	191924364.1	107152374.5	0	0	32636899.31	92270902.38	0	0	0	0
FUN_037683-T1	2	3	0	0	0	0	150358864	64032321.99	0	0	0	0	150358864	64032321.99
FUN_037697-T1	2	2	0	0	0	0	94722350	98939482.301	0	0	0	0	94722350	0
FUN_037718-T1	1	1	304650642.7	219881355.6	308075075.9	163939532.9	0	0	0	219881355.6	0	0	0	0
FUN_037978-T1	2	3	4121859.158	4819084.091	652440522.74	948246759.7	31565160	0	0	0	580659596.3	360651040	0	0
FUN_037999-T1	2	2	22286517.36	27162684.34	0	0	105607074	79648806.53	0	0	0	0	72808368	21377967.71
FUN_038056-T1	2	4	483387136.2	460100072.9	169766698.71	76468766.67	0	0	224629694.4	246027343.7	109869162.1	76468766.67	0	0
FUN_038114-T1	10	17	0	0	191599219.36	265714872.683	2079003736	1572764944.79	0	0	0	0	1664381792	934058495.05
FUN_038163-T1	7	19	17108493861.06	34331111139.87	12363821726	16541119032.8	410771301	594829007.23	0	0	2333321929	5741457656.6	281559324	0
FUN_038231-T1	6	12	1704469256.6	781764966.43	291216783.53	892902669.8	28979038	0	1512997444	350957423	118062148	461024718.1	0	0
FUN_038397-T1	1	1	0	0	0	12855884.68	42448360	66991731.4	0	0	0	0	42448360	0
FUN_038434-T1	8	9	47528904.687	0	25191506.93	28586916.99	2230707488	1439719373.467	0	0	0	0	1248305888	956183770.1
FUN_038500-T1	3	6	375569248.5	414916074.6	417753338.8	986447709.7	17626566	0	309071519.8	188696356.5	417753338.8	754428465.1	0	0
FUN_038515-T1	1	1	0	0	0	0	39936872	40694183.96	0	0	0	0	39936872	0
FUN_038519-T1	2	2	0	0	231371325.74	486766724.8	34052669	0	0	0	82363529.14	353904091.3	0	0
FUN_038565-T1	3	22	67742561133.09	24845153009.9	21215364105	32675170859.09	690992735.625	138624196.64	67721115084	24845153009.9	21215364105	32675170859.09	0	23827070.44
FUN_038651-T1	1	1	0	0	191506611.6	361213901.6	0	0	0	0	191506611.6	0	0	0
FUN_038718-T1	2	2	0	0	250978090.72	247747279	36636840	108194886.16	0	0	93635179.72	247747279	0	0
FUN_038785-T1	1	1	648956330.1	201108121.6	63283942.25	0	0	0	0	0	63283942.25	0	0	0
FUN_038844-T1	3	87	305781331065.9	312220233746.1	167148620611.16	233873997576.4	3344765450	4563742404	305781331065.9	312220233746.1	167043551362.86	233873997576.4	3344765450	4563742404
FUN_038995-T1	39	139	2332779988.03	1825260970.789	6144343213.93	7802741351.22	70332014913	68803142893.95	0	0	1726101504.32	4804971376.88	62345764905	59498976650.1
FUN_039003-T1	2	3	0	0	158011511.69	441445161.45	32056274	288456925.2	0	0	158011511.69	29080850.25	0	0
FUN_039053-T1	4	4	0	0	76039487.74	611002775.3	876387008	1628673132.58	0	0	0	611002775.3	0	0
FUN_039084-T1	12	20	0	30572381.84	21839771.7	30168488.38	1398408800	972116280.42	0	0	0	0	1339153584	850797017.5
FUN_039162-T1	7	23	967784897.46	1036464090	1843891822.3	3958736260.9	1211612934	633932532.51	0	0	1709365921.1	3958736260.9	840083936	525622806.81
FUN_039263-T1	1	1	0	21235740.32	0	0	0	0	0	21235740.32	0	0	0	0
FUN_039268-T1	1	4	1138289315	1428877753	285785420.6	209612724.7	0	0	1138289315	1428877753	285785420.6	209612724.7	0	0
FUN_039277-T1	2	2	0	29638073.27	23307354.55	41122025.02	276442456	7110291.992	0	0	0	0	276442456	0
FUN_039341-T1	14	28	1084193.5838	127525.3073	246148264.711	163788240.2	4058589983	3739192153.74	0	0	0	0	3646410678	3739192153.74
FUN_039504-T1	1	1	0	0	26454326.57	79450864.73	0	0	0	0	26454326.57	0	0	0
FUN_039636-T1	1	2	31891736.99	22147273.28	0	0	6208149.5	9686162.882	31891736.99	22147273.28	0	0	0	0
FUN_039672-T1	2	2	0	0	148974312.43	275732755.19	0	0	0	0	50778416.3	198724357.6	0	0
FUN_039676-T1	5	9	69699784.639	82502226.38	990931717.36	4963901678	84628552	257807221.78	0	0	794628375.7	4963901678	0	0
FUN_039690-T1	1	1	0	178929140	2255480197	4275641755	21522638	0	0	0	0	4275641755	0	0
FUN_039821-T1	2	3	0	23383756.95	12979756.36	0	252020720	691205639.48	0	0	0	0	252020720	691205639.48
FUN_039852-T1	3	4	300662847.98	207248158.25	380886666.12	73171367.98	54201812	7749864.199	41422186.68	174616503.72	0	73171367.98	0	0
FUN_039932-T1	4	6	6565663.875	9231028.675	462913828.13	948139553.6	0	10553372.34	0	0	268747148.9	948139553.6	0	0
FUN_039954-T1	3	5	6697099.768	5776585.734	305569820.79	543217103.48	0	14187599.15	0	0	305569820.79	245566081.7	0	0
FUN_040019-T1	1	1	0	0	36352071.67	47152547.92	0	0	0	0	0	47152547.92	0	0
FUN_040020-T1	1	1	0	0	186662804.1	390199391	0	9080537.931	0	0	186662804.1	0	0	0
FUN_040064-T1	4	7	0	0	18744531.99	0	1513737880	1688628362.6	0	0	0	0	741122456	1688628362.6
FUN_040122-T1	11	13	282619915.9	80124311.37	169426103.5	85595956.25	1243942344	1836101273.91	0	0	0	0	891052904	623040143.26
FUN_040145-T1	3	5	0	0	366629588.84	829993897.6	58421660	28770957.36	0	0	226116155.1	829993897.6	58421660	0
FUN_040184-T1	7	19	827335944.23	1514609569.7	781949566.89	385582583.76	944605374.5	1084055694.53	546467175.53	1514609569.7	638688971.19	128290386.7	0	0
FUN_040311-T1	23	55	65773197.81	178238910.24	540161235.33	1196626009.653	33393099144	29471513576.09	0	0	93636408.44	1114104052.16	32409064370	20681014219.86
FUN_040327-T1	1	1	0	0	0	0	0	0	0	0	0	0	0	0
FUN_040347-T1	2	2	0	0	0	0	83593158	67193457.27	0	0	0	0	64140592	16226451.66
FUN_040403-T1	3	3	0	0	57051950.96	116842529.16	0	0	0	0	30763164.62	116842529.16	0	0
FUN_040405-T1	7	9	18582397.04	0	6514533.336	0	710880864	701311901.4	0	0	0	0	527770088	507674360.43
FUN_040471-T1	7	11	0	0	0	53636598.68	1082353844	885251616.72	0	0	0	0	948000020	599517559.74
FUN_040502-T1	1	1	0	9612904.037	210335822.9	196176981.7	7755237	7601169.247	0	0	0	196176981.7	0	0
FUN_040516-T1	2	2	0	0	22697784.46	256617437.21	21008374	27981192.2	0	0	0	256617437.21	0	0
FUN_040564-T1	1	1	0	0	10746090.34	49823552.16	0	0	0	0	0	49823552.16	0	0
FUN_040725-T1	33	81	662851486.596	858850812.83	1332167420.305	1151580316.004	22739840185	22458981452.0685	0	0	522832372.86	560401467.1	19654911424	21830665737.1
FUN_040825-T1	1	1	0	0	0	26669855.18	10438089	0	0	0	0	0	10438089	0
FUN_040871-T1	2	3	65152495.85	89869815.83	39199186.123	0	5165993	0	34063116.6	66650679.43	8190838.093	0	0	0
FUN_040928-T1	1	1	110829000000	93740636499	0	0	413026080	406868039.2	0	93740636499	0	0	0	0
FUN_041047-T1	1	1	0	0	12548592.63	9494695.496	0	0	0	0	12548592.63	0	0	0
FUN_041048-T1	1	1	0	0	0	0	100428560	59451865.96	0	0	0	0	100428560	0
FUN_041156-T1	13	40	3482014129.1	3062653615.4	2677435222.653	2621753434.6	98624818	55123818.65	2721884275.7	3062653615.4	2603457391.01	1848505735.8	0	0
FUN_041619-T1	1	1	0	0	0	0	60220972	344014639	0	0	0	0	0	344014639
FUN_041678-T1	2	3	0	0	445776320	728995401.5	0	0	0	0	227681029.1	728995401.5	0	0
FUN_041717-T1	16	52	5417032904.764	1994033733.12	13821582503.8	40393278493.2	722165394.5	492179274.831	5061416194.03	1173838168.29	9465931585.5	34835836161.2	246148800	170855915.9
FUN_041719-T1	3	5	24884431.77	59644569.24	306558059.07	1014899512.2	0	0	0	0	306558059.07	1014899512.2	0	0
FUN_041742-T1	14	18	71929007.67	86859371.41	699951787.07	2094013950.1	275033985	333442350.728	0	0	344961115.06	2094013950.1	0	0
FUN_041795-T1	1	1	58359665.23	0	0	0	0	0	58359665.23	0	0	0	0	0
FUN_041807-T1	5	10	317714788.74	197210290.3	281657623.56	945265212.9	11746515	0	78594202.03	19934581.36	168321237.52	758905997	0	0
FUN_041870-T1	1	2	126089495.3	114642364.4	28914437.22	25422823.71	0	0	126089495.3	114642364.4	0	0	0	0
FUN_042029-T1	1	1	0	0	0	364804381	0	0	0	0	0	364804381	0	0
FUN_042031-T1	3	3	0	0	176034782.8	151406015.7	102099828	109036576.17	0	0	0	151406015.7	94021650	0
FUN_042184-T1	5	10	1095999995.5	1033560595.8	763458451.5	518545554.5	51019556	28946326.9999	430449427.2	856781693.2	353375413.4	162715223.9	0	0
FUN_042285-T1	2	2	0	0	31168292.86	197092899.03	0	0	0	0	0	197092899.03	0	0
FUN_042305-T1	11	18	120982969.821	430128007.18	278099511.8298	368734045.034	1932636359	1943746006.71	106140875.21	143514693.78	75930682.92	0	451095105	1259156243.71
FUN_042310-T1	9	11	9790172.122	17318638.624	1309565305.13	1723082062.87	465917192	303269740.32	0	0	587800718.33	1379464981.22	28597538	49711303.95
FUN_042348-T1	1	1	0	0	0	18706877.59	43680096	53833768.55	0	0	0	0	43680096	0
FUN_042562-T1	6	11	0	0	23213653.55	107633093	3583935216	1567596084.69	0	0	0	0	3583935216	857414670.09
FUN_042738-T1	1	1	0	0	0	0	107208920	122985832.5	0	0	0	0	0	122985832.5
FUN_043201-T1	1	2	0	0	0	0	460682432	190359070.9	0	0	0	0	460682432	190359070.9
FUN_043575-T1	3	10	0	0	1452237853.7	4014381477.9	0	0	0	0	1452237853.7	4014381477.9	0	0
FUN_043641-T1	12	16	34709974.4	47879410.78	1862714386.7	3311622480.86	573845614	382856921.39	0	0	979366120.3	2286871933.26	0	0
FUN_043667-T1	1	6	0	8206723.28	1872508184	2609800847	277716064	277765881.1	0	8206723.28	1872508184	2609800847	277716064	277765881.1
FUN_043756-T1	6	17	1598026684.82	1636231407.57	445858817.61	293811723.63	0	188003550.3	1523542728.87	1616524109.8	290934833.07	181626186.04	0	0
FUN_044253-T1	13	35	2641089464.35	3296933182.98	2852406983.69	1455262893.314	239044806	753891206.818	2204612976.88	2347733352.24	2184860016.89	795086670.57	0	0
FUN_044352-T1	6	11	0	0	838664749.11	808676781.7	466740078	291731246.07	0	0	728612387.91	534366890.9	107256560	58042551.07
FUN_044362-T1	3	5	0	19479977.85	1227805191.4	8882784091.3	0	0	0	0	756461728.7	8882784091.3	0	0
FUN_044502-T1	8	30	0	558020431.607	1863232188.683	3513121698	26593213984	42162341565.8	0	0	1496173394.933	333133268.4	26593213984	42162341565.8
FUN_044516-T1	1	1	0	0	34641723.46	40663133.13	0	10472158.92	0	0	34641723.46	0	0	0
FUN_044596-T1	1	1	0	0	0	0	16147542	0	0	0	0	0	16147542	0
FUN_044692-T1	1	1	0	0	40208356	49779962.21	0	0	0	0	40208356	0	0	0
FUN_044694-T1	42	278	914106804.719	1796504211.742	20002733812	23109711377.669	440842630997	383490837038.2	263202759.61	512380660.24	13468386994.9	20491050290.3	403195795604	379091805388.8
FUN_044698-T1	2	4	6366013.022	0	157687286.87	274908089.6	0	98273034.76	0	0	157687286.87	151504865.5	0	54635550.07
FUN_044770-T1	3	3	578318.3284	694514.7979	0	0	258289002	192839340.3	0	0	0	0	66119306	192839340.3
FUN_045058-T1	21	39	35445310.67	149927570.935	438482573.54	740460465.24	10379882132	10087248022.48	0	0	0	568439769.4	8493834568	9363085612.24
FUN_045059-T1	6	7	40875512.39	22181154.55	63612776.37	22004385.39	1845998020	1405325140.94	0	0	0	0	1529243908	551136082
FUN_045063-T1	1	1	0	0	89450817.41	82388815.76	0	0	0	0	89450817.41	0	0	0
FUN_045159-T1	1	1	55651220.47	96900652.67	0	27558366.5	0	0	0	96900652.67	0	0	0	0
FUN_045213-T1	1	1	0	0	61831020.56	11960754.47	24208378	50414020.14	0	0	0	0	24208378	0
FUN_045232-T1	8	14	1646205397.2	673656882.16	539519038.01	617896182.46	446626274	231028902.993	1610899397.64	492781716.3	210788877.55	304345053.7	0	0
FUN_045234-T1	12	33	173585705.65	93996509.7	13347090720.2	14133094130.3	1499602144	1892621679.74	0	0	12328620949.1	13820670073	1170333504	1214671623.85
FUN_045334-T1	3	4	0	0	0	0	137831190	33460140.34	0	0	0	0	137831190	20876581.34
FUN_045352-T1	12	17	10740935.75	17903654.32	1518866674.12	1428997124.01	194211462	253338651.07	0	0	1385921853.32	814415321	0	41975240.89
FUN_045372-T1	1	1	0	0	63076855.5	114405362.9	0	0	0	0	63076855.5	0	0	0
FUN_045455-T1	7	11	1798927909.04	996006996.71	823321305.89	1088464033.92	175453621	210800715.69	1541831699	0	660248509.39	821667028.59	0	0
FUN_045502-T1	6	36	0	94089238.466	1602495590.5	4661503894.44	43902307817	27587093554.7	0	0	513573014.4	4392379541.94	43450263465	27587093554.7
FUN_045557-T1	2	8	0	0	0	44090213.35	2623103264	2537944161	0	0	0	0	2623103264	2537944161
FUN_045586-T1	7	12	14793482.12	110873140.5	897835727.15	3534689206.32	232306199	239851427.99	0	0	330028446	3534689206.32	0	0
FUN_045635-T1	11	40	19383745411.2	12142657279.92	6393367079.47	10150273782.55	397959918	379647282.58	19383745411.2	12132154471.8	4192068027.2	9573920169.02	0	88445416.09
FUN_045700-T1	5	14	185439608.2	0	1886169701.68	2993834915.71	952654932	1207467069.38	0	0	1869459846.7	2953934150.1	576065500	735514070.38
FUN_045763-T1	20	62	1058624402.5	357640420.69	1723040065.42	3171370242.97	42513853308	42446764199.7	0	0	896621213.6	1277970828.9	33755336764	37388101441.7
FUN_045764-T1	15	36	19249425.9	43970973.08	658215125.79	1118482487.35	9636990656	7775712560.71	0	0	122772881.86	759284279.12	7267785088	5711916003.27
FUN_045817-T1	4	10	0	0	49977644.604	37529748.09	2136999988	3125436258	0	0	0	0	2136999988	3125436258
FUN_045851-T1	6	9	0	3214102.169	54556122.34	411752064.8	1916849680	770163471.71	0	0	0	0	1184597648	770163471.71
FUN_045884-T1	2	2	61442851.12	0	189970420.41	244539254.12	18881830	0	0	0	0	244539254.12	0	0
FUN_045946-T1	1	1	0	0	7457586.987	0	8582660	3980686.891	0	0	0	0	8582660	0
FUN_046035-T1	1	4	26934666.03	0	92856605.34	235422798.3	0	0	0	0	92856605.34	235422798.3	0	0
FUN_046107-T1	1	4	7191607.894	6373015.531	0	0	43314932	63435291.07	0	0	0	0	43314932	63435291.07
FUN_046251-T1	4	6	141247344.27	298849310.15	84693551.31	107383725.737	35507832	7021505.955	122095136.49	113411913.63	0	0	35507832	0
FUN_046256-T1	6	7	12460835.61	8619128.702	68446873.169	118896902.18	1291208872	1336096020.14	0	0	0	0	1066641240	1021631115.93
FUN_046442-T1	1	1	0	71377125.13	111568388.8	128127398.2	0	0	0	71377125.13	0	0	0	0
FUN_046482-T1	1	1	162941814.1	34466820.78	732743908.9	83950478.78	15726901	43294043.45	0	0	732743908.9	0	0	0
FUN_046508-T1	3	5	21603168.781	21993251.51	407976463.57	1263939391.1	10406160.5	29302549.055	0	0	384180010.3	486119388.2	0	0
FUN_046796-T1	6	8	0	26032939.685	330570063.08	322451877.45	38372334	85438973.42	0	0	187431488.86	136075284.44	0	0
FUN_047403-T1	1	2	83485439.5	42765453.68	0	0	0	97138712.54	83485439.5	42765453.68	0	0	0	0
FUN_047588-T1	2	5	0	0	0	0	4502947424	4485475681.6	0	0	0	0	4248728320	4485475681.6
FUN_048050-T1	3	8	56574035.3	197946105.69	657552279.6	962277870.13	125833280	80506246.13	24962373.94	149841064.94	657552279.6	895145444.4	0	0
FUN_048360-T1	1	1	7500611.634	9473708.313	0	0	100806480	0	0	0	0	0	100806480	0
FUN_048421-T1	3	3	0	0	29321451.07	378580921.04	20275650	71283556.75	0	0	0	378580921.04	0	0
FUN_048555-T1	6	9	0	0	97604462.28	84221241.85	2225075770	5067434625.72	0	0	0	0	2174853208	4080441571.52
FUN_048622-T1	1	1	0	0	38002184.19	59601076.21	0	0	0	0	38002184.19	0	0	0
FUN_048751-T1	1	1	31522769.21	42370110.35	0	0	0	0	0	42370110.35	0	0	0	0
FUN_048951-T1	2	2	54266990.91	17712585.61	141184482.42	889056658	25750578	0	0	0	0	889056658	0	0
FUN_048958-T1	5	109	324661135402	365002157961.6	133657697409	89965432426	2188385824	4106318260.8	324661135402	365002157961.6	133657697409	88643497372	2094972520	3840372591.3
FUN_049077-T1	1	2	33582683.1	58866610.3	95180734.37	47814127.33	25333160	0	0	58866610.3	95180734.37	0	0	0
FUN_049091-T1	1	2	0	0	0	0	444814848	424509957.8	0	0	0	0	444814848	424509957.8
FUN_049092-T1	2	2	0	12482010.41	120187347.14	317516867.9	0	8577700.235	0	0	0	317516867.9	0	0
FUN_049149-T1	1	3	156728918.7	317001918.1	832999128.9	656445427.1	41425191	80115991.2	156728918.7	317001918.1	0	656445427.1	0	0
FUN_049252-T1	4	5	222968343.6	114430756.1	142050075.44	258847697.74	6609055.5	9948070.587	0	0	112751974.8	258847697.74	0	0
FUN_049255-T1	2	2	31419958.03	0	0	275470187.5	25041308	0	0	0	0	275470187.5	0	0
FUN_049265-T1	46	196	841011838.491	994608288.34	9795504059.515	18839058179.59	217703889172.5	197788307841.36	93940113.49	466903685.45	8410064106.73	14609891780.3	210367344500.5	196166986907.5
FUN_049271-T1	1	1	0	0	0	14180581.2	0	0	0	0	0	14180581.2	0	0
FUN_049393-T1	2	5	48407471.13	38036344.89	40557245.04	0	208362896	132501344.9	0	0	0	0	208362896	132501344.9
FUN_049470-T1	2	2	0	0	0	16102953.92	187490728	142873404.22	0	0	0	0	129183856	41714686.52
FUN_049566-T1	1	1	0	0	64874140.44	101937592.4	0	0	0	0	0	101937592.4	0	0
FUN_049934-T1	11	55	186676362.26	418868077.99	1818123605.26	4161179742.79	45173980345	46194930007.4	0	76678976.66	1409137329	3411610414.1	44146041983	46194930007.4
FUN_049956-T1	5	6	0	0	248379016.45	537768061.18	29093868	0	0	0	59672535.73	537768061.18	0	0
FUN_049965-T1	4	9	66588001.04	103387440.1	66272095.769	115636361.118	1330774176	2275112190.8	0	0	0	82323046.05	1104893424	1242307993.8
FUN_049980-T1	1	2	97699441.33	115429730.4	0	22106234.54	558275456	798372998.9	97699441.33	115429730.4	0	0	0	0
FUN_049981-T1	3	4	130019854.77	115564813.62	58716830.19	0	171138238	93419780.74	130019854.77	0	0	0	0	0
FUN_050005-T1	10	32	2717117948.84	3522094944	2063576359.17	1504615720.1	571460118	428679376.65	2345281584.93	3522094944	1796441591.54	1279184743	353709152	287131069.68
FUN_050089-T1	1	4	671351719.4	144088383.8	0	0	0	0	0	144088383.8	0	0	0	0
FUN_050145-T1	1	1	0	0	0	68616786.95	30331534	40654365.75	0	0	0	0	0	40654365.75
FUN_050177-T1	7	11	40991026.25	25466408.727	779838868.3	1380131058.94	0	0	0	0	711997026.24	1171332712.44	0	0
FUN_050435-T1	12	37	995786446.93	733295217.5	1427402685.44	1704169860.23	1373852913	1269191334.58	919232523.14	386519046.94	868088059.56	1372102768.1	672222920	978355528.19
FUN_050769-T1	1	1	0	0	847098.2163	6589751.359	6035361	596529.3799	0	0	0	0	6035361	0
FUN_050938-T1	2	2	0	0	0	0	72306698	129784033.58	0	0	0	0	30279134	82528033.69
FUN_050946-T1	2	3	328488943.36	227605703.61	35040333.96	107691752.8	53425804	42290468.34	47250269.66	0	0	0	53425804	21850266.12
FUN_050947-T1	9	32	9916413364.5	10439973794.4	4579765295.7	6920101055.8	632814960	307499326.72	7037493050.5	8299159707.6	3777364572.5	5702780063.8	0	0
FUN_050960-T1	2	3	0	0	0	292075718.04	0	0	0	0	0	292075718.04	0	0
FUN_050994-T1	9	20	154489631.6	26169857.75	92528174.51	101742365.16	2713871152	2079294078.3	0	0	0	0	2552275808	1838112171.5
FUN_050997-T1	23	87	16831223209.65	12610242357.02	5756568813.83	6329521916.113	222472976	388192208.82	15841168827.5	11704846828.32	5019644964.49	4290544452.3	0	56467515.78
FUN_051104-T1	15	30	49868467.699	36486975.936	1012464907.31	1221976525.13	1590186572	1833491741.21	0	0	770671660.86	681827677.4	778071632	1149096791.73
FUN_051214-T1	5	8	637119311.9	0	915258739.7	1635144683.4	731565612	1017665038.97	0	0	0	0	675152528	1017665038.97
FUN_051241-T1	13	22	10521588.39	15063165.21	2490034301.12	4667059050.5	27930934	27904666.72	0	0	1601715919.72	3773705135.7	0	0
FUN_051296-T1	3	9	1317286470.4	1448189659.9	2307663111.3	3779330037.9	46810144	87558137.46	305379762.6	1448189659.9	2009080668	3668125325.8	0	0
FUN_051328-T1	1	1	0	0	0	0	63769156	0	0	0	0	0	63769156	0
FUN_051394-T1	1	1	250551906.6	119296797.3	48124051.15	113548116.9	0	0	250551906.6	0	0	0	0	0
FUN_051409-T1	1	1	0	0	0	50867505.58	0	0	0	0	0	50867505.58	0	0
FUN_051469-T1	27	60	214627427.27	520275514.36	3460980479.7242	3475575223.21	5469214326	5381899611.53	0	0	2491868301.4	2379261386.2	4425410992	4708281446.45
FUN_051512-T1	1	1	40044729.92	108354346.6	13979610.01	43562427.51	0	0	0	108354346.6	0	0	0	0
FUN_051708-T1	1	1	0	0	0	28682941.22	0	0	0	0	0	28682941.22	0	0
FUN_051726-T1	7	15	153921774.06	56423545.63	2031086683.03	3244393974.04	128096939	264052634.51	136562730.5	0	1831747060.55	3156197334.64	0	48192897.36
FUN_051800-T1	1	1	0	0	43887405.19	44265939.99	0	0	0	0	43887405.19	0	0	0
FUN_052129-T1	1	6	0	14266750.71	107142938.8	308079190.4	0	0	0	0	0	308079190.4	0	0
FUN_052150-T1	8	29	532277719.77	571345567.85	1350347763.65	1824012558.19	4076802048	1695288388.161	442407494.68	205569940.3	1350347763.65	1317700453.8	1529390344	1620642460.7
FUN_052166-T1	3	9	466755078.14	519729928.97	242756837.86	178925586.29	16620795	0	466755078.14	519729928.97	42012332.75	156199520.2	0	0
FUN_052327-T1	7	12	0	40818174.91	48648702.44	88514510.05	918322984	854438841.96	0	0	0	0	671599928	588892101.46
FUN_052428-T1	13	19	155298892.597	68760516.744	1539543464.38	1990671426.24	312409498	300232499.298	0	0	315762043.05	1640608051.59	38401328	202536850.05
FUN_053032-T1	4	4	0	74821111.33	431935363.28	201194753.3	190867040	33160209.98	0	0	204848354.68	0	96780232	0
FUN_053050-T1	1	1	0	0	0	342847773.7	0	0	0	0	0	342847773.7	0	0
FUN_053077-T1	1	1	0	12199414.65	38476955.7	0	10983931	0	0	0	38476955.7	0	0	0
FUN_053128-T1	5	8	4427572.139	0	0	0	314142234	407965829.1	0	0	0	0	314142234	208443145.7
FUN_053195-T1	15	50	4241847444.77	2421815342.789	3651601164.72	18964034799.45	280018191.5	537215634.129	4155880017.5	1442859858.6	3594011941.3	18183053164.15	0	0
FUN_053218-T1	3	5	10333373.06	14459347.74	0	0	184775474	208942781.09	0	0	0	0	184775474	149868264.64
FUN_053317-T1	7	10	195027291.79	84259615.674	770015177.3	1314962040.2	77543806	143477015.109	0	36798960.78	319569698.36	1155038387.8	0	0
FUN_053419-T1	11	20	3873881290.52	2060784780.12	804297773.158	1798205068.93	297058218.75	182448263.327	3574093331.52	1398605603.1	209466342.1	560937968.07	0	0
FUN_053521-T1	2	6	180926434.23	277370076.79	349364652.9	227845624.81	9783536	0	56795722.03	72185231.09	349364652.9	0	0	0
FUN_053731-T1	4	8	89144810.07	47382175.94	445349246.53	463504052.85	163026474	147473707.78	89144810.07	0	336726782.63	353531494.85	0	0
FUN_053746-T1	4	4	0	0	59649379.06	972292715.3	0	0	0	0	0	972292715.3	0	0
FUN_053949-T1	4	5	139340080.25	95896158.06	250367057.15	497189351.3	376292162	287008522.68	53403677.92	68443286.08	250367057.15	0	0	0
FUN_053964-T1	1	1	0	0	0	0	55538588	56736705.23	0	0	0	0	55538588	0
FUN_053976-T1	2	2	0	0	24382238.16	181648337.1	0	0	0	0	0	181648337.1	0	0
FUN_053986-T1	7	16	931323766.8	1274628248	486732299.17	255188667.52	47725280	0	748999619.6	1068287158.3	123578091.1	68252888.41	0	0
FUN_054073-T1	1	2	13949928.33	17118780.64	16512100.2	73982387.97	261728400	731943856.6	0	0	0	0	261728400	731943856.6
FUN_054109-T1	4	6	59770748.05	14517397.12	295965910.18	1090258601.7	0	4299355.39	0	0	295965910.18	915383332.8	0	0
Iso-Seq_AspRS_At4g31180_64872	19	33	106969177.84	98553104.33	5544624945.9	7691456600.43	797847750.5	758538115.68	0	0	5012930798.98	4308619055.81	136301152	0
Iso-Seq_HisRS_At3g02760_37497.00	2	2	0	0	38980028.76	111849004.81	0	0	0	0	0	111849004.81	0	0
Iso-Seq_ValRS_At1g14610_24427	21	33	16580399.79	211452610.86	1828087847.46	3722584821.25	332443339	340260879.042	0	0	1367486535.38	2677302558.02	212397910	136246439.45
Sconica_v3_00091-RA	5	7	1239594905.77	683221958.74	511473117.53	162096045.63	92982023	144216277.939	1041844593.07	503186749.2	0	0	0	0
Sconica_v3_00108-RA	2	2	0	0	37625395.3	62959897.09	8714326	53440355.5	0	0	0	62959897.09	0	0
Sconica_v3_00140-RA	5	8	4094652.617	9579410.108	1024250418.5	1501495076	97377593	11607777.01	0	0	889322328.5	1501495076	10893933	0
Sconica_v3_00349-RA	2	3	23415562.27	0	270560671.9	264626524.6	0	139274244.1	0	0	270560671.9	264626524.6	0	0
Sconica_v3_00351-RA	3	7	115001406.62	0	1111669315.59	22148426.05	160892818	183998174.34	0	0	1111669315.59	0	113199360	165251555
Sconica_v3_00354-RA	10	25	335544342.74	439310086.522	1642429610.86	4517889205.15	341783769	635231710.13	0	0	1401835268.51	4517889205.15	136809376	355813160.21
Sconica_v3_00368-RA	7	9	0	0	25577790.05	37954999.9	762585504	209353597.7	0	0	0	0	501753976	151309659.44
Sconica_v3_00497-RA	10	19	70265121.67	39925243.827	2816509911.26	1660281059.6	285126114	232248728.45	0	0	2137020335.76	1555610727.7	90933372	0
Sconica_v3_00591-RA	2	4	0	0	238801046	566719545.8	36867776	33705301.16	0	0	238801046	566719545.8	0	0
Sconica_v3_00603-RA	2	2	0	0	73805590.94	118166474.77	0	0	0	0	36805173.58	58958230.72	0	0
Sconica_v3_00626-RA	3	4	0	14265446.19	300768898.85	509835088.2	88296444	0	0	0	46288480.52	509835088.2	0	0
Sconica_v3_00628-RA	4	12	0	22817465.57	283387713.2	463154078.49	19033381056	23483428162.6	0	0	283387713.2	436480682.7	18651021472	23483428162.6
Sconica_v3_00705-RA	1	1	0	0	0	95475586.46	0	0	0	0	0	95475586.46	0	0
Sconica_v3_00778-RA	3	4	0	0	453719484.95	504455232.86	33489828	57794526.59	0	0	453719484.95	87862467.02	0	0
Sconica_v3_00789-RA	5	13	252812105.1	145808155.17	91618214.6529	56327275.82	2977739272	2260423377.72	0	0	0	0	2581130160	2260423377.72
Sconica_v3_00790-RA	10	44	6209149924.34	13174091086.5	11034534905	3837877107.82	608443510	750779750.92	6209149924.34	11586030640.4	9792153607	3694424468.7	434181064	392140704.8
Sconica_v3_00857-RA	1	1	0	0	49620097.8	139806563.9	6934419	0	0	0	49620097.8	0	0	0
Sconica_v3_00867-RA	4	5	312698788.99	336304869.03	161130905.23	221962777.94	100562313	269688405.3	121763968.29	101475375.8	0	121907750.1	0	0
Sconica_v3_00868-RA	1	1	0	0	0	161383094.4	0	0	0	0	0	161383094.4	0	0
Sconica_v3_00923-RA	2	3	0	34204274.89	0	0	241505368	272844150.8	0	0	0	0	124563648	272844150.8
Sconica_v3_00929-RA	7	61	680217361.43	306240933.86	8717966433.04	10956906736.17	63592139057	34873399182.4	440175515.83	97145168.59	8181699813.4	10218920279	63592139057	34873399182.4
Sconica_v3_00993-RA	1	3	148274151.5	34463331.85	12921184.18	0	0	0	148274151.5	34463331.85	0	0	0	0
Sconica_v3_01071-RA	1	1	0	0	133151182.9	207465319.6	0	25117589.43	0	0	133151182.9	0	0	0
Sconica_v3_01111-RA	2	3	0	0	81402139.98	220404734.43	0	0	0	0	81402139.98	220404734.43	0	0
Sconica_v3_01119-RA	2	2	31442099.61	110184352.1	0	0	0	20304115.65	0	110184352.1	0	0	0	0
Sconica_v3_01267-RA	8	12	242380673.74	36639985.839	50663806.55	50629305.75	1423907734	1633711632.87	0	0	0	0	1169027938	1562044732.54
Sconica_v3_01280-RA	3	3	7256591.128	0	130834829.47	547130246	49985276	29446087.179	0	0	85362761.63	359561136.2	0	0
Sconica_v3_01357-RA	2	3	0	0	60020087.36	360386370.4	132597216	24885376.09	0	0	60020087.36	360386370.4	0	0
Sconica_v3_01412-RA	7	10	3952818.638	22323305.54	402689668.37	1066842606.9	1698191412	2751588628.32	0	0	91719206.62	0	137677020	2741273492.13
Sconica_v3_01463-RA	2	2	0	0	27409628.84	74396575.399	1859804.875	2509187.351	0	0	0	74396575.399	0	0
Sconica_v3_01468-RA	1	1	56334713.66	41943795.11	0	0	0	0	56334713.66	0	0	0	0	0
Sconica_v3_01483-RA	9	25	0	0	2298023773.79	2442848579.26	130908052	21892327.74	0	0	2298023773.79	2442848579.26	0	0
Sconica_v3_01547-RA	17	89	117935603.61	67983326.75	5338428265.74	6325019757.84	52525815693	50966877072.7	68875327.42	44247059.61	3754254172.2	5269576524	49861563213	49729679776.3
Sconica_v3_01687-RA	2	2	58982693.74	261551526	175350334.85	60158792.08	21762438	55303485.87	0	0	175350334.85	0	0	0
Sconica_v3_01709-RA	8	22	2341151338.14	2271799514.89	843367348.11	911815736.78	164571900	594743348.06	1777232562.14	1361001686.3	786687542.1	471590106.1	0	0
Sconica_v3_01729-RA	1	3	201257439.6	96822197.63	132011988.3	148958247.7	15116137	25981926	201257439.6	0	132011988.3	148958247.7	0	0
Sconica_v3_01822-RA	4	7	0	0	956110728.2	793147572.7	31391086	0	0	0	956110728.2	318379765.1	31391086	0
Sconica_v3_01870-RA	1	2	944997002.2	752107090	188231080.7	163902214.4	676277440	77548878.51	0	752107090	188231080.7	0	0	0
Sconica_v3_01932-RA	9	29	208697221.35	450989807.763	453032782.66	749144978.47	3364566322	4392461733.69	149651022.5	359205382.2	64754923	539134597.43	3364566322	4301779619.67
Sconica_v3_02011-RA	1	1	7931535.934	0	0	227034828.8	0	0	0	0	0	227034828.8	0	0
Sconica_v3_02026-RA	7	23	6294720867.7	4822660475.3	2941674194.77	3624528365.5	83340889	25057295.25	3862724972.7	4822660475.3	2588562112.8	3624528365.5	0	0
Sconica_v3_02040-RA	2	2	0	0	55350310.92	95194778.75	42321264	54054233.84	0	0	12214996.44	95194778.75	0	0
Sconica_v3_02093-RA	8	18	455141588.21	2011398800.47	1245651422.74	435618379.532	126940209	61019827.79	181790069.4	2011398800.47	680989724.24	248729896.4	15192425	0
Sconica_v3_02097-RA	40	111	29293374710.663	39084030853.068	39391204482.74	19344666144.08	30985856251	25468232348.732	0	0	1270508203.98	1907479834.61	28921035689	20014163837.19
Sconica_v3_02111-RA	1	1	0	0	0	52339748.9	0	0	0	0	0	52339748.9	0	0
Sconica_v3_02147-RA	39	118	842415656.09	1461892408.956	4189309675.391	9981609858.87	58484842239	51648832301.566	0	0	1024783850.39	8628640027.74	50277524270	46673885737.72
Sconica_v3_02186-RA	1	1	260940115.5	120069580.2	205757620.9	1351401790	11248055	23234063.62	0	0	0	1351401790	0	0
Sconica_v3_02202-RA	8	22	23645257.38	381244779.387	2151537764.92	3108669508.02	398857551	117226222.825	0	0	1547026704.8	3108669508.02	86437112	92926273.25
Sconica_v3_02215-RA	8	15	491099766.84	516847371.8	538938631.12	707590738.06	134990822	205446788.37	452704310.14	256936244.03	289086868.04	211194333.4	20996114	23221523.47
Sconica_v3_02271-RA	2	3	0	2095576.986	2688149.066	19611470.96	113067666	20530396.49	0	0	0	0	113067666	0
Sconica_v3_02337-RA	1	1	533415057.7	722070025.7	172820221.7	331656677.6	0	0	0	722070025.7	0	0	0	0
Sconica_v3_02347-RA	4	4	195683218.77	14789121.54	649664426	1423223046.6	164090297	266077598.652	0	0	0	965366772.2	20580480	0
Sconica_v3_02429-RA	4	4	0	30417015.38	101627074.48	252234770.156	0	0	0	0	54072069.25	152776992.096	0	0
Sconica_v3_02430-RA	5	11	489893162.24	763210789.05	468768387.84	415386243.25	24790628	11415482.42	489893162.24	551551191.25	214959292.3	149757649.5	0	0
Sconica_v3_02474-RA	19	36	133424505.45	26802190.639	1016059835.622	199765532.126	3686058901	2734586761.64	0	0	0	0	3142500352	2463962387.49
Sconica_v3_02485-RA	1	1	275376836.5	357737422.2	0	0	25164318	7142918.746	0	0	0	0	25164318	0
Sconica_v3_02490-RA	18	48	4495416391.028	2248535377.19	325874664.71	473477134.43	6766742058	9954239813.84	2496631556.64	2005984652.88	118853772.1	31080422.84	6173566528	8350493261.7
Sconica_v3_02505-RA	1	1	27766818.63	0	276132285.5	285733133.6	0	0	0	0	276132285.5	0	0	0
Sconica_v3_02529-RA	3	8	53172567.84	35379906.94	2542100568.6	3893730588	35334332	163007354.73	0	0	1848502931.3	3893730588	0	113569865.57
Sconica_v3_02567-RA	1	2	0	0	126410910.7	177418992.2	0	12120992.5	0	0	126410910.7	177418992.2	0	0
Sconica_v3_02574-RA	10	16	15375797.83	4463617.68	57473649.6	254395186.98	1928767120	1511930882.87	0	0	0	0	1928767120	693374217.2
Sconica_v3_02593-RA	6	12	226896453.35	379838057.75	332824213.31	235840776.53	902600310	281293505.856	127536283.6	362877130.2	202010809.24	0	294587204	209776829.26
Sconica_v3_02608-RA	3	23	1015370128.7315	338806879.5182	22333450845.09	41840835480.2212	2819192161.63	4168588392.14	0	338322638	22330773532.3	41839204339	2819192161.63	4139777683.27
Sconica_v3_02640-RA	17	29	10292445.18	21698268.52	1940089498.99	2549341843.79	302588488	234051106.55	0	0	1898363543.31	1552354521.13	162082896	89704881.23
Sconica_v3_02656-RA	2	3	45908046.13	8698378.508	145944100.43	167682961.9	11729999	0	0	0	145944100.43	167682961.9	0	0
Sconica_v3_02721-RA	12	31	49728061.959	101958572.647	5785319202.11	10592468045.14	646469646	690384111	0	0	5684825484.21	10592468045.14	268371628	366106338.32
Sconica_v3_02727-RA	22	86	1092957316.53	2234010667.577	44591195206.02	35961975285.658	4580135714	4422849719.48	83174395.68	49089359.25	40375706221.92	32117397566.204	3095863444	2781873964.78
Sconica_v3_02729-RA	4	4	198690670.9	433531801.8	1044458450.16	1961953526.9	440703600	376299577.99	0	0	94946659.86	191893427.9	0	322415362.59
Sconica_v3_02754-RA	35	84	8510348611.83	7875284594.176	6494254369.513	6605199421.49	612458502	1019706968.448	5972510573.25	7270831064.592	3044851250.33	4248441607.62	17943104	0
Sconica_v3_02769-RA	1	1	0	0	33803855.42	0	0	0	0	0	33803855.42	0	0	0
Sconica_v3_02845-RA	1	1	0	0	22067261.52	77150538.73	0	0	0	0	0	77150538.73	0	0
Sconica_v3_02847-RA	5	18	2053791708.9	1512049056.8	881362714.47	995040778.9	50120485	69960910.686	2053791708.9	1512049056.8	786020255.2	995040778.9	0	0
Sconica_v3_02849-RA	6	18	5463292135.5	8140752390.8	3216083117.5	2294939749.6	623789052	742540693.8	3627955502.9	6343311674.8	1714736065	1398793608.6	38224396	66058182.9
Sconica_v3_02860-RA	17	31	2517889055.87	2267088268.04	2689391330.984	3040346619.86	578309788.5	351129631.743	973213569.86	1500806469.93	1590968038.5	1377737078.92	0	0
Sconica_v3_02934-RA	4	4	9211267.522	160924.1499	0	0	585714036	991143351.88	0	0	0	0	341542468	731139645.4
Sconica_v3_02939-RA	1	1	0	0	141634159.7	25143190.46	0	0	0	0	0	25143190.46	0	0
Sconica_v3_02947-RA	1	1	0	0	0	49738680.98	0	0	0	0	0	49738680.98	0	0
Sconica_v3_02968-RA	14	32	3665986051.39	5008941143.95	2598311036.15	2233073971.76	177786559	821446734.93	3191897042.1	3668642575.95	2138666488.12	493233853.6	26204646	0
Sconica_v3_02980-RA	10	51	69618174793.13	55694507889.77	27180418119.7	33430055575.751	296365008	1246412334.58	69618174793.13	55566965906.77	27153202430.3	33240623061.741	296365008	808294909.78
Sconica_v3_03011-RA	7	9	119430703.98	47154653.26	339599447.332	3418039704.5	68682286	111809705.6	0	0	98217975.3	3418039704.5	0	0
Sconica_v3_03098-RA	7	28	31753031.77	58197311.29	5599671859.2	8863754339.4	779230472	647728424.87	0	0	5599671859.2	8863754339.4	718074952	306454999.65
Sconica_v3_03132-RA	4	5	281896009.2	182969322.1	367212538.27	694179403.3	4776296	56109804.5	0	0	287331031.96	312103823.3	0	0
Sconica_v3_03171-RA	1	1	41352745.29	61612146.55	60963209.53	40684195.86	0	0	0	0	60963209.53	0	0	0
Sconica_v3_03192-RA	1	1	98779934.38	0	50721299.67	39661822.05	0	0	0	0	50721299.67	0	0	0
Sconica_v3_03197-RA	1	1	0	0	32159158.72	32671424.36	12268817	0	0	0	32159158.72	0	0	0
Sconica_v3_03226-RA	4	7	0	0	548720403.87	673402245.89	45294536	0	0	0	274300085.97	673402245.89	0	0
Sconica_v3_03295-RA	1	1	0	38314250.97	15891863.86	0	126335280	0	0	38314250.97	0	0	0	0
Sconica_v3_03337-RA	1	1	0	0	0	51660411.9	0	0	0	0	0	51660411.9	0	0
Sconica_v3_03342-RA	13	31	2824410054.49	2530852598.52	790847235.44	1338818745.55	169373312	435291498.27	2808108245.8	2178777424.52	378546242.4	592630387.4	22261496	0
Sconica_v3_03343-RA	3	4	0	0	201110084.32	96870938.61	10356757	53493293.041	0	0	201110084.32	0	0	4888096.491
Sconica_v3_03356-RA	15	20	75018596.61	281454817.92	823088138.83	625606256.61	397540038	777900001.612	0	0	616999302.04	356688814.19	111677160	0
Sconica_v3_03378-RA	2	2	0	0	30294952.59	406627328.41	18950482	28965853.45	0	0	0	406627328.41	0	0
Sconica_v3_03391-RA	8	18	751711879.01	1997580032.04	624043600.79	512128546.93	327257354.5	17507802.04	306125609.51	1621775945.64	465430948.34	47290505.23	0	0
Sconica_v3_03401-RA	1	1	0	0	28842654.7	85400927.13	23853040	0	0	0	0	85400927.13	0	0
Sconica_v3_03450-RA	9	18	0	0	117252767.43	279313215.77	3816943935	4232238286.97	0	0	0	103555060.9	3806694560	3064753376.97
Sconica_v3_03554-RA	6	9	0	0	269722684.15	1577316523.21	196251502	279313159.19	0	0	232097279.4	1521079896.1	0	175928218.3
Sconica_v3_03582-RA	33	120	151510303.975	489940680.244	2620874865.786	4642607490.81	60681203702	46346989720.57	0	313741083.6	1359908580.8	2657934113.95	58209934094	45942226866.77
Sconica_v3_03583-RA	16	27	34378154.55	123568327.7	544286975.07	745261865.07	879256754	794397078.111	0	0	232692912.96	675127239.08	492204366	483417284.601
Sconica_v3_03608-RA	1	1	23212722.25	62798796.26	0	0	0	0	0	62798796.26	0	0	0	0
Sconica_v3_03629-RA	3	7	0	0	580838057	246535352.1	83083024	176676388.68	0	0	580838057	246535352.1	15658392	11443761.88
Sconica_v3_03795-RA	6	10	41032588.397	57057211.73	0	177395537.5	674293762	508258547.55	0	0	0	0	674293762	444108459.8
Sconica_v3_03808-RA	2	2	26490706.83	0	166359644.18	224582064.3	16924710	113377382.2	0	0	109815047.9	100377474.3	0	0
Sconica_v3_03860-RA	2	2	0	15626920.23	100839817.14	87494778.05	0	0	0	0	100839817.14	0	0	0
Sconica_v3_03865-RA	20	77	288072328.021	733670348.48	7160503542.41	4928263506.842	9678128971	9531503514.14	118449804.351	619673878.22	5815657037	4594482064.8	8792703000	8412316448.35
Sconica_v3_03869-RA	14	26	40165307.82	0	2375211975.7	2621835224.56	200867706	159641304.91	0	0	2375211975.7	1926165619.27	80137638	0
Sconica_v3_03880-RA	1	2	88630457.62	85767863.92	100694301.9	0	63340312	18833437.96	88630457.62	85767863.92	0	0	0	0
Sconica_v3_03915-RA	6	8	63666654.069	81288971.65	327784539.86	423098160.76	106840893	115242689.793	0	0	309183498.86	271203627.5	0	0
Sconica_v3_03960-RA	1	1	0	0	364844534.4	1184380178	0	0	0	0	364844534.4	0	0	0
Sconica_v3_04007-RA	3	3	0	0	294765827.74	1235659025.1	48215439	53393336.61	0	0	72847639.05	954140091.9	0	0
Sconica_v3_04019-RA	1	1	0	0	13763684.34	100747443.3	0	0	0	0	0	100747443.3	0	0
Sconica_v3_04023-RA	2	3	0	0	80485545.58	127242171.94	0	0	0	0	43595457.92	127242171.94	0	0
Sconica_v3_04031-RA	5	6	8948080.893	8387566.206	490069893.17	840843193.03	41193116	88861385.4	0	0	112779031.87	820000990.9	0	0
Sconica_v3_04098-RA	14	18	116638470.47	99429255.44	590934914.8	1202744183.46	1819080713	1716369520.08	0	0	0	0	1214498225	1404097254.02
Sconica_v3_04110-RA	1	1	0	27965989.68	52783830.84	42421539.58	0	0	0	0	0	42421539.58	0	0
Sconica_v3_04268-RA	1	2	13875586.72	16834394.51	19049084.68	20077696.75	0	0	13875586.72	16834394.51	0	0	0	0
Sconica_v3_04350-RA	8	9	1654929138	1642709225.86	1649178607.3	1527995272.19	101239498	128796926.26	0	0	1295073082.31	791979120.89	0	0
Sconica_v3_04354-RA	12	23	1492637308.21	1587817495.09	1023621465.434	764257999.488	536881602	421470802.26	1147222059.67	1429828115.87	737455799	444868767.1	0	0
Sconica_v3_04355-RA	35	80	936737446.515	1454056288.76	11493843718.53	34964112500.88	2018120369	3883346842.319	0	124443559.7	9099010467.98	31258923291.38	945913448	2309319271.17
Sconica_v3_04363-RA	3	5	88472545.1	217191910.08	15666352.59	63080415.55	19044616	0	88472545.1	217191910.08	0	63080415.55	0	0
Sconica_v3_04366-RA	5	14	1139943095.3	1236845045.3	877597897.5	997935056.7	13773490	52501873.84	447626373.8	991378654.4	575298087.8	849758303.8	0	0
Sconica_v3_04420-RA	1	1	0	0	28166867.57	69074975.31	0	0	0	0	0	69074975.31	0	0
Sconica_v3_04436-RA	4	6	293509537.6	318377660.64	202008852.79	134992036.9	35871277	19366939.1	278257636.34	202449959.93	21960468.34	0	0	0
Sconica_v3_04483-RA	5	11	562295535.27	209187549.107	219134362.01	332157973.5	21985436	7375464.527	126995030.33	59777262.91	178313397.2	332157973.5	0	0
Sconica_v3_04566-RA	11	16	768028027.81	1089184095.55	997096626.67	523221202.41	215241716	56188060.9	74575265.26	932766808.75	434843159.95	0	0	0
Sconica_v3_04568-RA	7	14	10844475.927	0	2259328199	3259067304.23	86453432	39347906.35	0	0	2259328199	2930411854.83	55878832	15094411.34
Sconica_v3_04572-RA	1	1	42452780.63	0	44397967.15	75054786.85	0	7624127.713	0	0	44397967.15	0	0	0
Sconica_v3_04573-RA	11	37	85257954.436	60889903.39	2140538168.91	3060829198.17	26290163416	28293616682.68	33631220.32	0	68210634.81	1044340226.5	23840667352	28223973792.3
Sconica_v3_04574-RA	12	21	1544189839.42	2043547121.42	828673430.6	693643763.83	72731068	43648586.856	1487991412.9	1431151872.53	366376571.61	159157388.2	0	0
Sconica_v3_04576-RA	19	74	23283150394.75	23989421801.06	15882761603.66	18560903145.58	171632106	594621350.9	23155121127.8	23989421801.06	12918608390.5	18484741128.1	0	0
Sconica_v3_04599-RA	11	31	2597337200.6	4277324041.92	2700916796.44	1311293274.08	185751740.5	102048638.358	1665532568.4	3950047313.72	1891791649.99	567300176.6	0	58105147.16
Sconica_v3_04639-RA	5	6	195294941.1	360783744.8	85734440.3	113587531.6	0	0	126699014.78	326901205.2	0	0	0	0
Sconica_v3_04648-RA	4	12	0	0	1113549293.5	2555822236.4	199028616	218423976.93	0	0	1113549293.5	2555822236.4	136574048	172137412
Sconica_v3_04654-RA	2	3	32249608.35	10831975.57	65490641.78	79705900.38	0	0	0	0	47138783.84	79705900.38	0	0
Sconica_v3_04655-RA	3	3	94770371.53	351716782	193845794.05	168660019.95	0	23861173.147	0	0	193845794.05	68577843.15	0	0
Sconica_v3_04712-RA	8	11	13531890.66	0	472019363.21	239436016.93	133721232.5	286584332.77	0	0	472019363.21	137403557.5	0	136868924.12
Sconica_v3_04713-RA	7	26	288795418.17	322944108.937	10560860405.1	16550937959.39	1634211064	2464731171.61	195032946.2	150055603.6	6038733393.1	16417219550.19	1337105448	543041404.8
Sconica_v3_04735-RA	7	15	278197947.78	472867178.99	658133045.57	455035340	36015938	459129641.24	278197947.78	451994907.25	241611654.02	17820028.89	0	0
Sconica_v3_04736-RA	13	21	9218784.421	96172814.59	2589844280.07	3492449219.63	273945581	141320880.1	0	0	1899770249.32	3492449219.63	0	0
Sconica_v3_04766-RA	1	1	0	0	0	0	24208484	18682178.45	0	0	0	0	24208484	0
Sconica_v3_04852-RA	6	35	17070749229.089	16450867390.72	11460932666.28	26564371248.39	136626124.5	376706639.31	17043139543.2	16325327702.22	11410076219.9	26564371248.39	0	139847495.7
Sconica_v3_04868-RA	3	5	32086211.68	0	84249039.42	69199683.33	187596316	118739938.42	0	0	0	0	149482084	91550751.72
Sconica_v3_04901-RA	11	16	35367196.43	0	1847982715.91	2536253640.74	4696523070	4280316180.375	0	0	1623424610.6	703773286.83	32598944	0
Sconica_v3_04904-RA	11	18	241361137.759	189469670.26	1340797437.9	16038405458.7	209683828	155506626.191	36733794.73	0	711295202.8	14259688935.7	0	0
Sconica_v3_04909-RA	1	1	0	0	0	0	0	0	0	0	0	0	0	0
Sconica_v3_04932-RA	3	4	292680284.53	121909784.8	601182382.271	455977111.21	20237660	35967218.94	219239925.4	0	477486699.4	425515680	0	0
Sconica_v3_04936-RA	1	1	0	0	66200100.6	98783242.28	0	0	0	0	0	98783242.28	0	0
Sconica_v3_04957-RA	14	21	1126712405.98	727925161.71	651664202.55	1623324390.23	446920934.5	374450712.44	0	0	356235957.17	821121913.12	265755770.5	124572092.53
Sconica_v3_04958-RA	27	42	170357454.51	148387303.5	1741114846.133	269127197799.46	7696222866	7264287521.51	0	0	0	0	7021235210	5906170148.83
Sconica_v3_04962-RA	12	26	908660096.63	1501994297.401	769737517.86	541157373.55	217629870	263222270.8	548310883.28	1286090231.85	642394959.36	132710189.25	118679358	67065018.73
Sconica_v3_04966-RA	2	2	0	0	34988656.787	202308887.19	0	0	0	0	28704124.28	172585205.8	0	0
Sconica_v3_04967-RA	2	3	8557078.618	0	125702449	209891447.7	1188413624	2027130622.55	0	0	0	0	1188413624	64745064.55
Sconica_v3_04982-RA	1	1	0	0	0	0	38346788	10109552.45	0	0	0	0	38346788	0
Sconica_v3_04987-RA	42	105	282159558.94	420291186.528	32348642801.05	15815484658.79	6179147928	3599994097.395	0	0	28665598171.95	13222740355.09	5305617699	806276756.48
Sconica_v3_04988-RA	2	3	0	11329655.13	206021329.64	306807949	14362532	21416755.78	0	0	206021329.64	141211113.6	0	0
Sconica_v3_05008-RA	11	21	154529849.22	94852280.98	1570111265.69	2745351037.5	449582880	631832913.37	0	0	1254687932.19	2161933114.2	53994360	409398518.5
Sconica_v3_05012-RA	26	72	334260674.268	112478221.458	993490965.26	3711699408.88	24414079668	22380372577.42	0	0	348881686.71	1513198431.49	20824019660	20189985438.92
Sconica_v3_05014-RA	11	30	134341221.09	75592761.875	9708754411	14898114306.5	2362231856	2187025713.54	0	0	9708754411	14898114306.5	1604605172	1081488986.34
Sconica_v3_05015-RA	3	6	10021119.28	23408428.13	329444441.15	544225903.4	44229564	0	0	0	329444441.15	278033919.7	0	0
Sconica_v3_05018-RA	15	67	17798206233.933	17485300411.02	7692543739.82	4914114949.2	458694808	46590618.9	15916796026.8	16075426161.22	5291392246.7	3095582885.2	0	0
Sconica_v3_05026-RA	2	2	0	0	179230743.06	431164638.6	33072612	0	0	0	0	431164638.6	0	0
Sconica_v3_05031-RA	10	24	3985291.493	24528956.48	57042165.3	59951490	2813005120	2926778051.496	0	0	0	0	2813005120	2712853661.99
Sconica_v3_05061-RA	1	2	16427455.21	46776553.75	77992357.13	95110338.3	0	0	0	0	77992357.13	95110338.3	0	0
Sconica_v3_05063-RA	9	23	243059459.338	261784729.021	4103519822.01	4387908321.15	1402125472	2058178983.94	0	0	3836570959.9	4164769470.4	612341284	873545078.73
Sconica_v3_05073-RA	1	1	0	0	17642829.18	0	0	0	0	0	17642829.18	0	0	0
Sconica_v3_05082-RA	15	47	4413546691.3	5254331115.99	4135141587.542	4614623649.06	144798300	68201384.037	3880965311	3849637798.83	3928571042.47	4341680730.94	99998636	0
Sconica_v3_05092-RA	12	24	957743429.966	1264617443.17	464985570	559586111.11	107380999	153227780.93	671874598.16	1023564098.68	201764904.36	185239097.86	0	0
Sconica_v3_05118-RA	6	8	214407957.22	199667301.19	462451284.01	1400671939.09	114728560	233707900.29	0	0	308439130.18	399632876.09	0	73121366.74
Sconica_v3_05132-RA	11	27	164582956.33	268615362.28	563181598.51	661851242.63	10269330924	10334465871.74	0	0	52448571.15	222195391.2	10155411556	10039349899.34
Sconica_v3_05146-RA	3	4	0	0	162295107.41	178705085.2	7132422	0	0	0	65088977.6	178705085.2	0	0
Sconica_v3_05150-RA	1	1	0	0	0	0	50447044	31042289.48	0	0	0	0	50447044	0
Sconica_v3_05167-RA	27	77	35344541831.72	36611425015.07	17096700237.187	19418229092.58	958104598.5	1981740545.6	34156415543.93	14795669488.36	5212656678.7	1382316067.12	378666720	270072018.67
Sconica_v3_05170-RA	2	9	3031629744	1511409304.6	1030468541	922233352.4	91686970	200012658.26	3031629744	1511409304.6	1030468541	922233352.4	0	0
Sconica_v3_05204-RA	5	7	0	0	2698145184.91	1121041467.06	331043082	291148540.6	0	0	2577506109.5	929244982.26	0	0
Sconica_v3_05206-RA	1	3	52410392.97	46577623.47	1252460302	1097157093	115794096	172468557.3	0	0	1252460302	1097157093	115794096	0
Sconica_v3_05216-RA	6	13	0	0	895545970.85	1508507662.15	5203226	32139399.61	0	0	842480293.45	1508507662.15	0	0
Sconica_v3_05226-RA	8	16	42422361.59	148092498.4	953534528.67	676900393.71	720464320	842897544.63	0	0	64140606.57	427442849.6	600115472	798829155.73
Sconica_v3_05241-RA	1	1	55114415.27	46284124.8	15534285.56	36884352.67	0	0	0	46284124.8	0	0	0	0
Sconica_v3_05255-RA	1	2	0	0	0	0	290032160	302320391	0	0	0	0	290032160	302320391
Sconica_v3_05259-RA	3	4	0	86859073.01	124073177.49	233059984.82	0	0	0	0	124073177.49	183890258.92	0	0
Sconica_v3_05321-RA	3	5	54891552.453	56685136.083	1607543599.2	2165176574	531019968	342442415	0	0	1607543599.2	993346534	157506096	190151878.3
Sconica_v3_05358-RA	4	5	220445638.4	227500477.1	442382267.88	420759097.76	70412256	326684502.4	0	0	180598741.2	390072836.6	0	0
Sconica_v3_05373-RA	6	12	36276637.71	0	0	87611850.66	888637366	804787993.9	0	0	0	0	860869696	804787993.9
Sconica_v3_05380-RA	17	56	501090095.5	307689471.45	3640869424.88	3885184592.18	22761611281	23878064329.69	0	0	164505422.2	2147240372.8	22514822229	23878064329.69
Sconica_v3_05396-RA	1	1	0	0	60461532.18	88027821.67	0	0	0	0	60461532.18	0	0	0
Sconica_v3_05398-RA	8	16	18132266.35	14294052.93	2746550748.25	3961111275.4	308366504	213721706.35	0	0	2201729819.8	3271554543	145048658	0
Sconica_v3_05402-RA	7	7	41446316.17	30485831.87	53816098.3	14773187.7	1341796748	1445575028.86	0	0	0	0	714268408	678004131.76
Sconica_v3_05464-RA	4	4	15620451.68	0	361118503.97	465698881.48	0	0	0	0	87260625.27	412587831.7	0	0
Sconica_v3_05475-RA	12	29	1391932869.475	429211613.8	4117646639	4461998310.23	224406911	183037922.34	1338367035.04	153708392	2216073947.3	3510881074.93	0	0
Sconica_v3_05487-RA	1	1	0	0	0	112737562.1	0	0	0	0	0	112737562.1	0	0
Sconica_v3_05510-RA	7	13	60654908.47	22055602.77	843495743.23	2690337738.7	344829268	385896389.97	0	0	585795045.5	2415011265.9	79584584	168867148.05
Sconica_v3_05513-RA	1	1	0	0	0	0	9976622	10709137.15	0	0	0	0	0	10709137.15
Sconica_v3_05545-RA	1	1	0	0	31624488.63	75982127.11	13664271	24520562.62	0	0	0	75982127.11	0	0
Sconica_v3_05576-RA	5	9	155884979.61	52564200.671	1094733754.03	1133793462.4	62359306	87118397.08	0	0	891582409.6	848968469.9	62359306	0
Sconica_v3_05582-RA	4	6	235624869.738	320818142.99	160807645.666	58953216.296	62673338	154172890.82	115012568.9	153015081.69	0	50340882.72	51188151	0
Sconica_v3_05612-RA	3	6	0	0	383578869.57	284799843.48	89325736	97496881.43	0	0	348562285.37	284799843.48	89325736	0
Sconica_v3_05621-RA	1	1	0	21006400.48	0	237733100	0	0	0	0	0	237733100	0	0
Sconica_v3_05653-RA	25	71	7220058637.42	8253069834.71	7086947719.38	6895477611.09	270279723	129516396.519	6459738913	5708880743.28	4788535415.88	4804276516.2	0	28222508.49
Sconica_v3_05664-RA	25	67	299716555.35	147831585.6121	17497186808.053	35729795791.799	2594336939	1603518537.96	0	0	16555940896.8	34780655782.799	1516534235	810872791.76
Sconica_v3_05692-RA	8	24	7653540340.1	6807104651.2	1535020271.29	1646704461.9	74722666	146200081.38	7499903232.6	5306864455.7	745079138.8	543237520.1	0	98886986.98
Sconica_v3_05706-RA	1	3	49847958.91	76137855.7	179298896.1	141517472.3	39594312	0	49847958.91	76137855.7	0	141517472.3	0	0
Sconica_v3_05719-RA	14	34	3271832481.87	3992952001.84	3616704952.99	2710140568.91	235894593.5	310042045.453	3027567927.64	3543406021.84	3452046759.8	1264689367.9	160153061.5	0
Sconica_v3_05722-RA	18	48	786180816.736	274582659.56	12867908558.56	15410631148.37	2681562858	2294641179.73	153761668.6	96934537.76	11084981765.8	13088565558.11	2355331052	912387595.47
Sconica_v3_05723-RA	2	2	0	0	36782889.62	20890477	142297936	98983704.75	0	0	36782889.62	0	142297936	0
Sconica_v3_05734-RA	10	38	3335177964.94	3382147203.85	2885546024.6	3614701516.8	216270332	128998923.01	3230107149.04	3382147203.85	1490681993.2	3136098494.5	28037844	0
Sconica_v3_05736-RA	15	27	5109477.833	87526380.33	2892980590.38	4857761224.85	766729042	871200216.358	0	0	2236115492	3487793494.1	214091248	249386525.3
Sconica_v3_05762-RA	7	10	0	0	410114078.319	830052158.13	1230671270	2654136126	0	0	301180357.359	609585303.69	0	0
Sconica_v3_05773-RA	1	1	0	0	201419668.4	152497717.1	0	13259577.87	0	0	0	152497717.1	0	0
Sconica_v3_05785-RA	5	9	58728887.44	20016416.3	303179425.88	655290237.47	224136545	211233511.89	0	0	92627300.79	389554891.5	178898136	168322559.62
Sconica_v3_05789-RA	1	1	0	0	42465006.19	34423849.41	0	0	0	0	42465006.19	0	0	0
Sconica_v3_05790-RA	1	6	38417389.6	22936578.9	542201950.4	799156358	37309644	0	0	22936578.9	542201950.4	799156358	0	0
Sconica_v3_05802-RA	2	2	0	16004465.99	64636305.73	96089363.38	0	0	0	0	0	96089363.38	0	0
Sconica_v3_05809-RA	2	2	14692506	45063447.476	357336648.62	140727886.87	155978480	108369998.8	0	0	42250629.02	71227005.03	0	0
Sconica_v3_05820-RA	4	4	8449626.235	0	167905551.73	367814304.26	35947724	0	0	0	59230429.29	272898748.13	0	0
Sconica_v3_05828-RA	5	20	1614485286.7	865736971.95	2784123507.2	2146076526.6	399088279	490681323.239	1124943274.2	796857630.7	2784123507.2	1765090637.9	303548923	397922257.1
Sconica_v3_05855-RA	1	2	0	0	156841013.1	37822085.02	27799118	38343723.83	0	0	156841013.1	0	0	38343723.83
Sconica_v3_05900-RA	18	40	1426368802.426	1141978506.21	9144200345.98	19538094517.85	177385668	184972782.51	0	0	6729894429.68	19376577773.4	0	0
Sconica_v3_05911-RA	17	104	683088601.1	481323520.268	3731677980.89	5900090886.177	70187904874.1	65375909666.96	354859663.86	155857669.2	3657675772.52	5826791355.707	66876539080.1	65375909666.96
Sconica_v3_05937-RA	3	3	0	0	84107418.28	170661691.62	0	0	0	0	84107418.28	53584750.19	0	0
Sconica_v3_05983-RA	8	15	185996847.17	220229700	662595760.47	1235252995.47	149151094	313313122.025	59712487.28	113148587.56	523436897.18	893717732.87	66849476	62448011.38
Sconica_v3_05988-RA	2	2	15067463.13	76077334.99	810064086.3	1144240393.7	12625488	42746746.3	0	0	810064086.3	0	0	0
Sconica_v3_06002-RA	5	10	0	9741776.428	116276915.59	139895237	1601770300	1685614241.09	0	0	0	0	1601770300	1485411623.5
Sconica_v3_06011-RA	1	1	0	0	31759389.6	30926904.67	0	169683433.5	0	0	0	30926904.67	0	0
Sconica_v3_06014-RA	1	1	0	0	0	206300371.1	0	0	0	0	0	206300371.1	0	0
Sconica_v3_06017-RA	1	1	0	0	90667018.12	0	0	0	0	0	90667018.12	0	0	0
Sconica_v3_06036-RA	10	44	12627542986.796	17697994175.3313	13531920301.971	4713460565.331	300238885.25	174794332.631	3695491125.9	13734651116.2	13531920301.971	4706662837.8	166681544	86859894.77
Sconica_v3_06037-RA	1	1	0	0	17822031.84	42497770.31	0	0	0	0	0	42497770.31	0	0
Sconica_v3_06103-RA	1	1	0	0	36962446.73	52321698.41	0	55754732.17	0	0	0	52321698.41	0	0
Sconica_v3_06106-RA	7	11	0	17369163.09	1126944618.3	1651493705.1	62921028	63392817.5	0	0	734760800.9	1651493705.1	0	0
Sconica_v3_06107-RA	2	3	0	0	12891076.57	0	1013238144	1304152609	0	0	0	0	1013238144	1304152609
Sconica_v3_06153-RA	7	11	47642734.49	37558262.35	942945580.51	1807005974.25	78631372.5	85765261.738	35379339.88	0	895753895.5	852185856.15	0	0
Sconica_v3_06172-RA	20	61	43020903.66	10665491.96	436525132.66	1392977957.11	15009834148	13023376870.55	0	0	95260368.1	1265012094.4	14917287116	10640860692.94
Sconica_v3_06181-RA	3	3	22495277.18	71544540.26	82433821.44	29370887.09	122436552	227844363.98	0	0	0	0	69766112	167770009.23
Sconica_v3_06204-RA	22	78	3634235191.41	2546337962.05	20352458597.05	47382277890	111685756	380899153.03	3286967247.47	2187044577.08	19789426025.1	46375174850.7	0	24878770.5
Sconica_v3_06206-RA	20	75	123082849.44	67347079.339	1436849508.73	4039820249.48	24672937600	27994212495.6	0	0	1241772948.95	3941087069.6	24512698184	21204967294.6
Sconica_v3_06221-RA	1	1	0	0	0	92940431.82	0	0	0	0	0	92940431.82	0	0
Sconica_v3_06248-RA	5	6	35870027.78	0	346067250.74	633664052.34	47745960	37530649.817	0	0	223789442.64	522346362.48	0	0
Sconica_v3_06264-RA	6	9	266825609.95	44361061.96	846228138.45	960162672.2	28125508.5	5478800.389	0	0	846228138.45	443039643.3	0	0
Sconica_v3_06275-RA	1	1	0	0	90672651.33	222756903.2	0	0	0	0	0	222756903.2	0	0
Sconica_v3_06412-RA	1	1	78107795.65	200243448.2	406330568.1	43385586.71	0	0	0	0	406330568.1	0	0	0
Sconica_v3_06476-RA	1	3	10096626.91	60856165.58	0	0	0	0	10096626.91	60856165.58	0	0	0	0
Sconica_v3_06487-RA	3	5	62891037.93	110163673.88	63895127.01	69957994.82	86863000	143057667.02	20858332.29	29013616.78	63895127.01	0	0	0
Sconica_v3_06535-RA	14	51	1806256700.71	1981053178.1	3146079956.26	2277117175.88	5655323961	5077958776.11	1550203592.32	1296147513.58	2307246391.9	705741732.59	4889924870.5	4735985380.33
Sconica_v3_06563-RA	1	1	0	0	27528398.91	160872247.8	0	0	0	0	27528398.91	0	0	0
Sconica_v3_06585-RA	22	80	5735538448.07	2903323891.31	21463198458.35	9594551087.63	2121505242	4212337690.2	4381881031.4	1884249804.01	19205894971.6	6565784830.9	758592986	3121681360.6
Sconica_v3_06600-RA	1	4	0	13299711.41	160678378.3	258655218.5	63115948	98397668.77	0	0	160678378.3	258655218.5	63115948	98397668.77
Sconica_v3_06613-RA	15	25	0	0	376149088.709	1285517676.42	3023313551	3310519100.52	0	0	0	1046462213	2874579155	2839646103.57
Sconica_v3_06615-RA	7	13	5143866.751	0	163242708.942	65702531.85	763562656	517454605.23	0	0	0	0	763562656	463459323.02
Sconica_v3_06632-RA	5	8	0	8762155.747	535137780.97	877802887.72	72963468	0	0	0	224778443.35	670312229.62	0	0
Sconica_v3_06639-RA	2	6	486792780.8	488665405	123418385.74	26946329.74	0	22800399.38	486792780.8	0	123418385.74	26946329.74	0	0
Sconica_v3_06640-RA	1	1	294864210.3	340621063.1	424154282.4	714623973.5	0	65254000.46	294864210.3	0	0	0	0	0
Sconica_v3_06696-RA	8	32	678138229.35	695285656.21	2806622719.42	1193296705.37	4434260276	4339083238.57	625719300.81	494388059.25	1455552309.9	1127297991.6	3317311088	4287528415.8
Sconica_v3_06702-RA	8	14	0	37000090.77	36147584.13	19295014.534	1577681517.25	1129902465.94	0	0	0	0	1478091365.25	886353778.94
Sconica_v3_06715-RA	8	13	186055283.67	699289942.834	1982597132.31	2481313604.44	0	0	21367749.74	0	1638942528.91	1925319276.34	0	0
Sconica_v3_06728-RA	2	2	0	0	59275318.57	116047256.69	53421130	21141552.261	0	0	0	116047256.69	0	0
Sconica_v3_06731-RA	2	2	505524866	199423136.2	38188962.39	415513963.4	0	14414494.58	0	0	0	415513963.4	0	0
Sconica_v3_06747-RA	5	23	4330485428.58	10753835680.3	4545588463.64	2647078040.1	119489548	130333394.583	4289438671.3	10753835680.3	4302496440.1	2627560896.3	119489548	0
Sconica_v3_06757-RA	2	2	0	0	76471962.89	97746588.31	0	0	0	0	76471962.89	0	0	0
Sconica_v3_06758-RA	1	3	26363284.74	0	907393085	1357246403	153944240	63431047.41	0	0	907393085	1357246403	0	63431047.41
Sconica_v3_06760-RA	12	34	1140836241.57	1201491357	1427605326.61	2031091862.57	240846973	341940832.66	916687182.07	1028030599.94	547917985.91	1690271569.98	182263600	0
Sconica_v3_06797-RA	1	1	0	0	106405920.4	63519904.45	23305648	0	0	0	0	63519904.45	0	0
Sconica_v3_06798-RA	2	6	85321360.24	101387471.55	1093806603.7	1045039962.9	186067866	429052963.7	0	0	1093806603.7	484036983.2	135900510	324660434.9
Sconica_v3_06877-RA	3	7	225732175.2	61520795.47	1839461686.6	1918706348.3	81472188	70678487.91	0	0	1839461686.6	1124168020.8	56044384	55913139.02
Sconica_v3_06894-RA	1	1	0	0	35228636.25	0	0	0	0	0	35228636.25	0	0	0
Sconica_v3_06908-RA	2	2	113623206.68	176262655.59	104617538.94	51494850.5	0	0	42969472.44	0	35553006.01	0	0	0
Sconica_v3_06941-RA	32	100	9011799549.876	13276301747.49	5517114651.84	7234292809.13	863381401	807778833.44	6554037876.99	12409628689.99	4125023853.34	5254089810.53	156908288	384825043.47
Sconica_v3_06942-RA	3	10	142270608.97	172375033.83	668230583.9	1692976736.43	0	20294458.648	142270608.97	108603093.6	668230583.9	141682160.7	0	0
Sconica_v3_07051-RA	1	1	0	13847014.52	17792446.45	0	31937422	9816665.794	0	0	17792446.45	0	0	0
Sconica_v3_07119-RA	2	7	0	0	226793905.1	661347569.1	3175275712	3452670318.3	0	0	226793905.1	661347569.1	3175275712	3452670318.3
Sconica_v3_07175-RA	3	5	0	0	472060731.77	168572719.47	86899627.75	92863333.434	0	0	453665679.56	44547982.46	4158887.75	8091903.884
Sconica_v3_07188-RA	10	23	1203335453.47	1769207609.18	1075046378.8	1089898490.75	177375958	58370144.233	725199700.57	1693796017.32	544424473.7	501889289.7	56190416	0
Sconica_v3_07213-RA	1	1	0	0	50035320.46	76611068.61	0	0	0	0	0	76611068.61	0	0
Sconica_v3_07269-RA	44	141	727762389.997	181725289.639	4181777173.18	8715004916.96	64039266238.75	49679948657.41	0	0	863168755.03	2801034588.98	54413245278.75	46543195277.76
Sconica_v3_07273-RA	2	2	30666077.1	0	146805437.02	736600176.2	33295894	60028154.64	0	0	82327896.23	357017160.2	0	0
Sconica_v3_07276-RA	3	6	1516864.884	6151535.358	916065700.7	1464151275.834	10243993	57040569.642	0	0	916065700.7	1464151275.834	0	0
Sconica_v3_07285-RA	3	4	245552800.3	190952685	79040519.21	0	281394540	112353993.918	0	0	0	0	281394540	0
Sconica_v3_07294-RA	9	14	1274184452.19	1359858476.01	81205225.61	1662527499.54	1831291956	1418930578.36	0	0	0	0	1831291956	679055840.17
Sconica_v3_07347-RA	1	3	50022671.89	151088347.3	219412467.3	235026893.6	22755828	85044245	0	0	219412467.3	235026893.6	0	85044245
Sconica_v3_07355-RA	1	2	5283408.501	10477660.65	9102738.94	3180416.53	15403657	32037695.33	0	0	0	0	15403657	32037695.33
Sconica_v3_07366-RA	7	9	21754324.98	0	423014946.07	1140247942.17	55063545.75	87587875.5009	0	0	241629394.87	454892327.37	0	73861143.17
Sconica_v3_07368-RA	10	14	605529311.086	190147731.751	910039670.673	2000581801.85	149823168	83866675.577	359221534.85	0	150953359.9	1328925933.59	0	0
Sconica_v3_07503-RA	7	10	557721385.71	1134685700.3	404179034.98	507331646.8	169006724	210435830.38	409173871.89	649174676.21	0	0	118703680	59175030.53
Sconica_v3_07508-RA	1	1	0	0	31095769.96	54432778.56	16070645	0	0	0	0	54432778.56	0	0
Sconica_v3_07520-RA	14	25	101652790.8	287946893.15	133338350.2	424858432.25	5319099832	5118370845.19	0	0	47675237.16	95290889.13	5232022864	4910171429.58
Sconica_v3_07545-RA	3	3	102354203.6	0	71874838.54	234992440.87	0	0	0	0	47733941.67	130998689.37	0	0
Sconica_v3_07702-RA	2	2	0	0	0	330714503	11806582784	0	0	0	0	330714503	0	0
Sconica_v3_07705-RA	2	3	309746838	404295615.5	107047668.79	807562963.83	256543680	465290246.3	0	0	107047668.79	718574124.5	0	0
Sconica_v3_07723-RA	8	14	1055508450.95	703512258.04	856040670.917	1321164875.32	86276848	99245523.19	970561033.74	390089994.69	255521053.74	1321164875.32	0	0
Sconica_v3_07738-RA	1	1	0	0	81340905.56	53230873.32	0	0	0	0	0	53230873.32	0	0
Sconica_v3_07757-RA	12	15	120693120.07	97374091.43	179015442.76	251449432.43	1098450308	695573466.988	0	0	0	0	739893412	305420452.82
Sconica_v3_07764-RA	6	15	684255413.2	1010877849.04	935576149.63	1323136354.25	861105957	502985265.28	281921693.72	0	666329935.2	138775681.7	861105957	489678869.62
Sconica_v3_07777-RA	9	19	156869421.441	122814754.95	5379039515.94	17970331361.8	52462210.5	105755243.424	89449125.02	62667743.29	4927830390	17970331361.8	0	0
Sconica_v3_07812-RA	12	31	1375506714.7	2151277452.27	3487726342.69	836781619.21	1184663205	1037623989.45	934897376.94	2019961528.5	602106642.01	296094860.65	653678460	345345212.09
Sconica_v3_07830-RA	1	2	0	0	79144500.51	189170118.6	0	0	0	0	79144500.51	189170118.6	0	0
Sconica_v3_07953-RA	4	4	119746261.79	91429911.24	183770747.65	549677363.47	0	39323505.28	0	0	0	549677363.47	0	0
Sconica_v3_08049-RA	2	5	17078482.86	62146894.09	52675635.64	123626339.83	1092772526	539058632.17	0	0	0	0	1092772526	539058632.17
Sconica_v3_08063-RA	3	6	27335103.56	39023249.96	28162557.6	0	48706304	41872243.81	27335103.56	39023249.96	28162557.6	0	48706304	41872243.81
Sconica_v3_08397-RA	5	7	403181308.54	729936892	439354538.57	530368348.73	59772915	188029488.4	0	0	266160628.15	502065705.4	0	0
Sconica_v3_08423-RA	9	16	67372455.7	42810585.99	891633905.8	1753149071.18	458600876	189022774.462	0	0	425158941.46	1573800749.98	197732886	115134361.45
Sconica_v3_08429-RA	2	2	119682978.2	1088689026.8	233054448.34	18363651.25	133791304	131747823.7	119682978.2	874474980.6	0	0	0	0
Sconica_v3_08442-RA	7	10	17537682.7	9019680.556	8660703.389	53294831.09	1193759924	953264272.34	0	0	0	0	1117988756	242068783.21
Sconica_v3_08468-RA	4	6	40033515.428	13567622.68	503997307.61	1505540395.6	37262729	108008256.79	0	0	412278145.1	1267628456.2	0	0
Sconica_v3_08492-RA	9	46	20006338140.78	25952518486.4	17606447637.2	14098960992.06	765872642	563841269.77	19504814995.8	25724282931.3	12362136926.5	8142333842.4	286621804	0
Sconica_v3_08615-RA	1	1	0	0	0	22639579.67	27509966	58846405.17	0	0	0	0	0	58846405.17
Sconica_v3_08651-RA	25	182	135885521427.51	162711880181.79	122201495425.05	100346944490.29	10520808354	11142516894.33	135571641957.4	153225046185.2	121915782807.73	83666715978.3	8794597764	8361172943.94
Sconica_v3_08830-RA	2	3	0	0	97942190.44	105734598.54	28300544	37565725.7	0	0	44677964.32	105734598.54	0	0
Sconica_v3_08867-RA	15	344	5009045768.128	3836250465.944	40028346634.01	30015511309.1279	714429726425	733023666310.55	4316057440.95	3571121193.4	36794070317	29735294644	714429726425	733023666310.55
Sconica_v3_08891-RA	4	6	31138413.44	0	162780529.41	632845365.41	36168200	45933224.55	0	0	112769775.5	632845365.41	0	0
Sconica_v3_08901-RA	18	63	1382000053.889	995547623.75	1093770414.68	1815785996.22	12028109252	12570196174.69	833223802.02	482252836.86	557567170.28	1700924462.23	11509035912	11757300846.52
Sconica_v3_08913-RA	3	4	0	0	403240744.27	506149894.1	98719895	78845967.171	0	0	403240744.27	268064008.4	0	0
Sconica_v3_08946-RA	3	3	0	6869320.754	198234552.49	320451660.24	149255252	87195850.09	0	0	55862656.1	238566650.1	0	0
Sconica_v3_08955-RA	10	34	10530998186.21	11944992139.8	3414195000.38	1804714814.21	32465058	74867242.31	10446384146.61	11944992139.8	2824194008.1	972600371.9	0	20684777.19
Sconica_v3_08968-RA	1	1	0	44629545.16	0	0	0	0	0	44629545.16	0	0	0	0
Sconica_v3_08971-RA	20	62	8429151782.07	6689689673.43	2822640161.42	7492602998.62	231629602	691669041.655	6597536897.47	5670660207.7	2035420954.88	4567197358.2	60948485	0
Sconica_v3_08973-RA	2	3	0	0	0	128657716.75	32243510	265466137.57	0	0	0	0	32243510	265466137.57
Sconica_v3_09057-RA	14	16	3720590.592	88385109.26	99357989	182635444.09	2403662160	1355001719.25	0	0	0	0	2190882464	465440288.9
Sconica_v3_09077-RA	1	1	988851332.5	890011435.4	179983438.6	99817179.77	1693440896	1615968398	0	0	0	99817179.77	0	0
Sconica_v3_09102-RA	3	4	44926022.34	46945288.71	322932342.48	706823038.29	24166480	16020791.99	0	0	217272803.98	628928891.8	0	0
Sconica_v3_09130-RA	29	146	13517968033.8	15621886663.491	9433421151.412	14972235433.74	37243524178	28307787911.21	11921776304.44	12855116908.6	6998792036.7	10694407444.35	34497514420	28119778401.71
Sconica_v3_09216-RA	2	3	0	0	196818857.91	185834448.09	44268768	0	0	0	196818857.91	103491691.8	0	0
Sconica_v3_09223-RA	1	2	0	0	40838979.75	103098509.3	0	0	0	0	40838979.75	103098509.3	0	0
Sconica_v3_09229-RA	30	50	3166695452.7984	511231249.671	7344433904.959	3202394799.729	5880748264	5653467871.739	0	0	0	0	4841477592	4497670762.079
Sconica_v3_09261-RA	8	27	140629350.528	215500700.46	9464418374.42	5279474753.9	1016286434	785314940.64	77974894.91	167903130.85	9448812763.18	4508154443	992149548	264058060.11
Sconica_v3_09342-RA	3	4	0	0	140465018.98	471811834.8	1700640896	0	0	0	46586656.46	471811834.8	0	0
Sconica_v3_09437-RA	8	31	13302737628	18500652735.5	9521465198.2	4178902292.55	409162702	366980538.679	11139287950	17643695494	8150842812.2	2021617311.9	0	0
Sconica_v3_09461-RA	1	2	0	0	88598759.22	126043718.3	3690349.5	0	0	0	88598759.22	126043718.3	0	0
Sconica_v3_09491-RA	1	1	51390727.03	0	41399336.41	78806089.56	25427566	0	0	0	0	78806089.56	0	0
Sconica_v3_09494-RA	32	63	61072369.759	193163279.985	10017915956.06	33603634451.39	1206226591.5	589225231.15	0	0	8190873799.01	33571049382.79	0	0
Sconica_v3_09521-RA	8	36	22995292674.89	14789577355.5	9933527758.13	10626935128.9	5657280472	8441133091.07	22912377482.7	14632905759.3	9918282217.29	10457258148	210693440	8240378111.79
Sconica_v3_09524-RA	1	1	301906463.2	188898270.8	107414215.2	9530375.793	0	0	0	0	107414215.2	0	0	0
Sconica_v3_09525-RA	2	3	0	0	692446130.3	256150226.5	310741524	371773943.8	0	0	692446130.3	256150226.5	0	0
Sconica_v3_09549-RA	1	2	6129729.53	0	9641742.637	0	77524552	155794735.6	0	0	9641742.637	0	0	0
Sconica_v3_09577-RA	1	2	0	145754103.6	0	46942543.73	0	0	0	145754103.6	0	0	0	0
Sconica_v3_09608-RA	1	4	2189545054	1099115850	161621065.7	409319963.9	0	0	0	1099115850	161621065.7	409319963.9	0	0
Sconica_v3_09610-RA	16	62	20484733577.85	21159445022.406	9674847292	5736148830.2	842557280	717801892.13	17259113357.15	18329792671.406	9172376385.1	3952566141.3	0	0
Sconica_v3_09629-RA	58	213	1099706851.793	1054815082.807	3266598014.32	6643618843.98	85275665105	79150409164.089	0	33463102.76	1686553095.16	3256831096.36	83474318178	75935486918.28
Sconica_v3_09640-RA	10	18	9419630.125	3483538.646	1474954763.7	1847158476.1	329720113.25	177368859.9	0	0	1218571768.5	1812989995.45	0	0
Sconica_v3_09670-RA	3	3	0	0	240863063.6	147459224.4	11181915.25	18146255.87	0	0	92825792.8	147459224.4	0	0
Sconica_v3_09676-RA	14	42	3116807064.17	4384546138.63	2372249812.54	1745444964.07	241928911	149561891.36	2494766344.77	3521664221.66	1978784962.14	736448949.41	0	0
Sconica_v3_09692-RA	2	2	0	10096297.92	82609645.12	712495727.3	0	27211090.4	0	0	0	712495727.3	0	0
Sconica_v3_09693-RA	13	29	153047557.288	60391128.75	1298351166.516	3456145259.13	1011599173	840330133.382	0	0	789338458.946	3379852316.74	517897541	151859733.04
Sconica_v3_09695-RA	11	18	1446857809.9	1807617193.7	724125473.45	454125559.973	471283403	357889496.719	1089967979.77	1331893090.8	559836545.56	0	0	0
Sconica_v3_09715-RA	7	14	506865961.98	607783624.17	444188005.84	452232909.71	75685136	86358200.073	184813090.8	452815888.77	377215764.33	309063668.48	0	0
Sconica_v3_09718-RA	1	2	95403848.47	119254815.4	0	0	19757812	0	95403848.47	119254815.4	0	0	0	0
Sconica_v3_09735-RA	9	36	274768897290.6	156516845960.6	883728649807	1676967002583.3	949836858	1298078139.02	4380897290.6	156516845960.6	13251649807	1673683040009.3	826492012	1046844581.78
Sconica_v3_09748-RA	5	10	35444010.558	51601072.08	69389759.64	266968332.8	869460214	1295405769.98	0	0	0	0	869460214	1053201205.9
Sconica_v3_09749-RA	5	14	925390719.9	670426868.4	774272204.32	811268287.4	0	0	722913443.2	670426868.4	703972705.9	178232682.7	0	0
Sconica_v3_09785-RA	5	18	132848501.696	70553806.27	735417794.93	2089379302.1	16772367576	21995285213.2	0	0	421063318	1182047799.5	16772367576	19142106200.2
Sconica_v3_09786-RA	4	6	65073704.33	216481913.58	141951636.02	129440410.45	0	21691056.91	47027019.7	216481913.58	106145103.9	0	0	0
Sconica_v3_09800-RA	5	7	235630946.54	172922786.42	69231538.18	47568451.45	1064892428	199847853.1	174507779.14	141867880.06	0	0	0	0
Sconica_v3_09803-RA	2	5	28059267.44	17949158.191	6719920.362	28605995.48	42263736	131307526.18	28059267.44	11584309.8	0	11674943.1	0	0
Sconica_v3_09846-RA	2	4	51777538.4	127596078.65	192058603.5	107364661.6	0	0	51777538.4	108951971.4	192058603.5	107364661.6	0	0
Sconica_v3_09891-RA	11	37	2348271407.26	3347554909.93	2812510413.2	2374914454.66	625335998	520569171.01	1963658781.28	2553853962.23	2812510413.2	1763631589.4	354021744	136933001.8
Sconica_v3_09892-RA	7	14	8461226.037	29854228.23	1425964820.2	1798030970.5	78597629	22770090.949	0	0	1322865451.2	1546594867.7	70066162	0
Sconica_v3_09931-RA	17	35	687863454.813	186936992.26	1777999902.178	2439823824.57	870407740	1360727528.453	0	25919532.69	1428258136.72	1921915771.6	73738120	945416593.57
Sconica_v3_09953-RA	7	9	0	0	305937359.63	780332897.4	422060164	168167308.85	0	0	0	671375049	380771848	25716998.69
Sconica_v3_09966-RA	16	48	6217061264.6	8412137976.1	3446555253.3	2237628811.15	228426724	349479996.28	3178392347.9	5752397699.9	3001716078.91	1715379655.95	0	201772859.29
Sconica_v3_09994-RA	4	4	90723078.67	0	90176550.47	426260120.47	116490244	48057859.38	0	0	0	426260120.47	0	0
Sconica_v3_09998-RA	5	10	397641066.11	303304409.19	307051623.79	821870224.31	0	23566223.399	202155506.22	251113149.23	167409350.1	614382127.7	0	0
Sconica_v3_10005-RA	7	20	61342485.47	70147299.89	4465668892	5238572199.37	333655180	417573679.704	0	70147299.89	4465668892	3234830947.7	130367980	377822776.15
Sconica_v3_10012-RA	2	3	0	0	0	145272967.42	0	0	0	0	0	145272967.42	0	0
Sconica_v3_10014-RA	4	4	0	0	17523143.87	20292994.63	560933976	615444664.86	0	0	0	0	83580840	540333389.33
Sconica_v3_10015-RA	1	2	74569316.18	57571134.25	136339581.7	266395943.4	12654905	0	0	0	136339581.7	266395943.4	0	0
Sconica_v3_10062-RA	46	164	543359586.23	1011191502.399	40366938889.56	14573529783.52	34245454027.938	57040865218.57	0	220041029.79	40152271845.4	12346185882.17	29609477233.938	56132704705.97
Sconica_v3_10072-RA	6	34	457996515.92	299121705.233	4734139266.78	2923049700.61	192677098	620056698.51	146790098.12	202796400.77	4660089163.5	2874178510.57	192677098	521382390.79
Sconica_v3_10078-RA	7	9	27035640.32	44530018.81	1049386462.82	1185755816.6	544620454	69627066.93	0	0	522852385.12	1056844281.7	0	0
Sconica_v3_10087-RA	2	3	227767633.76	391925809.4	84198041.19	0	0	0	135387905	391925809.4	0	0	0	0
Sconica_v3_10094-RA	1	2	24441437.23	64144276.51	48988421.76	13366099.57	0	0	24441437.23	0	48988421.76	0	0	0
Sconica_v3_10110-RA	3	4	0	0	127540045.5	459480692.1	0	0	0	0	25845533.1	459480692.1	0	0
Sconica_v3_10119-RA	3	5	0	0	1181696340.5	4677853938.6	101727364	233580405.6	0	0	1181696340.5	4400874999	0	0
Sconica_v3_10120-RA	7	13	9334447.457	0	6119357123.4	4692027130.52	744680656	853056388.199	0	0	6119357123.4	4358871243	447527136	521871721.3
Sconica_v3_10123-RA	11	84	129227495.43	198398787.935	427363143.02	976017375.4113	18418844938	22098146455.35	0	0	120000609.9	881780892.6	18418844938	21490136705.4
Sconica_v3_10138-RA	4	7	19418139.218	24288977.71	573967653.7	1101407773.35	0	24585182.05	0	24288977.71	442684454.5	1101407773.35	0	0
Sconica_v3_10139-RA	4	6	32946034.84	10190174.84	335486021.67	256670167.28	50047148	74785209.1	0	0	258746789.89	206603562.4	25231238	0
Sconica_v3_10159-RA	2	2	0	0	0	33085279.05	294418580	271198658.99	0	0	0	0	294418580	0
Sconica_v3_10160-RA	3	3	66067805.68	42489393.92	33941220.13	69811065.38	21741052	51904534.09	0	42489393.92	33941220.13	0	0	0
Sconica_v3_10207-RA	1	1	0	0	53777705.5	43454661.56	0	0	0	0	53777705.5	0	0	0
Sconica_v3_10211-RA	2	5	266692621.3	577843068.814	682166220.246	4468815395.21	109259944	16629075.1999	266692621.3	575336420.1	678603157.2	49781616.21	0	15935568.85
Sconica_v3_10212-RA	5	7	60805558.532	201502799.3	621151383.56	696029368.81	124772977	61841582.02	0	0	317844277.8	696029368.81	0	0
Sconica_v3_10252-RA	3	14	25861493.1	52092717.74	801328756.97	1771386382	514171204	447569743.96	0	52092717.74	782205237	1771386382	514171204	447569743.96
Sconica_v3_10385-RA	5	5	24614456.77	0	290917993.22	556312207.28	40966808	107835116.66	0	0	210821769.49	207000566.9	20383556	0
Sconica_v3_10388-RA	5	22	6750937582.8	8791354144	2359529008.71	1167969078.9	101381458.5	340531717.84	6750937582.8	8791354144	1934567872.4	1167969078.9	98151312	273781038.01
Sconica_v3_10390-RA	16	64	6611951227.61	9052333668.592	8830479586.66	6661315027.38	641589905	568750835.42	5146431864.81	8075347469.8	6527154320.96	5906295611.2	243585896	95531702.03
Sconica_v3_10391-RA	11	15	52961640.73	8411067.714	808196730.361	1253550926.43	158510602	130950692.22	0	0	614073547.851	1099830454.6	0	0
Sconica_v3_10449-RA	1	1	0	0	7052779.321	46257587.13	0	0	0	0	0	46257587.13	0	0
Sconica_v3_10450-RA	2	3	0	0	818574836.83	689438080.43	18746910	16704193.16	0	0	98440353.33	689438080.43	0	0
Sconica_v3_10453-RA	3	9	48067538.56	96393296.3	1404605929.5	2079085978.1	164510048	131910667.1	48067538.56	0	1216703705	2079085978.1	164510048	131910667.1
Sconica_v3_10465-RA	9	12	374150468.475	477504870.34	287715193.19	143714316.65	25175145	38365310.49	263774787.05	436213992.14	0	0	0	0
Sconica_v3_10469-RA	10	20	26023615.75	19525714.6	795367240.33	1911969857.7	1733269088	2308588014.61	0	0	548823282.53	1579321029.2	1129844720	1206964187.07
Sconica_v3_10489-RA	2	3	0	0	259055397.31	441683283.7	3855891.25	0	0	0	211496592.5	441683283.7	0	0
Sconica_v3_10500-RA	3	3	124358966.7	41137783.18	321499849.04	520366695.34	103107722	0	0	0	0	520366695.34	0	0
Sconica_v3_10523-RA	7	19	965383797.14	2147269160.21	766440736.44	374595562.12	128514046	19779803.64	826931479.74	1722336089.11	482335182.3	153864833.4	0	19779803.64
Sconica_v3_10524-RA	2	4	111886621.02	145321610.01	0	81908846.78	0	5137921.144	28726063.83	145321610.01	0	0	0	0
Sconica_v3_10546-RA	1	1	25702496.93	29622359.69	0	0	0	0	0	29622359.69	0	0	0	0
Sconica_v3_10560-RA	28	91	12715055090.63	14249528637.23	10979782717.3	14043211462.72	12970167607	20704669221.3	12210388415.95	12319561104.73	10068944443.4	11316792330.72	112347593	0
Sconica_v3_10585-RA	1	1	0	0	19090196.42	63643966.39	6761280	96963097.11	0	0	0	63643966.39	0	0
Sconica_v3_10594-RA	8	18	288176414.84	71782420.71	3016313721.3	4631439519.74	1477108640	907258463.19	0	0	2669870923	4194045759.72	1477108640	292141602.99
Sconica_v3_10600-RA	1	1	0	0	82470591.7	154922811.4	0	0	0	0	0	154922811.4	0	0
Sconica_v3_10650-RA	3	3	83190460.04	69735862.824	108209389.9	278156662.24	6504021	15661094.32	0	0	0	278156662.24	0	0
Sconica_v3_10652-RA	2	4	0	0	0	0	390196480	124326489.52	0	0	0	0	390196480	124326489.52
Sconica_v3_10654-RA	2	3	59820819.21	30527802.33	31504940.37	0	13292571	12060910.18	42860071.5	17458758.23	31504940.37	0	0	0
Sconica_v3_10693-RA	9	22	1108185361.16	1728647634.33	1154074579.16	1094557457.82	17046954	3943219.58	1063704850.28	1728647634.33	204232344.77	702188252.25	0	0
Sconica_v3_10763-RA	1	1	0	0	59692882.09	57274452.67	0	0	0	0	59692882.09	0	0	0
Sconica_v3_10769-RA	10	24	63295028.43	96247247.035	5214133171.14	6333845833.38	1094537402	737600374.74	19125147.67	33090800.91	4737777903.31	4734502930.3	857681446	555546965.9
Sconica_v3_10771-RA	1	1	0	0	90749581.87	158469092	0	0	0	0	0	158469092	0	0
Sconica_v3_10846-RA	15	28	17753568.61	74474445.663	2978454453.56	4966590609.5	138566644	216282294.54	0	0	2101481052.1	4966590609.5	72099376	108413360.94
Sconica_v3_10848-RA	9	18	72509682.36	178378424.45	8405715452.4	11557490837.27	810615976	393015467.87	0	0	8405715452.4	6926107289.07	571817948	54187404.43
Sconica_v3_10888-RA	9	19	28925665.71	0	47108677.03	0	6780429802	7072496283.67	0	0	0	0	6073230250	7072496283.67
Sconica_v3_10893-RA	6	19	895427339.61	906702412.63	810649467.97	840948304.26	27748492	32507921.15	895427339.61	724058517.51	712550061.1	840948304.26	0	0
Sconica_v3_10944-RA	2	2	11770576.02	13033522.61	129081331.1	207775974.05	50113350	55878023.11	0	0	86875525.19	61164462.15	0	0
Sconica_v3_10949-RA	6	9	347074289.31	653390159.81	351464329.18	396234720.86	7849232.5	78663722.55	95802814.28	411965018.46	135438431.4	254500866.71	0	0
Sconica_v3_10950-RA	25	100	209191617.857	260314742	1962505090.16	4566702657.66	49368565926	40081722196.76	0	0	1056986179.71	4313300981.3	47218286814	38003449581.32
Sconica_v3_10956-RA	5	13	7668676.047	5024587.677	854345599.03	249072625.95	3412465896	3223652265.28	0	0	0	0	3412465896	3119196102.05
Sconica_v3_10960-RA	2	2	0	0	145760715.37	199270041.77	0	0	0	0	145760715.37	0	0	0
Sconica_v3_10991-RA	7	8	44894375.032	42379908.62	540845741.64	1112446043.38	44929601.5	0	0	0	407203010.46	770711889.5	0	0
Sconica_v3_10996-RA	1	3	163661400.9	216094900.9	417242367.3	1315881920	7573898752	7866056960	0	0	417242367.3	0	7573898752	7866056960
Sconica_v3_11011-RA	2	2	0	5730441.561	41505907.49	91358125.31	0	0	0	0	0	91358125.31	0	0
Sconica_v3_11013-RA	1	1	0	0	0	0	0	0	0	0	0	0	0	0
Sconica_v3_11033-RA	5	6	0	0	221303248.46	397151447.95	0	0	0	0	111458024.41	251059868.15	0	0
Sconica_v3_11080-RA	2	3	82884049.18	26232767.54	160693538.81	107242697.32	78847264	104340365.4	0	0	160693538.81	0	78847264	0
Sconica_v3_11101-RA	8	20	40176363.96	24887302.6	7217561772.8	3125154317.91	580320485	732643213.5	0	0	7217561772.8	2940844566.09	166486848	391163225.7
Sconica_v3_11106-RA	44	128	701264255.572	184010534.682	1649166913.714	2932069363.67	40372513264	34313903805.9	0	0	477666594.33	673666398.66	39049625464	32456963074.2
Sconica_v3_11109-RA	23	74	1769807284.945	804586054.8	1158736587.94	1763025149.28	20180109840	22541860452.8	0	0	140732984.1	1397971205.76	20079772656	20522207378.59
Sconica_v3_11117-RA	19	48	4586504525.579	3875415373.47	3249277689.02	3539001631.76	3324272174	3426528367.11	3804078845.51	2481730131.07	1709149988.29	2498460427.2	0	0
Sconica_v3_11125-RA	7	10	16785692.66	16393901.66	49086179.13	53108215.58	1347394752	244336830.002	0	0	0	0	997856640	201817319.27
Sconica_v3_11133-RA	7	13	0	0	19854950.84	32322991.93	1259723228	1659946040.43	0	0	0	0	1259723228	325161601.73
Sconica_v3_11179-RA	9	13	80435656.809	63595336.054	1163668426.05	1624411631.8	19552222.5	41120618.78	0	0	990911139.27	1065445009.2	12406003	10208052.43
Sconica_v3_11284-RA	1	2	0	0	41400826.63	54717755.75	259258368	334866252.7	0	0	0	0	259258368	334866252.7
Sconica_v3_11303-RA	3	7	329186542.28	626237728.15	67421524.94	140858086.7	8735661	0	329186542.28	626237728.15	67421524.94	140858086.7	0	0
Sconica_v3_11311-RA	22	47	312042456.5	217539326.03	5597309813.03	14805379964.81	225194235.5	113342486.88	6494536.15	0	3990769211.31	13639522356.81	0	0
Sconica_v3_11312-RA	1	2	0	0	27462199.2	81297062.72	46259904	91391971.39	0	0	27462199.2	81297062.72	0	0
Sconica_v3_11314-RA	13	50	166661573.181	148281341.8	1501276864.2	4315645790.42	31875527524	37034255223.04	0	0	652020986.9	1517941598.02	29780471192	36976180659.81
Sconica_v3_11322-RA	23	44	502455695.685	262672493.31	847652274.13	1300482646.59	8826362752	7304192476.46	0	0	727338207.25	94225399.17	8594686360	6992170044.79
Sconica_v3_11324-RA	5	17	103462678.352	140466904	2497325116.2	2660601026.22	2428780320	3234557229	0	0	2245487910	2151889447.4	2249893296	2961964381.9
Sconica_v3_11335-RA	20	46	3547915276.21	3411563811.333	4851563658.1	3155226404.03	115769152	382890323.329	1718300906	2645944860.29	3473515792.8	2260002761.98	0	0
Sconica_v3_11343-RA	10	29	1814958902.3	1935689429.11	897834667.88	1065008564.2	190003484	384109983.042	1410433891.2	1935689429.11	178396308.28	661705770.6	0	0
Sconica_v3_11356-RA	1	2	0	0	222680247.8	267919397.7	7547124	4141877.359	0	0	222680247.8	267919397.7	0	0
Sconica_v3_11360-RA	5	5	5528030.323	26376039.42	192483378.66	475648715.03	0	0	0	0	163122663.65	213645604.74	0	0
Sconica_v3_11367-RA	25	89	122763464.286	208017282.921	2070656805.907	4707756558.192	45600405492	43186817629.78	0	0	1451491638.8	4537361592.8	45175291944	42433759996.08
Sconica_v3_11374-RA	1	1	3640881.083	12112062.26	0	95115323.29	14016997	0	0	0	0	95115323.29	0	0
Sconica_v3_11375-RA	1	1	0	0	0	83969568.77	0	0	0	0	0	83969568.77	0	0
Sconica_v3_11385-RA	11	12	0	17877533.24	682315318.88	1040490160.02	200531504	235188296.49	0	0	404405017.32	565602629.5	0	60998176.48
Sconica_v3_11394-RA	6	13	820547016.28	1167309928.34	781818977.48	679186723.8	129660688	48108643.81	709432668.98	858909602.54	133099538.8	259419909.1	0	0
Sconica_v3_11405-RA	11	16	276947058.28	550651294.251	1451520898.96	1584948448.51	103126295.5	96952275.56	0	0	1291082001.55	1153457723.71	0	0
Sconica_v3_11406-RA	1	3	8620568.174	12987524.77	108316247.7	154299469.4	7452213.5	33382343.6	0	0	108316247.7	154299469.4	0	33382343.6
Sconica_v3_11424-RA	3	3	45320649.9	0	231916263.56	419253613.51	0	11187701.53	0	0	64549008.25	298654365.91	0	0
Sconica_v3_11426-RA	10	18	1040538653.45	1622204081.91	685391229.93	534074327.07	1394501464	801137716.89	73267235.25	787322225.31	264827371.27	401860982.83	0	0
Sconica_v3_11427-RA	3	3	0	0	84760767.08	134015791.47	11465201	22228711.43	0	0	22393069.52	56520409.73	0	22228711.43
Sconica_v3_11439-RA	12	24	1105752567.64	1235961019.17	1010716711.37	589449557.46	361007833	390982420.62	703173359.63	1034891289.19	587890852.88	130166592.3	117569584	158215025.37
Sconica_v3_11465-RA	4	6	0	0	0	0	995481584	672278520.87	0	0	0	0	995481584	615234905.2
Sconica_v3_11479-RA	1	1	0	0	0	0	0	0	0	0	0	0	0	0
Sconica_v3_11480-RA	6	13	196530204.69	262812512.49	472435319.94	635138905.9	7752197	20506752.119	196530204.69	175314714.52	472435319.94	261586002.2	0	0
Sconica_v3_11486-RA	1	1	0	0	0	37479410.02	0	0	0	0	0	37479410.02	0	0
Sconica_v3_11487-RA	3	3	132613939.8	83067270.61	237989841.27	621016500.62	69608912	0	0	0	36656189.58	527797822.5	0	0
Sconica_v3_11489-RA	1	1	420908909.9	384364699	0	0	0	0	0	384364699	0	0	0	0
Sconica_v3_11507-RA	2	3	0	0	164953212.27	374930596	0	0	0	0	74819528.41	374930596	0	0
Sconica_v3_11510-RA	1	5	259104872.1	342398696.4	402811813.5	180773557.5	13923433	0	259104872.1	342398696.4	402811813.5	180773557.5	0	0
Sconica_v3_11524-RA	1	2	0	0	31147918.14	29427442.03	0	22991596.12	0	0	31147918.14	29427442.03	0	0
Sconica_v3_11550-RA	60	928	7680745136.26	5292266246.863	64333217289.8392	110776474940.444	1423127318830	1484251179110.62	6000475847.74	3007149148.486	57864333021.6	107214126384.85	1390186603442	1470054634206.62
Sconica_v3_11564-RA	5	17	3191660255.19	2134401890.8	897284604.7	549192848.89	0	0	3191660255.19	2134401890.8	769189640.5	194613647.5	0	0
Sconica_v3_11571-RA	1	1	0	0	0	53000024.63	0	0	0	0	0	53000024.63	0	0
Sconica_v3_11594-RA	1	2	0	0	44179746.29	31902101.98	0	0	0	0	44179746.29	31902101.98	0	0
Sconica_v3_11623-RA	1	1	58571309.9	36099885.35	39939993.87	77776344.51	4967961	0	58571309.9	0	0	0	0	0
Sconica_v3_11638-RA	19	60	17238826277.65	28939739074.77	16404512127.08	8545646448.77	668106414	807313073.42	12349985212	28675260136.7	12805599373.5	5194951066.96	196041732	249086284.1
Sconica_v3_11651-RA	3	4	39925122.18	21147583.601	296388019.9	454062376.81	5894243.5	0	0	0	296388019.9	396426907.2	0	0
Sconica_v3_11653-RA	17	39	4333972580.69	7592701396.6	3626193215.23	1548115054.11	535568009.5	398136788.84	2627975730.89	5916923760.85	1868166680.32	416053514	91026256	0
Sconica_v3_11665-RA	9	12	337894400.401	156296833.549	475722637.14	652052470.68	131140082.5	369560015.5	0	0	406183414.61	435562387.8	0	0
Sconica_v3_11667-RA	1	2	0	0	86457709.62	159823826.3	0	0	0	0	86457709.62	159823826.3	0	0
Sconica_v3_11669-RA	1	1	35245311.56	0	0	0	28047920	0	35245311.56	0	0	0	0	0
Sconica_v3_11733-RA	1	1	0	0	100499382.6	70663567.61	14971234	0	0	0	0	0	14971234	0
Sconica_v3_11775-RA	22	49	1426246502.01	185103894.225	12144498724.48	20422436364.66	2391050625	2576265456.066	0	29554355.18	8675915698.68	14132747160.52	2150689524	352871940.31
Sconica_v3_11802-RA	1	1	0	236085910.1	0	0	0	0	0	236085910.1	0	0	0	0
Sconica_v3_11808-RA	1	1	31619360.4	34999051.09	19868882.64	61176350.32	0	0	0	34999051.09	0	0	0	0
Sconica_v3_11825-RA	3	5	79331469.47	60456941.2	64501262.98	51941713.52	178028004	54097576.46	0	0	0	0	178028004	43790211.43
Sconica_v3_11889-RA	3	7	45800115.075	75330963.89	2268855399.38	3399530674.72	132029582	85022528.03	0	0	2176681169	3356313101.7	132029582	85022528.03
Sconica_v3_11890-RA	1	2	103329641.2	0	0	0	18829934	0	103329641.2	0	0	0	0	0
Sconica_v3_11899-RA	7	20	1487121640.53	1778399762.91	944286110.58	556972951.12	24747178	15126204.8309	952168305.43	1778399762.91	807933521.74	455856960.31	0	0
Sconica_v3_11905-RA	1	1	0	0	37753815.55	0	0	0	0	0	37753815.55	0	0	0
Sconica_v3_11941-RA	19	39	258307620.895	453170024.8	388562800.06	595344042.62	5162291190	6547765541.269	0	0	0	197307402.9	5093457054	4408085205.9
Sconica_v3_11968-RA	1	2	0	0	0	0	139226336	134832088.8	0	0	0	0	139226336	134832088.8
Sconica_v3_11986-RA	16	30	1240441251.99	1953377188.55	1720894007.96	782137426.48	128152462	135208676.99	963055639.95	1619294129.79	768075348.03	0	0	0
Sconica_v3_11989-RA	18	29	0	0	459795247.44	200006512.32	4050386896	2229225376.97	0	0	0	0	3375109700	1562178767.99
Sconica_v3_12012-RA	1	1	0	0	0	42570497.75	9124191	14964070.54	0	0	0	42570497.75	0	0
Sconica_v3_12030-RA	7	12	7323784.219	27574569.49	726863060.76	756457887.33	40904592	71725084.49	0	0	726863060.76	397615830.23	0	0
Sconica_v3_12037-RA	24	208	2234563117.983	2282714510.5401	9091374840.0161	8696885711.014	139236724958	120649853888.3	921175694.9	1937768519.33	8962640306.426	5084707570.974	139236724958	120649853888.3
Sconica_v3_12042-RA	19	39	953089915.707	552151890.866	914562640.87	2749887437.24	5330104856	7213627485.25	371733860.26	120276167.41	17975590.47	939083618.4	4983079688	4577865568.65
Sconica_v3_12052-RA	3	7	23528734.02	0	205854028.22	264249638.08	27649520	13649690.18	0	0	205854028.22	264249638.08	27649520	0
Sconica_v3_12079-RA	19	44	154538087.38	169112132.984	1148698261.782	2855253028.74	10606199994	12288581574.16	0	0	0	220364400.88	9262314034	11319801256.53
Sconica_v3_12082-RA	4	8	308919585.69	394037934.41	3396615459.61	5845811456.76	368081952	203436876.1	144386334.41	213320885.61	3396615459.61	76664094.43	0	0
Sconica_v3_12089-RA	16	41	584572846.88	63421717.74	11375976470.67	15880193386.74	863266188	780263178.43	45541732.56	0	10066103667.07	11883893387.34	489635208	322512488.72
Sconica_v3_12128-RA	2	2	6643595.98	0	421685050.86	698775966.2	6018821	0	0	0	75246682.26	512610808.8	0	0
Sconica_v3_12153-RA	1	1	0	0	26599558.25	58001462.94	0	0	0	0	0	58001462.94	0	0
Sconica_v3_12169-RA	28	107	83364204.457	167393339.165	1762555986.61	4959154380.93	54969674153	43184136048.16	0	0	1173996860.7	4592774101.3	54372000881	36271231245.76
Sconica_v3_12170-RA	12	18	21721863.57	66499861.109	1690616314.24	3423041277.89	234326947	139726219.88	0	0	1319952802.68	2837255718.41	37205254	0
Sconica_v3_12179-RA	3	3	194404349.33	146646844.31	57106258.861	145938923.05	0	0	172733097.38	0	6666846.701	0	0	0
Sconica_v3_12207-RA	3	4	385945098.1	580123845.6	133433341.36	628605947.2	12705472	0	0	0	49983314.05	628605947.2	0	0
Sconica_v3_12224-RA	1	4	3829432854	5663986969	22266263284	4147829365	19271628	0	3829432854	5663986969	22266263284	4147829365	0	0
Sconica_v3_12225-RA	3	4	0	11926289.12	343765364.71	324385265.44	112679040	25473399.99	0	0	343765364.71	147123989.6	0	0
Sconica_v3_12262-RA	2	3	0	22958267.56	15482253.95	0	66912336	40213271	0	17148717.74	0	0	66912336	0
Sconica_v3_12291-RA	3	8	316277429.36	301698950.03	499425954.9	286082312.6	68237389.5	42167372.346	282557305.91	268821754.33	393806548.3	181116166.4	0	0
Sconica_v3_12293-RA	9	71	71362335403.5	58153085332	27488646397.39	24428753156.6	990793480	2241057030.11	70295472954.5	56951824950	27334265206.6	24428753156.6	314135408	1600205601.31
Sconica_v3_12297-RA	2	2	0	0	0	394098549.2	0	0	0	0	0	394098549.2	0	0
Sconica_v3_12315-RA	7	11	12077500.33	32305169.77	836897854.52	1241429745.66	46881505.5	13672987.23	0	0	754774026.8	900127066.16	0	0
Sconica_v3_12355-RA	2	2	26565626.87	17006138.29	126228568.5	1159090438.1	0	7961912.962	0	0	0	1159090438.1	0	0
Sconica_v3_12367-RA	14	50	83558867386.5	32563209550.37	87280882521.84	90112137764.63	129036724	369676881.94	12317111534.6	10211362421.8	5821022496.8	5122521365.1	43731212	221934134.5
Sconica_v3_12377-RA	9	35	34645063.359	4307756757.045	391822606.52	630139210.7	15727815342	18624950033.8	0	0	305401096.91	290245652.4	15727815342	18221304913.3
Sconica_v3_12378-RA	2	2	0	0	284074530.51	142127309.42	0	0	0	0	0	142127309.42	0	0
Sconica_v3_12386-RA	1	2	0	0	26751393.52	0	0	0	0	0	26751393.52	0	0	0
Sconica_v3_12402-RA	4	11	267201379.8	286253411.22	3577946207.39	9935100336.88	501446080	643051173.1	0	0	3292070920	9935100336.88	501446080	643051173.1
Sconica_v3_12421-RA	4	5	11633507.26	0	170644641.94	843206033.89	6612364	9060488.263	0	0	105154647.6	843206033.89	0	0
Sconica_v3_12453-RA	4	9	11529015.69	17316546.03	333874320.111	801536509.95	8332758864	4726892057.42	0	17316546.03	0	708695387.4	8332758864	4726892057.42
Sconica_v3_12477-RA	18	53	479055693.979	297240275.054	15329831014.75	22135488919.74	3743172626	2399696826.01	90957512.91	233151585.21	10959796032.1	17786152151.8	2709498834	1958438675.69
Sconica_v3_12497-RA	14	32	2638326767.705	2365521784.971	1973725851.29	1849511929.83	1152815436	1359255852.37	2341988991.42	2028862648.82	973036953.06	811471188.98	0	0
Sconica_v3_12513-RA	2	3	44244326.7	81077064.99	175578555.57	411741497.5	616267508	2441576781.17	0	0	175578555.57	259830596.5	0	0
Sconica_v3_12525-RA	1	1	0	0	0	0	154811072	103020676.4	0	0	0	0	0	103020676.4
Sconica_v3_12537-RA	10	18	35358631.58	11424343.55	164289988.821	173320990.02	2032057818	1407487558.31	0	0	40716614.89	0	1698846362	1197282958.31
Sconica_v3_12553-RA	12	64	9103732610.4	10209849561.3	13499322752.4	10539083832.76	688163884	1481723968.14	7647006918.6	8010605428.3	13222450940.7	9473002777.9	391253528	1442128872.5
Sconica_v3_12580-RA	1	3	155646646.4	185565500	66228808.56	60204627.57	0	0	155646646.4	185565500	66228808.56	0	0	0
Sconica_v3_12596-RA	6	15	11661966.77	21982046.388	1045427430.78	3911990232.17	164198158	301579815.26	0	0	512543363.58	3153880129.3	127290534	255432344.2
Sconica_v3_12597-RA	9	28	312752926.5	133680095.5555	274523479.3201	506108205.08	8797544691.25	8699566497.46	0	0	53553328.43	279214018.5	8797544691.25	8699566497.46
Sconica_v3_12622-RA	26	60	2724942137.78	5042653620.2	2968638910.56	1766904844.24	328220891	810631914.012	1688714748.19	4315065306.79	2081120578.47	480887371.08	0	0
Sconica_v3_12625-RA	1	1	0	0	115891546.1	40306011.42	10875888	0	0	0	115891546.1	0	0	0
Sconica_v3_12626-RA	10	15	167375006.786	23509707.076	1924645437.76	3065922557.01	0	12206100.73	0	0	1652270795.46	2054475655.88	0	0
Sconica_v3_12662-RA	5	6	45424303.1	0	64601796	1291197053	0	0	0	0	0	1291197053	0	0
Sconica_v3_12670-RA	7	8	77577063.995	46854108.82	493297568.38	897117318.22	0	45504150.77	0	0	411872764.8	452725996.02	0	0
Sconica_v3_12695-RA	13	26	1714385210.67	837999555.11	139767493.724	1214182286.46	22730118	47011592.166	1714385210.67	275519216.58	47244901.23	919805019.1	0	0
Sconica_v3_12707-RA	10	16	38831127.45	90066157.629	617292210.24	1726679749.8	133318415	61036523.35	0	0	617292210.24	1302367910.5	0	0
Sconica_v3_12708-RA	1	8	461115773.4	931994660.8	469958357	566718741.8	6986442	10154844.78	461115773.4	931994660.8	469958357	566718741.8	0	0
Sconica_v3_12711-RA	14	29	1981908279.445	2698376277.89	1036942618.77	769137502.6	239602656	1195522098.64	1920999510.69	2640338376.7	202274722.79	350706736.98	0	124806048.07
Sconica_v3_12717-RA	1	1	22587046.86	18445159.75	14753887.01	23000599.49	0	6961580.625	22587046.86	0	0	0	0	0
Sconica_v3_12749-RA	10	16	8401568.607	25365274.67	1624933899.09	2931322821.18	356159401	866659636.56	0	0	1148989890.56	1748729584.6	0	258847301.05
Sconica_v3_12754-RA	1	2	26692953.77	49215794.75	172246591.7	223051798.7	0	0	26692953.77	49215794.75	0	0	0	0
Sconica_v3_12760-RA	1	1	0	0	39692570.4	40738238.21	0	0	0	0	39692570.4	0	0	0
Sconica_v3_12800-RA	1	2	10514498	0	132915218	164466517.6	0	0	0	0	132915218	164466517.6	0	0
Sconica_v3_12814-RA	1	1	0	0	56820875.79	88848725.5	0	0	0	0	0	88848725.5	0	0
Sconica_v3_12850-RA	5	10	85889331.33	145271263.44	369508740.71	938528030.32	270608000	157852543.1	16453783.11	28155912.62	268690297.01	913625761.9	0	0
Sconica_v3_12880-RA	6	32	66079996.73	155848284.98	797584462.6	1797238325.1	24515883612	26978453919.7	0	0	685355563.8	390856054.3	16538136668	23302471079.7
Sconica_v3_12888-RA	2	3	0	0	89137331.28	148566409.1	31220088	0	0	0	89137331.28	148566409.1	0	0
Sconica_v3_12913-RA	4	5	105715383.8	147440108.45	132688279.6	409137753.35	18760790	0	41235440.31	25374488.59	0	200683912.45	0	0
Sconica_v3_12939-RA	6	29	3119896754.8	4833591885	2522282394.1	997674079.76	298359273	546400937.47	3119896754.8	4833591885	2243728633.4	931338856.18	0	289076467.23
Sconica_v3_12966-RA	1	1	0	0	0	0	59767556	26299193.2	0	0	0	0	59767556	0
Sconica_v3_12982-RA	7	9	61986187.51	71766923.27	845824657.95	1894483477	22753404	5772225.195	0	0	500496271.8	1608984683.9	0	0
Sconica_v3_13015-RA	1	1	0	0	77925602.92	0	0	0	0	0	77925602.92	0	0	0
Sconica_v3_13079-RA	1	3	192051784.3	591537914.1	77892011.58	0	0	86461991.81	192051784.3	591537914.1	77892011.58	0	0	0
Sconica_v3_13101-RA	1	1	0	0	32098226.76	114288583.2	0	0	0	0	0	114288583.2	0	0
Sconica_v3_13109-RA	7	182	120504442871.28	117730356456.49	32093426439.61	52839479662.34	1192605358.8	2444802809.9	120007529418.28	117717180288.19	32003043382.08	52814343320.5	1141061854.3	2334080118.3
Sconica_v3_13144-RA	5	12	81879398.74	82366110.24	232279848.4	880508112	747068796	563195871.71	51890377	0	0	562668655.5	747068796	386603680.14
Sconica_v3_13175-RA	1	2	0	0	0	50165661.46	154207392	182309818	0	0	0	0	154207392	182309818
Sconica_v3_13176-RA	1	1	0	0	0	0	529550176	0	0	0	0	0	529550176	0
Sconica_v3_13222-RA	3	5	13826096.74	0	296387109.43	349237393.92	58306896	54788457.39	0	0	46113019.15	296289527.91	58306896	54788457.39
Sconica_v3_13338-RA	12	40	256754418.533	346344468.9	12079801168.122	13962193356.14	1627836482	2442731689.41	175581189.98	346344468.9	9092128333.42	6334232142.09	1510448658	2146322746.31
Sconica_v3_13394-RA	3	4	42670235.27	199778521.37	32970095.72	0	0	0	0	199778521.37	0	0	0	0
Sconica_v3_13395-RA	20	53	1602181023.83	2498224724.03	3364235575.67	2562004921.91	516758540	1488696822.895	1513273067.91	2036839213.47	2573557875.42	1281927353.13	0	0
Sconica_v3_13413-RA	2	2	16153987.64	19191066.05	154238367.68	177626440.68	32655324	90217892.54	0	0	154238367.68	0	0	0
Sconica_v3_13414-RA	3	5	0	22398977.474	0	0	189635656	67149801.71	0	0	0	0	189635656	67149801.71
Sconica_v3_13475-RA	2	3	0	0	324977892	419381557.68	0	0	0	0	208074850.1	419381557.68	0	0
Sconica_v3_13516-RA	6	9	0	0	41712052.23	31156455.42	1517126877	995539710.36	0	0	0	0	1404276688	828094078.76
Sconica_v3_13533-RA	1	1	0	0	0	37392729.77	0	0	0	0	0	37392729.77	0	0
Sconica_v3_13546-RA	7	15	635417769.99	582328974.33	454673164.63	565204114.5	72576143	92007377.5	540175744.89	319858562.63	127993575.85	482404898.52	0	0
Sconica_v3_13584-RA	1	1	0	0	0	240634754.8	0	24286855.37	0	0	0	240634754.8	0	0
Sconica_v3_13608-RA	5	7	50566019.03	3973331.055	851628383.21	2550654501.21	124741541.5	122168798.99	0	0	46723791.18	0	85881028	122168798.99
Sconica_v3_13623-RA	14	24	9065362.996	0	234074603.48	442108389.04	5079914226	6441765343.6	0	0	0	0	2757624738	5625511040.8
Sconica_v3_13639-RA	20	56	2126493668.48	2699671861.24	2205579199.67	3130192854.81	3225979821	2654802547.58	1494588125.09	2489771239.42	1162926637	781745682.7	2490199821	2396935440.49
Sconica_v3_13640-RA	1	2	0	0	139655666.7	71367416.06	37458080	30802741.04	0	0	0	71367416.06	37458080	0
Sconica_v3_13645-RA	24	42	38744322.06	154201056.216	484129998.73	984860541.75	7201224234	5865351030.703	0	0	0	0	5403596204	5272432113.23
Sconica_v3_13663-RA	7	9	0	0	707174579.69	68600476.61	140904999.25	107875737.21	0	0	707174579.69	0	87696670.25	33866935.9
Sconica_v3_13684-RA	5	7	23484752.88	0	660857690.3	1789194834.2	39459884	61615434.57	0	0	327379266.6	1789194834.2	0	0
Sconica_v3_13694-RA	3	11	9129236.039	7742123.527	331401499.3	306307270.5	8422820320	6678944426	0	0	0	121076902.1	8422820320	6678944426
Sconica_v3_13730-RA	3	7	323758856.5	282853592.36	261534204.27	145509260.54	129029072	194899708.7	0	282853592.36	261534204.27	0	0	0
Sconica_v3_13782-RA	7	16	109847431.905	28024442.664	3134093913.06	10671743862	218601580	192096552.943	0	0	3067593286.2	9444406393	0	0
Sconica_v3_13786-RA	13	22	68152976.63	130854365.32	3031320748.901	5950668889.58	442094644	612088054.26	0	0	3022611591.37	3686025360.18	76011728	122972030.3
Sconica_v3_13810-RA	8	23	1635372322.91	1820362748.3	2291106367.3	2754550387.25	22322107.5	136294642.36	1529463663.41	1595641357.8	1146737173.7	2627654186.8	0	33261887.58
Sconica_v3_13811-RA	6	21	1739935443.01	1520270905.05	1231380932.73	1260586591.85	96740682.5	339889410.24	1548732630.7	1520270905.05	1146866181.6	1108844376.45	20035964.5	272279528.1
Sconica_v3_13855-RA	5	6	45417724.33	24703559.88	314889323.44	547450850.47	18507648	39576678.38	0	0	223426201.2	360157178.57	0	0
Sconica_v3_13860-RA	1	1	0	0	82925634.37	130394833.6	0	0	0	0	82925634.37	0	0	0
Sconica_v3_13898-RA	2	2	31340929.46	194317682.4	152050948.04	296389733.1	20961282	0	0	0	69120398.78	151776536	0	0
Sconica_v3_13926-RA	13	34	422418225.798	115511945.511	4496149036.8769	22077904301.2	430670584	702229821.951	0	35167728.67	3814291509.22	22077904301.2	341309571	494767880.336
Sconica_v3_13956-RA	7	15	808250501.7	805122525.7	477809071.66	984818674.5	75837080	138928085.9	808250501.7	546926111.91	131029377	744750945.1	0	0
Sconica_v3_14050-RA	10	30	1632437460.6	1034066667.761	12438366653.9	12771076577.3	794501850	1283724236.65	974974487.3	265896148	12438366653.9	10699293283.9	557258799	802323874.16
Sconica_v3_14065-RA	2	6	1043287552	874116799	192330711.6	302686895.6	25468218	0	1043287552	874116799	192330711.6	0	0	0
Sconica_v3_14075-RA	3	4	0	0	40409655.16	96653479.9	108386508	214656030.57	0	0	0	0	30735036	165610891.49
Sconica_v3_14083-RA	10	19	746677488.25	423626385.11	135511832.52	426613833.72	739516266	911934688.02	283360650.23	240421870.01	0	167947424.8	120509024	522037043.58
Sconica_v3_14094-RA	2	3	35297257.15	0	480928970.83	1137724000.8	0	0	0	0	391745409.7	1137724000.8	0	0
Sconica_v3_14095-RA	2	2	13847080.54	324464466.1	246958087.2	618791512.3	0	4227738.183	0	0	127403414.8	302265106.8	0	0
Sconica_v3_14099-RA	3	4	0	15790895.21	158269265.83	828106596.39	14647826	0	0	0	0	828106596.39	0	0
Sconica_v3_14117-RA	1	2	0	0	71242324.44	97511369.14	11945764	0	0	0	71242324.44	97511369.14	0	0
Sconica_v3_14139-RA	2	3	142924452.768	154199732.53	157662587.95	196091915.27	151912432	188021280.2	136004310.8	154199732.53	0	0	0	0
Sconica_v3_14142-RA	24	106	278523748.97	175421889.16	3042481635.11	9083668568.19	100514791339	129057042772.26	15057380.81	69564827.25	1982128857.26	7955463602.7	99632824019	128921155213.8
Sconica_v3_14145-RA	14	30	7958755502.47	658486740.341	18581156040.4	15712750949.8	92824757.75	446563601.767	51132708.78	0	12825499147.4	15544994017.1	0	51162751.77
Sconica_v3_14161-RA	18	150	375759534322.25	347925834113.55	155609461341.2	174623913829.854	6394321030.56	9583733177.5632	375759534322.25	290977255566.91	155191427129.4	161849860175.28	1535145734	5159133087
Sconica_v3_14167-RA	2	3	0	0	0	368480788.28	796402320	756045361.5	0	0	0	368480788.28	0	756045361.5
Sconica_v3_14184-RA	3	4	0	16573082.37	242707225.92	174489856.77	99523988	133070787.87	0	0	157044240.47	0	0	133070787.87
Sconica_v3_14185-RA	2	6	0	0	7471842.515	35054536.8	567410904	542903038.37	0	0	0	35054536.8	567410904	458727117.1
Sconica_v3_14196-RA	1	2	0	0	0	58747212.87	0	0	0	0	0	58747212.87	0	0
Sconica_v3_14206-RA	3	5	11215980.3	19272172.22	157388077.53	255216240.06	22213052	0	0	0	96294900.82	112606239.46	22213052	0
Sconica_v3_14227-RA	12	41	172818769.68	148527679.886	7520731840.952	10134397611.5	1730629992	1875067899.769	0	0	4032697005.4	10134397611.5	1244879900	977351192.29
Sconica_v3_14254-RA	3	4	0	0	317501029.94	326381989.44	0	41958441.69	0	0	68795896.7	326381989.44	0	0
Sconica_v3_14264-RA	17	37	1256622338.22	2048257551.32	1237485081.12	641072323.44	1747856704.5	1546402601.309	453179686.06	1632806247.07	596656224.46	0	1065661016	592681727.339
Sconica_v3_14304-RA	7	11	0	14682924.33	1239692673.7	1479052794.05	2540775392	3218005542.44	0	0	1196118967.3	576398869.09	0	0
Sconica_v3_14316-RA	29	129	20982741553.55	29273209655.71	15333286575.62	30579775382.79	1292646980	1302355418.751	20764226170.1	27439069654.81	11023274953.52	24426607613.6	612729210	234702731.51
Sconica_v3_14323-RA	1	8	784331743.9	313717426.2	499014245.2	286846371.5	0	0	784331743.9	313717426.2	499014245.2	286846371.5	0	0
Sconica_v3_14325-RA	1	1	0	26307838.86	0	245559741.3	0	0	0	0	0	245559741.3	0	0
Sconica_v3_14351-RA	2	7	858709433.6	600316355.3	126306520.6	522247518.5	31462576	24928067.182	515042191.1	332726668	0	522247518.5	0	1574167.262
Sconica_v3_14372-RA	6	8	0	0	598061046.47	707255902.46	42232421	20726698.76	0	0	521245785.21	475220281.5	0	0
Sconica_v3_14439-RA	13	31	2054815008.38	3321288649.36	3109670397.6	1676480163.93	158551600	233241131.071	1578432563.48	3049946739.06	917150258.1	1401742482.8	0	16184346.43
Sconica_v3_14457-RA	1	5	560927978.5	567636930.8	241782777.1	172220497.5	6591965	0	560927978.5	567636930.8	241782777.1	172220497.5	0	0
Sconica_v3_14475-RA	14	24	75148054.2	84014959.17	1431514608.2	1815516173.61	1177365364	1666267934.47	0	26102755.13	642062886.43	1786481236.38	305662736	324154692.01
Sconica_v3_14517-RA	4	10	48805225.618	35845985.28	571061173.9	917949511.5	7336572	10270508.98	0	0	542769651	917949511.5	0	0
Sconica_v3_14527-RA	8	14	7496817.49	0	453730612.74	26035483791.4	150062724	222203860.11	0	0	154819363.71	22393629179.4	0	56379379.74
Sconica_v3_14528-RA	7	8	174004301.6	48485032.02	0	4767310338.98	148395072	67014226.1	0	0	0	4767310338.98	0	0
Sconica_v3_14559-RA	7	15	1443728.886	30554518.28	1545386469.4	2821879746	90434056	0	0	0	967921850.3	2821879746	0	0
Sconica_v3_14560-RA	1	2	0	0	0	60726782.32	0	0	0	0	0	60726782.32	0	0
Sconica_v3_14580-RA	13	28	1709842424.88	2617915912.14	2928942150.98	2777228169.94	370545215	327912858.264	878893351.89	1652594094.44	2237841377.33	1761870210.92	0	0
Sconica_v3_14614-RA	28	106	15855749442.7	20406791481.2	19526739532.44	12654289808.23	1579115619.5	1269802188.52	13424465621.5	17411512719	15772167521.54	7351915035.35	528929161	453574357.42
Sconica_v3_14617-RA	18	23	53606951.766	52387881.5	2988369914.22	3299747608.61	41034827	55665343.343	0	0	1903652702.17	2138385192.29	0	0
Sconica_v3_14623-RA	1	1	0	0	70744881.44	16273777.41	0	0	0	0	70744881.44	0	0	0
Sconica_v3_14632-RA	7	18	45363582.16	65167776.62	2040233418.819	2717116054.78	208405950.5	116986115.2	34953817.35	0	1730675525.13	2700565468.27	199453019.5	116986115.2
Sconica_v3_14710-RA	2	3	0	0	163492760.7	117766974.91	0	0	0	0	163492760.7	51919981.72	0	0
Sconica_v3_14723-RA	10	25	3925106554.8	2834086934.94	2680571880.49	1374060157.81	19574596	122466401.28	778565518.5	2296682846.44	1947020166.29	368278451.1	0	0
Sconica_v3_14748-RA	21	42	441988058.299	122742598.737	82637384.279	2762534813.82	5171646744	8396491318.64	0	0	0	2184642322.88	4041337858	7972076047.02
Sconica_v3_14942-RA	6	24	1341176328.57	1275586470.24	1088356671.26	1077893551.82	346634324	484992131.2	1341176328.57	1275586470.24	1088356671.26	690874239.9	63621896	289352970.29
Sconica_v3_15000-RA	7	8	43804797.27	0	68348346.09	0	685261576	691407734.69	0	0	0	0	643473020	258898348.14
Sconica_v3_15008-RA	1	1	51001806.94	0	0	60123977.55	0	0	0	0	0	60123977.55	0	0
Sconica_v3_15024-RA	19	63	5580259800.51	6997293728.2	5174961235.27	5518122196.55	1830444972	2115969119.01	3874861817.61	6065857219.9	2872072568.87	2631027221.76	949513622	218505125.68
Sconica_v3_15405-RA	1	1	75385816.27	0	22260484.21	125466171.6	0	0	0	0	0	125466171.6	0	0
Sconica_v3_15549-RA	17	31	182782715.54	273495007.26	5028024252.83	9319678166.27	695104904.5	1057297847.278	0	0	4592789653.81	8600763758.77	57004058	0
Sconica_v3_15618-RA	3	9	2383350131.2	5232221905.5	3047487729.7	1069988207.5	0	10106088.57	2261381745	5232221905.5	3047487729.7	1069988207.5	0	0
Sconica_v3_15621-RA	8	29	5148124091.33	2634119584.19	1753001556.11	2953385774.07	572964488	544489218.31	4494901575	1937612262.1	1237163132.91	2919784848.8	0	0
Sconica_v3_15626-RA	4	16	116649695.034	62423456.91	2439355400.323	3460205223.2	300523734	261867018.48	6504080.314	0	2431062054.6	3460205223.2	152644070	117021544.05
Sconica_v3_15641-RA	2	3	52325004.37	109590682.9	142948550.94	618432277.18	56752276	0	0	0	84743498.82	618432277.18	0	0
Sconica_v3_15700-RA	2	3	0	0	99553447.02	223602967.45	22651738	0	0	0	58437072.46	223602967.45	0	0
Sconica_v3_15731-RA	2	2	0	0	80327585.61	115875363.54	0	0	0	0	80327585.61	0	0	0
Sconica_v3_15752-RA	8	29	8371818556.713	9592839831.79	3544783621.9	4278845607.9	65012831	67999453.73	7147158916.713	7854210985.79	3094876430	4278845607.9	0	0
Sconica_v3_15812-RA	2	2	0	0	65046014.89	37470534.1	0	0	0	0	65046014.89	0	0	0
Sconica_v3_15838-RA	1	1	0	0	78094492.21	0	0	0	0	0	78094492.21	0	0	0
Sconica_v3_15839-RA	5	6	38131096.722	58110325.21	97015577.23	394553132.29	248009.6875	6512769.607	24022982.21	41032495.51	0	380657516.79	0	0
Sconica_v3_15844-RA	8	13	627204328.04	959544086.47	486694401.105	980855997.95	0	35522873.72	538284799.77	778368281.53	132102001.65	416365902.8	0	0
Sconica_v3_15860-RA	6	19	931161256.02	1735411012.27	2093975576.5	370105556.18	2518011019	2462138705.8	812162578.25	1735411012.27	2093975576.5	0	2474996278	2006322430
Sconica_v3_15887-RA	5	12	520022207.23	523678320.04	228756109.61	244806737.82	61975104	1292145323	422244719.39	421524775.64	158903846.76	189113641.19	0	0
Sconica_v3_15944-RA	3	3	594583167.2	873291927	448263103.29	282929024.97	496172344	390653419.73	0	0	62073985.97	282929024.97	0	0
Sconica_v3_15959-RA	7	14	0	0	2484940919.97	3942075998.89	44469651	367439945.445	0	0	1698964213.5	3006341799.89	27979004	0
Sconica_v3_15963-RA	1	9	6977282.019	0	179535780.9	0	9875490736	3541959936	0	0	179535780.9	0	9875490736	3541959936
Sconica_v3_15968-RA	3	4	8623687.326	148234366.3	271068858.3	404146997.08	29148028	0	0	0	155290669.6	365249262.6	16316187	0
Sconica_v3_15977-RA	4	10	197578122.35	50887078.313	139891650.48	456235888.42	674917416	872893957.74	21858858.65	0	0	456235888.42	387256864	344836087.4
Sconica_v3_15992-RA	6	13	32077575.44	0	951656040.9	5469447067.7	708936178	813473857.74	0	0	951656040.9	5161279089.3	0	0
Sconica_v3_15994-RA	5	6	0	14381513.4	297636665.16	961804387.98	118599680	63097476.58	0	0	143797792.52	789581639.21	0	0
Sconica_v3_15996-RA	19	35	75429990.972	163938419.82	152488729.53	398708138.82	4780758971	4980485180.742	0	0	0	0	4644137323	4684826610.852
Sconica_v3_16031-RA	1	2	507225198.8	952575191.7	173773721.9	0	0	0	507225198.8	0	173773721.9	0	0	0
Sconica_v3_16033-RA	1	1	0	0	118165990.7	308488579.8	24814304	10649727.92	0	0	0	308488579.8	0	0
Sconica_v3_16039-RA	10	17	504987425.62	1156213029.29	400464393.1	197009779.457	183789906.25	19505131.09	390719832.29	896018689.86	150614667.64	0	0	0
Sconica_v3_16040-RA	13	61	3930591230.82	6500446359.1	2994687065.51	2139462920.77	2672543468	959816842.68	3930591230.82	6500446359.1	2936440898.5	1738537967.39	803392416	681471927.22
Sconica_v3_16053-RA	1	2	0	0	0	0	113460512	194994464.7	0	0	0	0	113460512	0
Sconica_v3_16091-RA	5	5	297167729.05	578380917.9	539178074.23	1090323900.44	51906683	171878185.29	137655528	0	116594932.24	247785493.44	0	0
Sconica_v3_16092-RA	4	4	209637358.09	98368605.1	375136446.96	974803565.2	136667148	92764577.98	0	0	109080537.4	724091825.1	0	0
Sconica_v3_16102-RA	1	1	0	0	0	0	0	0	0	0	0	0	0	0
Sconica_v3_16104-RA	24	88	254636275.058	309907499.593	3845212592.74	5433326489.28	69771843900	84440944718.94	44184744.32	38011800.43	2855862880.6	3563270468.8	68637488660	83599161464.25
Sconica_v3_16111-RA	1	1	0	0	122382104.4	193404316.4	0	0	0	0	0	193404316.4	0	0
Sconica_v3_16144-RA	3	3	8395973.607	0	133704964.32	470606925.87	16697179	0	0	0	57720079.06	226818578.97	0	0
Sconica_v3_16146-RA	2	2	8820366.84	30304078.45	114368103.73	174813599.77	0	0	0	0	0	174813599.77	0	0
Sconica_v3_16157-RA	1	5	267955496.9	217639007.8	143270286.8	161125959.7	430870742	83815860.38	267955496.9	217639007.8	143270286.8	161125959.7	0	0
Sconica_v3_16193-RA	1	4	68846830.38	123960893.7	0	75097515.34	15403878	9367947.632	68846830.38	123960893.7	0	0	0	0
Sconica_v3_16198-RA	1	1	0	0	0	0	44114504	42623684.16	0	0	0	0	44114504	0
Sconica_v3_16239-RA	2	2	362769071.6	541905666.5	171352864.11	166135616.3	42299244	0	0	0	29349344.61	166135616.3	0	0
Sconica_v3_16334-RA	3	5	392514045.3	661032217.6	289141511.52	240547127	73612120	102099760.34	268783419.2	455388623.4	0	0	0	43052864.64
Sconica_v3_16335-RA	11	26	3057012663.79	3745606084.8	2720439791.69	1820161242.64	341325963	129420334.38	1867251281.79	2811069408.73	1053718630.1	763575140.94	98100432	0
Sconica_v3_16375-RA	14	51	49941734.801	100203525.797	4098710523.87	8108646387.54	79534980186	55484818442.3	0	34515860.92	3824349958.1	4825104390.4	66171515258	55280095071.3
Sconica_v3_16400-RA	1	1	0	0	0	0	0	0	0	0	0	0	0	0
Sconica_v3_16421-RA	2	3	25021462.09	0	369156967.32	1376634408.8	0	0	0	0	369156967.32	1132961268	0	0
Sconica_v3_16441-RA	7	10	0	37399294.1	720919157.4	1448257313.76	55694728	0	0	0	424708158.41	1273366595.96	0	0
Sconica_v3_16452-RA	3	6	13311215.28	105315028.56	183819047.4	62947371.44	26624016	0	0	105315028.56	25028350.1	62947371.44	0	0
Sconica_v3_16492-RA	1	1	1522046.538	0	16574464.1	1005100635	59444460	0	0	0	0	1005100635	0	0
Sconica_v3_16521-RA	5	15	572080584.5	721951096.03	11442965541	17283841662	1517429370	1018318733.455	572080584.5	670903015.7	11442965541	17283841662	1000604820	1010378287.11
Sconica_v3_16597-RA	1	4	12900248.79	0	1062940753	1168107148	146077264	137043751.6	0	0	1062940753	1168107148	146077264	137043751.6
Sconica_v3_16637-RA	14	45	236620532.059	215985017.3	12836897207.5	17451434933.89	1751309783	1322798153.81	96624739.94	41345925.46	11032686658.5	11582691673.09	1170949900	649299167.32
Sconica_v3_16661-RA	10	30	63147048.593	56429042.038	5156400830.6	8139513964	303148363.5	285046931.306	50434897.53	0	5156400830.6	6027339424.8	297445032	237267944.01
Sconica_v3_16705-RA	3	3	0	13198848.98	35804323.57	6764414696.84	0	0	0	0	0	6764414696.84	0	0
Sconica_v3_16717-RA	2	3	240925524.6	440738418.4	242104090.8	193574093.27	96026906	23812490.55	131604125.5	169029864.3	0	115331721.1	0	0
Sconica_v3_16724-RA	1	1	0	0	0	0	0	77750021.59	0	0	0	0	0	77750021.59
Sconica_v3_16770-RA	5	8	562214.6687	0	747346115.03	1198474875.33	38076209	81918234.47	0	0	472578815.74	1198474875.33	0	0
Sconica_v3_16794-RA	1	1	0	0	29074423	0	69026256	27162267.75	0	0	29074423	0	0	0
Sconica_v3_16847-RA	7	34	89387397.77345	110871812.4	14785706558.2	18289525503.5	276064323.75	182503029.89	0	0	14785706558.2	17964485102.4	251834901.75	0
Sconica_v3_16857-RA	2	3	0	0	0	0	772153440	401178813.28	0	0	0	0	325625312	401178813.28
Sconica_v3_16859-RA	4	7	30194267.02	28683552.23	329258516.75	700056574.65	0	13603160.71	0	0	218376976.75	700056574.65	0	0
Sconica_v3_16860-RA	13	16	21451192.759	5186419.85	534555846.15	5206811811.18	60002124	28150788.94	0	0	34691092.84	5206811811.18	0	0
Sconica_v3_16893-RA	1	8	28632388.61	32335948.5	2134613148	2211571876	23272589290	21269546397	0	32335948.5	0	2211571876	23272589290	21269546397
Sconica_v3_16901-RA	2	2	0	0	72625681.61	127813447.21	0	7937219.478	0	0	0	127813447.21	0	0
Sconica_v3_16907-RA	1	2	0	0	148760489.8	733814669.4	13533463	45390068.45	0	0	148760489.8	733814669.4	0	0
Sconica_v3_16908-RA	6	11	231665010.59	23253858.346	4296546402.3	6392567805.7	478085828	360695864.37	0	0	3415111316.2	6392567805.7	0	58311966.24
Sconica_v3_16948-RA	8	22	0	2165727.166	75429210.35	103231639.6	3291025605.38	9679920455.7	0	0	0	0	3239563901.38	9651418854.52
Sconica_v3_16957-RA	3	5	116140043.28	645559875.78	50407424.45	45825021.5	575365376	10091869.83	116140043.28	178093112.5	0	0	0	0
Sconica_v3_16976-RA	6	14	0	0	1070628746.92	1810971235.2	228883536	191308740.39	0	0	767540400.72	1810971235.2	0	144537556.48
Sconica_v3_17002-RA	10	13	17744773.12	8406059.071	1379413768.24	2212573682.15	226895341.75	132126846.697	0	0	863853644.05	1850208741.65	0	0
Sconica_v3_17015-RA	2	2	0	0	88103754.76	237939443	63738536	0	0	0	50503129.22	179018438.9	0	0
Sconica_v3_17018-RA	1	1	0	0	0	0	276875776	532561443.9	0	0	0	0	276875776	0
Sconica_v3_17134-RA	10	21	0	16763829.73	3509948022.9	14670918384	304718731.5	1303771622.19	0	0	2772119904.1	9750077487.2	0	56981594.16
Sconica_v3_17136-RA	1	1	0	13615091.46	0	67830456.44	61998352	37220269.33	0	0	0	67830456.44	0	0
Sconica_v3_17139-RA	2	4	0	17235606.27	85124030.59	313571162.09	14869206	0	0	0	85124030.59	313571162.09	0	0
Sconica_v3_17145-RA	1	1	0	0	0	44771198.61	60542596	0	0	0	0	44771198.61	0	0
Sconica_v3_17175-RA	5	15	11033566.7	0	3871418289.43	12936857564.2	150279547	178735586.34	0	0	3779543381.8	12936857564.2	0	59366701.3
Sconica_v3_17180-RA	5	15	161508088.22	94336804.81	1653469347.88	25361719479.3	73706808	131631488.77	125622669.7	40206517.86	1570737675	25361719479.3	0	64635854.35
Sconica_v3_17182-RA	6	21	34654649.74	50837104.25	1542318633.4	25931952541.3	135146616	207839016.21	0	0	1430058657.4	25773202854	70831566	151756947.37
Sconica_v3_17184-RA	5	14	80620512.74	81492270.74	1565500645.7	803579167.04	455286356	290388408.27	0	0	1565500645.7	505276774.24	299622948	101763345.87
Sconica_v3_17191-RA	3	4	0	0	221101237.31	766648301.14	0	0	0	0	189926829.2	766648301.14	0	0
Sconica_v3_17199-RA	2	3	11269201.74	9342443.021	483370370.3	1292944854.9	66594586	96573525.52	0	0	217464018.1	1292944854.9	0	0
Sconica_v3_17200-RA	2	3	0	0	1028106977	1272025769	6526130.5	47350219.268	0	0	1028106977	1272025769	6526130.5	0
Sconica_v3_17212-RA	8	13	28866565.206	154971109.6	59404983.539	287142212.834	2048843368	1844782529.09	0	0	0	0	1708095320	753883364.9
Sconica_v3_17246-RA	2	2	0	0	124530299.53	45105234.579	6487543	0	0	0	124530299.53	0	0	0
Sconica_v3_17306-RA	8	16	1647919936.39	844804322.95	537813607.89	1029087750.38	41770203	0	1647919936.39	579097242.93	352218764	548252799.2	0	0
Sconica_v3_17307-RA	1	9	323005339.9	11330591600	685984204.4	0	282977184	1265611280	323005339.9	11330591600	685984204.4	0	282977184	1265611280
Sconica_v3_17326-RA	8	13	521169856.29	470792727.959	1250270304.82	1239731348.65	205976828	165211888.638	14863701.46	283604232.8	613786180.6	633792898.3	68250960	0
Sconica_v3_17332-RA	1	3	227270090.7	700398832.8	59179459.42	46284065.58	52433608	33771728.45	227270090.7	700398832.8	0	0	0	0
Sconica_v3_17339-RA	8	10	1013299511.3	199796084.6	145988515.53	2092604788.74	22872085	0	0	0	40658408.17	2092604788.74	0	0
Sconica_v3_17360-RA	6	7	0	8854661.195	357979113.77	1319358114.42	1416010576.5	770568460.24	0	0	204424975.16	889154568.12	0	0
Sconica_v3_17373-RA	10	16	18286416.31	8972763.615	2779378024.9	403381159.38	514811038	1164265942.315	0	0	2779378024.9	210207983.1	62767404	852225104.55
Sconica_v3_17404-RA	4	10	630406206.35	651333502.03	219326992.41	287142269.15	277936364	247567192.13	544588857.11	552940045.94	148816699.02	213039695.82	0	0
Sconica_v3_17436-RA	6	21	0	5223897.645	199409713.87	349459768.75	3782272103	3585079851.32018	0	0	127056676	0	3782272103	3584980710.9
Sconica_v3_17439-RA	4	7	95477875.23	15563501.64	178904363.22	1697728374.4	46324748	56199947.47	52471943.13	0	89308166.05	1697728374.4	0	0
Sconica_v3_17440-RA	36	61	231441800	149115751.75	245751385.045	202138660.95	7810038698	6868232066.72	0	0	0	0	6175147252	5577142553.13
Sconica_v3_17449-RA	13	43	125925514.718	158666701.42	834060747.01	1385548402.04	17697402752	13015691646.4	0	0	339844641.83	806674446.7	12422271762	12873198514.8
Sconica_v3_17490-RA	14	31	3100705108.744	2683190056.726	1484962260.36	2029042009.62	201587646.5	403336297.46	2141444497.5	2218554831.1	662984724.72	1251486610.21	0	226347241.3
Sconica_v3_17491-RA	4	7	521599566.1	858565608.2	436325060.64	465737107.3	76961588	50956939.22	250100940.3	348410805.6	272702717.14	147654351.2	0	0
Sconica_v3_17500-RA	2	5	197608838	237542194.52	51508519.2	0	0	0	65963943.8	237542194.52	0	0	0	0
Sconica_v3_17502-RA	1	1	0	0	64071300.41	123575344.1	13301275	0	0	0	0	123575344.1	0	0
Sconica_v3_17542-RA	40	86	237085621.037	312867606.48	6575832793.1	3654267917.35	22268959045	18911024039.92	0	0	99281896.51	73037640.45	18360051363	15282701889.46
Sconica_v3_17543-RA	1	1	692409124.5	376033927.4	471767084.8	613415993	251525888	373562652	692409124.5	0	0	0	0	0
Sconica_v3_17545-RA	12	27	75594496.46	71233905.86	4478942904.12	5662172494.94	473789304	857969252	0	0	4478942904.12	4894000222.5	311247128	728314596.8
Sconica_v3_17547-RA	2	3	0	0	176275776	74040895.56	15103630	10790554.75	0	0	176275776	45453125.73	0	0
Sconica_v3_17549-RA	14	28	266845051.121	132327589.4	1607310932.478	4904088022.14	903549556	1254567300.392	43368559.07	0	588150037.38	4291086317.4	129852260	74735255.76
Sconica_v3_17561-RA	2	2	0	0	372972517.9	465950922.1	0	0	0	0	143844446.1	298992035.8	0	0
Sconica_v3_17565-RA	16	39	4072295259.67	2906619638.43	1584097535.79	2440567265.79	286531430.31	62269975.796	3809293202.02	2620394897.1	513703057.21	1625447694.4	0	0
Sconica_v3_17566-RA	18	76	14156043685.17	22654490401.11	11769009662.59	5450967700.17	2739112188	3527720648.15	13045038534.35	20919107234.5	10766971467.1	2682275793.4	1933472048	3246747244.91
Sconica_v3_17570-RA	9	69	49662089213	85267063932.2	25749416051.6	29979097057.1	2768997480	3335614791.57	49662089213	77811396992.2	25648829662.9	29408855811	2768997480	2328481931.3
Sconica_v3_17581-RA	7	8	18952371.59	9213976.142	287925389.53	507519904.89	867135772	632514583.5	0	0	0	0	537570644	426567818.49
Sconica_v3_17618-RA	35	154	27469775286.43	55228640559.72	28948755206.91	11301294251.24	4271901534	4401946829.575	25992068744.17	49024768351.92	24217909835.77	8169755266.73	2923095226	1446087083.87
Sconica_v3_17645-RA	1	1	0	0	0	66817222.73	0	0	0	0	0	66817222.73	0	0
Sconica_v3_17663-RA	1	1	11834654.08	9670846.307	57649248.02	0	0	0	11834654.08	0	0	0	0	0
Sconica_v3_17676-RA	18	19	0	0	300820729.612	4358301147.49	7722536.5	102557791.78	0	0	0	4358301147.49	0	0
Sconica_v3_17685-RA	1	2	0	0	87757482.26	131057297.5	31236696	0	0	0	87757482.26	131057297.5	0	0
Sconica_v3_17689-RA	1	1	0	0	16787885.07	38640823.71	0	0	0	0	0	38640823.71	0	0
Sconica_v3_17719-RA	26	93	338059511.87	393729706.81	1687307340.07	3703772634.97	28925390172	24888943371.2	0	0	1038628154.5	2525972869.1	28612762256	24837203378.6
Sconica_v3_17729-RA	10	18	927730260.98	666931105.88	137650833.45	344488309.23	0	3380263.147	688197671.68	614514365.14	74748772.98	113499048	0	0
Sconica_v3_17748-RA	7	15	57571819.126	27269771.01	62361790.25	0	1422694348	1175203688.27	0	0	0	0	1422694348	544500008.07
Sconica_v3_17759-RA	16	25	310489113.66	576101366.291	205656757.038	524500863.16	3587629234	3279136606.02	0	0	0	83134967.7	3238009746	3009183518.73
Sconica_v3_17760-RA	2	9	1549308978.4	1658617200.3	781585583.5	571952183.15	0	82987222.5	1549308978.4	1658617200.3	237173636.5	571952183.15	0	0
Sconica_v3_17770-RA	1	1	0	0	56754947.03	101702218.2	0	0	0	0	0	101702218.2	0	0
Sconica_v3_17772-RA	2	4	11973078.32	1183550292.2	88916122.11	112445434.8	0	0	11973078.32	1183550292.2	0	0	0	0
Sconica_v3_17776-RA	13	71	17960989084.9	26994046073.1	17482650117.31	17101891353	1206676448	1620617256.35	17626678315.2	23099649949.1	17396266956.4	16088798561	801303064	1124064297.3
Sconica_v3_17777-RA	1	2	0	0	19167553.87	31632421.48	0	0	0	0	19167553.87	31632421.48	0	0
Sconica_v3_17785-RA	10	15	46338269.35	44841432.68	73288967.3	0	2258602130	1858140667.45	0	0	0	0	1725497890	1688438341.6
Sconica_v3_17791-RA	8	10	63118443.1	43143692.82	514352004.64	1346951930.82	230405408	49397354.93	0	0	264278744.12	1118695443.51	0	0
Sconica_v3_17812-RA	3	3	0	0	105682780.24	132049797.221	0	69962808.84	0	0	36541241.15	125486800.7	0	0
Sconica_v3_17854-RA	6	7	0	0	15316067.85	24740658.25	742790316	1330712282.42	0	0	0	0	45853164	1330712282.42
Sconica_v3_17856-RA	5	6	251830535.29	337107327.015	166107512.22	99612386.7	54391016	87607030.91	32263637.21	179643540.69	119166938.41	0	0	0
Sconica_v3_17857-RA	1	1	0	0	0	0	168615760	165817415.1	0	0	0	0	0	165817415.1
Sconica_v3_17858-RA	2	4	19204090.208	9008836.226	286196922.4	421793466	19319792	4809963.218	0	0	286196922.4	421793466	0	0
Sconica_v3_17859-RA	13	25	70119339.78	80241383.75	256609146.07	279466639.16	3792272880	4355416057.24	0	0	0	0	3726677584	3832980949.61
Sconica_v3_17881-RA	1	1	0	2452016.769	17868390.86	55627447.53	0	0	0	0	0	55627447.53	0	0
Sconica_v3_17891-RA	2	6	443749997.3	363975959.9	469673016.4	410089317.9	115537950	138811906.4	443749997.3	363975959.9	469673016.4	410089317.9	115537950	0
Sconica_v3_17894-RA	4	4	0	0	0	0	404869968	198166112.67	0	0	0	0	337622728	85983754.74
Sconica_v3_17904-RA	2	4	12768575.053	4333943.83	279466139.71	438393425.7	0	0	0	0	279466139.71	438393425.7	0	0
Sconica_v3_17909-RA	5	5	0	9264492	523470923.44	1022314633.3	100507273	63238550.688	0	0	394169392.9	190777559.7	33373046	0
Sconica_v3_17923-RA	1	1	44063825.95	0	21072121.92	47937413.94	0	0	0	0	21072121.92	0	0	0
Sconica_v3_17925-RA	2	3	0	0	55501653.513	202892119.53	16098147	11693952.31	0	0	50912419.35	202892119.53	0	0
Sconica_v3_17926-RA	1	1	127878584.9	74515112.56	22909994.04	88336971.46	0	0	127878584.9	0	0	0	0	0
Sconica_v3_17927-RA	1	1	64188004.47	36447917.7	81700360.03	173935334.1	0	0	0	0	81700360.03	0	0	0
Sconica_v3_17930-RA	9	16	46239121.665	60348220.07	51949604.85	2723091.244	1692706492	1607285735.15	0	0	0	0	1648578960	1160575802.9
Sconica_v3_17932-RA	14	96	16456042648.44	16301697425.51	13628497578.541	8228330313.791	11271277805.3	13953502464.4	15760916030.1	8765476039.47	13463590805.643	5063630047.541	11132431811.3	11949897456.4
Sconica_v3_17938-RA	5	10	305019793.953	365264186.456	140658881.23	173538677.03	11774597	6799449.8	299055970.69	331216064.176	29163817.18	0	0	0
Sconica_v3_17951-RA	1	1	0	0	0	98997654.29	10192850	15020565.85	0	0	0	98997654.29	0	0
Sconica_v3_17955-RA	1	5	74204888.01	175382454.1	181133080.5	323529966.3	0	0	74204888.01	175382454.1	181133080.5	323529966.3	0	0
Sconica_v3_17986-RA	5	13	1604213397	1415462530.4	964608791.42	864228182.3	0	10849764.94	1520696971	1128137857.6	923301678.4	435801451.9	0	0
Sconica_v3_18000-RA	4	5	10360027.7	6568891.561	403049939.54	27784264.66	57239992	173880919.47	0	0	403049939.54	0	0	58532882.99
Sconica_v3_18011-RA	3	5	192337263.52	401426918.48	324477405.6	138338346.47	11653026	0	55768507.15	310068027.26	324477405.6	0	0	0
Sconica_v3_18020-RA	6	6	41704804.85	30799244.61	436508165.23	563861211.08	22889534	30639151.71	0	0	174212873.07	253760641.62	0	0
Sconica_v3_18023-RA	1	2	0	0	15194276.39	44312895.38	0	0	0	0	15194276.39	44312895.38	0	0
Sconica_v3_18035-RA	23	96	1184655359.747	1304236686.596	5543086458.21	4646352141.07	131865083755	128060175074.7	0	0	4536629237.6	3210804696.9	99326623595	126986673799.7
Sconica_v3_18056-RA	1	1	121445503.7	48951791.31	25807242.68	0	58195652	126720453.3	121445503.7	0	0	0	0	0
Sconica_v3_18062-RA	5	6	15570384.18	24574762.09	354009297.17	616502029.17	311784960	212383044	0	0	288296296.26	292806840.34	0	0
Sconica_v3_18067-RA	14	29	1489779761.09	2240275331	1042786712.28	856163898.35	276086997	235006703.956	1168990700.87	1340892995.92	706456266.2	361266608.74	0	0
Sconica_v3_18080-RA	3	8	75782307.26	142190646.35	483829496.1	1053747971.1	149975444	522973592.16	75782307.26	93670958.38	366066626.7	1053747971.1	149975444	436386633.9
Sconica_v3_18083-RA	2	5	262454236.5	208891597.8	47038857.32	135629007.2	1201020368	1322824564.2	0	0	0	0	1201020368	1322824564.2
Sconica_v3_18092-RA	6	24	34049287.27	66584863.15	132629090.22	268744057.5	5950885647	3965199777.53	0	66584863.15	114985581.7	268744057.5	5950885647	3920097387.6
Sconica_v3_18105-RA	17	98	106381914639.752	79929713118.8758	65456325014.25	48834171416.405	706118375.5	2001050780.154	106272641110.52	79214264782.0708	65441247647.52	48673856640.415	421961188	524273052
Sconica_v3_18125-RA	5	19	2095394504.3	2423981132.1	5824750026.5	2167095128.9	121391576	195199697.47	1635367922.4	1523804420.7	4463574804.5	780571717.5	29953624	0
Sconica_v3_18149-RA	4	6	16098670.3	0	1510539839.5	2041298971.7	37740452	124537232.11	0	0	1510539839.5	743576704.4	0	0
Sconica_v3_18150-RA	9	17	5060399.708	40540706.38	3629010440.01	4607511225.4	326424240	153695415.07	0	0	3508271217.51	3929373083.9	153662032	153695415.07
Sconica_v3_18159-RA	1	1	0	0	0	0	128033161	126830402.8	0	0	0	0	128033161	0
Sconica_v3_18164-RA	1	2	77792636.89	38775597.06	42878770.13	212960065.2	0	0	0	0	42878770.13	212960065.2	0	0
Sconica_v3_18201-RA	17	55	3528023035.684	6059108169.18	3484119613.05	2265589304.14	784294308	214483561.977	3195463504.734	5517258754.08	1688435912.41	1745000547.7	0	0
Sconica_v3_18203-RA	10	26	19275800.491	40615044.143	3003209858.98	10129894845.7	465694909	790531312.09	0	8452111.43	2919199711.3	9341326928.4	274449144	188372818.88
Sconica_v3_18205-RA	14	56	7337069943.79	6743284925.86	2646955908.98	1623328542.29	0	105276002.896	6226576224.07	6270539161.22	1921000252.28	1286311199.88	0	0
Sconica_v3_18210-RA	12	16	84268276.92	345133505.7	1727230166.53	1786719997.68	144188870	44598172.74	0	0	1055308844.83	1477652768.38	41136416	0
Sconica_v3_18211-RA	37	105	8420192666.176	14483227119.058	12297909904.83	5454389079.28	1320068936	1014894778.724	5567453907.71	12572685991.96	8948707318.89	3464818033.6	380596900	37932679.979
Sconica_v3_18219-RA	3	6	0	0	5607658084	0	1088967232	424152127.56	0	0	5607658084	0	438863264	334753586.3
Sconica_v3_18222-RA	1	1	0	0	0	55855688.87	0	0	0	0	0	55855688.87	0	0
Sconica_v3_18225-RA	10	28	4270052010.71	4997957343.74	2698205738.341	3987155865.5	421485124	2885252346.27	1815463970.5	2806640738.4	1726400811.3	3868119412.3	337706828	2174204547.3
Sconica_v3_18227-RA	3	13	189404367.15	198240281.5	3066283514	3023052865.1	716593700	643864725.2	39855003.52	71200842.3	3066283514	2769479442	90775716	643864725.2
Sconica_v3_18228-RA	9	14	31372860.49	43084770.24	951456040.518	1190096575.45	444730039.9375	234699365.591	0	0	655336241	790700021.32	267322932	0
Sconica_v3_18231-RA	11	57	3177644233.93	8209004765.5	3822501145.97	2719764565.76	509986674	671440023.85	3050323845.33	8209004765.5	3121556437.27	1114550768.7	257311174	39821967.47
Sconica_v3_18253-RA	2	3	128649586.34	126195163.78	46030971.297	285845112.1	0	84642888.42	53223133.24	126195163.78	0	0	0	0
Sconica_v3_18280-RA	11	16	1756838442.902	521254722.102	1001147137.22	2128020682.88	492404318	231460529.53	0	0	437559088.79	2055791880.05	0	0
Sconica_v3_18300-RA	4	8	83844467.73	0	582723778.35	1737033470.9	66464552	78576772.6	0	0	363396817.45	1737033470.9	57362464	19732325.09
Sconica_v3_18350-RA	1	1	0	0	84194260.51	58364339.21	0	0	0	0	0	58364339.21	0	0
Sconica_v3_18354-RA	17	69	11762285052.02	15484053115.97	9362588283.16	7357361631.7	3553992195	3919841007.38	7635944941.1	10194179035.67	6097436849.5	5492357140.3	2929067716	3468232177.17
Sconica_v3_18374-RA	2	3	19080586.28	40465264.94	1334604475.6	1385239570.1	201779270	188724464.2	0	0	1177159335	1385239570.1	0	0
Sconica_v3_18392-RA	7	8	0	31240317.03	0	0	367625337	52591126.212	0	0	0	0	367625337	0
Sconica_v3_18394-RA	1	2	0	0	20347841.26	99363522.7	0	0	0	0	20347841.26	99363522.7	0	0
Sconica_v3_18397-RA	2	2	0	0	187640695.97	761394873.9	0	40700903.43	0	0	0	761394873.9	0	0
Sconica_v3_18436-RA	5	6	11224782.2	0	462847653.7	763622819.9	77434558	96013657.44	0	0	346003237.5	440734200.1	0	0
Sconica_v3_18453-RA	1	1	0	0	281117036.7	0	0	0	0	0	281117036.7	0	0	0
Sconica_v3_18469-RA	8	54	16725904397.6	14966182194.3	7769125184.98	5796848657	52062834	40359868.23	13166428423.1	14551317719.1	7769125184.98	3256988554.6	0	0
Sconica_v3_18473-RA	3	4	0	0	277063347.25	519603882.85	0	0	0	0	277063347.25	93677595.85	0	0
Sconica_v3_18475-RA	1	2	0	0	582782574.3	994532364.4	59531812	60341455.2	0	0	582782574.3	994532364.4	0	0
Sconica_v3_18492-RA	3	4	139135550.66	267206715.9	124115927.53	0	15575616	0	0	220828569.77	124115927.53	0	0	0
Sconica_v3_18512-RA	15	109	161665768.334	207838593.299	4479129180.1	8667421669	93493191025.5	67747684441.8	18968157.71	147683681.34	4078157755.8	5286988738.4	93493191025.5	62870536020.6
Sconica_v3_18520-RA	1	2	39041867.86	61551277.71	21497834.38	0	0	0	39041867.86	0	21497834.38	0	0	0
Sconica_v3_18534-RA	2	8	0	0	637422999.5	927454888.4	0	0	0	0	637422999.5	927454888.4	0	0
Sconica_v3_18556-RA	1	1	0	0	60739185.33	106346023.7	0	0	0	0	60739185.33	0	0	0
Sconica_v3_18557-RA	6	22	4157221792.8	3435728885.1	1812949471.5	1205523213.46	9612304	205308290.64	3180708505	3435728885.1	1357976873.8	622777965.2	0	0
Sconica_v3_18569-RA	1	1	0	0	25710031.94	71568176.78	0	0	0	0	0	71568176.78	0	0
Sconica_v3_18576-RA	1	1	0	0	89892810.43	0	15548125	23829738.12	0	0	89892810.43	0	0	0
Sconica_v3_18584-RA	8	38	4439500176.4	3981681963.9	4006855829	4723157804.3	3280260025	983342779.28	4192971828.6	3693116853.7	4006855829	3594689322.1	286276704	502628677.5
Sconica_v3_18595-RA	1	2	16337375.07	36191297.64	51015351.52	66373053.22	0	0	16337375.07	36191297.64	0	0	0	0
Sconica_v3_18614-RA	8	11	148714208.1	263701476.44	729302459.67	918570332.18	18867486	53546292.16	0	55649540.44	418602047.95	432026214.88	0	0
Sconica_v3_18618-RA	11	21	1042902702.88	824800177.16	1574292072.51	3104507312.44	244403644	222833854.289	328439106.5	607993246.95	1499656269.4	2568450054.76	50907444	41938825
Sconica_v3_18621-RA	1	1	0	0	0	0	1141982592	1513862145	0	0	0	0	1141982592	0
Sconica_v3_18624-RA	15	42	234505255.99	198108616.414	18582347092.63	14073755599.09	1695389746	1847344601.93	20461722.32	0	16280614763.3	12299087724	1193450406	1081098749.86
Sconica_v3_18642-RA	7	12	269144254.13	521395151.35	661099943.84	383148759.92	20138636	26427097.686	178928079.66	446672730.49	55112600.66	96742646.9	0	0
Sconica_v3_18660-RA	1	1	0	0	30138832.55	83245820.56	0	0	0	0	0	83245820.56	0	0
Sconica_v3_18661-RA	4	8	127478979.33	119611372.99	1008600784.4	2527350442.1	128330110	232743414.846	0	0	860419482.2	2058929802	79912976	76749969.87
Sconica_v3_18664-RA	1	1	0	0	0	0	16902122	0	0	0	0	0	16902122	0
Sconica_v3_18672-RA	2	2	0	0	0	169094701.89	0	0	0	0	0	169094701.89	0	0
Sconica_v3_18673-RA	10	26	254059668.586	266044463.645	356480715.26	514014807.2	4997499960	5599597850.67	112705121.8	91506061.37	97721590.9	410963827.6	4117663352	5376995892.68
Sconica_v3_18683-RA	4	6	818189296.7	1686249402.1	559782283.35	176317493.2	0	15092970.79	818189296.7	1192495085.1	159181607	0	0	0
Sconica_v3_18692-RA	6	12	447079482.6	451531914.29	295209036.85	255097204.79	192809758	152353206.66	390994469.45	393194913.77	165814615.02	0	32507454	0
Sconica_v3_18704-RA	9	43	615707809.77	685713002.01	21125969299.438	40239646697.482	2170517591.4	1100262202.42	544071574.9	616790644	21112308188.5	40231408946	2106284982.4	871446979.38
Sconica_v3_18708-RA	13	48	107202201.23	144660631.64	7602129862.8907	13637241868.39	353435726.5	108965100.8	107202201.23	32705457.66	7527358388.8	13565154167.2	192816974.5	0
Sconica_v3_18737-RA	2	3	77476907.03	174361922.71	34273047.28	0	34149732	0	0	174361922.71	34273047.28	0	0	0
Sconica_v3_18741-RA	4	8	409073744.12	654969404.36	648089463.94	450185236.07	52978416	15184119.27	409073744.12	580188421.48	132865023.2	278977633.5	0	0
Sconica_v3_18742-RA	1	2	41100006.17	0	139905342.8	281574342.4	0	0	0	0	139905342.8	281574342.4	0	0
Sconica_v3_18743-RA	10	17	720829438.294	832939105.43	2258004193.381	4972096048.5	141261243	106284431.131	0	0	1119799170.66	4972096048.5	0	31298282.11
Sconica_v3_18744-RA	2	3	0	0	45157198.61	115192531.88	0	0	0	0	0	115192531.88	0	0
Sconica_v3_18762-RA	2	8	0	0	768899133.1	947804898.87	39097191	100460130.26	0	0	768899133.1	947804898.87	39097191	58233007.01
Sconica_v3_18764-RA	2	9	821789181.7	907072208.7	1097906499.3	5704148708	184041838	238637262.14	174215236.1	907072208.7	958510300.7	5704148708	83772160	80216511.44
Sconica_v3_18772-RA	6	9	0	0	243651655.5	316847615.7	259192616	695883088.31	0	0	125023161.6	113708900	121502068	487995503.91
Sconica_v3_18789-RA	1	1	0	44824623.07	0	0	0	19495225.79	0	44824623.07	0	0	0	0
Sconica_v3_18800-RA	7	13	602803769.24	749545753.74	944418038.98	2332465351.56	79052228	270279385.7	509929997.3	503864793.57	239065183.23	433916904.6	0	0
Sconica_v3_18809-RA	1	1	0	0	129918764.4	258763326.2	0	0	0	0	0	258763326.2	0	0
Sconica_v3_18810-RA	2	5	42485579.31	49057957.437	20400696.74	42491142.8	482963765	334789565.1	0	0	0	0	482963765	149488446.5
Sconica_v3_18811-RA	5	7	0	20570947.84	66702120.187	0	387087350	417206563.78	0	0	0	0	293581376	364575738.39
Sconica_v3_18814-RA	8	14	7179274.066	0	0	0	1976725210	1609081206.91	0	0	0	0	1852397242	1486576882.5
Sconica_v3_18816-RA	1	1	0	0	0	129934411.2	0	0	0	0	0	129934411.2	0	0
Sconica_v3_18836-RA	11	15	147485844.59	115184831.92	2099347674.33	2041667539.4	193442488	668594748.495	0	0	1884223645.13	1263257113.8	0	0
Sconica_v3_18840-RA	1	1	0	0	66982109.09	102263512	0	0	0	0	66982109.09	0	0	0
Sconica_v3_18852-RA	6	15	541016826.66	427828072.82	1041662441.8	854629127.18	285899089.5	221933255.76	417616911.1	427828072.82	863554762.4	545157990.3	18927368	0
Sconica_v3_18921-RA	1	1	0	0	47719764.12	62522929.4	25792342	13040452.57	0	0	0	62522929.4	0	0
Sconica_v3_18937-RA	1	1	0	0	26306832.79	0	0	0	0	0	26306832.79	0	0	0
Sconica_v3_18945-RA	5	25	342006121.4698	278211952.917	234090167.3	530632814.6	1717484631	2009364916.282	341117072.45	278211952.917	0	495246003.5	1717484631	2009364916.282
Sconica_v3_18948-RA	11	40	186840226.38	358846944.5903	488250897.57	1030485001.978	2749064093	2383609298.487	81585706.11	67176789.041	435128916.4	994120139.268	2023340781	2310630796.277
Sconica_v3_18961-RA	14	22	1013579456.08	2279438540.76	463016803.643	747684221.4	188993473	48855766.61	553021676.75	2279438540.76	339796696.47	136455410	0	0
Sconica_v3_18974-RA	10	19	119631776.69	313559555.84	212831194.75	266481703.28	950001404	1045840070.9	23300792.52	209618290.06	39142081.31	0	882432988	463253094.99
Sconica_v3_18976-RA	2	4	140858318.01	167129720.56	132405708.4	166930906	5236832	0	140858318.01	167129720.56	0	0	0	0
Sconica_v3_19001-RA	2	2	0	0	333117545.3	592077294.7	486126176	81984557.48	0	0	333117545.3	267132871.9	0	0
Sconica_v3_19003-RA	2	2	0	4796112.904	117517049.58	77553559.1	0	0	0	0	117517049.58	0	0	0
Sconica_v3_19004-RA	1	1	0	15214754.87	48860048.76	34647662.83	0	0	0	0	48860048.76	0	0	0
Sconica_v3_19018-RA	12	16	0	0	997448291.27	2199196633.31	221405572	269979681.03	0	0	305030752.43	2199196633.31	0	54695203.5
Sconica_v3_19026-RA	3	5	33653984.26	50266626.73	0	0	238414964	173577723.23	0	0	0	0	238414964	153097604.3
Sconica_v3_19035-RA	5	8	0	21118884.08	496415421.25	851423167.01	32526436	22789406.49	0	0	237603099.65	820929985.2	0	0
Sconica_v3_19043-RA	10	28	1865026215.88	1420403126.33	2454937238.98	2765616419.19	1163782131.5	960562276.63	1582069914.9	1257834377.8	1603968108.72	2373304851.16	700692368	303612262.26
Sconica_v3_19047-RA	12	13	21834687.06	235642556.69	298151102.33	3742597851	126340584	198175468.05	0	0	97843883.3	3159994472.6	0	0
Sconica_v3_19049-RA	6	6	28961865.44	24672832.81	634314870.74	2167756317.8	0	0	0	0	120851168.4	1843138653	0	0
Sconica_v3_19055-RA	2	6	1071866182.38	1198670615	576062591.7	741757527.6	77509112	97287519.85	1071866182.38	1198670615	399531090.5	270154901.6	0	58493663.99
Sconica_v3_19059-RA	2	2	72162502.87	63862904.93	0	0	0	0	72162502.87	35158229.74	0	0	0	0
Sconica_v3_19078-RA	1	1	11623403.88	0	86648482.75	84390048.09	0	8414538.249	0	0	86648482.75	0	0	0
Sconica_v3_19084-RA	25	207	181328107938.27	248493236317.356	190126995032.46	128326904804.76	18716692567.5	18813954988.4	181264043472.5	248458476550.7	189907603277	128257666160.4	18589209585.5	18460096560.5
Sconica_v3_19085-RA	6	31	7415685835	9562230305.4	3906686159.54	4414548326.03	1820227808	1722579080.03	4724557058	7103468463.4	2289285791.6	4223827381.5	1703874984	1722579080.03
Sconica_v3_19090-RA	8	30	5116719627.9	5559288999.2	3436091041.4	2580699740.6	4319391673	3987073741.92	4595601055.5	5559288999.2	2729991803.8	2564835608.2	0	0
Sconica_v3_19127-RA	7	10	25683560.53	21048977.3	17989950.75	69686210.91	1251133664	1110688875.32	0	0	0	0	1142893232	656540162.2
Sconica_v3_19136-RA	1	1	0	0	29772377.52	50108575.29	0	0	0	0	29772377.52	0	0	0
Sconica_v3_19137-RA	9	12	46728247.47	103435959.92	0	20768627.589	2388073730	2910464677.7	0	0	0	0	1876152722	1502710765.8
Sconica_v3_19153-RA	19	61	361061251.1	105581148.5	1139837507.3	2722126087.469	33691694512	25731554481.281	0	0	829241006.8	1912997828.1	33543553098	21639204387.35
Sconica_v3_19156-RA	8	14	96998274.09	156096819.66	43277477.51	0	2175735704	2027635216.16	0	0	0	0	1445979864	1852046072.3
Sconica_v3_19184-RA	2	2	0	0	182476690.15	206513634.45	56864240	0	0	0	70838283.15	125780099.6	0	0
Sconica_v3_19193-RA	15	22	0	131744314.35	217979008.19	431143303.09	2265834333	2083374841.95	0	0	0	0	1932562287	1501765067
Sconica_v3_19232-RA	13	24	728955935	586001636.6	2685368835.8	3419405910.58	317860515	210453613.53	0	0	1965589711	3027052831.56	0	0
Sconica_v3_19270-RA	3	9	386099635.1	246393482.53	438570901.15	323845169.29	0	10407662.62	386099635.1	246393482.53	308232569.55	60608561.09	0	0
Sconica_v3_19280-RA	2	2	7759471898	2679650106	3918899023	1496327042.4	221385488	367918136.4	0	0	0	1496327042.4	0	0
Sconica_v3_19476-RA	10	15	92292497.772	851091197.361	295727632.8	941177634.42	1170507327	1341010373.29	0	0	73900744.36	209028280.58	799821164	533236498.32
Sconica_v3_19478-RA	6	10	1299619981.743	5354521.674	1288443104.918	123322542.53	2829008752	2866423905.26	0	0	0	0	1941822016	2824189772.17
Sconica_v3_19480-RA	11	78	163529806967.663	106216244986.17	86675297611.7	117735473384.04	2406429068	4821131383	163276980110.873	106147255678.56	86675297611.7	96297340253.84	1467957628	2465220766.9
Sconica_v3_19511-RA	2	2	4500723.926	16066299.83	35636077.79	121872596.7	0	85097420.07	0	0	22515601.36	67397485.92	0	0
Sconica_v3_19518-RA	4	15	67154610.25	78314734.44	2061685631.8	2513684069	428533332	590860020.4	0	0	2061685631.8	2513684069	428533332	342666549.4
Sconica_v3_19580-RA	4	7	3141450.318	0	189178506.5	121801566.3	588882100	1402150470.3	0	0	0	0	588882100	463401746.3
Sconica_v3_19720-RA	2	2	0	22902632.59	0	0	70431376	279270137.71	0	22902632.59	0	0	70431376	0
Sconica_v3_19726-RA	1	2	0	35686064.46	0	0	0	0	0	35686064.46	0	0	0	0
Sconica_v3_19838-RA	4	12	241297644.55	420079746.09	644075470.05	804483440.3	123172984	139321521.477	219517716.53	226716821.9	629005327.57	804483440.3	99366488	0
Sconica_v3_19839-RA	10	29	22931476.035	45906740.67	6387210853.54	13732637271.1	1191665651	1336668302.07	0	0	6375880967.1	12319250138.1	837448104	384693629.46
Sconica_v3_19843-RA	12	53	9860051244.6	8221449935.636	4890094156.22	3770346695.17	179576358	221065790.79	9147509623.8	7042169525.3	4438217348.1	3603250503.39	0	0
Sconica_v3_19852-RA	2	4	8579474.637	0	127408868.45	201477496.49	0	0	0	0	127408868.45	201477496.49	0	0
Sconica_v3_19877-RA	1	1	0	0	33226485.7	60131271.26	17598632	0	0	0	0	60131271.26	0	0
Sconica_v3_19908-RA	3	4	0	0	146647366.79	193648181.85	0	0	0	0	109739081.46	166924910.32	0	0
Sconica_v3_19916-RA	13	30	594607785.84	990104984.07	1545890364.64	1208604145.62	1994981816	2010353540.434	320196189.41	655142054.71	1179385815.5	75814216.79	1074929360	1600961424.93
Sconica_v3_19966-RA	14	28	1229944135.43	2912408567.77	1483472621.15	685054263.29	80546677	341147585.852	731694128.81	2704726956.76	795942760.52	248812906.76	0	0
Sconica_v3_20028-RA	1	1	0	0	67537900.58	158933213	0	0	0	0	0	158933213	0	0
Sconica_v3_20042-RA	8	17	1497019190.58	3350519662.67	1169705621.11	480565325.19	0	415373005.63	1019984645.28	2767695553.7	942574894.5	0	0	0
Sconica_v3_20078-RA	4	8	325968171.13	371337420.77	251852877.11	196881022.57	0	0	161005659.53	330581086.4	62599279.98	31415766.8	0	0
Sconica_v3_20100-RA	5	6	7872789.172	17926783.791	254659865.16	331571990.14	63805110	211029924.79	0	0	254659865.16	0	0	190309419.16
Sconica_v3_20117-RA	6	12	0	0	4559576973.9	32656483.75	1119378170	976998553.8	0	0	0	0	1119378170	834627962.1
Sconica_v3_20119-RA	3	7	262218630.79	252650845.93	78032678.08	0	0	47019963.55	77902473.49	200249534.72	0	0	0	0
Sconica_v3_20138-RA	2	3	101251312.65	149138699.5	26491446.55	25571198.96	0	0	66358084.44	149138699.5	0	0	0	0
Sconica_v3_20141-RA	19	33	10280706378.54	2875363005.35	898860548.28	426624132.43	260777364	804884805.08	10280706378.54	1866645821.3	722306194.43	28374997.47	0	0
Sconica_v3_20194-RA	3	15	0	0	0	0	8818653843.8	11880542491.1	0	0	0	0	8818653843.8	11880542491.1
Sconica_v3_20218-RA	5	7	0	0	357887805.63	198013898.88	77681996	0	0	0	357887805.63	37839285.54	23806052	0
Sconica_v3_20236-RA	12	54	25030770436.4	22147729246.6	10322733772.4	10165479573.69	359271267	496886922.78	25030770436.4	22147729246.6	10181269711.83	9604350585.2	0	117750801.6
Sconica_v3_20318-RA	1	7	1822899742	3243475747	783070452	172090462.7	0	0	1822899742	3243475747	783070452	172090462.7	0	0
Sconica_v3_20342-RA	1	2	811409169.6	520673623.6	15699602.1	539578594.7	0	14643914.04	0	0	15699602.1	539578594.7	0	0
Sconica_v3_20383-RA	17	68	12262802863.3	18984468213.07	10366873793.92	3599123304.95	901144793.5	888617504.59	11807248207.2	18386263196.6	9063333999.87	2576138589.53	588385512	351871650.53
Sconica_v3_20479-RA	10	14	709641074.559	1255337593.42	516711757.18	80476394.36	120128840	115671432.156	33147551.419	1239758947.25	119052144.4	0	0	0
Sconica_v3_20482-RA	5	9	129614604.9	160970387.7	207390843.18	301883792.36	32919326	0	0	0	207390843.18	229854231.2	0	0
Sconica_v3_20520-RA	6	17	0	16722048.63	2082469051.19	2345138244.2	314622576	189492472.88	0	0	2082469051.19	2111780495.3	94929180	0
Sconica_v3_20529-RA	29	64	4602615178.88	7061390340.91	4922383463.08	4706723441.02	402277596	260194796.532	3147549675.37	5026188185.91	3088245720.88	2689491323.98	0	0
Sconica_v3_20546-RA	1	2	0	0	215893422.8	236662843.3	0	0	0	0	215893422.8	236662843.3	0	0
Sconica_v3_20569-RA	14	26	1581763962.65	1932219029.27	2383463662.84	1139864089.15	374904136.5	363585029.67	621373462.69	1868218166.19	978629234.3	496564389.7	0	0
Sconica_v3_20570-RA	3	3	0	0	59442522.3	436708206.12	6306302.5	55261932.65	0	0	0	436708206.12	0	0
Sconica_v3_20578-RA	3	4	0	9192031.646	493830655.4	386409087.1	17052088	20227590.17	0	0	248504108.1	292504892.43	0	0
Sconica_v3_20590-RA	1	1	0	0	0	76394566.12	231919216	314713300.1	0	0	0	0	0	314713300.1
Sconica_v3_20593-RA	10	20	1039380012.267	1287207402.348	1929810138.37	3094164705.9	352796731.5	1256643134.03	331870582.93	415991097.67	1165267432.6	463645875.29	31177448	777518261.72
Sconica_v3_20621-RA	1	2	40644804.11	44731944.52	511316830.5	0	0	1641821354	0	0	511316830.5	0	0	0
Sconica_v3_20633-RA	1	3	0	0	99455744.79	171339819.7	22782452	0	0	0	99455744.79	171339819.7	22782452	0
Sconica_v3_20641-RA	2	2	0	0	9900377.392	108772146	32260362	48898149.896	0	0	0	108772146	0	0
Sconica_v3_20646-RA	4	4	89884349.58	19116513.1	149836654.07	303455681	459576940	134642946.17	0	0	0	0	358574304	125276458.58
Sconica_v3_20648-RA	9	26	1442178049.63	1397433771.7	1394027417.32	953971840.03	320603952	250163636.98	1300052481.22	1163002934.76	1205242025.96	512373708.82	0	0
Sconica_v3_20660-RA	1	1	33940488.56	68459238.75	64791690.11	149174440.1	84828200	19593072.19	0	0	64791690.11	0	0	0
Sconica_v3_20679-RA	13	52	342447895.93	367011159.62	2047968709.45	3168459657.7	59897497744	37670750236.31	0	0	1061758540.21	1898771280.8	59897497744	33445219840.21
Sconica_v3_20696-RA	1	1	0	0	48331449.81	125898027.9	0	0	0	0	0	125898027.9	0	0
Sconica_v3_20704-RA	1	1	0	0	44427648.64	122175480.8	0	0	0	0	0	122175480.8	0	0
Sconica_v3_20734-RA	15	46	61095970.92	96740794.98	2740013426.06	2141269244.45	2464079551	3041388227.14	22447515.17	20407555.31	2740013426.06	1395433604.44	1991833130	2953850062.39
Sconica_v3_20759-RA	4	11	0	7221852.465	1810801988.3	1690935119.3	361165044	160004306.16	0	7221852.465	545846929.4	830242894.4	361165044	120951927.47
Sconica_v3_20832-RA	5	18	0	14479818.43	79102534.96	69505774.94	638881970	1011783349.049	0	0	0	69505774.94	565627834	1007339807.6
Sconica_v3_20857-RA	11	15	45964716.202	44771149.08	762701608.97	2527844283.4	39096534	269225738.2	0	0	232552463.84	2527844283.4	0	0
Sconica_v3_20946-RA	4	9	87881178.54	53251627.21	1728649949.02	3818928227.06	243976376	245616547.49	71642007.31	0	938687047.7	2501458679.2	53293104	167191849.08
Sconica_v3_21058-RA	12	39	1700965721.01	1454598967.74	15538081719.67	39242563056	1123697808	1718239070.2	538106934.9	567374495.8	11024804010.3	26484769909	256379456	1591691187.1
Sconica_v3_21097-RA	1	4	654921692.3	883914926.3	1294706756	337612540.5	23429476	17470337.55	654921692.3	0	1294706756	337612540.5	0	0
Sconica_v3_21101-RA	9	23	6647145387.8	6668950159	3833375474.8	3573377019.6	701656732	780222304.43	4690833027.8	4254891195	2966159930.1	2963556881.5	0	52697640.52
Sconica_v3_21132-RA	1	1	0	0	31975090.01	24294033.57	0	56938628.09	0	0	31975090.01	0	0	0
Sconica_v3_21461-RA	2	3	0	19862949.24	238638599.6	203354586.47	0	12440490.29	0	0	238638599.6	105388365.7	0	0
Sconica_v3_21621-RA	9	23	1714095400.51	1751070437.58	780839573.45	962024209.9	101436732	101439365.9	1672852824.96	1405338471.08	389788863.65	611903358.6	0	0
Sconica_v3_21663-RA	2	3	10240581.05	21963121.23	500094977.8	949487580	35526368	14530843.39	0	0	347065407	402164791.6	0	0
Sconica_v3_21687-RA	11	20	46979492.451	103872244.63	91154136.7	30433347.57	2917659442	2048869196.71	0	0	0	0	2114059378	1864058473.71
Sconica_v3_21711-RA	2	2	0	18129727.1	58331871.88	79094535.57	11658990	0	0	0	15614275.3	54298626.05	0	0
Sconica_v3_21812-RA	1	1	1210480476	451615773	456893636.9	572553454.5	0	0	0	451615773	0	0	0	0
Sconica_v3_21869-RA	7	13	0	33129668.83	1073918238.05	2544586137.6	61725360	100150425.93	0	0	848364846.6	2544586137.6	0	0
Sconica_v3_21870-RA	1	1	27147344.93	23076621.99	0	0	0	0	27147344.93	0	0	0	0	0
Sconica_v3_21906-RA	4	4	526082628.47	354218257.49	342727501.82	861009857.23	0	0	0	0	342727501.82	125784808.9	0	0
Sconica_v3_21932-RA	3	5	33919730.831	20865374.22	321731497.6	527447081.3	109056724	367003663.83	0	0	321731497.6	527447081.3	0	0
Sconica_v3_21970-RA	1	2	191570878.6	22034782.04	47679581.79	0	0	31041261.39	191570878.6	0	47679581.79	0	0	0
Sconica_v3_21992-RA	16	20	63285621.549	13132780.22	837587705.72	2170380639.29	25341570	209829047.04	0	0	502016713.27	1747954148.5	0	0
Sconica_v3_22008-RA	1	1	561578387.4	798983939.1	145940833.3	158415233.5	0	19188456.94	561578387.4	0	0	0	0	0
Sconica_v3_22011-RA	17	54	39631867.5	57923948.58	1237664561	3172885056.98	43321458489	42211577847.66	0	0	691308876.5	2090444246.49	42831600841	39457711444.3
Sconica_v3_22033-RA	2	5	0	0	226146337.6	191973325.62	70397422	80819920.17	0	0	226146337.6	191973325.62	0	0
Sconica_v3_22058-RA	25	43	408562136.97	1388004286.235	12176787465.68	20426252587.67	491045690.25	2745035770.178	0	67301908.3	6361854549.37	15435649131.47	25734762	188583430.1
Sconica_v3_22146-RA	5	8	104906101.3	95640437	978713423.77	1137321319	399452272	375305972.74	0	0	0	0	399452272	111788015.29
Sconica_v3_22154-RA	3	3	0	0	73667062.09	117363512.31	14103372	0	0	0	16831170.7	73728968.99	0	0
Sconica_v3_22178-RA	1	2	0	0	115765788.1	79706345.47	0	0	0	0	115765788.1	79706345.47	0	0
Sconica_v3_22203-RA	5	8	0	0	510610136.39	635479180.4	65969286	49884988.4	0	0	383587171.39	635479180.4	0	0
Sconica_v3_22285-RA	1	1	0	7707377.198	141166930.6	0	0	54762585	0	7707377.198	0	0	0	0
Sconica_v3_22292-RA	3	4	58284884.31	92365000.23	64138881.64	44577978.55	13018291	23921495.04	58284884.31	54091996.69	0	0	0	0
Sconica_v3_22300-RA	4	6	281509761.6	33327447.61	415994837.36	353774619.4	61785610	3352200.178	0	0	286977601.36	353774619.4	0	0
Sconica_v3_22382-RA	3	5	0	0	375299526.65	983566029.3	317156275	506134185.66	0	0	314226721.5	983566029.3	0	0
Sconica_v3_22427-RA	9	13	13791915.12	140822759.7	927907199.07	1081197361.14	58350908	95898785.08	0	0	878037560.62	561075688.36	0	0
Sconica_v3_22448-RA	16	78	4986949676.84	6572457528.4	2881614267.6	4507929858.62	4107767644	4868651247.1	4986949676.84	6512557341.4	2628427059.3	4507929858.62	3626894344	4606262416.04
Sconica_v3_22452-RA	12	22	341315057.853	197424798.658	5111851176.2	7854151282.56	1252575292	824366438.97	270305799.4	163746505.7	4811109561.3	4519761397.56	364074780	685918297.46
Sconica_v3_22518-RA	2	2	0	13834362.36	113409828.9	152722828.44	0	8456948.72	0	0	67531649.85	96571285	0	0
Sconica_v3_22541-RA	3	3	102380050	99305044.52	230391767.28	159328778.86	588435136	319158609.35	0	0	230391767.28	0	0	0
Sconica_v3_22584-RA	5	6	26207469.03	14564086.44	224649156.71	639957318.07	25926424	0	0	0	59551547.66	639957318.07	0	0
Sconica_v3_22586-RA	1	2	0	0	80481349.02	126872696.9	0	0	0	0	80481349.02	126872696.9	0	0
Sconica_v3_22597-RA	1	1	0	0	14480362.67	59112805.61	0	0	0	0	0	59112805.61	0	0
Sconica_v3_22638-RA	2	8	100894697	77925562.73	2692956437.2	7541594112	582459504	51999898.52	100894697	0	2692956437.2	7541594112	582459504	37271657.06
Sconica_v3_22653-RA	16	24	121613600.117	84201254.973	3574211742.63	4750805679.96	356779951	274521080.179	0	0	2353966437.1	4038821155.36	19592774	18335901.25
Sconica_v3_22691-RA	1	1	0	89595313.09	848450667.9	1314261086	0	0	0	0	848450667.9	0	0	0
Sconica_v3_22695-RA	6	7	0	0	22587212.17	56052349.02	936051820	948156189.26	0	0	0	0	201164240	832982604.66
Sconica_v3_22703-RA	1	1	212134886.7	223997774	33592660.32	58344703.63	17979708	14411007.1	0	0	0	58344703.63	0	0
Sconica_v3_22742-RA	2	4	0	0	0	0	72545096	259408273.13	0	0	0	0	72545096	259408273.13
Sconica_v3_22746-RA	2	5	0	0	81850850.01	152196452.53	34955020	0	0	0	0	152196452.53	34955020	0
Sconica_v3_22752-RA	1	1	8799900.155	0	44540117.57	49713210.43	8905886	0	0	0	44540117.57	0	0	0
Sconica_v3_22753-RA	12	35	4427338079.93	4618227359.81	2462148136.47	1611712685.46	473895971	483253315.126	2796336606.57	4618227359.81	1859423513.97	1123005300.6	196644844	128391775.4
Sconica_v3_22754-RA	2	3	70077057.34	72369366.41	187745786.26	272936583.55	0	0	0	0	83518092.16	272936583.55	0	0
Sconica_v3_22761-RA	11	18	392582212.73	56594440.14	667412303.01	214942776.1	1655828711	1091834450.388	0	0	0	0	1573540448	784451866.04
Sconica_v3_22797-RA	5	14	109376396.14	62873247.83	2336062509.4	2578278904.8	833604641	903494657.89	27534311.89	0	2137405119.3	2436517030.2	509696448	659203335.99
Sconica_v3_22843-RA	23	41	270859377.569	225006146.928	4712017641.26	6420705866.6	2401927220	3086746480.42	0	0	3235433312.59	3697278168.3	193550364	2762417549.33
Sconica_v3_22876-RA	19	51	216864598.739	164873524.11	680344053.35	635234324.29	11736102900	10661140800.89	0	0	52528228.5	479365622.5	11613724080	8788409044.39
Sconica_v3_22930-RA	3	4	0	0	276465741.52	223727839.17	0	0	0	0	276465741.52	109304879.5	0	0
Sconica_v3_23029-RA	1	1	65782593.7	0	0	84493084.62	12832379	6409332.875	0	0	0	84493084.62	0	0
Sconica_v3_23041-RA	6	11	22223805.76	46828004	336512778.76	320742933.25	1229281852	1191825354.75	0	0	0	0	1229281852	792538876.8
Sconica_v3_23050-RA	14	66	11541637698.01	14957728984.64	6910086717.62	7897213964.03	757844657	979523331.23	10734644931.78	14957728984.64	5589613321.59	7738621964.4	357138165	578243003.58
Sconica_v3_23069-RA	9	38	150781259.54	204610221.4282	12589130418.2	15962460333	1540321480	1138554452.3	46926101.24	98279438.43	9681470792.2	15962460333	1466022128	1077976685.79
Sconica_v3_23071-RA	1	1	0	0	0	383226538.4	16207665	9596395.446	0	0	0	383226538.4	0	0
Sconica_v3_23074-RA	1	1	0	0	0	39677896.92	0	0	0	0	0	39677896.92	0	0
Sconica_v3_23075-RA	5	9	17596007.54	11002722.78	942182179.35	1346039973.5	326673984	17811958.62	0	0	805169674.35	1346039973.5	0	0
Sconica_v3_23081-RA	4	5	60944001.53	107246483.76	83219881.55	0	50244244	13084602.68	0	107246483.76	17645382.71	0	0	0
Sconica_v3_23133-RA	1	1	0	0	18097279.54	52839051.95	58323880	0	0	0	0	52839051.95	0	0
Sconica_v3_23183-RA	1	1	0	0	70033622.08	193628870.7	27282196	0	0	0	0	193628870.7	0	0
Sconica_v3_23239-RA	10	21	702385693.39	545151108.72	138678868.13	27128320.64	241282176	431566164.66	640635950	526921218.31	16420618.77	0	0	0
Sconica_v3_23272-RA	6	6	18079829.28	37955652.36	23910601.46	1377124867.1	137507255.5	83573427.77	0	0	0	1200187340	0	53044713.91
Sconica_v3_23284-RA	1	6	19121638.63	46086992.54	65650786.67	0	87502388	116735310.2	0	0	65650786.67	0	87502388	116735310.2
Sconica_v3_23300-RA	14	34	83774297.347	118066749.222	12973341487.3	233129822.06	1140448856	944296879.97	60977109.11	0	11010561751.3	0	564306390	897796874.98
Sconica_v3_23315-RA	3	3	12301787.26	60842016.67	0	0	116167560	101154554.07	0	0	0	0	21229672	85621857.25
Sconica_v3_23326-RA	3	3	65067524.6	22940714.35	72826936.67	206026966.18	83772664	0	0	0	72826936.67	63510727.02	0	0
Sconica_v3_23340-RA	1	1	200802365.7	163782328.4	1518293536	2075651205	0	0	200802365.7	0	0	0	0	0
Sconica_v3_23355-RA	7	16	72804191.37	101519957.21	890235564.41	1019672034.37	1636105131	1987406856.27	0	0	57763367.85	533160741.5	1636105131	1553106859.11
Sconica_v3_23432-RA	17	29	17527380.72	66390273.95	263549712.374	333408890.12	6042122160	5592795730.64	0	0	0	0	5508344128	3664367286.6
Sconica_v3_23444-RA	1	2	0	0	59352230.2	99267291.71	6114675.5	0	0	0	59352230.2	99267291.71	0	0
Sconica_v3_23446-RA	2	4	50463251.78	0	106784026.2	129938741.5	178427672	109544977.52	0	0	0	0	178427672	109544977.52
Sconica_v3_23449-RA	1	2	84230426.09	22619950.75	498723173.8	821026945.5	0	23930436.89	84230426.09	0	498723173.8	0	0	0
Sconica_v3_23467-RA	1	1	38653808.09	0	0	127511108.7	0	0	0	0	0	127511108.7	0	0
Sconica_v3_23468-RA	7	10	201753413.9	156842997.6	1292828388	91460890.49	1159963782	1291093785.2	0	0	0	0	765936736	1102554433.36
Sconica_v3_23504-RA	3	9	734522382.6	1250345234.26	274926676.96	0	36945452	70084893.176	734522382.6	1250345234.26	226395452.85	0	0	0
Sconica_v3_23511-RA	10	96	149865257240.46	197844513325.32	119493770763	66077462931.76	3351714157	6929794584.37	149779004066.7	197686548427.9	119493770763	66065968853.2	1505817459	4496852865.8
Sconica_v3_23513-RA	3	6	9171079.161	71439114.87	527407480.9	1139361581.6	52622472	21406179.46	0	0	527407480.9	1139361581.6	0	0
Sconica_v3_23623-RA	1	2	0	0	45679129.39	241324980.7	0	0	0	0	0	241324980.7	0	0
Sconica_v3_23631-RA	1	1	5362723.083	0	861037207.6	2511067902	0	122381557.8	0	0	0	2511067902	0	0
Sconica_v3_23695-RA	1	2	24755296.34	25476972.12	78022230.8	231413855.5	0	0	0	0	78022230.8	231413855.5	0	0
Sconica_v3_23712-RA	24	48	52707439.96	61819693.95	671435597.676	451636689.44	7995741928	7780990565.05	0	0	0	57261651.35	7255070554	5711835692.18
Sconica_v3_23757-RA	2	2	0	0	0	19097098.08	46527956	47071749.38	0	0	0	0	23355990	31973886.47
Sconica_v3_23763-RA	3	3	0	137393370	446186353.69	598141621.37	24973958	28581616.453	0	0	80347223.09	156757781.7	24973958	0
Sconica_v3_23765-RA	6	7	23650141.12	54229320.751	22967583.25	132863790.69	1346967736	1745374794.81	0	0	0	0	136783160	1720917076.58
Sconica_v3_23767-RA	9	12	128552898.14	93108590.856	598546076.18	2658852704.6	40867558	43151760.802	0	0	148155404.5	2061174991.7	0	0
Sconica_v3_23769-RA	1	2	59843455.03	57347739.37	358347738	93691126.54	0	0	59843455.03	57347739.37	0	0	0	0
Sconica_v3_23770-RA	7	12	0	0	57279996.86	34955072.47	1978502140	558097228.599	0	0	0	0	902701564	475556410.559
Sconica_v3_23771-RA	2	2	48956456.41	0	80911899.18	237891069.13	57019060	0	0	0	0	237891069.13	0	0
Sconica_v3_23777-RA	1	1	19540335.27	17728687.49	0	0	0	0	0	17728687.49	0	0	0	0
Sconica_v3_23784-RA	9	15	10456957.53	0	3848323547.952	3112962170.31	114780989.5	75446319.869	0	0	3847286588.9	2215280175.65	0	0
Sconica_v3_23787-RA	2	3	0	0	105033394.86	650540271.3	89574672	16553481.54	0	0	73803911.69	650540271.3	0	0
Sconica_v3_23805-RA	44	151	13692589263.27	20889364529.5	10760433444.15	8077204070.563	3004269606	3445955671.44	9431693569.21	19377985339.9	6169835131.03	4446908614.97	1409767284	1726135206.48
Sconica_v3_23833-RA	10	16	7369430.179	106194851.28	780459444.99	1538940047.82	167101035	192991946.99	0	60570012.03	667550597.17	873240789.1	12631868	56247830.27
Sconica_v3_23849-RA	1	2	21013101.87	61522601.14	0	0	105150024	227879638.9	0	61522601.14	0	0	0	227879638.9
Sconica_v3_23855-RA	1	1	28015980.98	45994746.28	0	103408348.3	0	0	0	0	0	103408348.3	0	0
Sconica_v3_23856-RA	4	16	6822082.733	13166100.08	383987309.05	1160806834	5396114942	5608018307.5	0	0	79091381.95	1160806834	5396114942	5608018307.5
Sconica_v3_23858-RA	5	8	0	0	1154884311.1	799340756.61	65808428	319987204.211	0	0	1154884311.1	575294613.2	0	0
Sconica_v3_23869-RA	4	4	48321310.07	226592054.4	244442375.29	664557994.58	33291655	0	0	0	0	664557994.58	0	0
Sconica_v3_23878-RA	23	55	617443126.56	581176679.291	9272427832.22	19652272195.9	717498076	957085940.53	13403279.67	64237773.74	6929970611.1	17804163045.4	333468725	364187984.9
Sconica_v3_23903-RA	9	17	18776077.3	80196928.57	5419270313.49	10588296368.05	811869790	668770729.68	0	0	4376310669.86	8401471552.4	474027294	132961150.3
Sconica_v3_23912-RA	3	6	87747679.23	58376597.21	86439600.96	130142390.96	33062794	27399373.21	87747679.23	22162502.93	10672271.78	75061638.34	0	0
Sconica_v3_23919-RA	35	87	674401209.175	298838658.82	10593945743.57	7936319448.43	2704376371	2840496521.43	79369133.58	0	10399161958.11	6262067879.41	1461885119	1811621040.14
Sconica_v3_23920-RA	1	1	42686274	31388424.45	22938839.05	42503114.24	20187778	37904393.85	42686274	0	0	0	0	0
Sconica_v3_23947-RA	2	5	0	42489663.62	521300334	575318194.4	48511480	108608571.5	0	0	521300334	315323116.2	0	0
Sconica_v3_23949-RA	4	4	0	0	798767993.5	308136029.62	143283520	85359001.5	0	0	498553254.2	98002608.9	0	0
Sconica_v3_23961-RA	7	12	70296255.972	186862605.261	169430605.64	403122024.66	886163440	822130081.67	0	0	53847711.09	278440377.36	480925792	581116833.83
Sconica_v3_23973-RA	1	2	0	17752258.81	846562344.2	893644525.9	75092840	0	0	0	846562344.2	893644525.9	0	0
Sconica_v3_23979-RA	2	2	0	0	82474019.52	82975180.97	0	0	0	0	34862877.5	35070358.98	0	0
Sconica_v3_23996-RA	1	1	0	0	33269289.3	0	0	0	0	0	33269289.3	0	0	0
Sconica_v3_24000-RA	2	3	0	0	94377566.68	532775208.9	0	0	0	0	94377566.68	532775208.9	0	0
Sconica_v3_24012-RA	1	1	160877419.2	186515774.6	627138723.9	597578978	0	35861964.59	0	0	0	597578978	0	0
Sconica_v3_24069-RA	6	13	253386676.91	218244909.3	4292634498.37	6082918515.99	332434452	163196811.34	0	0	4292634498.37	6053977110.5	100167736	0
Sconica_v3_24086-RA	2	3	0	0	269387703.3	504106461.6	16237702	0	0	0	269387703.3	284591318.2	0	0
Sconica_v3_24096-RA	1	3	29925846.11	45094227.16	65267161.05	35465795.62	27832058	3997146.991	29925846.11	45094227.16	65267161.05	0	0	0
Sconica_v3_24102-RA	5	14	1136293790.9	1131873791.1	518023404.31	305817885.7	0	0	1136293790.9	1131873791.1	518023404.31	199133580.5	0	0
Sconica_v3_24106-RA	2	2	96123482.8	174824734	89220299.89	273196113.1	180970672	208612471	44579620.82	111395500.9	0	0	0	0
Sconica_v3_24110-RA	1	1	0	0	40831093.88	179267263.4	0	0	0	0	0	179267263.4	0	0
Sconica_v3_24172-RA	1	1	0	31535684.5	0	0	0	0	0	31535684.5	0	0	0	0
Sconica_v3_24178-RA	8	10	0	0	8520579.567	33479153.57	17965431804	22390060157.75	0	0	0	0	17725006892	22133645690.69
Sconica_v3_24185-RA	1	1	0	0	36558405.44	0	0	0	0	0	36558405.44	0	0	0
Sconica_v3_24209-RA	5	11	151933256.49	28215446.33	1867764253.821	3073896048.324	122559702	486372255.15	0	0	1866716578.51	2578529326.1	51146614	0
Sconica_v3_24283-RA	2	3	0	0	51070584.11	245965225.5	112865884	166030289.84	0	0	0	245965225.5	0	131885114.9
Sconica_v3_24285-RA	10	38	5195114527.93	4050737117.58	2349424898.19	1579225188.8	91302494	86881862.08	4189433979.23	3959274518.65	2073913627.19	1579225188.8	0	0
Sconica_v3_24317-RA	10	39	7358564550.574	13596754490.51	13018276578.7	9899633079.77	351375912	404821930.68	4640707226.1	11176623884.91	13018276578.7	1649635240.1	30894502	219852973.16
Sconica_v3_24325-RA	1	1	25861458.32	34764535.25	0	0	0	0	25861458.32	0	0	0	0	0
Sconica_v3_24334-RA	1	1	0	0	105493283.1	0	35544212	0	0	0	105493283.1	0	0	0
Sconica_v3_24366-RA	1	2	76782518.78	27471957.81	38432721.74	10186633.52	0	0	0	27471957.81	0	10186633.52	0	0
Sconica_v3_24397-RA	1	1	0	0	0	123065416.4	0	0	0	0	0	123065416.4	0	0
Sconica_v3_24398-RA	2	3	0	0	77029855.82	193847457.95	0	0	0	0	48686411.58	193847457.95	0	0
Sconica_v3_24409-RA	8	24	3477795376.177	4407732674.85	1877636964.46	2174864233.2	218858825	139741755.013	3385015852.4	3352928559.85	1102169833.7	932767371.7	117370664	65024928.82
Sconica_v3_24432-RA	3	5	135438084.2	212503077.49	58865234.49	0	138204496	514420927.59	35603810.78	107330645.6	58865234.49	0	0	0
Sconica_v3_24449-RA	13	24	143325271.07	140892363.751	3066817562.97	4822584096.59	135893871	161077453.35	0	0	2739753280.47	3945533798.79	0	0
Sconica_v3_24459-RA	1	2	1746672955	1327311176	635405155.9	910542034.4	0	1271496264	0	0	0	0	0	1271496264
Sconica_v3_24465-RA	1	1	0	61166416.48	0	0	0	0	0	61166416.48	0	0	0	0
Sconica_v3_24484-RA	3	3	29674152.2	80049268.75	87587121.67	333454372.39	0	0	0	0	31251779.73	289039141.13	0	0
Sconica_v3_24540-RA	4	5	473795980.2	219078962.66	117618426.943	73809659.21	16473114	0	473795980.2	0	80987922.36	0	0	0
Sconica_v3_24546-RA	1	1	0	0	88906512.89	0	0	182402719	0	0	88906512.89	0	0	0
Sconica_v3_24550-RA	12	53	5583154572.7	7619027490.9	9477945193.5	5324238568.02	418414782	334156142.89	5583154572.7	7221295993.1	9189219714.4	5255852747.5	220579542	124715080.18
Sconica_v3_24562-RA	21	45	1307486990.71	1363644069.74	810203034.11	680887429.62	5773812624	4410368541	1231408840	0	24142621.8	0	5773812624	2503509253.37
Sconica_v3_24564-RA	2	3	0	0	249278359.88	566877308.1	0	0	0	0	99210586.58	566877308.1	0	0
Sconica_v3_24580-RA	47	212	922896369.77	1341063579.618	5874947740.601	11238666501.36	111025121892	109875012550.91	16469691.88	0	3518184513.48	7991202897.91	106655610164	105654107271.61
Sconica_v3_24590-RA	4	5	1204676877.81	476281811.5	152752724.2	21633526.25	324349060	113174341.97	0	0	0	0	142588756	113174341.97
Sconica_v3_24603-RA	7	15	0	78136056.8	5464567628.27	8632358830.9	12390446	28039858.59	0	0	4651881892.37	8632358830.9	0	0
Sconica_v3_24604-RA	7	17	6935951.434	0	0	47876792.9	5465168248	9640529778.83	0	0	0	0	5465168248	9640529778.83
Sconica_v3_24614-RA	2	2	0	0	65115117.85	98950187.76	0	0	0	0	31036879.57	55828466.68	0	0
Sconica_v3_24662-RA	21	54	388391448.03	461526556	141875508.85	441899633.96	22075712740	15725292388.69	0	0	0	276736828.69	21111308634	15649838738.99
Sconica_v3_24704-RA	1	1	0	0	5227484.259	0	0	0	0	0	5227484.259	0	0	0
Sconica_v3_24708-RA	3	3	161157948.79	62919780.3	83652904.91	308912648.61	141374320	0	60857790.59	40028509.69	0	62060686.42	0	0
Sconica_v3_24715-RA	3	5	71112271.45	184418284.33	127014489.95	200836109.69	0	0	71112271.45	184418284.33	69974693.88	0	0	0
Sconica_v3_24718-RA	3	10	3451827385.16	6177194188.2	1892573349.2	1113274875.5	214468604	416100231.7	1599008056	6177194188.2	1808735972.3	364630802.3	0	308596194.7
Sconica_v3_24720-RA	13	535	236492386146.471	260689638911.24	168864938656.64	114902331071.02	1750478419.6	2197212679.581	236489576956.7	260689638911.24	168517455314.4	114803699118.6	1116047876.2	1509774071.14
Sconica_v3_24723-RA	22	68	733426880.221	928296013.248	2345958887.001	4380464493.273	23789964620	21089171152.5	0	0	285149598.4	2121423493.6	18336759132	19990521164.6
Sconica_v3_24728-RA	1	3	0	0	0	0	0	2940923330	0	0	0	0	0	2940923330
Sconica_v3_24734-RA	1	1	0	0	82316176.12	93747075.59	0	0	0	0	0	93747075.59	0	0
Sconica_v3_24737-RA	49	203	1632717013.495	3716338467.483	8048361962.83347	18789489046.03	152779743591	152070898367.97	54102964.55	0	6173526210.65	11485833004.73	149012423971	145214441545.3
Sconica_v3_24743-RA	28	63	4856488480.72	9054231157.955	4134497283.45	1882639906.179	307285272	546115017.549	4441791283.89	6654908694.37	2542572340.8	1112664607.48	0	80306611.31
Sconica_v3_24796-RA	3	6	0	0	219140652.11	582117502.8	0	0	0	0	219140652.11	582117502.8	0	0
Sconica_v3_24806-RA	10	34	4498027010.054	8446320579.25	1914595370.6	507640302.83	819456924	934953131.3	2470757478.89	8446320579.25	817938846.12	225259621	0	143864016.5
Sconica_v3_24808-RA	3	4	14319581.62	0	0	0	1272417816	128478963.42	0	0	0	0	1272417816	62659254.71
Sconica_v3_24821-RA	10	21	2012096597.44	2846600766.58	2554612351.49	2167177059.6	1700369899	1144970370.53	1186448524	2305675367.3	1309634469.49	1250258473.3	0	0
Sconica_v3_24873-RA	1	1	0	0	22411634.23	104702860.6	0	0	0	0	0	104702860.6	0	0
Sconica_v3_24881-RA	4	6	0	0	156897154.638	213161503.59	27355868	6147022.966	0	0	154825589.22	107534286.22	0	0
Sconica_v3_24890-RA	2	3	0	9931918.388	50357689.6	115777567.6	43575252	16921866.62	0	0	50357689.6	115777567.6	0	0
Sconica_v3_24911-RA	2	2	52116683.87	41494692.79	13503315.19	0	15312455	209463666.2	0	41494692.79	0	0	0	0
Sconica_v3_24930-RA	5	13	1265838734.68	1226475945.93	826853973.5	740403827.1	1189074144	453947210.82	1177859952.7	1226475945.93	394595425.1	569966887.9	0	0
Sconica_v3_24985-RA	4	5	0	0	297355656.69	299613462.5	33001500	62657247.8	0	0	235585259.34	102268723.84	0	0
Sconica_v3_25040-RA	10	12	0	0	1131622602.01	1654385349.62	0	67885484.27	0	0	587115369.21	1203409952.4	0	0
Sconica_v3_25052-RA	12	17	6258156.101	0	15700414.95	206788890.08	860085058	791130153.412	0	0	0	0	860085058	645941854.88
Sconica_v3_25060-RA	3	5	62893849.56	7769491.264	338187506.72	474090974.6	132724468	63654209.11	0	0	229099130.72	474090974.6	0	0
Sconica_v3_25068-RA	6	12	47474984.01	0	1114271299.54	2872984854.31	33500652	227739794.99	0	0	548972455.54	2724337984.71	0	0
Sconica_v3_25073-RA	2	2	0	0	61902899.17	240412279.52	60766269	10137280.93	0	0	0	240412279.52	0	0
Sconica_v3_25077-RA	10	17	68390994.97	0	0	452668274.423	1807542208.5	1951525181.48	0	0	0	0	1714561896.5	1756599124.38
Sconica_v3_25090-RA	2	2	38323221.99	166729740.65	0	0	0	0	0	166729740.65	0	0	0	0
Sconica_v3_25097-RA	1	1	0	0	0	0	58605332	68573481.03	0	0	0	0	58605332	0
Sconica_v3_25165-RA	3	6	0	0	18767551.6	0	1196788302	1221313601.78	0	0	0	0	1165418160	1221313601.78
Sconica_v3_25170-RA	4	6	0	13218182.52	469047029.5	195917856.97	7751612.5	38876370.287	0	0	469047029.5	168130605.91	0	0
Sconica_v3_25180-RA	2	2	0	0	685533219.7	799277238.3	0	0	0	0	685533219.7	0	0	0
Sconica_v3_25206-RA	1	1	0	0	0	0	0	31115463.94	0	0	0	0	0	31115463.94
Sconica_v3_25254-RA	19	106	58748870734.03	77995583916.167	66079481850.81	34538070689.25	9641066251.5	10957460554.18	39226732610.99	56181112934.9	65665342079.85	34437038345.27	6428879033.5	7000214229.9
Sconica_v3_25262-RA	2	3	517363063.02	548873019.64	172429362.43	294616007	41866560	0	0	548873019.64	117257997.4	0	0	0
Sconica_v3_25264-RA	15	44	5095867265.92	5205255791.71	2085113440.05	1853956727.75	186664678	60731970.74	4187942096.52	5008673309.11	1837208117.6	1281031825.42	0	0
Sconica_v3_25266-RA	4	6	89464810.47	52636622.77	539355561.39	2600356403.51	15053135	0	0	0	412943680.39	2440862941.91	0	0
Sconica_v3_25283-RA	2	2	0	0	248588089.7	371319269.17	10782262	0	0	0	111413985.8	322698374.6	0	0
Sconica_v3_25295-RA	9	18	1372711287.86	1022705622.83	718661291.09	496344610.85	570055584	318207572.2	1149272744.14	915257990.91	216339691.1	134819908.3	386976608	135299872.66
Sconica_v3_25316-RA	1	1	0	0	22536716.46	18836742.9	0	0	0	0	22536716.46	0	0	0
Sconica_v3_25324-RA	4	7	240692734.21	241444020.65	60829108.81	77502761.59	0	0	240692734.21	118277907.01	0	0	0	0
Sconica_v3_25330-RA	1	1	59655430.98	73853317.43	0	205769779.7	141598048	136282970.2	0	73853317.43	0	0	0	0
Sconica_v3_25331-RA	3	3	0	0	288890474.28	95847657.39	47772720	110393249.5	0	0	288890474.28	0	0	0
Sconica_v3_25345-RA	1	1	0	0	27090529.98	47074473.67	0	0	0	0	27090529.98	0	0	0
Sconica_v3_25352-RA	2	3	0	12157623.03	100629740.5	30195799.58	275059776	706279854.4	0	0	100629740.5	0	0	0
Sconica_v3_25361-RA	42	182	1600624726.164	1184652427.8897	10399109625.432	19354647788.636	231695271260.25	182613355681	234245628.75	0	7729049483.9	14025917052.47	207701469353.5	170638784234
Sconica_v3_25384-RA	24	103	24536785378.83	38961680594.79	19487460811.22	9698875292.49	1678644027	2907656357.13	18013504335.23	31612326830.99	15731019606.6	7475179568.5	423211549	410909837.27
Sconica_v3_25385-RA	13	39	4813751505.16	5847618174.26	5116834797.82	5486672457	811258840	656624495.885	3886550894.06	3385108803.5	3655908229	4905175976.1	376328960	649745228.07
Sconica_v3_25422-RA	7	18	4802429920.3	5783114702.8	5795039393.81	4602728425.3	372325122	230328682.11	1184121612.3	1987709724	3852515395.6	4602728425.3	79253126	0
Sconica_v3_25445-RA	34	65	515967805.125	1211890164.6865	1057519591.966	866156438.84	9346683040	9506149685.17	0	231700721.6	0	143059034.52	7572704480	7972610955.43
Sconica_v3_25446-RA	8	18	29992371.53	9949444.337	343713528.39	513080385.71	1881003568	1810907600.49	0	0	60076614.83	382901399.91	1349386832	1486419058.51
Sconica_v3_25452-RA	1	1	36440111.26	46507083.56	97581838.05	0	0	0	0	0	97581838.05	0	0	0
Sconica_v3_25458-RA	4	16	2553755155.8	1174252699.3	736841485.7	40856841.35	958099744	661452210.86	2553755155.8	1174252699.3	736841485.7	0	818253152	469415374.46
Sconica_v3_25460-RA	4	5	0	0	474672008.12	113564679.9	0	0	0	0	474672008.12	0	0	0
Sconica_v3_25483-RA	13	34	3857920059.53	5887846111.14	8241647183.54	4339558948.95	173238608	306938666.48	2237843479.95	5863824139.95	6783382645.19	3532066257.38	29945440	285243277.66
Sconica_v3_25487-RA	3	7	74964287.86	129447756.09	124237076.27	208966169.2	19199108	0	74964287.86	80470272.17	70990663.46	58289237	0	0
Sconica_v3_25493-RA	4	5	0	0	341692537.45	992406024.9	463310322	432339114.7	0	0	96569006.44	992406024.9	0	0
Sconica_v3_25495-RA	10	40	9796905544.43	14352092346.2	9460400963.7	8645764373.7	353878618	476069557.84	8815117874.23	12647825094.2	6506503416.8	5937689299.3	27089258	0
Sconica_v3_25502-RA	22	53	178584876	150104288.89	3642244735.74	5340633401.939	4183513440	5962539403.967	0	15377830.83	3040479369.5	5146864071.6	3013985100	5643087885.09
Sconica_v3_25514-RA	5	5	148731546.49	0	337704468.13	541317736.01	78631938	122070863.32	0	0	55302359.29	446926304.5	0	92561096.57
Sconica_v3_25516-RA	1	1	0	50955964.14	0	0	0	0	0	50955964.14	0	0	0	0
Sconica_v3_25544-RA	25	73	201618424.381	449537408.5983	596360467.707	879547045.53	26603936388	23475044877.38	0	0	43039754.64	138690041	26294677012	23003188284.18
Sconica_v3_25558-RA	14	25	173219113.851	78019139.35	283606120.749	719613049.89	4743636588	3847825911.45	0	0	0	109176073.8	4056131360	3847825911.45
Sconica_v3_25565-RA	3	11	730547115.82	871917885.89	195982067.3	256930088.88	97959632	498029022.3	730547115.82	871917885.89	0	203491846	97959632	0
Sconica_v3_25567-RA	23	60	19142705215.99	13895111138.4	6529790633.1	8263536125.94	88514884	201505769.882	16338684712.8	10331963270.5	2533314970.4	7603578165.99	0	0
Sconica_v3_25575-RA	1	1	0	0	31060291.43	84190280.93	281614144	83899237.7	0	0	0	0	0	83899237.7
Sconica_v3_25578-RA	2	2	0	0	144405725.9	254048513.31	0	0	0	0	0	254048513.31	0	0
Sconica_v3_25580-RA	1	2	65842641.03	97639762.82	218074421.6	326964056	0	83805663.69	0	0	218074421.6	326964056	0	0
Sconica_v3_25591-RA	3	4	85583478.79	20894440.99	410916933.35	483978593.35	58062916	135291466.382	0	0	359055475.05	445012734.5	58062916	0
Sconica_v3_25605-RA	20	32	176901113.64	374537528.02	589770844.3555	520966601.033	2842773982	1951666491.14	0	0	0	0	2758834642	1743534979.75
Sconica_v3_25633-RA	25	35	21751046.58	12910013.212	211281968.087	428210107.34	7186748642	4945754248.62	0	0	0	0	4276279248	3407272588.72
Sconica_v3_25644-RA	1	1	0	0	75259454.66	105390640	0	51021812.07	0	0	0	105390640	0	0
Sconica_v3_25647-RA	5	5	0	0	458054702.72	710298317.22	123507712	233783371	0	0	330634180.31	215115412.95	0	0
Sconica_v3_25648-RA	1	3	0	0	50135949.56	38674713.6	0	0	0	0	50135949.56	38674713.6	0	0
Sconica_v3_25677-RA	1	5	1501416753	4043585142	910079787.6	410943060.6	26731548	52063573.99	1501416753	4043585142	910079787.6	410943060.6	0	52063573.99
Sconica_v3_25678-RA	8	9	231696892.651	192442537.866	1186407036.36	2363136956.03	78017569	88269681.112	0	0	421163808.46	2204710825.05	0	0
Sconica_v3_25697-RA	1	1	0	0	41658980.93	0	0	0	0	0	41658980.93	0	0	0
Sconica_v3_25698-RA	7	86	405940317.45	368640884.51	1308094679.51	2786302018.96	28528203187.9	24542440665.05	370843908.75	357275857.09	1308094679.51	2786302018.96	28528203187.9	24526228777.9
Sconica_v3_25738-RA	1	1	0	0	0	71540719.13	0	0	0	0	0	71540719.13	0	0
Sconica_v3_25825-RA	1	2	96645673.4	80497175.58	0	42165180.15	0	0	96645673.4	80497175.58	0	0	0	0
Sconica_v3_25841-RA	9	20	701882472.22	621925881.84	1148055482.79	1802967480.47	351747304	137264906.361	366231029.39	383639693.82	926847627.17	853355812.7	276933706	34592953.26
Sconica_v3_25846-RA	8	11	548788065.84	501908958.347	86703107.27	180026897.25	29319910	71269662.24	268583002.77	447771234.95	86703107.27	0	0	0
Sconica_v3_25883-RA	1	1	0	0	0	29122243.48	0	0	0	0	0	29122243.48	0	0
Sconica_v3_25891-RA	7	17	11159252.57	0	615687095.67	249099618.41	4005756280	3324427366.9	0	0	541462666.8	180871488.4	4005756280	2943088993.7
Sconica_v3_25893-RA	12	50	4445296983.27	6828861878.99	4532992557.14	1677730560.99	2615825684	4449954089.373	2226009064.4	6828861878.99	4050995440.2	1653372816.6	2602919034	3150888175.19
Sconica_v3_25908-RA	10	20	2638185949.45	2471620928.6	457382913.278	464513832.14	0	445346248.136	1436127076.33	2375944156.21	295746619.69	64751386.54	0	0
Sconica_v3_25919-RA	2	4	0	24340992.234	1162692310.5	1948261596.7	120613280	138454141.7	0	0	635439837.4	1948261596.7	0	138454141.7
Sconica_v3_25967-RA	9	13	42210935.66	0	22138917.226	0	3127813392	2696542989.6	0	0	0	0	3024752800	1763159413.6
Sconica_v3_25976-RA	6	17	1018979771.5	1981505654.7	725272987.05	846818262.33	84504200	18195347.34	771801058.7	1981505654.7	702555624.97	577848754.6	0	0
Sconica_v3_25991-RA	1	4	0	40678684.62	663975529.2	908214733.2	0	0	0	0	663975529.2	908214733.2	0	0
Sconica_v3_26013-RA	22	97	25023449328.3	27415187831.81	18556687332.93	24833110886.53	1354232279	1000787141.76	24706981297.62	24589900023.31	16371679083.1	22701434373.9	386323744	507639861.2
Sconica_v3_26069-RA	2	3	68353521.23	47188484.8	58156131.69	0	0	8672120.208	16241688.15	47188484.8	0	0	0	0
Sconica_v3_26073-RA	2	4	0	0	397401849.1	517431225.3	14519127	33819523.02	0	0	397401849.1	517431225.3	0	0
Sconica_v3_26096-RA	6	12	2282301321.8	2109612507.8	426173224.674	1121943853.6	206942678	226146574.834	1325588377.2	1332665185.1	220197349.1	1063822498.2	41954868	0
Sconica_v3_26115-RA	2	3	0	0	121026138.29	178768333.69	0	48907277.47	0	0	121026138.29	102770143.2	0	0
Sconica_v3_26120-RA	5	12	360660558.27	763932316.84	756555581	323544151.71	509779320	250941367.779	206527681.37	676758008.2	445088601.7	0	190737056	18164878.33
Sconica_v3_26122-RA	1	1	0	0	20420502.78	0	24751482	21452515.01	0	0	0	0	0	21452515.01
Sconica_v3_26137-RA	8	13	0	0	1430216570.13	1752838410.92	130152898	106644875.76	0	0	1298862454.79	1290717483.14	0	50342321.11
Sconica_v3_26195-RA	32	125	1278265587.474	1145556241.055	2817755139.9586	3413985226.28	80080264883	77957972531.85	0	0	793423863.5	2169538342.7	67669123667	77957972531.85
Sconica_v3_26235-RA	1	1	0	0	14873914.15	0	0	31065816.36	0	0	14873914.15	0	0	0
Sconica_v3_26255-RA	2	2	0	0	132111117.78	83821334.23	51816568	35154807.73	0	0	49373584.85	83821334.23	0	0
Sconica_v3_26269-RA	6	16	391218645.742	699548256.69	869546567.2	265250211.13	73344332	65638433.69	313295579.27	525751697.69	869546567.2	265250211.13	0	0
Sconica_v3_26274-RA	4	5	0	0	366753869.32	290546532.11	202471456	109123778.5	0	0	260070859.73	290546532.11	0	0
Sconica_v3_26289-RA	1	1	0	0	11638187.52	65998966.47	0	0	0	0	0	65998966.47	0	0
Sconica_v3_26293-RA	4	5	0	0	292555232.53	348803992.68	14710528	38382089.17	0	0	193034472.65	263384446.5	0	0
Sconica_v3_26298-RA	4	18	0	0	499172491.86	1016701620.61	14273170648	12216504350.8	0	0	499172491.86	939887499.8	14273170648	12216504350.8
Sconica_v3_26368-RA	3	3	110559559.42	28569278.26	446099631.17	490904886.9	44696934	17674322.74	0	0	390630083.9	99558362.3	0	0
Sconica_v3_26477-RA	6	13	1126538462.12	1773300335.72	649573273.74	574153610.52	18164614	23692391.59	1100870365.55	1206988005.12	318820714.1	172226435.8	0	0
Sconica_v3_26575-RA	2	2	0	25123597.34	0	123699251	19954550	0	0	0	0	123699251	0	0
Sconica_v3_26576-RA	6	8	12229164.49	0	729109125.11	415310994.45	448637440	974272066.6	0	0	729109125.11	106710502.2	0	0
Sconica_v3_26578-RA	8	12	0	31369822.56	612075990.04	1742938731.7	0	0	0	0	371192674.54	1605404726	0	0
Sconica_v3_26579-RA	6	11	0	0	151698270.44	70948282.06	3188153824	2373224722.08	0	0	47296765.87	0	2643294880	2163172138.8
Sconica_v3_26602-RA	3	4	0	0	271162701.16	151384639.99	26290890	40725700.548	0	0	271162701.16	81919772.98	0	0
Sconica_v3_26605-RA	9	12	3771053.253	0	291028748.3	412487948.1	1376629472	1099535994.26	0	0	0	0	789574084	1099535994.26
Sconica_v3_26626-RA	9	24	1647061924.6	1952715231.793	1660110339.87	1620294480.604	350196473	269871091.03	1647061924.6	1951280234	896784156.17	737782377	98286744	51855211.76
Sconica_v3_26655-RA	1	1	4510590599	717261054.6	0	0	30645788	532760904.3	4510590599	0	0	0	0	0
Sconica_v3_26659-RA	3	3	76031487.4028	59355844.539	234294738.289	447845816.9	46927055	24404855.07	75365841.99	0	0	249723241.8	21224880	0
Sconica_v3_26678-RA	1	2	0	0	48454312.47	121025441.3	0	0	0	0	0	121025441.3	0	0
Sconica_v3_26680-RA	14	52	15846678790.31	11580044952.07	8096283777	10911052364.49	496390374	311327874.51	15846678790.31	11562782067.48	8096283777	10038924092.7	0	0
Sconica_v3_26696-RA	5	6	44391007.35	63904565.52	931107653.5	596166106.63	40673675	20023167.89	0	0	931107653.5	377818323.78	0	0
Sconica_v3_26698-RA	2	3	7009280.777	0	253457492.31	0	80078860	25698388.54	0	0	253457492.31	0	37489836	0
Sconica_v3_26806-RA	1	1	0	0	0	0	0	0	0	0	0	0	0	0
Sconica_v3_26819-RA	1	1	27076261.59	47703874.89	214764184	226081409.2	31129528	0	0	47703874.89	0	0	0	0
Sconica_v3_26824-RA	1	1	0	0	20899774.88	48730794.08	69254136	195439794.9	0	0	0	48730794.08	0	0
Sconica_v3_26831-RA	8	20	712222671.11	740283056.87	707224707.53	1292029954.2	0	0	458054097.65	740283056.87	697197695.47	982727632.1	0	0
Sconica_v3_26840-RA	4	7	7460884562.51	1795775400.335	1674735031.92	6815294314.35	335214380	282721593.5	7450135968	1789707409	1558141262.22	6731826018.5	0	0
Sconica_v3_26848-RA	2	2	90194602.18	48067657.16	29323692.7	78321402.65	0	0	90194602.18	0	0	0	0	0
Sconica_v3_26876-RA	19	77	18056087343.297	31157021568.08	22942960763.5	16658620432.05	1951604102	1168046300.093	16189420061.1	25682682394.6	19977862599.2	11563549882.76	907482298	977882204.35
Sconica_v3_26924-RA	1	1	0	0	0	0	14412942	19266753.35	0	0	0	0	14412942	0
Sconica_v3_27012-RA	1	1	0	0	278640187.1	269630811.4	0	0	0	0	0	269630811.4	0	0
Sconica_v3_27043-RA	2	2	0	0	0	145092135.2	42499720	62697074.21	0	0	0	145092135.2	0	62697074.21
Sconica_v3_27072-RA	21	82	15272269112.912	25658487687.244	9455185190.543	1442712221.74	1051534990	1486831403.9	15271700471	24508956410.6	6853753687.14	606215473.4	326544552	664414565.03
Sconica_v3_27239-RA	3	7	388511830.05	222443608.24	134468497.9	367008878.01	0	5749327.778	292018372.7	50284272.23	76869854.28	179251716.91	0	0
Sconica_v3_27246-RA	3	11	661418628.2	1058999570.3	332177655.5	873708011.2	57487460	105154062.215	661418628.2	1058999570.3	332177655.5	411774979.7	57487460	98673868.06
Sconica_v3_27308-RA	3	3	14945289.741	7562075.366	39101955.7	587077510.37	0	7090706.09	0	0	39101955.7	495980112.1	0	0
Sconica_v3_27399-RA	3	7	187674769.36	230182206.53	101427353.75	0	0	0	123868055.51	111331464.43	101427353.75	0	0	0
Sconica_v3_27458-RA	1	2	0	0	63113912.46	140226061.2	15486869	44751372.47	0	0	63113912.46	140226061.2	0	0
Sconica_v3_27482-RA	2	2	2162656.196	0	89942958	50987268.82	0	0	0	0	89942958	0	0	0
Sconica_v3_27484-RA	37	391	217715961656	299558325175.641	217692764914.55	128890390605.42	22972798772.8	23038072182.75	204680885783	299548562478.06	209046642413.3	116453493382	21067904943.5	17579491257.33
Sconica_v3_27610-RA	13	33	145309213.31	36078783.44	192837688.25	489824691.68	6082867400	6422256987.15	0	0	36670858.62	0	5895851592	6404526735.47
Sconica_v3_27742-RA	2	11	51448652.82	26676403.1	532798135.4	1433048807	103781062	22548796.1	34640921.08	0	532798135.4	1433048807	70689384	22548796.1
Sconica_v3_27755-RA	5	13	930115033.45	709421770.84	314677188.3	491546698.58	52865579	54363233.28	558598012.77	620705829.05	264940624.67	441224813.96	0	0
Sconica_v3_27811-RA	2	2	0	0	52873940.19	38566404.93	0	0	0	0	52873940.19	0	0	0
Sconica_v3_28044-RA	10	71	45237649928.5	92349914611.8	48875089500	22263383561.5	2172003724.75	1644103069.398	45237649928.5	92349914611.8	48875089500	22016649142.9	1441475010	1182143159.6
Sconica_v3_28067-RA	1	1	0	0	24102211.06	48933737.16	0	0	0	0	0	48933737.16	0	0
Sconica_v3_28072-RA	6	10	0	0	591250551.14	1043555794.07	4159771.75	0	0	0	415666564.04	1001761616.64	0	0
Sconica_v3_28095-RA	15	54	1560904276.71	891684790.94	27778317498	1729151393.085	4892454904	5276347833.1	522929906	128302600.55	27352871760.5	1093593973.59	3711662352	4185085090.6
Sconica_v3_28116-RA	2	2	0	0	79802074.21	56284622	40169004	4875230.578	0	0	79802074.21	56284622	0	0
Sconica_v3_28170-RA	1	2	0	0	138898988.8	267026395.3	0	0	0	0	138898988.8	267026395.3	0	0
Sconica_v3_28237-RA	8	25	541817817.02	782156442.09	690892377.9	573312012.96	501658266	563904316.35	465102861.55	733412678.29	377379095.99	232173492.15	240909920	268477868.47
Sconica_v3_28263-RA	2	2	0	0	132270218.25	130786107.93	0	0	0	0	46295080.95	108399552.4	0	0
Sconica_v3_28308-RA	2	4	0	0	274568319	533037334.3	0	0	0	0	274568319	533037334.3	0	0
Sconica_v3_28422-RA	1	1	0	0	190032713.4	251467850.5	18987818	8572996.396	0	0	190032713.4	0	0	0
Sconica_v3_28430-RA	4	5	0	0	0	0	182620506	74591688.39	0	0	0	0	182620506	62180032.65
Sconica_v3_28454-RA	3	3	0	48351832.89	150274215.82	153025109.52	0	0	0	0	80086998.88	153025109.52	0	0
Sconica_v3_28468-RA	3	4	211057549.4	62560581.08	6763592.731	15416336.14	50125472	0	211057549.4	62560581.08	0	0	50125472	0
Sconica_v3_28504-RA	5	8	0	0	704036964.74	1115217126.42	70045124	108293552.36	0	0	704036964.74	806938789.12	0	0
Sconica_v3_28514-RA	17	55	1401340134	130757459.017	385371907.246	1122103005.91	14680451129	15217005856.64	1401340134	0	92409791.96	957042275.16	14373794068	15206882931.93
Sconica_v3_28537-RA	13	43	10138301998.25	7585308517.5	4348015908.13	4755546930.93	9033307005	11049725122.712	8627590159.7	6719137621.2	4300407800.1	3693190016.9	0	0
Sconica_v3_28568-RA	3	4	0	22643956.28	50785678.35	0	1104062576	1086652864	0	0	0	0	408079600	462707533.9
Sconica_v3_28583-RA	4	7	0	0	702675239.5	883883203	68684454	62217223.709	0	0	702675239.5	664454044.9	0	0
Sconica_v3_28599-RA	1	1	0	19595447.31	0	0	0	0	0	19595447.31	0	0	0	0
Sconica_v3_28600-RA	6	9	0	0	364021234.66	1074802823.6	1759263679	13106222.17	0	0	312183692.32	951964132.4	0	0
Sconica_v3_28648-RA	3	7	0	30056957.31	12302683.01	122921047	1155180528	1625292276.4	0	0	0	122921047	1155180528	1625292276.4
Sconica_v3_28657-RA	11	22	6118115929.88	8880232015.742	5735390156.065	5443037905.43	4509731834	3977392790.57	0	0	0	0	4371686814	2783247179.87
Sconica_v3_28694-RA	5	5	6791961.598	0	618679162.18	585938124.34	9047583	8738298.17	0	0	455937628.88	131425371.2	0	0
Sconica_v3_28732-RA	1	1	0	0	71325927.88	38861044.84	0	59575514.98	0	0	71325927.88	0	0	0
Sconica_v3_28766-RA	13	23	50634647.68	109743943.423	498628610.32	333358905.19	10311859554	9262637685.15	0	0	380381554.72	23834963.65	8707138200	6078722859.02
Sconica_v3_28767-RA	4	16	4707908097.1	1175235027.6	3211619041.3	3337783433.6	34453444	10642285.09	4707908097.1	826795239.4	2914867026.9	3203128546.9	0	0
Sconica_v3_28785-RA	11	15	57503252.265	64011519.24	881266729.32	3737868783.6	144083966	31387277.98	0	0	565329157.17	3163291469	0	0
Sconica_v3_28797-RA	1	1	144871296.5	256101264.8	42633892.32	56103054.64	20612136	0	0	0	42633892.32	0	0	0
Sconica_v3_28804-RA	8	14	1005454538.28	1247492413.42	512956546.15	570460891.48	456433304	286738575.99	864783632.9	722536394.75	359371237.43	60180661.72	0	0
Sconica_v3_28850-RA	11	25	105051383.487	179023067.104	7258982339.59	9587788746.26	928077936	636558837.967	0	0	3798784715.72	5266083131.96	502305744	418479915.2
Sconica_v3_28851-RA	1	1	0	0	25124081.65	18804784.12	0	6949803.843	0	0	25124081.65	0	0	0
Sconica_v3_28856-RA	5	6	2616162629.32	2635651224.77	1966349713	3493378781.8	5717511.5	91548820.72	0	0	1861138405.6	881421640.2	0	0
Sconica_v3_28860-RA	1	4	0	0	28410229.96	6344766115	0	0	0	0	28410229.96	6344766115	0	0
Sconica_v3_28882-RA	8	19	28402510.45	69071140.64	3687076466.5	5242034550.06	287232554	315638275.09	28402510.45	0	3238975633.1	2108374550.86	0	210421277.16
Sconica_v3_28888-RA	17	44	81801394.789	92204633.738	11551149519.5	12353827849.2	1993774755.25	2176443122.93	66250561.59	62355920.08	9611552914.5	8516542144.2	1121330677.25	1451654895.59
Sconica_v3_28889-RA	3	4	0	0	59324532	431748278.77	23904628	0	0	0	0	431748278.77	0	0
Sconica_v3_28896-RA	15	23	0	17149705.935	86058498.15	104428197.307	3376784672	2975948315.962	0	0	0	0	2384754098	2393081999.07
Sconica_v3_28899-RA	4	6	516074681.42	222726594.21	0	154999986.86	0	0	516074681.42	149225873.05	0	0	0	0
Sconica_v3_28918-RA	3	3	46225308.12	61441699.65	138782808.52	264060303.23	73348376	0	0	0	106262947.7	101598417.83	0	0
Sconica_v3_28939-RA	2	3	0	0	206134844.52	145706179.14	23955792	5161556.79	0	0	206134844.52	80461898.83	0	0
Sconica_v3_28951-RA	9	15	28927018.44	26965699.37	998259638.05	2123648091.4	93516469.5	406629499.679	0	0	731855546.75	1865815246.9	0	0
Sconica_v3_28952-RA	10	28	53616251.79	65120696.13	231141094.98	572133894.13	7452444828	4703773422	0	0	66078129.55	308754300.5	7167822364	4443760254.5
Sconica_v3_28953-RA	5	8	0	0	0	122003626.42	1165584464	942787665.56	0	0	0	0	655671824	942787665.56
Sconica_v3_28959-RA	1	1	59939339.64	58712795.12	0	0	0	0	59939339.64	0	0	0	0	0
Sconica_v3_28963-RA	8	22	1073703820.43	706126634.18	875507365.58	3782037662.9	6377370580	316123071.54	1073703820.43	599663244.25	229888858.09	3753530411	0	0
Sconica_v3_28964-RA	7	11	196967096.37	136897309.13	73911518.52	1300078852.53	0	46627473.93	110904527.66	24438271.05	0	1300078852.53	0	0
Sconica_v3_28975-RA	4	5	0	14790346.68	284592672.68	520959409.7	17816396	75672440.51	0	0	106984922.11	520959409.7	0	0
Sconica_v3_28977-RA	1	1	0	0	192853932.6	472853054.5	0	0	0	0	0	472853054.5	0	0
Sconica_v3_28996-RA	25	54	294079113.11	445598013.96	12254222111.69	8499223028.5	2177007899	3306259540.803	16934771.26	72898949.42	11814051996.1	6474792316	1133429112	734460494.65
Sconica_v3_29000-RA	1	1	0	0	15688887.02	0	53630520	10064303.46	0	0	0	0	53630520	0
Sconica_v3_29079-RA	6	14	533680729.17	333089934.76	266368666.3	221970559.77	4430659420	3386859274.09	0	0	79234556.31	191778417.1	4373593272	3386859274.09
Sconica_v3_29089-RA	5	8	109458348.9	10723951.64	1008480116.088	2570234831.2	69489928	47706773.194	0	0	998742623	1952672291.2	0	0
Sconica_v3_29090-RA	1	1	0	10080667.55	0	0	0	0	0	10080667.55	0	0	0	0
Sconica_v3_29103-RA	4	8	729547127.61	368824359.39	790633362.33	1163385314.42	13765730	34305329.63	0	0	790633362.33	1163385314.42	0	0
Sconica_v3_29106-RA	14	24	17762287.23	5847740.13	38204938.91	30187658.77	1751479680	1181076580.915	0	0	0	0	1645427888	737596402.925
Sconica_v3_29162-RA	15	49	1515515241.63	2711466701.3	1921943461.27	141416520.43	5250116958	5434300953.97	911193412.2	2388302259.8	593543977.97	0	3968065414	4580998250.2
Sconica_v3_29189-RA	1	3	0	0	0	7976798820	0	0	0	0	0	7976798820	0	0
Sconica_v3_29199-RA	2	4	0	0	0	2951228564.9	0	0	0	0	0	2951228564.9	0	0
Sconica_v3_29213-RA	2	4	213797811.7	162979955.57	159235529	315758740	25044919	0	213797811.7	46848613.37	0	315758740	0	0
Sconica_v3_29228-RA	19	69	11826632029.95	14638570908.38	19451007595.59	14051534657.3	29998608946.75	1570504159.58	9927459703.53	14135382586.8	15627509550.59	5817493445.69	28709787216	611746660.9
Sconica_v3_29257-RA	24	96	16789584429	24947687429.54	9929395181.42	7497174892.049	483421698	656067584.86	12953010270.4	24642644801.94	8718797710.1	6234498940.33	139595008	330228039.36
Sconica_v3_29274-RA	1	1	0	0	0	69673713.97	0	0	0	0	0	69673713.97	0	0
Sconica_v3_29313-RA	1	1	6900836.27	0	8274127.265	29362189.2	0	0	0	0	0	29362189.2	0	0
Sconica_v3_29334-RA	3	3	0	0	193862038.3	213647936.4	0	14408800.1	0	0	0	213647936.4	0	0
Sconica_v3_29337-RA	2	11	22664452.7	80199552.93	1980809875.4	2469580582.8	747964695	586680091.91	0	0	1980809875.4	2469580582.8	747964695	586680091.91
Sconica_v3_29346-RA	29	180	72355630857.63	124370833520.81	80316481536.18	38181696637.02	62009160966.5	33337548886.09	65807354902.2	104902172910.71	68172155324.7	31282234140.5	60461091366	31529025422.69
Sconica_v3_29347-RA	6	13	484743289.73	1255393622.04	350549083.263	182503962.12	0	44475669.79	304944322.49	1255393622.04	214889519.88	87372783.63	0	0
Sconica_v3_29348-RA	1	1	84530604.13	31398336.53	41832652.77	2504483.741	0	0	0	31398336.53	0	0	0	0
Sconica_v3_29380-RA	3	4	13061297.86	0	22031642.79	499047965.9	79519544	31500003.88	0	0	0	499047965.9	0	0
Sconica_v3_29386-RA	1	2	23214680.87	52820690.67	0	6489648.823	0	0	0	52820690.67	0	6489648.823	0	0
Sconica_v3_29408-RA	1	2	0	0	0	56421961.92	0	0	0	0	0	56421961.92	0	0
Sconica_v3_29421-RA	3	3	76377767.709	218653421.24	366705108	924645237.7	0	18503608.04	0	0	127955268.1	602467162.8	0	0
Sconica_v3_29435-RA	36	133	30165997551.2	24106887862.24	17787352382.21	28826397544.85	4757296330	5011110131.43	24099067568.24	19380727937.55	15053641936	21713845837.11	3382747800	1681388377.25
Sconica_v3_29438-RA	1	1	0	0	10067762.28	54886768.74	81043744	9400950.939	0	0	0	54886768.74	0	0
Sconica_v3_29491-RA	2	2	0	0	218434695.21	189755343.82	0	0	0	0	119490211.8	143726948.5	0	0
Sconica_v3_29497-RA	27	66	502395606.65	209043856.87	335080523.23	901487336.102	14669062004	17405332801.37	0	0	102403164.63	561678892.38	13962754388	12683903529.97
Sconica_v3_29512-RA	2	3	65076384.16	53632930.64	141451886.77	180873458.23	0	15731475.93	65076384.16	53632930.64	62129127.19	0	0	0
Sconica_v3_29520-RA	2	2	0	0	107245043.14	197919890.5	0	0	0	0	107245043.14	0	0	0
Sconica_v3_29563-RA	1	2	33273026.79	36750483	14832114.01	20020515.81	82641816	43805326.91	0	0	0	0	82641816	43805326.91
Sconica_v3_29586-RA	9	17	78564222.31	61178927.09	2876647943.35	6581600391.39	318923972	253804139.507	0	0	2510427726.52	5855449351.8	70511704	0
Sconica_v3_29594-RA	6	19	1904884752.22	2215436262.3	2226742853.44	2461042037.74	641518132	381619927.34	1834172252	2215436262.3	1358065297.62	1977813261.9	0	0
Sconica_v3_29603-RA	12	44	2422730373.98	2976511303.811	2001656051.53	1250437265.36	683945801	1071872508.9	1441024830.47	2731248098.7	1380679984.34	402175456.54	514031484	659588607.04
Sconica_v3_29611-RA	10	35	2851425934.65	3615280552.88	2073030863.73	1915611471.93	155943468	117404323.32	2813812649.99	3573414019.23	1965574607.33	1905848363	0	42698194.52
Sconica_v3_29625-RA	5	6	259333552.231	0	428298613.62	846084449.27	38941625	227753248.33	0	0	73337155.22	846084449.27	0	0
Sconica_v3_29627-RA	5	8	173242871.75	461140889.48	282919961.14	231875857.26	25299242	62449903.38	103546257.51	406448750.74	129537734.81	164450862	0	0
Sconica_v3_29628-RA	4	6	330566506.78	276283047.65	276440121.05	307755611.12	0	29211694.54	272361191.95	201037042.3	86157744.16	123727716.56	0	0
Sconica_v3_29631-RA	28	143	38164949120.77	57500609899.27	33431515312.286	26247150864.35	3200959378	3451549853.681	38086470709.9	57018547043.74	30201136827.78	24154180905.44	1054243220	1172416486.91
Sconica_v3_29634-RA	4	6	51716722.27	92587949.43	216954080	246793497.61	0	0	51716722.27	61059191.15	0	210273278.94	0	0
Sconica_v3_29671-RA	2	3	0	0	38005331.6	169031137.52	5195629	0	0	0	38005331.6	169031137.52	0	0
Sconica_v3_29677-RA	21	36	351374777.978	382568104.27	2982355069.45	3447752241.43	1742862500	2194777577.51	0	0	2134598663.52	2450917110.14	977197906	377904572.28
Sconica_v3_29681-RA	2	2	0	0	173740099.02	39195423.96	12149056	0	0	0	173740099.02	0	0	0
Sconica_v3_29805-RA	2	4	0	0	140205963.62	227033427.5	35156168	0	0	0	140205963.62	227033427.5	0	0
Sconica_v3_29825-RA	1	1	538882270.9	0	68063698.67	62978315.14	26744434	28500051.88	0	0	0	62978315.14	0	0
Sconica_v3_29826-RA	5	22	4098736025.4	3622166200.2	2967401530	3307134100.94	146226368	587242812.43	4098736025.4	3622166200.2	2956941385.1	3238514901.9	56643736	96967595.23
Sconica_v3_29842-RA	1	1	0	0	70259416.9	159384618.8	618409344	685419646.5	0	0	0	159384618.8	0	0
Sconica_v3_29845-RA	7	19	1713954419.97	1318041724.52	529391230.67	776702483.61	360289620	433877937.785	1713954419.97	1232355972.9	163621448.8	310482989.4	0	0
Sconica_v3_29852-RA	1	1	0	69288043.51	876868276.5	154910854.3	0	0	0	0	876868276.5	0	0	0
Sconica_v3_29888-RA	2	2	7756200.824	18169966.49	228774641.25	518659370.8	0	0	0	18169966.49	0	518659370.8	0	0
Sconica_v3_29906-RA	2	2	2398118339	584453670.2	78166860.72	118688893.7	206691845	1259327467.43	0	0	78166860.72	118688893.7	0	0
Sconica_v3_29934-RA	3	4	52496469.83	35406395.27	191954206.32	61989719.23	32996876	19977396.66	52496469.83	35406395.27	135614497.7	0	0	0
Sconica_v3_29960-RA	1	1	44004704.85	36197716.96	0	0	0	0	0	36197716.96	0	0	0	0
Sconica_v3_29978-RA	2	3	11525769.32	7035646.552	179675694.48	472300731.3	2741774.75	0	0	0	179675694.48	256545947.4	0	0
Sconica_v3_30021-RA	3	3	0	0	126120352.79	1003773272.6	0	0	0	0	62584844.08	487315935.1	0	0
Sconica_v3_30025-RA	21	35	373747288.95	292344465.983	848956099.938	1304752761.66	3259953354	2983530101.454	0	0	0	0	2556250905	2775398973.85
Sconica_v3_30064-RA	7	10	7773142.904	14176362.72	793548052.57	1882330688.64	302054838	177851641.29	0	0	306068920.95	921834619.34	302054838	62646003.52
Sconica_v3_30068-RA	6	13	108208682.16	124149079.79	839329165.83	2521051298.5	63042700	96191309.54	0	0	706575792.4	2521051298.5	53788840	96191309.54
Sconica_v3_30074-RA	13	31	191816347.915	246298509.104	7491007749.7	8600479090.41	2106195714	2542655326.69	0	0	2938106202.6	8342905983.8	1736090652	1561921214.94
Sconica_v3_30100-RA	14	31	1166919341.836	1594544687.84	1716370024.06	2648729786.27	548018800	559087442.188	1053915806.536	1550268712.56	1337542634.48	252542885.5	50263204	28216967.92
Sconica_v3_30102-RA	5	15	1039223144.03	847039350.47	459911041.83	278832310.69	17728298	23979409.34	1039223144.03	847039350.47	314447059.43	83736747.33	0	0
Sconica_v3_30122-RA	8	9	478644911.44	620922831.36	267656359.7	282265155.54	86389736	48018102.75	45498342.68	536383916.62	82467478.94	0	0	0
Sconica_v3_30129-RA	3	4	0	0	247487987.29	803646524.8	38490388	6655349.928	0	0	33382479.71	803646524.8	0	0
Sconica_v3_30135-RA	9	34	3609763441	5353220585.3	3703836089.5	3674448188.5	493219324	511760095.23	2413180263	4818360172.4	3021440557.2	3208707440	251095600	275536886.61
Sconica_v3_30137-RA	1	1	0	0	0	35812344.32	11591711	0	0	0	0	35812344.32	0	0
Sconica_v3_30138-RA	1	1	0	0	0	69465665.3	0	0	0	0	0	69465665.3	0	0
Sconica_v3_30139-RA	4	7	0	168686956.29	223265725.5	831226361.7	76928612	40299123.1	0	0	162124330.93	831226361.7	21039884	0
Sconica_v3_30148-RA	6	14	100327121.3	0	1356300219.3	2449028338.8	6612405472	549534519.75	0	0	1356300219.3	1343297798	59192544	0
Sconica_v3_30150-RA	1	2	0	0	231954130.2	274262901	37008856	48142034.96	0	0	231954130.2	274262901	0	0
Sconica_v3_30153-RA	8	12	0	52391703.26	51249608.77	0	548598197	545793695.52	0	0	0	0	411160056	468919419.96
Sconica_v3_30174-RA	7	15	0	79003805.97	1416891780.14	1108470941.48	327972780	315974415.139	0	0	1258043213.24	955069413.58	110715248	113663447.8
Sconica_v3_30177-RA	7	10	210576848.7	0	738669409.83	1942420072.56	248807208	231031288.49	0	0	623918419.33	778617256.7	40963924	70022663.38
Sconica_v3_30186-RA	4	5	0	0	631813377.45	808287711.35	57073320	0	0	0	195343472.7	808287711.35	0	0
Sconica_v3_30243-RA	4	7	38187328.4	17207989.4	547612280.3	1393449848.5	67617836	246258510.32	0	0	350091488.7	1393449848.5	35344200	0
Sconica_v3_30250-RA	1	2	12027097.85	0	55300040.48	23475020.66	19167570	77889405.82	0	0	55300040.48	23475020.66	0	0
Sconica_v3_30289-RA	3	8	0	0	1193708761.7	1732429419.51	106324652.5	111137858.56	0	0	1193708761.7	1660461760.1	0	0
Sconica_v3_30298-RA	1	1	0	0	359926323.2	584537324.9	4884925	0	0	0	359926323.2	0	0	0
Sconica_v3_30299-RA	1	6	5347762692	2520434636	857416929.1	1395515323	41027656	0	5347762692	2520434636	857416929.1	1395515323	0	0
Sconica_v3_30300-RA	8	17	21496195.995	18335947.03	1158250338.93	1627654218.72	945914572	854625697.402	0	0	752187795.83	1534947639.22	72792688	0
Sconica_v3_30304-RA	3	3	0	0	226269765.7	1300880063.3	0	0	0	0	0	1300880063.3	0	0
Sconica_v3_30313-RA	3	4	0	0	273135398.64	549633773.48	30427512	24936234.38	0	0	93047617.91	549633773.48	0	0
Sconica_v3_30325-RA	1	4	0	0	954776.812	0	81510392	58620334.67	0	0	0	0	81510392	58620334.67
Sconica_v3_30344-RA	2	2	0	151072550.5	70922718.34	79414671.86	188841592	41177531.68	0	0	0	0	188841592	0
Sconica_v3_30364-RA	8	40	728586641.27	165375905.31	1640401666.6	2293713002.63	36991511872	40646150138	0	0	1203225033	631452870.3	36991511872	40646150138
Sconica_v3_30370-RA	1	4	21745317.15	36276703.76	455721058.9	469550854.6	32790630	62924697.09	0	0	455721058.9	469550854.6	32790630	0
Sconica_v3_30390-RA	5	7	39799700.82	0	358446731.93	656495335.92	3888175.75	0	0	0	190320234.1	656495335.92	0	0
Sconica_v3_30401-RA	21	34	1440951566.018	128670939.1	1575367045.861	1841912418.58	8258458428	4822963728.702	0	0	0	0	5247177980	4132056246.63
Sconica_v3_30411-RA	1	3	230242116.6	414193860.1	42575184.66	59480356.75	0	0	230242116.6	414193860.1	0	59480356.75	0	0
Sconica_v3_30412-RA	2	10	1975695417.8	2234129464.8	807701703.1	778445354.99	7795581	39864773.48	1975695417.8	2234129464.8	807701703.1	717358642.6	0	0
Sconica_v3_30415-RA	25	106	32501179238.72	31266728418.39	21003390832.623	20413467089.35	1116994617	1288928133.085	31908183046	27615532306.3	20737221141.7	18124058930.1	389959768	488601401.74
Sconica_v3_30426-RA	5	6	0	0	158955553.79	42467352.1	560466584	321665696.154	0	0	0	0	498564164	130154912.94
Sconica_v3_30428-RA	25	120	733763412.38	324429964.414	3541363666.79	3429668466.11	63644180121	69273456809.5	118641650.6	0	1820331742.62	2744571967.6	62750687139	67934897770.5
Sconica_v3_30460-RA	7	8	0	0	0	0	826406864	743620062.6	0	0	0	0	408387544	743620062.6
Sconica_v3_30462-RA	3	3	0	0	41330168.87	54316665.05	221033568	656622195.5	0	0	0	0	0	656622195.5
Sconica_v3_30570-RA	18	65	13229092496.73	15766840255.1	10724059978.02	12389226750.49	814497892	624731865.388	12117860544.73	13940412948.4	8903930081.2	9625668727.4	67483120	25822347.43
Sconica_v3_30576-RA	13	36	5064123695.97	5056189540.66	2204747922.62	1601144504.96	145873512	84859772.86	4566809197.77	5056189540.66	1915727734.75	725161220.49	0	0
Sconica_v3_30611-RA	8	13	706892565.04	879946993.98	210800640.21	164588713.03	164630836	349271126.196	482826164.86	791033093.61	93714756.73	0	0	0
Sconica_v3_30619-RA	1	6	34679248.75	59201400.4	28936116.27	0	56867828	56561918.83	34679248.75	0	0	0	56867828	56561918.83
Sconica_v3_30632-RA	17	29	1295642778.28	2883395754.38	1115347629.18	1699564789.36	1111739200	748413019.95	1005439442.28	1862843592.08	266509884.19	0	957172928	87142572.41
Sconica_v3_30652-RA	11	25	1689863118.42	3266657995.27	1508027511.33	894310754.26	19844855.5	208580748.222	1498278988.91	2638551263.6	807946079.94	550544076.9	0	0
Sconica_v3_30662-RA	10	14	95460876.858	0	680783339.99	1963122001.7	58790700	46023601.947	0	0	335376224.39	1963122001.7	0	0
Sconica_v3_30694-RA	2	3	0	0	202326234.54	411503042.08	0	37278277.01	0	0	25222678.64	411503042.08	0	0
Sconica_v3_30695-RA	10	32	177568719.13	640860377.55	939994595.92	2087688669.62	16094419888	12829547597.69	0	0	726627763.9	1724055543.1	15278369136	9979121417.09
Sconica_v3_30708-RA	10	29	111161121.79	98242649.723	14911738571.4	2724935179.85	1147081444	974694749.17	90974075.16	88867427.2	14911738571.4	1265657083.3	1110713328	815505349.5
Sconica_v3_30715-RA	14	40	381552176.387	320861261.13	746735199.55	1047397263.08	15181822412	10548213051.7	0	0	95996951.72	775819603.4	13726045140	10342103119.09
Sconica_v3_30717-RA	13	68	205148942.35	841132189.04	2548708283.037	4438734147	53808758182	57930605060.01	139050081.6	697090159.8	1350231855.9	3787526231.6	53752966054	57833001645.8
Sconica_v3_30718-RA	19	57	268088215.937	237037733.181	13126536151.59	14998853286.68	1759128445	1234974442.61	93849800.88	0	11985769085.4	11576714433.2	1709972865	802621685.76
Sconica_v3_30740-RA	7	13	703567333.69	780660696.83	327656769.007	361704745.14	102117005	43113938.105	75205057.42	780660696.83	143337097.74	193411190.89	0	0
Sconica_v3_30744-RA	8	10	2823668046.41	1468981844.67	689616792.17	1448476734.81	1664088668	1376492197.6	0	0	0	0	1432123036	534136836.3
Sconica_v3_30747-RA	21	54	2286445652.988	1272690372.46	1029661233.48	974944098.26	6486834402	6560828976.73	0	0	0	263673713.7	5751812418	6499840194.58
Sconica_v3_30766-RA	8	23	220526513.01	214996940.195	403555188.1	573900429.89	12806594283.5	13703080647.8	0	0	377851252.5	502701837.3	12799107888	13297260411.8
Sconica_v3_30768-RA	1	1	0	0	50844386.01	0	0	0	0	0	50844386.01	0	0	0
Sconica_v3_30770-RA	5	14	964044597.56	873917780.76	385524593.6	108861608.76	9472610	57311430.24	928163601.5	804962471.1	348458411.31	45704772.97	0	0
Sconica_v3_30783-RA	1	1	0	0	65109273.55	114046225.4	19681776	37046800.35	0	0	65109273.55	0	0	0
Sconica_v3_30784-RA	4	6	48558742.65	479073017.6	536481705.79	1120164510.8	106719363.5	76495368.537	0	0	536481705.79	961492699.7	0	0
Sconica_v3_30796-RA	10	104	136600292056.36	51225475525.07	96126933329.0254	130916391286.54	764443154	1519878912.102	136577475788.49	51225475525.07	96126933329.0254	130900855434.12	677922564	626993117.8
Sconica_v3_30802-RA	4	6	0	0	196802249.67	156192263.84	0	0	0	0	112572803.63	156192263.84	0	0
Sconica_v3_30809-RA	1	1	0	0	26442426.88	66442808.63	0	35233725.92	0	0	0	66442808.63	0	0
Sconica_v3_30849-RA	42	83	699801529.204	1099398761.706	3590869993.832	4827882955.61	19193668130	17975482968.38	0	0	279770427.69	696053679.22	14676774568	15737997078.52
Sconica_v3_30872-RA	1	3	0	0	8898203.355	0	101392034	121850049.2	0	0	0	0	101392034	121850049.2
Sconica_v3_30878-RA	2	5	0	0	324431584.6	630480671	0	0	0	0	324431584.6	630480671	0	0
Sconica_v3_30899-RA	2	4	6910944.681	0	352232487.77	752032798.3	0	0	0	0	352232487.77	752032798.3	0	0
Sconica_v3_30941-RA	7	10	101171521.69	35716822.14	1986790772.95	2271444411.3	49105788	85023833.14	0	0	1200666533.3	1467253121.3	0	0
Sconica_v3_30967-RA	25	42	1325355847.219	2892064499.425	5135875800.069	19560321363.33	1800702041	2026006553.062	0	0	4505563598.359	17004364934.33	0	0
Sconica_v3_30996-RA	3	5	66531482.9	0	204170989.16	399423810.87	0	0	0	0	204170989.16	399423810.87	0	0
Sconica_v3_31010-RA	3	3	26733756.722	36543844.17	0	0	121090620	200678408.63	0	0	0	0	52068196	145286115.69
Sconica_v3_31027-RA	10	31	153220685.258	338189951.48	5692624344.1	12518555448.34	814618700	950660925.597	39989610.27	91730244.32	5057939432.9	11055248486.34	193963684	418520993.38
Sconica_v3_31037-RA	11	28	84900650.067	169872680.27	7118292226	14065498074.2	666569413.25	608651725.2	25785619.38	140446403.67	6679060452.5	10560396215.2	244441968	494991642.8
Sconica_v3_31048-RA	16	32	135386753.658	137209842.457	1650937752.81	1942399842.67	2336411780	2037745223.01	0	52157883.67	986439451.69	1140727758.88	1486485376	1254887554.39
Sconica_v3_31065-RA	1	1	8777581.932	0	48402545.51	0	90694440	97646170.97	0	0	0	0	0	97646170.97
Sconica_v3_31090-RA	2	2	0	0	17088324.69	214755190.04	0	0	0	0	0	214755190.04	0	0
Sconica_v3_31113-RA	8	18	427252807.818	971797956.399	331607273.82	732683049.35	391363656	441700877.424	411299946.86	944307084.919	272359885.03	666219776.71	0	0
Sconica_v3_31163-RA	22	61	292509092.655	123215453.12	733328460.8766	749275675.1	14101885022	16694682467.97	0	0	320093593.54	272652019.8	13133995158	15124565946.84
Sconica_v3_31164-RA	14	32	4254533028.138	2990644029.59	712511091.999	2049627675.52	331316208.5	261266721.72	4161869515.188	1967776733.87	256983775.22	959352812.3	62327196	36626324.72
Sconica_v3_31193-RA	5	8	0	0	949898862.68	1521424687.5	33777092	66538570.781	0	0	718352850.6	1521424687.5	0	0
Sconica_v3_31200-RA	8	24	1563469097.6	2783423876.5	1476067906.36	2661017792.62	52711694	29761608.587	1563469097.6	2783423876.5	755230928.3	2059385434.7	0	0
Sconica_v3_31260-RA	6	9	1425529452.25	1655383391.47	1140992371.91	961405215.45	96310912	70803716	1369753634.13	72418035.47	197289369.82	173748534.8	0	0
Sconica_v3_31299-RA	1	1	0	0	59215212.05	0	410150144	568262424.2	0	0	59215212.05	0	0	0
Sconica_v3_31301-RA	3	3	267467459.5	295391509.8	274374366.92	568185023.8	0	18230940.35	0	0	0	568185023.8	0	0
Sconica_v3_31330-RA	24	105	12284240394.43	30276494593.483	12564571614.24	4188885986.767	1214442587.875	1222750208.402	10688503138.35	24645051286.583	12546734519.54	3331642197.657	282111577.875	677610546.5
Sconica_v3_31362-RA	7	8	8587679.799	0	6349028.154	0	376256880	209869069.44	0	0	0	0	376256880	52782751.83
Sconica_v3_31371-RA	1	1	0	0	13732684.33	0	42866632	42181674.19	0	0	0	0	42866632	0
Sconica_v3_31378-RA	42	104	172747871.24	3717071162.685	1713277136.494	3499818670.971	33660146060.5	31723715951.21	0	0	698753032.71	1600358911	29236271280.5	31141946596.72
Sconica_v3_31385-RA	1	1	0	17747823.05	73728776.97	108370802.6	0	0	0	0	73728776.97	0	0	0
Sconica_v3_31395-RA	6	8	0	50038696.62	408864096.41	400063883.93	217282541	184584915.18	0	0	251196758.93	207472831.6	68029337	133178194.83
Sconica_v3_31521-RA	9	12	55024356.636	62563558.34	161622270.77	457431657.25	3421570284	2524300148.8	0	0	0	0	2274146352	1657840926.9
Sconica_v3_31529-RA	1	1	0	0	6980497.442	29696869.84	5298792	7756943.811	0	0	0	0	5298792	0
Sconica_v3_31547-RA	1	2	0	0	63911100.38	172774153	989062528	401132050.9	0	0	63911100.38	172774153	0	0
Sconica_v3_32712-RA	2	2	55929831.71	58039976.57	51267730.83	0	0	0	0	58039976.57	0	0	0	0
Sconica_v3_32754-RA	12	25	331090479.8	241856524.58	4583224085.65	4799982332.22	1008868680	1050100720.325	0	104927726.6	4045432793.3	4435951980.02	0	49249791.18
Sconica_v3_32771-RA	18	35	1806582902.89	3131147515.54	1496805593.08	1566861856.826	699147939	716676743.78	957304413.75	3012464242.14	735257626.33	183318929.02	0	0
Sconica_v3_32782-RA	2	3	0	0	179397830.19	210306252.81	0	107768810.4	0	0	179397830.19	174519462.3	0	0
Sconica_v3_32828-RA	12	18	27543751.72	26469123.018	985408101.08	2230420259.81	48583692	22042921.87	0	0	710492803.92	1981930378.01	0	0
Sconica_v3_32834-RA	1	1	0	0	0	0	0	0	0	0	0	0	0	0
Sconica_v3_32867-RA	1	2	8725564.043	0	238423302.5	378994098	0	0	0	0	238423302.5	378994098	0	0
Sconica_v3_32871-RA	11	23	469557280.5	611649281.32	660633773.44	897456923.5	79354888	136672771.66	355607046.2	611649281.32	461524478.7	518513732.11	0	0
Sconica_v3_32873-RA	1	1	0	0	18991489.17	49606595.97	0	0	0	0	0	49606595.97	0	0
Sconica_v3_32998-RA	19	89	34826584899.987	43490261561.747	35348145431.74	23118426256.68	2640411273.75	1742746799.47	34437939360.1	43333745195.7	27781957217.23	17651050656.5	1433483168	724227930.49
Sconica_v3_33153-RA	1	2	31595941.13	28627342.95	153242851.6	0	1485618816	1783998822	0	0	0	0	1485618816	1783998822
Sconica_v3_33239-RA	3	5	108801701.7	89197146.48	264643371.81	472986626.89	21120564	72408989.44	108801701.7	0	154772735.31	392422914.8	0	0
Sconica_v3_33245-RA	1	1	0	0	42200456.24	9519388.57	0	0	0	0	42200456.24	0	0	0
Sconica_v3_33301-RA	2	3	16489016.34	55901549.72	51750194.45	222703202.62	0	0	0	55901549.72	0	222703202.62	0	0
Sconica_v3_33321-RA	25	91	19818389627.68	36252721721.77	21366473306.87	7419411478.78	1663983839	3365308736.707	18716116105.3	27705005929.77	19743226136.27	4234945938.32	641609204	336587468.59
Sconica_v3_33395-RA	7	17	606188086.8	1255046867.28	643229179.06	330914074.88	30557334.25	45194480.3	224088781.48	1156219299.42	601819975.07	219730302.08	0	0
Sconica_v3_33437-RA	9	13	143817287.91	59660368.895	946138825	1087631063.9	311815835	829896910.28	0	0	765250064.7	416796357.9	60385247	480009113.92
Sconica_v3_33454-RA	3	4	0	0	265104739.29	633366750.6	0	0	0	0	243932686.12	262903486.9	0	0
Sconica_v3_33466-RA	1	1	0	0	117890423.3	184086818.5	0	0	0	0	117890423.3	0	0	0
Sconica_v3_33474-RA	2	2	0	0	0	114177833.7	0	0	0	0	0	114177833.7	0	0
Sconica_v3_33501-RA	6	29	3008236564.6	4030013720.8	2207429384.3	877309626.4	223085686	112188743.426	3008236564.6	4030013720.8	2207429384.3	756121673.3	0	77775705.19
Sconica_v3_33523-RA	1	1	0	0	79116435.26	79153993.63	0	0	0	0	79116435.26	0	0	0
Sconica_v3_33610-RA	2	2	0	0	290872016.98	176341229.28	0	0	0	0	68206564.28	122577013.7	0	0
Sconica_v3_33667-RA	18	36	356352940.512	297436082.716	246658271.35	697344081.638	11060166931	10930440120.874	0	0	0	0	9808972999	10605599584.15
Sconica_v3_33772-RA	6	26	159932667.8	116052714.99	120687693.1868	132937293.5	13172341016	13563696244.3	0	0	0	0	13172341016	13563696244.3
Sconica_v3_33783-RA	4	5	162761448.84	417122192.31	123224106.03	26095065.14	38223714.5	0	108797044.9	417122192.31	0	0	0	0
Sconica_v3_33824-RA	14	22	359735330.842	181892049.62	168534113.45	99059208.58	4057257285	2118184936.23	0	0	0	0	3842066585	1811801763.85
Sconica_v3_33841-RA	5	6	0	6827872.961	90948023.48	240490211.65	242904272	112213141.93	0	0	0	24039435.83	211944480	83234149.13
Sconica_v3_33868-RA	29	50	848932254.314	886869706.885	3090060446.649	7643563067.201	5131293980	5934344383.649	0	0	1275649799.86	3521052664.001	1167721504	5095346419.96
Sconica_v3_33875-RA	6	11	336365236.1	223473389.94	4148073458.8	2957787387.4	463283474	463287536.81	0	0	3960658778.2	2127695536	191638320	184569417
Sconica_v3_33880-RA	10	45	247249133.555	260122017.59	1473385472.59	2199909766.88	19261989751	21523893167.62	0	74886658.85	1421971508.2	1572320184.9	19261989751	21523893167.62
Sconica_v3_33895-RA	4	4	0	0	0	31957953.39	293277762	167543449.28	0	0	0	0	142242450	94237918.22
Sconica_v3_33915-RA	3	7	1306320427.25	470886916.12	211134995.69	45623221.29	628203792	549589522.12	0	30912298.22	66892343.14	0	400649104	549589522.12
Sconica_v3_33921-RA	6	12	13933644.31	36578488.64	31322661.575	136715551.32	647915046	613274816.83	0	0	0	0	647915046	298099581.33
Sconica_v3_33937-RA	8	19	917893539.5	613097893.63	459259939.38	1004658395.47	182024072	89490264.31	560595792.5	463864409.56	235877921.73	598625624.84	0	0
Sconica_v3_33954-RA	1	1	245544087.2	0	122498083.1	106783898.8	0	22735644.53	0	0	122498083.1	0	0	0
Sconica_v3_33976-RA	1	1	0	0	74585113.64	171862083.6	0	18621552.34	0	0	0	171862083.6	0	0
Sconica_v3_33977-RA	10	21	226227709.382	126560073.64	8001678649.07	1246336470.65	3223346017	3631426355.5	0	0	45415959.39	617298519.3	3216174612	2656692986.59
Sconica_v3_34009-RA	15	54	204431163.25	86851953.6	1125388474.71	2415502888.78	33249352737	36919154778.26	0	0	0	899263942.1	28702980705	31305348162.56
Sconica_v3_34010-RA	6	9	22305127.93	20578769.24	476662823.02	912285603.64	63710424	27559068.75	0	0	395528232.32	593231187.84	0	0
Sconica_v3_34018-RA	2	4	0	0	1082449421.97	919567611.76	230347068	220550893.64	0	0	54314517.97	903771177.3	230347068	0
Sconica_v3_34028-RA	2	3	9048067.631	13332647.76	20845073.17	0	134297328	28854250.03	0	0	0	0	134297328	28854250.03
Sconica_v3_34033-RA	1	1	21622202.2	45158982.79	0	0	12637298	0	0	45158982.79	0	0	0	0
Sconica_v3_34057-RA	1	2	0	0	58445793.23	110981260.5	0	0	0	0	0	110981260.5	0	0
Sconica_v3_34084-RA	1	1	0	0	48187002.63	0	0	77379107.34	0	0	0	0	0	77379107.34
Sconica_v3_34127-RA	2	2	0	0	134817933.56	226237356.69	0	0	0	0	0	226237356.69	0	0
Sconica_v3_34192-RA	6	11	244387636.16	0	1578617050.85	733964081.2	89751956	148221772.499	0	0	1578617050.85	422119247.6	0	51933887.8
Sconica_v3_34195-RA	8	19	1184948782.39	2012823487.27	4317767303.72	5404772467.18	356344524	253504167.58	327968451.44	1692233582.33	4145341570.82	5091929881.8	116511376	30958715.16
Sconica_v3_34200-RA	13	35	3385756723.02	1179596991	11290625535.33	3328461995.92	2144676032	2084095582.3	0	0	11290625535.33	2515098588.4	1919471256	1583528365
Sconica_v3_34201-RA	1	1	0	0	0	20547690.01	0	0	0	0	0	20547690.01	0	0
Sconica_v3_34205-RA	5	7	195038174	255624584.845	393205407.69	742237143.3	0	20263841.89	0	0	393205407.69	319773908.3	0	0
Sconica_v3_34235-RA	4	7	653324348.29	1334757304.3	707201280.7	684700754.7	79663767	37407799.04	0	1334757304.3	341075272.1	0	0	0
Sconica_v3_34239-RA	26	61	2774514241.32	2847257157.06	2565723836.62	1686258209.37	161863382	106114610.215	2431287621.03	2288385599.4	1397468770.38	624586264.76	0	0
Sconica_v3_34245-RA	7	10	26000903.06	59311353.37	989601351.06	724365433.9	112722783	120169120.85	0	0	775819362.56	235941133.87	69059104	0
Sconica_v3_34257-RA	2	2	230964412.41	160052230.79	77184917.26	123748038.4	0	0	230964412.41	0	0	0	0	0
Sconica_v3_34281-RA	2	5	133277528.3	179474832.5	2211485166	1820549790.6	19254518	31617115.03	133277528.3	179474832.5	102506426	1820549790.6	0	0
Sconica_v3_34292-RA	17	28	396687342.55	289936360.046	2767778227.76	13513228821.3	36952661	242630763.91	0	0	1993627540.83	10802822879.3	0	0
Sconica_v3_34304-RA	1	3	282674801.2	264681173.6	96953306.28	367418009	0	72536759	282674801.2	264681173.6	96953306.28	0	0	0
Sconica_v3_34328-RA	3	3	0	0	104374973.66	221803885.66	147261893	2701871.322	0	0	69490760.52	122221149.74	0	0
Sconica_v3_34348-RA	8	28	258103140.35	176400380.35	1596088256.511	1786746124.4	553942850.5	658288049.91	258103140.35	38375603.74	1060663348.16	1786746124.4	407467890.5	484111979.32
Sconica_v3_34358-RA	10	13	7717795.358	0	1074465482.293	1388420429.87	73307743.75	133213364.09	0	0	946130797.35	1286275116.12	55351201.75	0
Sconica_v3_34367-RA	4	6	108475501.4	393763678.463	253814101.8	118163370.64	0	0	0	0	253814101.8	52432976.26	0	0
Sconica_v3_34371-RA	2	3	0	0	316355786.3	489875256.7	24713768	0	0	0	132519191.8	489875256.7	0	0
Sconica_v3_34387-RA	88	372	79351493814.442	109422817774.689	85563637577.82	56733217475.593	12598660146.5	13481961232.347	63342482144.4	102228026386.079	75936681406.19	48023656021.03	6889343688	3606683608.39
Sconica_v3_34446-RA	10	36	46715035.01	82913575.93	2878814120.3	5159310080.1	40505593200	35184146535.3	0	53777269.86	2115480980.2	5137030960.3	40505593200	34207836087.2
Sconica_v3_34475-RA	4	6	83456539.75	88382468.651	1769115685.91	976486355.5	72802398	74366715.75	0	0	639100625.91	259914054.9	0	74366715.75
Sconica_v3_34512-RA	1	1	0	0	41568326.52	36614189.75	165579248	221155197.1	0	0	0	0	0	221155197.1
Sconica_v3_34546-RA	2	2	10909677.45	40268191.98	34469169.28	49751544.03	40459856	80365628.6	0	0	21592433.3	35721402.71	0	0
Sconica_v3_34634-RA	21	34	459476531.708	674484054.798	3360650681.31	4497239658.34	115037869.5	514105236.381	0	0	2549591381.41	3242644161.75	0	0
Sconica_v3_34643-RA	8	19	18610968.21	43904027.306	2847551322.9	3104936804.12	457151112	980092561.91	0	35086985.93	1980196472.8	3104936804.12	38493744	0
Sconica_v3_34690-RA	2	2	0	0	0	0	136479844	163755901.66	0	0	0	0	84760000	64467851.55
Sconica_v3_34696-RA	2	2	0	31932076.03	26214565.29	149760021.37	55792072	42163176.9	0	0	0	149760021.37	0	0
Sconica_v3_34699-RA	6	7	108625586.8	301526133.223	423215703.32	1046258316.26	423051216	85590694.65	0	0	149565560.4	1046258316.26	0	0
Sconica_v3_34703-RA	36	66	155161580.148	566929541.343	689801847.726	1178036896.74	13974014290	16142728426.63	0	0	0	70060871.97	12809583196	13412896026.1
Sconica_v3_34707-RA	26	97	268989304.27	245946790.764	3774814315.505	6494781885.4	69860822201	66376272066.2	0	0	2719689437.8	3847217930.9	65727268537	54910914288.1
Sconica_v3_34731-RA	4	13	132864658.1	198737363.507	817938453.87	530699661.01	1603899256	4345025688	0	0	800680034.8	324346683.4	1603899256	4345025688
Sconica_v3_34743-RA	12	47	3700651536.78	4825298868.42	1852748811.468	2107554544.59	261122946	919689325.26	2915073457.6	4186248289.72	1318443586.6	1796606274.09	0	0
Sconica_v3_34772-RA	6	7	0	0	107074587.23	853496024.08	135672144	218732845	0	0	37280918.62	853496024.08	0	0
Sconica_v3_34781-RA	16	30	847446718.187	3245855246.95	1405391826.74	468727715.25	623804096.25	538894227.168	583537346.32	2799949905.25	700260789.78	81618439.52	0	0
Sconica_v3_34819-RA	1	1	0	0	68763508.88	122809217.8	0	0	0	0	68763508.88	0	0	0
Sconica_v3_34881-RA	6	16	2753165325.48	3603313641.4	1594191950.1	844510448.75	316878770	559930340.88	1959569330.6	2247648841.3	1594191950.1	531620639.5	108958136	84700067.06
Sconica_v3_34907-RA	3	5	0	0	338979722.97	68688250.91	52632514	59786089.336	0	0	338979722.97	0	27267872	33836425.85
Sconica_v3_34934-RA	10	28	3465315198	4198104641.441	2863059244.74	2511921149.64	209155534	364298007.24	2734676874.5	3504976029.14	1683828663.88	2069488987.5	83713120	0
Sconica_v3_34936-RA	6	14	85087570.34	20613258.78	4440003921.19	5770175921.143	136125826	189764845.1	0	0	4440003921.19	5580695977.9	119428792	47904336.45
Sconica_v3_34992-RA	2	4	0	0	1281707794.8	1517433249.3	109880368	44488651.13	0	0	832055420.7	1517433249.3	0	0
Sconica_v3_35028-RA	2	3	16552082.14	6690332.758	448336180.7	739253086.9	0	23048259.697	0	0	316269196.1	739253086.9	0	0
Sconica_v3_35100-RA	2	2	19785970.27	0	93350563.81	235493191.22	47706078	62481638.52	0	0	65464644.88	63904512.52	0	0
Sconica_v3_35141-RA	6	8	0	0	1116551304.76	2165941563.1	131627674	68486945.59	0	0	552606268.8	1629228395.8	0	0
Sconica_v3_35166-RA	15	28	258439500.702	804482882.67	693187461.13	998850177.11	2301097014	2186059661.434	0	0	0	608549040.33	2188934470	1911832530.88
Sconica_v3_35196-RA	3	4	55442606.18	66488480.48	143560494.98	232216898.4	0	74660215.97	0	66488480.48	63119785.12	123055170.8	0	0
Sconica_v3_35246-RA	9	20	3368135811.09	4535379949.46	2954173561.4	1701671177.83	88931463	545426390.8	1744062664.99	3500523583.46	2394498655.6	145997852.8	0	37527315.21
Sconica_v3_35248-RA	1	2	0	0	59788281.25	95782375.85	0	0	0	0	59788281.25	95782375.85	0	0
Sconica_v3_35258-RA	22	57	5106926176.79	8441105234.49	6129652885.31	3590767317.916	346731845	376863469.603	3857408156.14	7493241759.95	5270995515.13	1612558232.8	0	25832216.823
Sconica_v3_35299-RA	2	5	29350663.81	43403013.74	53996537.57	42841352.71	0	0	29350663.81	43403013.74	37129095.96	0	0	0
Sconica_v3_35318-RA	1	1	0	0	0	157634646	24507856	0	0	0	0	157634646	0	0
Sconica_v3_35327-RA	5	9	145491847.962	91342249.94	2087888114.52	1296243585.9	519158248	450560806.47	0	91342249.94	927840414.9	1296243585.9	448742264	280926023.2
Sconica_v3_35422-RA	3	5	77585004.66	179984786.45	83548022.54	44167207.9	0	0	17999723.47	179984786.45	44614568.61	0	0	0
Sconica_v3_35439-RA	3	3	0	0	186372419.56	27907993.49	652984512	101063838.6	0	0	186372419.56	0	0	0
Sconica_v3_35445-RA	4	14	82265324.15	306913853.78	66926995667.5	263176558.6	56808068	66564247.46	13417841.2	192306164.5	66926995667.5	0	0	15833571.12
Sconica_v3_35446-RA	6	26	102742922.3	182796382.81	78276382788	894217162.27	39516122	57468616.1	102742922.3	0	78276382788	724898049.67	0	31862477.99
Sconica_v3_35491-RA	12	32	153894195.9	372836218.89	108407766.91	361467797.32	4709252396	4395461054	0	0	0	222963541.97	4709252396	2909203866.3
Sconica_v3_35492-RA	1	1	32506887.08	0	40024586.58	96505974.73	0	0	32506887.08	0	0	0	0	0
Sconica_v3_35540-RA	11	19	28474477.91	0	105492092.2	1458210854.56	2717442588	1927346354.91	0	0	0	577997867.76	2135650632	1538898097.02
Sconica_v3_35546-RA	1	1	0	36719258.6	20450344.95	0	0	62907931.75	0	36719258.6	0	0	0	0
Sconica_v3_35549-RA	9	26	1396020440.3382	1358957687.18	1731419503.51	3724514764.73	0	32541665.25	1162764051.08	1340887256.6	1595141401.95	3444070292.13	0	0
Sconica_v3_35560-RA	8	16	70800063.44	349033633.3	2027857001.57	4409861661.98	483321208	619320198.65	0	0	1953233917.3	2843982520.78	144643648	356671972.65
Sconica_v3_35564-RA	5	7	7766518.369	99856175.12	22550658.898	0	310945174	348315585.23	0	0	0	0	274640826	315070026.42
Sconica_v3_35585-RA	2	2	0	12859525.57	78683315.82	342888492.1	272378976	437432126.46	0	0	0	342888492.1	0	0
Sconica_v3_35599-RA	1	1	40013575.02	65419545.84	120811458.7	211387932.5	0	0	0	0	120811458.7	0	0	0
Sconica_v3_35613-RA	1	2	0	0	151522276.6	257572878.4	53252660	0	0	0	151522276.6	257572878.4	0	0
Sconica_v3_35625-RA	1	1	0	0	91215972.88	133142045.6	0	49145846.05	0	0	0	133142045.6	0	0
Sconica_v3_35632-RA	2	3	6978592.191	14711571.25	334705005.59	767449356.9	0	0	0	0	58310265.29	767449356.9	0	0
Sconica_v3_35633-RA	1	1	0	0	20371962	131037989.2	0	0	0	0	0	131037989.2	0	0
Sconica_v3_35645-RA	2	2	17127159.19	6519847.118	80969879.06	176022953.76	0	0	0	0	0	176022953.76	0	0
Sconica_v3_35665-RA	4	5	65536724.401	13576895.89	223499130.54	304309742.39	6417072	0	0	0	130804262.7	304309742.39	0	0
Sconica_v3_35686-RA	4	5	94215846.28	0	149799795.63	504187634.26	231518560	216989741.82	34348636.1	0	103591538	439019581.8	92259312	0
Sconica_v3_35699-RA	6	9	174099961.08	200837082.97	144211254.01	302717422.89	1222752260	1603111519.64	0	40775630.61	0	185754154.16	953404656	1305950436.4
Sconica_v3_35700-RA	7	9	0	13918035.49	535332034.04	1033075202.58	10934532	66811624.01	0	0	243977104.41	880315546.7	0	0
Sconica_v3_35720-RA	2	2	0	0	0	303025846.1	0	0	0	0	0	303025846.1	0	0
Sconica_v3_35730-RA	2	2	102114863.6	74684333.36	292876457.99	44618651.02	0	0	0	0	292876457.99	0	0	0
Sconica_v3_35731-RA	1	1	0	0	18590503.92	0	0	0	0	0	18590503.92	0	0	0
Sconica_v3_35746-RA	1	1	61363964.41	0	0	0	130578544	94606944.56	0	0	0	0	0	94606944.56
Sconica_v3_35765-RA	1	1	15352252.26	0	29333220.01	49518887.71	0	0	0	0	0	49518887.71	0	0
Sconica_v3_35769-RA	5	12	495544387.26	360008819.56	247128053.95	399632904.82	17184286	51499705.42	425289135.59	280587749.68	247128053.95	102447761.4	0	0
Sconica_v3_35775-RA	4	7	28432358.844	22446225.32	131508433.26	388446397.4	118059029	169804538.01	0	0	56996891.66	388446397.4	27481528	69140541.59
Sconica_v3_35796-RA	8	19	0	50958366.6	1908175637.09	2857850481.36	154290158	192046771.47	0	0	1908175637.09	2716076391.2	0	0
Sconica_v3_35824-RA	4	6	0	0	173436829.99	202584916.58	12635291	0	0	0	42966659.92	202584916.58	0	0
Sconica_v3_35858-RA	6	8	100951674.603	102089947.92	750757958.3	1272391080.02	36609486	98460773.77	0	0	277176824.4	1272391080.02	0	0
Sconica_v3_35859-RA	11	18	25768820.99	0	1902057529.39	4413665883.61	99638633	359350425.08	0	0	1724120598.09	2882897248.4	0	87764246.54
Sconica_v3_35866-RA	1	2	0	0	97181615.25	298119846.3	0	65460491.22	0	0	97181615.25	298119846.3	0	0
Sconica_v3_35876-RA	9	26	1990545124.43	2715230048.94	2581506175.8	2842001825.4	817858533	627425524.02	1708643167.97	2715230048.94	845997101.1	965162042.9	53412804	0
Sconica_v3_35880-RA	3	5	29545721.51	60270721.42	676557267.3	605920233.3	0	9838509.99	0	0	676557267.3	463409863.6	0	0
Sconica_v3_35886-RA	11	24	0	80869083.38	76123856.77	0	3861394384	4471317758.47	0	0	0	0	3861394384	4454863888.1
Sconica_v3_35888-RA	20	39	1593928494.374	650586108.57	392247824.31	614311324.25	6775911884	6445788129.47	0	0	74080184.89	309089007	6367843692	5019470948.03
Sconica_v3_35890-RA	12	29	1883454538.88	2638016405.18	830001202.35	1216295497.2	201989399	133200024.67	1475338623.11	2569731165.39	598905915	939790154.6	0	0
Sconica_v3_35906-RA	3	3	0	0	26754477.92	32570070.56	699313972	254120963.98	0	0	0	0	699313972	0
Sconica_v3_35929-RA	9	16	771919661.45	551853726.02	603095040.97	601478406.04	89076247	120469005.55	509594701.3	304664484.13	85956158.29	498323275.72	0	0
Sconica_v3_35962-RA	20	57	82079139.745	56176013.251	4540567325.467	8443247510.392	2524539458	876388987.603	0	0	4508875866.02	6373375437.9	2374600675	578549679.04
Sconica_v3_36026-RA	14	32	16310808.283	108206556.7	116704087.556	584184993.643	6002537828	6213028035.86	0	0	0	0	5944781864	5348978188.63
Sconica_v3_36037-RA	1	2	0	0	334818271.6	863124624.4	0	0	0	0	334818271.6	863124624.4	0	0
Sconica_v3_36040-RA	2	3	0	0	181389479.96	90740305.27	41588220	0	0	0	146333116.7	90740305.27	41588220	0
Sconica_v3_36091-RA	2	4	0	29333979.65	421194299.6	1232690980.4	24093904	0	0	0	421194299.6	1232690980.4	0	0
Sconica_v3_36096-RA	4	6	25345877.62	10537577.88	344098956.24	933584462.2	44951246	38154601.72	0	0	139951892.49	933584462.2	0	0
Sconica_v3_36108-RA	10	51	74991849325.25	48284722478	55971346752.93	80555550445.96	833194698	1504174616.28	68212586533	45105613163	55693412226.68	80445591544.96	353472432	1187994601.03
Sconica_v3_36118-RA	2	7	346065833.3	436204453.06	83538166	59312239.68	0	17657013.6	346065833.3	341815226.3	53225072.45	59312239.68	0	0
Sconica_v3_36143-RA	18	52	5791599639.89	14198477987.2	1397220773.64	1043968393.84	473083306	487928337.84	5714836870.25	14198477987.2	654123920.98	0	20392458	20358809.25
Sconica_v3_36155-RA	5	6	0	0	92327303.82	181689015.3	241322936	241765561.37	0	0	0	0	137542868	200017906.43
Sconica_v3_36163-RA	38	155	34542019684.1	45116074723.79	29969420453.59	22121023160.03	1534667809.5	1125357959.461	31867441658.3	40003743578.99	20795679469.89	15835395554.02	198303826	90702293.99
Sconica_v3_36164-RA	17	22	57901300.085	40146952.58	1622565652.59	3152880027.22	348213251	325339978.729	0	0	1110679924.16	2448761639	0	30836143.47
Sconica_v3_36179-RA	3	4	154031747.89	146819681.25	0	0	0	0	142829336.08	75940080.75	0	0	0	0
Sconica_v3_36181-RA	4	14	1369806620.2	443165934.01	3861336356.1	12675210899	61797753.75	96920627.64	114706167.2	0	3548060125.2	12675210899	61797753.75	0
Sconica_v3_36186-RA	1	3	77780160.29	72350651.66	138077358.8	207093168.3	0	8015883.209	77780160.29	72350651.66	138077358.8	0	0	0
Sconica_v3_36192-RA	2	3	0	0	108843306	246681961.33	0	0	0	0	53560940.2	246681961.33	0	0
Sconica_v3_36209-RA	6	12	1702388291.99	952484735.8	896327594.86	702495147.94	160719696	13074974.4	799670638.99	565338960.9	143291653.96	260950542.3	0	0
Sconica_v3_36237-RA	9	28	150026873.381	457709791.67	404840482.27	691929725.63	3880004626.5	3929436419.17	31926845.75	262769660.25	330358077.11	110144815.9	3505475410.5	3863651300.01
Sconica_v3_36238-RA	10	35	99573238.53	41126750.2	241442151.99	1152632302.95	19352886152	12520542490.67	0	0	151576770.4	930396991.7	18683684536	12520542490.67
Sconica_v3_36246-RA	33	265	3563843200.37	3661975820.24	32039974410.02	45828730881.95	591667309009	670152633518.172	1827944566.02	2585753497.63	30157976575.81	42358283981.8	587236475141	630043174167.272
Sconica_v3_36249-RA	4	4	12498686.433	35610939.59	195068078.43	1378225206.1	41498272	0	0	0	0	705954627.7	41498272	0
Sconica_v3_36253-RA	5	7	0	0	37056754.22	1280123483.14	144641578	48484680.512	0	0	0	1280123483.14	0	0
Sconica_v3_36294-RA	9	29	2983516487.5	3992956574.04	4404229086.8	1271584324.36	289343426	331158390.707	2072690487.2	2628276513.84	4074771013.1	986434716	0	0
Sconica_v3_36305-RA	7	10	0	0	65215920.23	31766898.48	1086639600	1379262809.05	0	0	0	0	1086639600	871198630.7
Sconica_v3_36307-RA	3	4	0	8761063.543	276937538.89	312990755.32	0	143675288.842	0	0	149146944.59	174665497.3	0	138197617.6
Sconica_v3_36312-RA	2	2	0	14537820.95	102486938.2	839048224.8	0	0	0	0	0	839048224.8	0	0
Sconica_v3_36318-RA	2	2	80307820.57	74933438.07	151585322.63	136623412.24	21765782	14341323.19	0	0	102368330.4	70898407.74	0	0
Sconica_v3_36335-RA	9	9	55571210.77	57297996.283	180845000.52	1723375620.11	16743449	122969324.673	0	0	0	1723375620.11	0	0
Sconica_v3_36350-RA	3	7	85925893.51	115992588.32	425213099.7	471003324.5	143869002	125962289.38	0	0	425213099.7	273786593.3	50272748	11603106.52
Sconica_v3_36394-RA	1	1	0	0	57552966.7	72432360.42	0	0	0	0	57552966.7	0	0	0
Sconica_v3_36401-RA	5	9	285056227.56	595328851.9	199555547.35	22220956.79	33414704	50298200.76	105446000.1	595328851.9	199555547.35	0	0	0
Sconica_v3_36423-RA	21	37	2003415057.79	406657070.914	4726492765.48	12950424170.1	284498737	487806959.47	0	0	3882396955.91	11109926597	21048862	110993226.17
Sconica_v3_36446-RA	1	1	72913120.05	81355552.08	45535624.22	61779465.21	0	0	0	0	45535624.22	0	0	0
Sconica_v3_36485-RA	7	17	1745365879.08	1609073723.32	797520009.99	463805676.29	191480064	1426345565.93	1745365879.08	1165585139.72	408952816.41	0	0	0
Sconica_v3_36487-RA	3	8	0	37818750.07	1878849600.3	820289919.3	208297784	263464411.03	0	0	1878849600.3	820289919.3	0	206540972.3
Sconica_v3_36603-RA	2	3	0	11056080.09	311507454.65	778022411.9	0	0	0	0	234803427.3	778022411.9	0	0
Sconica_v3_36606-RA	4	6	141262306.722	0	908332728.94	2541823706.8	0	0	0	0	637832755.9	2541823706.8	0	0
Sconica_v3_36607-RA	2	5	37106622.1	0	609260618.3	1716105724.1	0	0	0	0	609260618.3	1716105724.1	0	0
Sconica_v3_36614-RA	18	158	426182199442.55	380060314442.86	227270529085.43	229886850438.23	4512344504.5	9268357809.48	425191269763.2	380060314442.86	226121219525.63	229014190690.67	4301032113.5	8799764655.01
Sconica_v3_36620-RA	2	2	97871211.56	104163734.9	108249312.31	0	105387480	0	0	0	108249312.31	0	0	0
Sconica_v3_36627-RA	1	2	0	0	34544575.73	78045786.68	0	0	0	0	0	78045786.68	0	0
Sconica_v3_36684-RA	12	19	1142148090.03	1249241532.76	678706521.01	1136120855.52	86323435	75977760.097	666380070.31	933554989.48	291451648.81	220155341.38	0	0
Sconica_v3_36690-RA	2	3	0	0	151155979.13	239934501.59	9159545	44440144.49	0	0	0	239934501.59	0	0
Sconica_v3_36743-RA	5	9	0	16889150.07	345519389.17	1699344521.9	0	0	0	0	248317342.5	1699344521.9	0	0
Sconica_v3_36799-RA	1	1	11797473.21	0	56367345.39	63797450.1	0	4955119.389	0	0	0	63797450.1	0	0
Sconica_v3_36823-RA	14	42	208519634.1897	356653834.285	15119014192.03	23027887821.83	4464667272	4278703680.26	95509731.2	261775123.61	14328657997.63	16088243077.83	2035627744	2758180083.61
Sconica_v3_36839-RA	1	1	0	0	14099333.12	48918282.54	14444126	6051545.669	0	0	0	48918282.54	0	0
Sconica_v3_36852-RA	3	4	0	0	16506410.28	89249813.32	687745012	871148182.8	0	0	0	89249813.32	620954560	739720218
Sconica_v3_36866-RA	1	2	44937979.09	0	41720990.38	58863136.86	0	0	0	0	41720990.38	58863136.86	0	0
Sconica_v3_36917-RA	14	28	117858190.908	25176436.28	1971409135.52	1303343314.53	1017504350.5	994881565.904	70292717.19	15470603.11	1708035284.62	717691844.4	889711491	300053659.06
Sconica_v3_36923-RA	2	4	14305811.78	57450020.14	20773452.91	40371574.38	70731544	95104349.94	14305811.78	57450020.14	20773452.91	0	0	0
Sconica_v3_36947-RA	5	9	1807953006.15	3897624976.8	4372215077.3	2207201694.32	2482220996	3497508074.39	1663300266.2	3876369842.7	0	643801368.6	58938348	2817168294.2
Sconica_v3_36962-RA	11	24	916078970.59	1726412079.703	1150923837.63	577352650.46	191885143.25	306450714.727	639447619.31	1135503750.33	328423729.98	235244814.69	44462338	15806834.81
Sconica_v3_36967-RA	4	6	63534600.85	28528005.97	69742282.87	0	110766368	64910446.36	0	0	0	0	110766368	27201778.15
Sconica_v3_37025-RA	1	2	8881969.163	0	0	0	1914683264	3063660650	0	0	0	0	1914683264	3063660650
Sconica_v3_37046-RA	1	2	0	0	0	0	23235744	23508056.94	0	0	0	0	23235744	23508056.94
Sconica_v3_37075-RA	9	15	387033725.73	930921385.97	670228805.77	401040709.36	237259774	375854655.09	287673627.367	877051709.17	466091184.28	96557593.5	0	0
Sconica_v3_37120-RA	10	22	19150628.069	17385995.65	2787073609.6	4783353217.92	223774542	158808198.43	0	0	1583560639.9	4752909937.7	171637600	65511501.37
Sconica_v3_37126-RA	2	5	35161844.98	37151331.34	723084573.5	366719007.7	95947006	91370379.6	0	0	723084573.5	366719007.7	95947006	26816595.92
Sconica_v3_37137-RA	3	4	0	0	249950344.31	109863152.4	0	0	0	0	249950344.31	109863152.4	0	0
Sconica_v3_37147-RA	20	52	25916671749.654	6750099964.73	4934821385.94	9412778088.15	1301185778	1324769740.78	24639361386.03	6575599885.03	3425894663.56	8269934251.31	297405340	44115171.81
Sconica_v3_37163-RA	2	3	0	13416045.46	29808038.79	169113826.34	41532956	297791343.2	0	0	29808038.79	169113826.34	0	0
Sconica_v3_37174-RA	7	9	904695277.25	539856990.64	127805216.06	1204481932.01	321764680	178512677.01	831157190.2	223070123.8	0	895849568.5	75321968	0
Sconica_v3_37176-RA	2	2	0	0	73681581.48	115936742.7	13981479	0	0	0	0	115936742.7	0	0
Sconica_v3_37178-RA	8	14	203392451.11	0	21569031.676	104850193.51	1531937804.5	1303199436.36	0	0	0	0	1033197268.5	1303199436.36
Sconica_v3_37199-RA	1	1	0	0	0	83250369.08	61908268	13081633.34	0	0	0	0	0	13081633.34
Sconica_v3_37202-RA	1	1	0	0	0	557838085.2	0	0	0	0	0	557838085.2	0	0
Sconica_v3_37266-RA	4	5	0	0	276519994.23	700688594.4	10408156	0	0	0	27639928.97	700688594.4	0	0
Sconica_v3_37281-RA	7	8	0	0	809437580.27	2120784863.42	63446884	41396190.13	0	0	515528555.44	1792678216.7	0	0
Sconica_v3_37313-RA	7	8	49570297.697	277915285.9	426926089.69	1333001961.3	68157056	21853239.55	0	0	32390177.19	1333001961.3	0	0
Sconica_v3_37317-RA	1	1	0	0	21210036.4	235238905	0	0	0	0	0	235238905	0	0
Sconica_v3_37323-RA	1	1	25560015.41	8149380.671	270333276.6	43172926.34	61723052	32643591.15	0	0	0	0	61723052	0
Sconica_v3_37372-RA	6	7	64779764.59	110190117.297	45434481.57	108276057.63	1324117114	582515445.21	0	0	0	0	218166346	505593389.45
Sconica_v3_37430-RA	21	64	2131206623.648	2963761796.759	3383768291.46	1873928117.14	2529396718	2205178938.117	960404343.02	2308001378.76	2637656546.5	1412206252.84	1295064808	1251197067.03
Sconica_v3_37433-RA	20	46	199667981.3197	128153825.811	20261863233.785	983933821.6	4296289083	3492971532.31	0	0	18737829879.12	587712200.7	3306560639	2675111912
Sconica_v3_37434-RA	18	38	2219224604.69	5701744054.49	2776809524.42	891798056.61	480248070	215344173.934	1064967767.82	4685301615.83	1534482285.15	0	265870952	0
Sconica_v3_37475-RA	9	48	51373347525.476	56049936658.3	25466115290.12	22922157766.46	1406105060	2511039769.57	38180782431.1	56049936658.3	23200551480	22886848860.2	1171323586	1688785583.27
Sconica_v3_37504-RA	3	5	40567184.11	58607300.86	269264138.01	438836452.29	1200433.5	0	0	58607300.86	253576167.8	438836452.29	1200433.5	0
Sconica_v3_37549-RA	5	5	28521947.96	41224073.02	279281834.67	503672399.89	0	6260728.728	0	0	153675670.14	230409219.11	0	0
Sconica_v3_37554-RA	16	22	0	11932310.58	14862041.24	65089748.49	3176724040	3023063844.15	0	0	0	0	2559146728	1889007970.5
Sconica_v3_37556-RA	1	2	0	0	21596333.7	23319419.19	0	0	0	0	21596333.7	23319419.19	0	0
Sconica_v3_37558-RA	5	5	27914613.595	274145392.59	37327524.96	123576171.1	0	269628865.7	0	274145392.59	0	0	0	0
Sconica_v3_37589-RA	31	67	258071047.292	373284611.509	12583691293.07	23593867266.6	1306213238	2119189042.75	0	55139586.49	10437653113.32	18569456851.29	311962636	1069279416.67
Sconica_v3_37599-RA	1	1	0	0	47676636.01	93088132.25	0	0	0	0	0	93088132.25	0	0
Sconica_v3_37603-RA	5	6	0	0	51637142.66	51594996.113	748254704	928734084.47	0	0	0	0	544252256	550769990.07
Sconica_v3_37633-RA	2	3	7255034.298	0	535389668.8	791695183.2	154046040	105503703.8	0	0	358358500.3	791695183.2	0	0
Sconica_v3_37635-RA	5	16	544474850.65	178770274.99	531183101.34	2391990793.85	7460270.5	5449493.87	499794567.64	178770274.99	396014938.14	2207687346.45	0	0
Sconica_v3_37754-RA	1	1	0	0	0	0	20370732	22624367.38	0	0	0	0	0	22624367.38
Sconica_v3_37759-RA	11	18	620384625.79	30964922.93	1718571482.61	5000506777	0	28083629.06	402734039.8	0	1472070353.64	4364286062.1	0	0
Sconica_v3_37770-RA	1	1	0	0	30285916.76	0	0	61258771.89	0	0	30285916.76	0	0	0
Sconica_v3_37777-RA	18	39	69732890.85	30324486.98	3011780891.01	9473243193.41	193807582	144675165.653	51150623.77	0	2673385059.43	8498288424.51	0	0
Sconica_v3_37780-RA	8	12	23631951.56	45427791.16	243388057.06	1433735839.5	195465114	0	0	0	166446064.25	1433735839.5	0	0
Sconica_v3_37782-RA	5	7	0	16882256.37	677409776.13	228734159.12	445020120	482588686.74	0	0	294811444.83	0	181563568	446747406.93
Sconica_v3_37825-RA	2	2	92484114.16	147672353.81	79238897.79	0	0	0	92484114.16	0	0	0	0	0
Sconica_v3_37828-RA	1	1	0	0	0	0	0	32395390.19	0	0	0	0	0	32395390.19
Sconica_v3_37834-RA	6	13	8881393.474	0	5510166.898	300306249.72	1743042715	1477825759.06	0	0	0	0	1392745051	1477825759.06
Sconica_v3_37888-RA	2	2	0	0	176006968.1	372220599	1288190.125	0	0	0	0	372220599	0	0
Sconica_v3_37911-RA	6	8	56227985.23	24497940.57	917353085.31	1281466363.75	9704164	0	0	0	795108452.69	966799014.95	0	0
Sconica_v3_37912-RA	4	8	759729356.39	1039798203.85	885630828.3	853358592.29	256483242	276528401.73	209587731.73	902195911.15	0	179704437.9	199124882	0
Sconica_v3_37919-RA	12	21	488105592.02	11556598619.87	654987239.34	450409970.53	1547367854	1334166177.21	0	0	0	0	1425299632	1279258098.99
Sconica_v3_37933-RA	5	9	674016038.39	443479405.99	147867137.09	197905983.63	0	15626450.39	643135949.8	443479405.99	73535174.64	47954212.44	0	0
Sconica_v3_37939-RA	3	3	0	0	494323467	597102831	85869944	0	0	0	329752651.6	398764109.4	0	0
Sconica_v3_37944-RA	2	2	0	0	235160402.21	0	142946324	0	0	0	235160402.21	0	0	0
Sconica_v3_37954-RA	2	4	196040388.07	202446677.54	88855013.72	86664156.94	55622304	0	196040388.07	202446677.54	0	0	0	0
Sconica_v3_37990-RA	18	32	809717442.375	2540788714.83	2563612719.08	507369930.24	163141674	252822833.86	276372987.99	2345312087.55	2165684068.36	0	0	0
Sconica_v3_38022-RA	3	3	247065824.77	22587406.999	102681296.672	150657698.68	0	0	247065824.77	0	0	0	0	0
Sconica_v3_38048-RA	1	1	0	0	188438929.9	76673352.27	0	34530656.77	0	0	188438929.9	0	0	0
Sconica_v3_38064-RA	6	7	80638570.501	10868453.45	306150215.05	1418186696.09	0	11247730.49	0	0	90357852.99	1418186696.09	0	0
Sconica_v3_38104-RA	3	7	1589707.204	135986274.9	336211099.39	213899977	948083393	875682372	0	0	0	0	948083393	875682372
Sconica_v3_38135-RA	1	2	0	124395323	149917277.1	144650406.5	3440793.75	0	0	124395323	0	0	0	0
Sconica_v3_38169-RA	2	2	0	0	246937173.76	567187882.2	0	0	0	0	0	567187882.2	0	0
Sconica_v3_38171-RA	2	2	43208608.29	146603380.97	92669141.89	61183132.89	10414738	20418039.96	11873950.99	116700382.3	0	0	0	0
Sconica_v3_38217-RA	7	15	46831880.54	41520261.07	8583162204.1	15498199360.09	11650664	85913590.65	0	0	5429249033.1	15498199360.09	0	0
Sconica_v3_38287-RA	1	1	0	0	0	92147617.38	0	5658028.991	0	0	0	92147617.38	0	0
Sconica_v3_38288-RA	2	4	26155134.47	235585539.2	178982856.47	217819471.46	23751256	31277642.48	0	0	178982856.47	217819471.46	0	0
Sconica_v3_38291-RA	2	3	0	0	55178668.04	0	57631843	73960042.27	0	0	27293439.09	0	43639424	51493901.16
Sconica_v3_38412-RA	19	59	419295601.1	844155775.78	20811714693.943	24676113251.31	2583801135	1804042538.562	0	68280796.38	20601805442.01	24588673494.8	1927345992	1311840205.712
Sconica_v3_38444-RA	1	1	0	0	41482237.28	47927969.46	0	0	0	0	41482237.28	0	0	0
Sconica_v3_38520-RA	6	11	671139479.78	440378668.33	287408413.03	363708983.96	68423632	47808579.05	614840224.5	354889061.96	259864384.16	321718554.13	0	0
Sconica_v3_38539-RA	4	7	0	49385348.38	1043817442.2	523331061.73	437536608	108870361.23	0	0	615665090.5	523331061.73	0	17241393.14
Sconica_v3_38556-RA	4	13	2957871504.4	1977094176.8	985617676.7	1115990523.5	204166492	212001694.96	2957871504.4	1176528711.4	985617676.7	693156676.3	0	0
Sconica_v3_38571-RA	3	4	0	0	124521514.17	195874264.19	0	18007035.803	0	0	89312701.29	141614128.24	0	0
Sconica_v3_38577-RA	9	51	973715488.325	737631414	12030513174	7066077287.107	1473975439.3	1463718610.39	376953419.5	689689557.28	6740452792	7062339495.7	1059080003.3	1287222689.27
Sconica_v3_38579-RA	8	12	0	0	638669451.93	854338016.5	25382208	0	0	0	507911502.6	737367612	0	0
Sconica_v3_38616-RA	21	62	245939918.31	485947610.06	21690726167.68	10497118318.82	4998595663.5	4120532392.82	35910401.02	65728155.56	20435369360.68	8842767970.4	3587410206.5	2576043995.11
Sconica_v3_38627-RA	18	31	171562485.68	139397983.72	2170555183.3	5946282049.23	221603896	713216473.28	0	0	1531564487	5499182206.2	39036348	81740608.4
Sconica_v3_38646-RA	5	7	0	9099484.116	406148654.4	1050018279.49	30132453	9951562.169	0	0	256844635.15	1050018279.49	0	0
Sconica_v3_38702-RA	10	13	154576375.715	67921850.6	257259890.9	96580382.03	523566838	737473700.97	0	0	0	0	460061938	280877682.73
Sconica_v3_38709-RA	4	4	120804503.4	437667332.7	148954788.36	337894782.5	0	98065554.91	0	0	0	337894782.5	0	0
Sconica_v3_38749-RA	3	6	19839065.4	0	1351144686.9	2294117749.13	27118340	0	0	0	1351144686.9	2235227631.3	0	0
Sconica_v3_38767-RA	2	2	8228168.322	0	71662383.21	133686583.94	3553962.25	0	8228168.322	0	43750446.9	0	0	0
Sconica_v3_38776-RA	11	14	16271544.777	19006189.05	1318928461.89	2461525778.18	182168200	82167849.68	0	0	776069842.03	1761698541.78	11764351	0
Sconica_v3_38835-RA	11	74	54375421908.6	62918582326.7	56695587727.2	32291387368.8	4950634187	6407039696.02	53839216191.6	62918582326.7	56695587727.2	26621428158.8	3937342547	5128073738.82
Sconica_v3_38908-RA	6	8	29564738.45	0	11355522488.41	7703095295	300035326	327133372.36	0	0	0	0	300035326	162998912.52
Sconica_v3_38920-RA	2	3	123699063.03	16469229.29	108199752.3	135504959.64	0	0	23254958.93	0	108199752.3	0	0	0
Sconica_v3_38927-RA	4	12	156880516.01	222433359.46	3731988779.9	5648557465	334508171	270286929.08	0	0	2203407962.9	5648557465	190206592	215382025.4
Sconica_v3_38964-RA	11	46	4003066449.275	3526881300.5	3137194159.3	3795972323.7	4420787274	4174487589.67	2231086076.675	1524114849.7	2285265744.5	2324112715.4	3814476296	3796559915.27
Sconica_v3_38969-RA	47	180	509968027.278	774995065.713	9240340498.456	20769469974.96	174206350766	172415340127.9	31860352.82	93401698.6	5335073883.58	16443842738.8	162694558282	168794842875.76
Sconica_v3_38990-RA	17	44	3320043114.39	3522612649.51	2179167721.55	2387988782.83	1197801584	2070525376.56	2856982509.81	2427857174.9	1445585500.43	1244017027.3	0	0
Sconica_v3_39004-RA	2	2	76301088.57	133241071.51	15155192.03	0	0	86911360.47	0	133241071.51	0	0	0	0
Sconica_v3_39007-RA	9	21	861559691.75	497157639.19	791591797.85	1965278360.26	54603863.5	224632871.07	468513316.7	192577505.39	171666742.45	1283253833.16	0	137564889.04
Sconica_v3_39167-RA	11	27	90400237.36	70520669.079	4246793325.31	6028310280.38	191446722	203712897.349	19069769.93	14419300.59	3483767270.9	5098570015.18	53608268	30344009.84
Sconica_v3_39169-RA	7	12	125646180.4	0	1363601275.11	1153027544.28	49059204	51919030.87	0	0	1008927967.62	1112953021.9	0	0
Sconica_v3_39213-RA	1	1	1415232932	381838039.7	0	185988925.4	60700136	190497067.9	0	0	0	185988925.4	0	0
Sconica_v3_39359-RA	1	1	0	0	35723250.04	50444671.59	0	0	0	0	0	50444671.59	0	0
Sconica_v3_39383-RA	3	4	0	39308730.21	387438761.31	242355848.51	18851954	66663688.83	0	0	219327805.21	218556721.66	0	0
Sconica_v3_39385-RA	1	1	0	14627506.94	45968663.33	166836754.1	204521616	0	0	0	0	166836754.1	0	0
Sconica_v3_39461-RA	2	4	34327666.03	3291047.062	196415730.23	224488170.72	17196498	0	34327666.03	0	196415730.23	159126031	0	0
Sconica_v3_39500-RA	6	9	104712349.67	67750775.34	934070207.1	1591280124.1	26935946	16361979.05	0	0	820640753.3	1255114189.8	0	0
Sconica_v3_39702-RA	1	2	38494566.63	67885393.76	69168470.13	90980710.44	0	33283639.44	0	0	69168470.13	90980710.44	0	0
Sconica_v3_39740-RA	32	250	4655892467.368	4853046996.06	120064642208.29	48871447006.12	73525899333.55	84352185785.734	1909368592.81	3503553138.6	90329935542.9	47186995185.72	72733609369.55	84020636805.58
Sconica_v3_39776-RA	1	2	0	0	279043484.8	495353462.2	51338791	50613037.29	0	0	0	495353462.2	0	50613037.29
Sconica_v3_39803-RA	5	7	9225208957	1844633626.97	2873730387.32	4068738737.04	29081356	187275864.66	0	0	2298612868	3962433190.54	0	0
Sconica_v3_39836-RA	21	92	17666038051.02	36270891384.23	21014831970.75	10104844345.46	8425240890	12121916982.14	14610342606.82	36121360038.43	17785648355.6	6738873318	950809057	603567223.38
Sconica_v3_39843-RA	10	43	68123725.44	70566866.8	1451730851.97	2635932915.589	56144940000	65480508571.6	0	0	1402645326.6	2466751109.9	55222230432	63664226190.6
Sconica_v3_39863-RA	78	323	43646755060.6	67485016125.578	42171931742.07	30838966875.9	10080017990	9310326062.181	38833322052.75	63588402593.71	34772137599.88	21839734954.52	6973387252	5262859195.89
Sconica_v3_39869-RA	20	71	19075532898.86	18597076897.8	7963275580.79	6582053965.61	479179696	2375164203.58	17730858625.06	18271802142.7	6226433776.88	5531846905.33	190687015	1673127045.51
Sconica_v3_39885-RA	1	2	0	0	37942411.63	38768173.55	0	0	0	0	37942411.63	38768173.55	0	0
Sconica_v3_39886-RA	8	77	114911893098.317	97693026971.09	89783164482.33	121125501923.805	2712728482	5069027426.4	114911893098.317	97534790462.15	89783164482.33	121122891710.57	2113122146	5069027426.4
Sconica_v3_39889-RA	6	11	7709253283.31	6135413676.27	1937548432.916	1638430760.47	30338217	171182386.62	7709253283.31	5975328038.67	795775308	0	0	0
Sconica_v3_39894-RA	1	1	0	0	0	126079784.8	0	0	0	0	0	126079784.8	0	0
Sconica_v3_39906-RA	8	10	3304222483.68	610160703.31	6369070015.61	90774275.57	546842078	518799931.689	0	0	0	0	485856350	310509668.21
Sconica_v3_39909-RA	1	1	0	35774045.2	421787097.7	0	27525652	22192441.24	0	0	421787097.7	0	0	0
Sconica_v3_39923-RA	10	16	474947479.67	492056424.1	453589445.33	201277453.62	811662459	1012162495.19	200107856.57	397832649.94	156029691.8	145062730.6	579000872	501030287.71
Sconica_v3_39924-RA	10	25	788663241.904	1739410083.8	803907232.85	755128930.027	35540043	126468673.039	783753756.31	1739410083.8	225710708.71	95021050.69	0	0
Sconica_v3_39954-RA	7	13	125209279.6	57568303.32	5335563596.59	5550878377.66	473309570	675634640.95	125209279.6	0	5139685885.5	875226802.1	335276202	0
Sconica_v3_39957-RA	11	43	19795751849.67	20958159629.5	8647980265.87	10313757178.7	303523865	217712394.72	19771911043.1	20793605375.1	5959149868.2	10257262997.6	0	148011787.03
Sconica_v3_39986-RA	2	6	4581611595.7	3486778067	2416511263	2306523235.5	58143208	64746517.41	4581611595.7	3486778067	1063645169	1462302245	0	0
Sconica_v3_40003-RA	8	41	343980758.43	239500938.57	868140888.2	1121089545	36116726706	44146485249.2	0	0	868140888.2	0	36116726706	44146485249.2
Sconica_v3_40008-RA	12	28	19486093.339	13887394.972	1158065463.7	1475812579.37	16962889218	16981156387.89	0	0	181304345.3	0	16917496090	14701199615.72
Sconica_v3_40018-RA	1	2	84627100.13	194002056.6	81403047.34	261268364.1	0	0	84627100.13	194002056.6	0	0	0	0
Sconica_v3_40053-RA	4	7	52229097.79	35061629.97	1358376044.37	2918978986.3	141781520	224230039.02	0	0	412243085.67	2918978986.3	0	0
Sconica_v3_40072-RA	7	63	8012910369.3	16927013630.14	18193171177.1	12656312496.1	1221502346	1421200416.02	8012910369.3	10723388029.1	16606222103.1	12656312496.1	424733942	519546948.8
Sconica_v3_40085-RA	1	3	6748509327	2571341934	2049369007	2278291559	47918228	112974143.9	6748509327	2571341934	2049369007	0	0	0
Sconica_v3_40090-RA	7	14	2486075189.73	3795737238.9	1636366940.61	654448480.6	3088966976	169482116.04	1376947546.6	3370119170.1	1522480289.17	374065792	0	0
Sconica_v3_40094-RA	2	2	0	0	97625589.98	232674271.15	0	0	0	0	0	232674271.15	0	0
Sconica_v3_40113-RA	2	3	153125830.3	169757360.01	134319860.46	277351831.82	15709063	0	0	0	77291280.4	277351831.82	0	0
Sconica_v3_40122-RA	2	3	0	0	310157058.6	506427227.17	0	16548630.47	0	0	310157058.6	422630817.9	0	0
Sconica_v3_40130-RA	1	1	0	0	87260858.42	73625702.74	374657536	0	0	0	87260858.42	0	0	0
Sconica_v3_40132-RA	1	2	0	0	158125549.6	345979243.4	0	0	0	0	158125549.6	345979243.4	0	0
Sconica_v3_40139-RA	1	3	2014239085	1176696471	686243609.4	651720519.4	0	0	2014239085	1176696471	0	651720519.4	0	0
Sconica_v3_40171-RA	10	15	0	35928643.672	1420557877.32	1947225442.31	155593095	115249417.992	0	0	962890949.5	1874592631.3	0	63166864.99
Sconica_v3_40187-RA	1	1	0	0	51396957.63	35113966.16	0	0	0	0	51396957.63	0	0	0
Sconica_v3_40194-RA	4	9	46528627.27	39716448.333	129514874.3	145055013.4	1457491784	873347820.46	0	33120782	129514874.3	130378534.8	974571048	873347820.46
Sconica_v3_40218-RA	6	8	0	0	549451902.49	697966226.93	662945536	707906893.1	0	0	190454927.16	604035315.47	0	0
Sconica_v3_40220-RA	3	6	0	0	53008419	63262275.8	4097205654	2769672650.43	0	0	0	0	4077052608	2735961102.79
Sconica_v3_40256-RA	4	6	7595337.093	10624105.86	336278282.03	608333623.2	89564214	247667765.65	0	0	102026197.7	608333623.2	31911738	59664685.27
Sconica_v3_40257-RA	2	6	100404206.8	91699783.12	0	0	38587768	26265094.09	100404206.8	91699783.12	0	0	0	0
Sconica_v3_40258-RA	8	10	237733724.93	97676619.429	426388358.81	596032155.05	398948282	597773572.02	0	0	41512249.58	46464619.28	271635394	576409855.87
Sconica_v3_40263-RA	16	38	1462319358.84	3107719028.19	2853819167.81	1626807367.63	292597131	290500680.06	1175373681.63	2617155480.07	1903906467.81	339433804.9	0	0
Sconica_v3_40269-RA	10	18	130380422.4	103404983.227	35183483.899	39433342.38	1438068418	1452074265.23	0	0	0	0	1310055454	1404655064.88
Sconica_v3_40270-RA	1	1	0	0	23374494.71	39537464.35	0	0	0	0	0	39537464.35	0	0
Sconica_v3_40272-RA	9	22	23023318.01	6782478.124	63428645.233	101748897.91	3160861434	3752767628.76	0	0	0	0	3160861434	3627858013.16
Sconica_v3_40301-RA	2	3	0	0	72260629.375	530798844	200591336.625	138068322.7515	0	0	69492190.87	530798844	0	0
Sconica_v3_40386-RA	5	6	66810695.452	68127979.67	1275727631.56	3127463868.47	16957116	0	0	0	547587104.06	2547565565.1	0	0
Sconica_v3_40395-RA	3	4	0	53340441.93	174488793.42	396263757.8	0	0	0	0	174488793.42	246391775.2	0	0
Sconica_v3_40403-RA	8	17	671306517.28	815833207.4	544692839.05	431847122.79	122744112	127326550.2	266227754.28	626306623	449772366.7	138597784.2	0	0
Sconica_v3_40406-RA	2	3	0	0	0	0	181270256	178800694.15	0	0	0	0	181270256	70816433.65
Sconica_v3_40466-RA	1	3	0	0	1239224493	1597855016	364220064	349387855.6	0	0	1239224493	1597855016	364220064	0
Sconica_v3_40500-RA	3	3	0	12576560.64	382778165.6	377053371.84	193031540	0	0	0	382778165.6	0	0	0
Sconica_v3_40572-RA	6	12	35978971.1	0	183925998.13	461514921.2	3349240587	5129864420.8	0	0	134722912.5	0	3349240587	4546462181.3
Sconica_v3_40596-RA	13	41	4183288679.51	3941309155.481	3895399213.37	4814992759.15	34796394399	11086889192.369	1992956339.16	1745837203.48	3566646273.57	4710286355.75	431864934	9917736715.95
Sconica_v3_40630-RA	7	12	12506234.45	26407309.74	25173599.11	104764581.48	2210370028	1731453407.4	0	0	0	0	2210370028	858266800.9
Sconica_v3_40689-RA	14	34	2544704458.49	2571994200.1	1450022176.66	994738827.311	439767570	405766523.827	2279007131.96	2302218330.2	233281760.22	243647871.22	116543708	152752086.4
Sconica_v3_40700-RA	5	9	961874976.17	971773353.23	865540048	1054491412.2	16131404	27278184.61	305770271.57	798286654.93	0	536638139.6	0	0
Sconica_v3_40706-RA	8	20	2067441567.25	1449433528.88	538242718.21	910526592.65	27867841	13005820.95	1999553143.7	1248177889	242944164.28	701780337.35	0	0
Sconica_v3_40710-RA	7	8	52631285.26	35570646.64	1262310498.47	3340980667.13	0	26667045.77	0	0	267304264.95	3096355048.63	0	0
Sconica_v3_40731-RA	4	8	736195119	427961195.5	201764860.27	287932272.37	0	17742570.2	102489330.2	427961195.5	169945105.81	244995311.8	0	0
Sconica_v3_40774-RA	1	2	0	0	183974778.3	111814615.3	0	0	0	0	183974778.3	111814615.3	0	0
Sconica_v3_40806-RA	3	8	616312544.48	823804791.4	291513705.6	104110267.1	257938712	65721825.37	616312544.48	823804791.4	0	104110267.1	0	0
Sconica_v3_40912-RA	9	49	6537295256.4	5896757160.27	6444255671.1	5145958250.3	1999674315	1204069811.63	6168058822.3	5658826441.5	6444255671.1	4957987733.9	1356240409	553325295.33
Sconica_v3_40917-RA	6	9	91657352.35	21449257.54	1035492633.4	1084463648.3	83942280	118843856.87	0	0	539336582.4	1084463648.3	0	0
Sconica_v3_40938-RA	4	5	12356137.649	20859324.06	779474199.6	1016939808.94	307833568	140999117.336	0	0	779474199.6	266824819.04	0	0
Sconica_v3_41018-RA	4	8	29341040.02	0	745903056.08	1974830072.2	0	37329567.774	0	0	699230149.7	1974830072.2	0	0
Sconica_v3_41046-RA	2	2	0	0	127041263.5	293034263.32	0	143617572.1	0	0	0	293034263.32	0	0
Sconica_v3_41097-RA	2	4	0	30530623.7	114660405.4	130104383.29	0	0	0	0	114660405.4	130104383.29	0	0
Sconica_v3_41100-RA	3	8	41516290.69	53717975.25	365092622.7	285818587.68	14750360	10075464.62	34651230.39	25889936.07	365092622.7	285818587.68	14750360	0
Sconica_v3_41121-RA	10	23	338768786.545	1334359191.465	89433640.52	273873419.96	3228466456	1652355848.23	0	0	37982077.27	0	3228466456	1452334193.7
Sconica_v3_41161-RA	1	1	0	20243764.92	0	30415090.33	0	15610269.88	0	0	0	30415090.33	0	0
Sconica_v3_41164-RA	1	1	0	0	0	0	23883910	475285744.1	0	0	0	0	0	475285744.1
Sconica_v3_41172-RA	4	11	2745458.1327	0	51640198.1841	33309490.17	1442695214	1310517979.24	0	0	0	0	1187651102	1310517979.24
Sconica_v3_41200-RA	4	5	0	0	900988480.5	595063005.19	63266529	29866897.3	0	0	900988480.5	200478086.4	0	0
Sconica_v3_41201-RA	6	11	88974935.3	73660347.41	989884152.29	790385342.61	102110396	79886487.6	0	0	769319699.19	698718880.15	0	0
Sconica_v3_41227-RA	1	1	0	0	32274400.16	71339722.95	0	0	0	0	0	71339722.95	0	0
Sconica_v3_41235-RA	2	3	88513711.85	126344797.6	53769955.1	0	27487536	0	88513711.85	126344797.6	0	0	0	0
Sconica_v3_41290-RA	8	19	617829258.321	413742263.5	353919124.83	346429862.38	1469037914	1316883424.62	0	0	0	0	1282398506	1141975097.42
Sconica_v3_41303-RA	9	21	1233205818.67	1704832600.25	528147747.59	545794710.86	54700066	126320796.344	971697900.39	1490772294.6	182389800.58	250357633.5	0	0
Sconica_v3_41315-RA	8	24	3500026382.47	5947382870.18	2310853339.49	625572268.96	264365130.5	306406389.41	2484970045.5	5834522333.9	1366623268.09	229957158.6	72013384	290957797.36
Sconica_v3_41342-RA	9	37	4864632157.3	3956848447.3	3424221833.7	4477924683.7	232783120	130873444.38	4040324286.5	3202657118.8	3402388148.9	3922831524.7	0	0
Sconica_v3_41355-RA	2	2	0	0	125990187.12	98852500.91	178783424	162224764.1	0	0	40542492.51	67771681.8	0	0
Sconica_v3_41359-RA	2	2	91760042.72	117396385.7	365587702.8	106187741.61	10389096	14115842.65	0	117396385.7	184293577.9	0	0	0
Sconica_v3_41363-RA	2	2	31214229.5	7433787.333	63257521.6	91780672.14	0	11894148.37	0	0	0	91780672.14	0	0
Sconica_v3_41390-RA	1	3	318496716.5	177657807.2	135461367.5	104769905.3	0	6345691.262	318496716.5	177657807.2	135461367.5	0	0	0
Sconica_v3_41393-RA	1	5	102735347.7	125055239.7	1945545279	2981413713	406353152	603577584.2	102735347.7	0	1945545279	2981413713	406353152	603577584.2
Sconica_v3_41435-RA	1	1	0	0	15983008.19	21545161.84	0	3713883.737	0	0	0	21545161.84	0	0
Sconica_v3_41475-RA	3	5	0	38355486.92	12705908.702	7420929.548	167775744	143322945.27	0	0	0	0	167775744	69791995.24
Sconica_v3_41497-RA	4	6	211578436.68	108893103.31	54517069.092	47116119.59	600591790	669012951.509	0	0	0	0	277708014	661184207.6
Sconica_v3_41498-RA	1	1	0	0	43395504.04	23221004.4	0	0	0	0	43395504.04	0	0	0
Sconica_v3_41503-RA	32	64	475898383.78	409052169.984	6650789051.17	9967103588.13	3126024260	2559425661.32	0	0	3742667608.61	7901308099.3	2159775730	1740664668.78
Sconica_v3_41541-RA	2	4	85927055.86	79444448.01	60062045.819	27820618.33	0	0	16490178.7	79444448.01	58262820.91	0	0	0
Sconica_v3_41567-RA	1	1	17852757.26	0	20241931.81	26514473.38	0	0	0	0	20241931.81	0	0	0
Sconica_v3_41586-RA	16	42	35054014.6	32462799.064	527242243.24	947735582.82	16317737036	16272365935.26	0	0	449253547.07	388086412.8	14256551884	16191653038.32
Sconica_v3_41587-RA	9	12	0	20347736.59	1026332836.16	1782112777.13	73255070	88581774.56	0	0	762248570.2	1029721702.73	33168480	0
Sconica_v3_41599-RA	1	2	0	0	512195410.2	577017938.2	0	54915365.09	0	0	512195410.2	577017938.2	0	0
Sconica_v3_41608-RA	1	2	0	0	15649569.52	0	158954144	161378969.9	0	0	0	0	158954144	161378969.9
Sconica_v3_41653-RA	2	3	462183588.52	357875908.2	197482638.21	150624911.4	0	0	431929647.6	357875908.2	0	0	0	0
Sconica_v3_41696-RA	8	10	79196431.17	27007834.336	242373306.72	4519529027.1	174356260	181901186.86	0	0	100376403.4	4519529027.1	0	0
Sconica_v3_41715-RA	5	19	2091420742.6	1911550827.5	627498984.9	881589033.6	74844300	61920680.79	2091420742.6	1911550827.5	627498984.9	803406481.31	0	0
Sconica_v3_41721-RA	2	2	0	0	41906769.86	177387330.64	21034502	0	0	0	41906769.86	121267810.6	0	0
Sconica_v3_41741-RA	31	65	5797495000.23	6905446897.93	3322514428.586	2568256286.21	743602122	838810189.776	3899234730.44	5069290741.89	1618146677.02	997456816.3	0	0
Sconica_v3_41776-RA	1	6	2039487467	2585014872	1882626191	2769488660	56082531	78679958.47	2039487467	2585014872	1882626191	2769488660	0	0
Sconica_v3_41783-RA	1	1	0	0	37559142.03	115249560.6	0	0	0	0	0	115249560.6	0	0
Sconica_v3_41784-RA	2	2	0	0	460491294.3	599021052.9	65816078	0	0	0	357901491.7	133582263.9	0	0
Sconica_v3_41791-RA	4	6	0	0	99418416.87	3047034566.9	79014160	45499102.69	0	0	0	3047034566.9	79014160	0
Sconica_v3_41798-RA	7	11	309007256.933	493160929.13	185669724.205	81870211.67	0	0	284296478.063	448685860.99	154801301.51	0	0	0
Sconica_v3_41851-RA	2	7	10043494.25	31564921.51	337523921.7	391291517.3	192385236	343826259.72	0	0	337523921.7	391291517.3	192385236	89061379.32
Sconica_v3_41872-RA	5	8	43089032.59	26091896.21	0	79184742.06	574473000	653524150.85	25099882.02	0	0	79184742.06	250312616	653524150.85
Sconica_v3_41879-RA	3	4	443630104	185945227.27	0	0	44825256	0	443630104	159777938.4	0	0	0	0
Sconica_v3_41904-RA	7	26	1874320986.6	4928735081.24	2149086683.79	2600133365.4	369812634	189660448.52	1762212772.2	4928735081.24	1442286760.09	1194567751.4	0	0
Sconica_v3_41905-RA	1	3	0	2090453142	68343626.54	0	122473344	224668310.2	0	2090453142	0	0	122473344	224668310.2
Sconica_v3_41913-RA	6	9	7714132.552	0	25296871.34	144924733.11	564346512	623102794.7	0	0	0	0	564346512	484860212.3
Sconica_v3_41918-RA	5	15	1261818013.23	906248729.24	118591296.8	308906894.11	0	39275807.16	1261818013.23	838692106.02	102419382.2	308906894.11	0	0
Sconica_v3_41921-RA	2	2	195019795.9	0	1214562731.64	868561474.07	25184575.5	122693356.22	0	0	1214562731.64	0	0	0
Sconica_v3_41933-RA	9	14	13247230.123	20429969.398	2051676022.22	3476515387.7	5016725919	4615661624.116	0	0	1485221607.1	3476515387.7	17015206	0
Sconica_v3_41939-RA	4	6	26732316.58	1250147703.86	5666291833.66	8636612267.57	115850272	1697797720.8	0	71517263.86	5666291833.66	374004743.1	0	0
Sconica_v3_41946-RA	3	4	10414436.21	12246864.3	1308234584.5	1777272162.1	21890882	28795585.69	0	12246864.3	969466913.5	333250358.3	0	0
Sconica_v3_41951-RA	1	2	54968715.75	0	104955141.1	72046106.96	264269136	1356580420	0	0	0	0	264269136	1356580420
Sconica_v3_41955-RA	4	5	220313760.952	215577690.31	109701044.66	0	0	0	197426887.5	215577690.31	36206890.4	0	0	0
Sconica_v3_41962-RA	8	14	283046460.71	724894106.91	338075056.64	362668818.07	166394958	10588928.41	224435906.99	623032944.11	142861037.62	278996108.92	0	0
Sconica_v3_41967-RA	2	5	0	0	15256359.88	74942808.35	507819520	576729665.6	0	0	0	0	507819520	576729665.6
Sconica_v3_41998-RA	4	7	154680243.98	175966111.7	328169258.7	877081614.81	348186400	44386974.55	0	0	276545683.95	877081614.81	0	0
Sconica_v3_42016-RA	7	15	0	2794617.507	1256860074.8	1664722800.79	87732846	94298474.56	0	0	1147202630.8	1019379301.29	0	9858013.81
Sconica_v3_42019-RA	3	4	88908411.71	43625322.16	71716198.83	326104288.74	4275912.5	0	0	0	0	326104288.74	0	0
Sconica_v3_42028-RA	51	112	5709492745.96	8568066895.25	6323030127.05	6510528406.354	9675239927	13404576819.414	4501610264.34	7266485875.44	4373059751.16	2934143699.37	0	0
Sconica_v3_42035-RA	8	16	2476952190.38	788221667.51	541804462.33	1324762622.69	123662694	148943234.3	225655276.46	763066470.86	53032489.32	1072142871.9	44257160	148943234.3
Sconica_v3_42040-RA	4	4	89589785.2	461484505.22	62859302.56	46947545.95	41731038	42512100.23	0	461484505.22	0	0	0	0
Sconica_v3_42044-RA	2	2	20219568.91	18052463.73	150404959.61	315989232.6	0	0	0	0	0	315989232.6	0	0
Sconica_v3_42055-RA	2	2	1278129802	950231180.9	966314090.81	194747702.31	51575708	27435325.34	0	0	0	194747702.31	0	0
Sconica_v3_42073-RA	6	7	35521407.71	0	0	176720117.3	659999380	609105546.807	0	0	0	0	279520908	453039097.72
Sconica_v3_42077-RA	9	18	964038873.174	1474091866.59	3054222160.42	2206279224.58	244063088	234823986.85	834460173.76	446105809.86	2170578205.6	824829080.2	0	0
Sconica_v3_42097-RA	4	4	24308078.87	0	0	183256467.37	776631940	703546147.18	0	0	0	0	731481136	132217179.5
Sconica_v3_42098-RA	2	2	26172482.01	28412549.9	287385001.2	633553044.4	82313168	74606501.2	0	0	287385001.2	0	40309816	0
Sconica_v3_42100-RA	6	6	127193792	89316053.23	1413428897.7	361143514.5	209242260	94921841.63	0	0	1413428897.7	0	0	0
Sconica_v3_42101-RA	3	3	4209837.439	0	475322323	154571915.15	82835470	46768534.7	0	0	475322323	0	0	0
Sconica_v3_42116-RA	22	42	2629991680.12	1887645370.13	1264852621.45	1912669025.46	889251462	532306426.01	2120544009.04	991384373.6	911315471.35	1378743943.67	0	0
Sconica_v3_42125-RA	4	6	230010230.41	551449683.24	730066506.76	129933022.81	27913622	6890572.623	210585646.04	551449683.24	0	0	0	0
Sconica_v3_42158-RA	15	33	783559750.41	386719826.96	535678367.9	620997014.41	4235324040	5119773471.77	1930368.66	0	0	0	3486028360	3947059236.08
Sconica_v3_42184-RA	10	14	38176209.1	11384456.59	121877478.16	179563382.19	1265206296	1071859760.9	0	0	0	0	860760636	872546560.14
Sconica_v3_42185-RA	11	28	2404669947.77	3194754391.97	3491499023.56	2316004804.58	287183066	184212080.2	2127466784.09	2966550621.68	2915984847.9	1863479730.2	0	94836184.47
Sconica_v3_42189-RA	9	19	135118260.0987	69020367.51	48981607.481	347595192.31	3338331480	3593053960.59	58204558.84	17473136.68	0	116712580.58	2196863944	2021809158.59
Sconica_v3_42195-RA	9	22	230343794.678	70191929.13	4968627350.45	7679443124	519713110	311859280.48	0	0	4811168952.25	6563162024.2	315427294	76314620.89
Sconica_v3_42202-RA	13	23	1032621830.07	1201819333.58	788582164.57	1076628076.6	162320676.5	349898005.629	734823564.74	1106286299.8	568647783.04	587679677.77	0	0
Sconica_v3_42204-RA	2	3	13183330.08	0	41476717.49	80316185.5	0	10097558.15	0	0	41476717.49	80316185.5	0	0
Sconica_v3_42232-RA	11	45	15726495448.71	16240950488.57	5869460870.3	9514843339.2	542658753	759543485.316	13321876150.27	13361677703.57	5669361818.7	7049765163.8	0	0
Sconica_v3_42233-RA	5	11	863654415.94	1138398260.48	401527114.72	461428123.27	65431228	109794162.4	809256054.58	1041224874.4	312799262.6	397830515	0	0
Sconica_v3_42235-RA	7	14	1050919815.03	1292125218	315490205.83	0	123233516	54537691.35	599640387.78	1262593314.2	159301933.49	0	0	0
Sconica_v3_42243-RA	26	72	482945443.493	97727319.2683	1165306586.173	4970551252.644	15949595085	15390972715.067	0	0	125785825.6	2149381724.4	14599142465	14289621660.2
Sconica_v3_42255-RA	1	1	0	0	40863614.03	0	0	0	0	0	40863614.03	0	0	0
Sconica_v3_42265-RA	2	3	33923809.16	46526925.894	489176159.2	717859795	0	0	0	7882427.714	0	717859795	0	0
Sconica_v3_42269-RA	2	3	0	0	0	18953114.85	169094734	60773344.4	0	0	0	0	169094734	60773344.4
Sconica_v3_42271-RA	9	20	257245837.769	183220651.45	3671224263.39	3706315921.07	730441674	489004757.03	0	0	3577654804.5	2076294578.67	228898710	158334268.6
Sconica_v3_42283-RA	1	2	630273404.5	640616278.6	0	0	394308320	590083489.5	0	0	0	0	394308320	0
Sconica_v3_42301-RA	23	103	27190434901.36	39145811865.5	19318787135.378	27492957493.85	1243338231	1292029737.925	26522332781.16	39145811865.5	14477712181.74	24471727073.3	288822368	111699304.68
Sconica_v3_42343-RA	11	24	3684064148.03	2923115289.11	1714723503.23	1062614798.26	348891430	598986700.61	3684064148.03	2644369056.2	428965465.72	356881531.69	0	0
Sconica_v3_42348-RA	14	21	43265120.942	41984220.04	784111906.54	1719589876.35	480187148	249622471.873	0	0	542134002.23	1147894661.38	260010636	166810883.79
Sconica_v3_42351-RA	18	34	176455592.12	327987598.1438	172881649.89	378351413.31	4561209734	4488817316.28	0	0	0	0	3469584438	4408304928.33
Sconica_v3_42354-RA	3	4	0	70371555.52	52849370.51	377893115.85	5572871	0	0	0	35971880.17	377893115.85	0	0
Sconica_v3_42401-RA	11	17	1219850897.64	1352733095.6	657672925.83	636307957.84	1702791371	2700317909.11	537083699.47	757045855.54	186563391.15	196237588.41	0	0
Sconica_v3_42464-RA	9	18	22449814.73	1736742.389	89387136.971	33515024.83	1640444056.75	1282611187.92	0	0	0	0	1640444056.75	1000336377.43
Sconica_v3_42474-RA	2	2	0	0	116117246.44	69452892.69	83020016	91579201.49	0	0	116117246.44	0	0	0
Sconica_v3_42477-RA	2	2	126995484.3	398474823.7	125500371.65	180863844.36	0	5076408.031	0	0	0	180863844.36	0	0
Sconica_v3_42486-RA	4	6	564290412.6	170175972.4	647499293.46	829903082.23	58203118	34139968.86	0	0	98026515.36	829903082.23	0	34139968.86
Sconica_v3_42490-RA	36	102	10571454190.01	16246213711.806	7907632780.42	2992683630.927	1537614917	2095824690.184	6951041102.57	14071969944.91	6031656799.55	1207163747.5	0	1458053292
Sconica_v3_42494-RA	10	17	601412401.653	580116414.36	7662825801.26	3421031505.96	68938208	114414007.8	262568751.89	0	6905876323.9	1513270536.35	68938208	0
Sconica_v3_42501-RA	1	1	2089451.097	0	272026189.6	566484447.3	53562564	180494350.9	0	0	0	566484447.3	0	0
Sconica_v3_42503-RA	1	6	0	254003254.3	0	5926080193	41134328	96907855.61	0	254003254.3	0	0	41134328	0
Sconica_v3_42520-RA	5	6	0	0	257660732.78	456537098.4	24999621	36175351.34	0	0	257660732.78	256941369.7	0	0
Sconica_v3_42532-RA	6	17	1221636157.73	1925093507.21	1160125423.93	1294905736.4	87172947	235511343.341	1221636157.73	1313152775.81	999592898	1294905736.4	0	0
Sconica_v3_42568-RA	1	1	2124837.859	0	156827364.9	81769310.13	0	0	0	0	0	81769310.13	0	0
Sconica_v3_42611-RA	1	1	0	0	97155144.19	111627276.1	72897544	37579720.76	0	0	0	0	72897544	0
Sconica_v3_42613-RA	5	7	71136136.428	18963507.03	961865619.68	2774736838.2	138827404	220692767.05	0	0	640008436.52	1232979926.1	101832356	0
Sconica_v3_42618-RA	1	1	0	0	56974957.41	0	0	12073073.78	0	0	56974957.41	0	0	0
Sconica_v3_42620-RA	1	1	12219566.32	0	307852494.6	723384324.1	0	76306404.44	0	0	0	723384324.1	0	0
Sconica_v3_42643-RA	1	1	40672367.6	7382177.359	0	215220172.4	0	97174081.88	0	0	0	0	0	97174081.88
Sconica_v3_42644-RA	1	1	86087192.43	0	0	35891257.06	0	0	0	0	0	35891257.06	0	0
Sconica_v3_42663-RA	7	10	218604429.39	324358113.98	141592835.646	117624457.6	6031442	39654235.03	201485210.85	244167379.03	15508433.58	0	0	0
Sconica_v3_42698-RA	16	65	707280685.49	1080233288.452	20744423510.8	12768740176.72	6656792310	4416689990.9292	226350845.4	501604541.94	20214699881.2	11619267168.9	3847564988	4198637567.62
Sconica_v3_42718-RA	1	1	0	0	20241871.95	37114632.8	0	0	0	0	20241871.95	0	0	0
Sconica_v3_42726-RA	5	11	46622998.988	208715161.9	2632626321	2156463919.61	425026912	976108172.35	0	0	1786347275.8	1009181688.34	178470944	692688254.05
Sconica_v3_42746-RA	8	10	9240343.907	45357363.149	164383475.58	177320329.379	789053014	397089667.007	9240343.907	0	0	0	354524694	219659162.08
Sconica_v3_42762-RA	9	18	489461668.75	639804650.81	360705272.49	503317988.93	781443768	812340249.7	246318138.25	357208776.49	193328244.1	228336100.73	0	0
Sconica_v3_42810-RA	8	10	0	0	1289514277.1	1515701772.46	84032721	82679760.058	0	0	687170531.4	1093074078.76	0	43448871.5
Sconica_v3_42860-RA	2	2	97177444.76	108787111.7	40331179.27	99398808.16	303041360	334165572.16	0	108787111.7	0	0	49600832	0
Sconica_v3_42890-RA	5	13	733376826.84	1398616555.7	706353349.72	164052737.57	255829556	326022201.993	308476464.9	1398616555.7	434510750	0	0	0
Sconica_v3_42904-RA	10	21	2289716986.84	3754638835.36	1510361967.63	1358739700.9	216813408.5	147685511.34	1908512112.8	1944207704.1	700855890.98	1078825877.1	43189260	0
Sconica_v3_42909-RA	8	9	38381757.33	36595859.66	398319062.69	805050126.88	32998622	142353710.38	0	0	235513190.11	449555094.36	0	0
Sconica_v3_42943-RA	27	55	649045864.676	642611287.22	9505967006.15	10300309558.529	637457727	889094042.54	0	0	7857211800.65	8034355045.71	306089642	305787488.64
Sconica_v3_42944-RA	2	4	312313445.6	270284580.5	396068176.4	170994970.9	170257344	366945951.7	0	270284580.5	396068176.4	0	170257344	366945951.7
Sconica_v3_42955-RA	2	2	0	0	275221834.7	341876045.2	37601384	0	0	0	275221834.7	0	0	0
Sconica_v3_42967-RA	9	17	226415441.43	126594273.4	900801837.75	1650452169.4	111768894.5	96503361.42	0	0	430297371	1519924532.9	40089704	0
Sconica_v3_42985-RA	8	15	114235072.9	83914713.6	22457093.76	0	1247816364	1297882080.9	0	0	0	0	997438564	1297882080.9
Sconica_v3_43031-RA	2	5	70934373.65	111815695.16	149323077.03	129410562.24	14618333	0	40061248.24	60194634.41	130916095.2	129410562.24	0	0
Sconica_v3_43051-RA	13	22	0	0	40605777.95	110934982.74	1628962798	1097294216.477	0	0	0	0	1535271542	605095240.777
Sconica_v3_43053-RA	1	1	0	0	0	0	15121865	9641786.023	0	0	0	0	0	9641786.023
Sconica_v3_43080-RA	7	10	216579124.59	105347481.447	738530703.02	3037363680.7	136952724	505069389.275	0	0	304781719.1	3037363680.7	0	0
Sconica_v3_43081-RA	14	32	1885031998.5	4166500974.41	2354733908.92	1335490129.11	963288692	857504380.464	1498920677.5	3566086485.21	890682579.45	294719790.15	0	0
Sconica_v3_43084-RA	17	20	31804678.071	40268303.888	2121979346.226	3473613755.89	175804003.5	138090246.07	0	0	1097664274.13	2033926085.14	99744700	0
Sconica_v3_43085-RA	3	9	745268210.33	719353869.93	949429674	974135387.12	103778820	95950659.15	714771360	187413631.13	949429674	268365336.1	46958704	0
Sconica_v3_43087-RA	16	51	42303683.05	1314463370.344	999256476.2571	635882309.77	14578899762	18342881106.595	21068976.83	0	233225396.6	187571478.8	14024442114	12869826657.74
Sconica_v3_43090-RA	7	7	12641531.3	8622217.859	523417650.38	340905247.13	0	4534377.497	0	0	326023183.96	236466315.3	0	0
Sconica_v3_43105-RA	7	17	2717716433.286	3234670538	631056422.18	606900549.17	0	52958610.43	2713754017.4	2653672011.3	470698034.4	483730716.5	0	0
Sconica_v3_43106-RA	6	16	11694930.2	8753195.276	124434389.97	1222202196.5	3281154296	3220354333.52	0	0	70871383	955841469.7	3281154296	3127520058.3
Sconica_v3_43118-RA	8	10	103705026.71	70915492.12	0	59200456.44	1137679416	743507275.16	0	0	0	0	783525144	511840735.1
Sconica_v3_43122-RA	24	114	699912260.4	785877323.02	11805882638.98	22639482155.876	139894442668.5	160774866924.59	289606609.83	279767116.37	9287591322.63	21232010132.5	106009882742	160774866924.59
Sconica_v3_43138-RA	1	1	65037336.2	0	0	0	33385790	0	65037336.2	0	0	0	0	0
Sconica_v3_43213-RA	9	12	68920594.926	62324146.71	999234535.24	1878765203.12	128071701	132151391.416	0	0	695206647.54	1478050282.65	91041112	0
Sconica_v3_43225-RA	6	8	0	11369563.6	407526810.02	1071590497.01	0	0	0	0	202755344.93	819894462.61	0	0
Sconica_v3_43227-RA	1	1	35384051.56	42954678.45	0	21921808.57	0	44245091.93	0	0	0	21921808.57	0	0
Sconica_v3_43228-RA	1	1	0	0	0	0	16153673	0	0	0	0	0	16153673	0
Sconica_v3_43236-RA	11	17	158828376.59	178219050.7	4582050723.31	1349625289.69	10023471	12068282.22	0	44806642.84	4582050723.31	1058132660.4	0	0
Sconica_v3_43244-RA	1	1	0	0	23949397.54	36981694.94	0	0	0	0	23949397.54	0	0	0
Sconica_v3_43256-RA	1	1	0	0	0	3973546.48	0	0	0	0	0	3973546.48	0	0
Sconica_v3_43274-RA	11	16	3814147795.51	17138426.92	2398725541.12	4002347091.07	313655688	219157131.33	0	0	1899795838.25	2988444341.46	31479586	0
Sconica_v3_43280-RA	1	1	0	0	0	0	26668686	0	0	0	0	0	26668686	0
Sconica_v3_43288-RA	8	9	11658848.54	7540649.236	49645216.48	38186422.19	908388608	926167644.79	0	0	0	0	768534432	516428685.2
Sconica_v3_43291-RA	7	23	4990774282.7	4293434708.7	1859508201.28	1525268580.13	83901045.5	94640601.45	4514514096.1	4293434708.7	1166736264.58	1472599534.72	0	0
Sconica_v3_43301-RA	7	11	0	33702454.14	0	258740810.48	459825634	434217523.143	0	0	0	0	434939146	397522012.66
Sconica_v3_43317-RA	1	1	0	0	0	0	39499204	0	0	0	0	0	39499204	0
Sconica_v3_43339-RA	10	130	72481990376.27	77579715087.2	25834490583.91	41683428631.5	585612556	456115292	72435646798.5	77399329460.1	22076540645.31	40343926128.5	0	204708534.56
Sconica_v3_43343-RA	11	20	2829784.133	14483475.68	2124841626.15	2020343359.76	1120350161.5	1207937010.02	0	0	1682225475.85	1119571693.3	641461748.5	400897393.49
Sconica_v3_43350-RA	23	95	530616791.81	699419173.79	28118510771.01	10648695979.85	27100064884	41569636385.09	82792926.58	525354957.95	26979147424.8	8167289363.2	24193641352	36705966499.09
Sconica_v3_43369-RA	18	37	806698951.84	829925535.48	1528376609.58	2149850672.49	1006322796	423253892.95	555958479.4	659103741.62	1013815577.36	867860959.47	423690176	151370213.72
Sconica_v3_43370-RA	55	652	3715430365.1396	3787647882.59	63880588526.2789	34127002721.002	1141254271166.84	1193474734817.52	2510457589.949	2787954725.72	60005837275.68	32223183592.89	1134112912714.84	1193467371840.81
Sconica_v3_43417-RA	12	30	5364906545.44	1308383394.83	1037860919.16	572961523.03	0	51619420.138	4711107066.64	702498377.42	922770636.21	73879609.88	0	0
Sconica_v3_43424-RA	1	1	0	0	38771918.07	80622911.72	0	11673994.99	0	0	0	80622911.72	0	0
Sconica_v3_43462-RA	3	3	0	0	191428968.99	273669669.93	205714144	127144183.51	0	0	191428968.99	0	0	0
Sconica_v3_43475-RA	5	10	0	0	1489583661.46	2872726501.7	1231596038	154160042.84	0	0	1274526115.6	2872726501.7	574553144	18157220.04
Sconica_v3_43485-RA	39	218	1423073937.18	670888867.28	7584464620.803	9515161789.79	137884858025	125286003913.77	443667713.47	235029253.64	4611065203.2	6667930935.83	137760824986	107641709638.87
Sconica_v3_43486-RA	11	13	252975597.01	328937535.9	733219033.25	2186672259.01	117887980	286071640.601	0	0	501962709.43	1618470103.71	0	0
Sconica_v3_43645-RA	6	13	0	171811996.06	0	0	1247642280	1358414620.06	0	0	0	0	1009918440	1347450551.18
Sconica_v3_43654-RA	1	1	0	0	70766796.79	0	6407922	0	0	0	70766796.79	0	0	0
Sconica_v3_43661-RA	6	11	1746488526.43	2026704486.584	1771502382.01	823162025.95	131493084	429104716.78	903701562.13	1838251232.9	1725302145.72	335463096.6	0	85818087.7
Sconica_v3_43701-RA	13	26	41687541.52	58776146.279	3074471108.99	1209896443.99	7004292111	8872551147.49	0	0	3060139514.51	874257227.35	355298716	110952237.27
Sconica_v3_43747-RA	1	1	0	0	0	0	0	126760961	0	0	0	0	0	126760961
Sconica_v3_43753-RA	1	1	0	0	0	0	94532552	92264072.96	0	0	0	0	94532552	0
Sconica_v3_43756-RA	7	17	41070231.46	138989888.77	1075927855.38	1474270620.7	1409722960	1200226891.23	0	60588619.66	787829855.7	367449596	672031344	833303594.33
Sconica_v3_43816-RA	16	24	0	0	15244650.8	73252859.36	3671942014	2489618949.72	0	0	0	36116210.48	1715629486	2115190345.08
Sconica_v3_43850-RA	4	6	290045582.79	473468998.6	303128720.64	170067108.06	167092160	150335644.3	213182057.6	341639081.1	183715231.44	0	0	0
Sconica_v3_43901-RA	38	238	214669035035.22	206336907401.2	113161946701.25	60957875899.6	7164035059	12521704884.38	186311763114.9	189088594253.15	95666593305.6	56172360060.7	2517143393	2463991208.3
Sconica_v3_43917-RA	1	1	0	0	26215639.63	98055146.56	0	0	0	0	0	98055146.56	0	0
Sconica_v3_43934-RA	1	1	0	0	0	37695372.66	0	12211813.67	0	0	0	37695372.66	0	0
Sconica_v3_43947-RA	3	5	6711864.025	0	17096032.56	226639797	211512870	171164227.89	0	0	0	0	211512870	171164227.89
Sconica_v3_44044-RA	10	32	4195170555.8	6280141085.87	4139462434.33	1098003909.55	33191679	62588864.9	2767547574.6	6280141085.87	3604409669.8	456071625	0	0
Sconica_v3_44075-RA	1	2	15731027.8	41075426.19	11510967.63	74472220.69	0	5036143.504	15731027.8	41075426.19	0	0	0	0
Sconica_v3_44090-RA	7	13	870986193.52	1040163555.59	1009330132.79	754573479.2	156719316	203290090.06	310092027.8	1040163555.59	320809213.27	602229870.4	0	0
Sconica_v3_44101-RA	12	42	18941033067	20763329672	10585896966.37	12019028306.3	664574703	936504053.747	15388437925.2	18016946476	10541019435.7	9303530133.9	0	55464250.54
Sconica_v3_44125-RA	2	5	329296316.62	429095159.27	249193300.96	204080539.99	0	0	306269701.9	429095159.27	249193300.96	0	0	0
Sconica_v3_44139-RA	7	16	1318145276.8	762635763.83	5493323600.02	1014727076.35	1030367401.5	607691134.124	1046291411.9	561203691.93	4706701293.52	485253883.6	78595408	0
Sconica_v3_44161-RA	18	30	655835296.587	135226772.49	3629144839.72	4733254230.56	338401007.5	346597420.161	0	0	2654882221.7	3388025076.13	32108168	0
Sconica_v3_44164-RA	6	8	202199089.22	294044346.3	201563798.15	250045583.44	149107060	23454658.19	84096547.87	213495460.33	50132575.3	142764856.9	0	0
Sconica_v3_44207-RA	3	3	0	0	841069091.5	952951711.7	248383716	178200254.7	0	0	0	741406740.5	111752704	114514544.4
Sconica_v3_44240-RA	8	16	65466854.68	356480448.682	73555528.882	288431522.24	1775552220	1696151553.03	0	0	0	0	1727085556	1589786512.81
Sconica_v3_44351-RA	1	2	13006706.31	10552246.12	0	0	24202290	14274617.85	13006706.31	10552246.12	0	0	0	0
Sconica_v3_44405-RA	11	37	10802462092.5	8822685860.76	4877786700.2	4241457733.9	85300087.5	77495817.33	5729199176.6	8478144845.9	3360677525.7	3882451858.4	0	0
Sconica_v3_44408-RA	2	2	503037408.7	613134580.9	99846560	175288081.2	0	0	503037408.7	0	0	0	0	0
Sconica_v3_44462-RA	3	7	38034338.05	37632344.75	1474682583.11	105627228.86	245661776	233238507.54	38034338.05	37632344.75	1474682583.11	0	0	162161002.4
Sconica_v3_44490-RA	1	1	0	0	43611157.19	78760374.67	45515788	23152342.32	0	0	0	78760374.67	0	0
Sconica_v3_44513-RA	4	5	32488512.64	0	201159608.03	262902062.55	11469712	18265476.55	0	0	201159608.03	136492016.41	0	0
Sconica_v3_44515-RA	5	9	0	16826366.282	1226038148.63	1056346244.98	103780288	81910047.13	0	0	1226038148.63	980457641	0	0
Sconica_v3_44522-RA	5	5	0	0	833989465.43	1330320392.8	89749070	32963364.95	0	0	641832450.8	384601189.6	0	0
Sconica_v3_44590-RA	4	5	35972871.91	15881246.86	238235591.72	269212589.17	0	0	0	0	238235591.72	198031145.4	0	0
Sconica_v3_44597-RA	32	148	62660944861	77217744477.28	73364616779.11	37636003053.25	5514656357	6656613311.66	57568414333.04	71405452766.72	59671286282.07	36483995480.74	4022707882	3973050942.55
Sconica_v3_44604-RA	3	6	205678884.15	17031323.286	214041197.506	162969098.05	24447634	60235363.61	0	0	100242888.7	22417507.83	24447634	60235363.61
Sconica_v3_44628-RA	2	6	2972239.333	873557.847	998378216.054	465215544.2	119869832	134736832.1	0	0	998378216.054	0	119869832	134736832.1
Sconica_v3_44637-RA	13	21	167609034.65	191339871.18	1895472674.33	3841114614.5	882924978	1177906031.87	0	0	1455160407.61	3014235635.2	40619424	0
Sconica_v3_44677-RA	2	2	0	0	317356935.53	63391319.85	0	0	0	0	317356935.53	0	0	0
Sconica_v3_44690-RA	3	11	85054493.42	164628883.86	289854289.36	570555277.5	678519904	407107157.7	85054493.42	164628883.86	289854289.36	137888721.1	678519904	36831251.8
Sconica_v3_44749-RA	1	1	0	0	53032369.6	87874579.17	0	0	0	0	0	87874579.17	0	0
Sconica_v3_44758-RA	1	1	0	0	26748646.22	43686090.3	0	0	0	0	26748646.22	0	0	0
Sconica_v3_44779-RA	1	4	93731690.48	36819917.32	571881461.8	1874374486	26547968	134740451.9	93731690.48	36819917.32	571881461.8	1874374486	0	0
Sconica_v3_44781-RA	7	12	928875244.06	1151018542.85	470968696.415	205303344.32	13012774	3249930.557	407250710.09	926303724.63	385258947.1	0	0	0
Sconica_v3_44782-RA	3	4	152671708.2	42994498.94	205104670.63	165346507.62	0	0	0	0	205104670.63	50173868.32	0	0
Sconica_v3_44789-RA	3	6	0	0	99996041.79	106314861.7	555015084	603188878.6	0	0	0	0	555015084	584595800.67
Sconica_v3_44825-RA	6	8	0	40876434.7	236122957.11	640014510.53	0	0	0	0	128733543.18	640014510.53	0	0
Sconica_v3_44899-RA	10	21	58286539.07	28843893.86	1437701500.77	2329006368.13	162752722	155387383.98	0	0	973686155.7	2266254198.1	113669728	74311710.24
Sconica_v3_44928-RA	25	50	148450096.172	292902440.11	18754209532.42	13615627430.409	1404510339.5	1595166384.3	0	39131100.77	18573247880.6	7715402049.97	706259017.5	965682012.48
Sconica_v3_44959-RA	3	5	0	0	158027349.64	264711510.61	0	0	0	0	158027349.64	264711510.61	0	0
Sconica_v3_44972-RA	4	5	0	0	118245999.37	324942969.84	2352440576	2798985017	0	0	69980692.56	300096314.5	0	0
Sconica_v3_44980-RA	1	1	1740515721	338806635.3	1157802253	3903711687	0	22671942.38	0	0	1157802253	0	0	0
Sconica_v3_45016-RA	1	2	23378295.37	44321360.07	0	0	0	0	23378295.37	44321360.07	0	0	0	0
Sconica_v3_45017-RA	2	2	0	0	43510928.21	132473646.29	0	0	0	0	43510928.21	93290202.39	0	0
Sconica_v3_45034-RA	8	41	71887873.8305	71181204.15	153889286.635	487454076.3607	7214587987.5	8374814521.5	38796823.19	30427033.15	92121288.25	217582031.2807	6383508387.5	6182876037.3
Sconica_v3_45058-RA	5	6	109309710.969	22267760	0	1127555166.43	71929047	93659162.96	0	0	0	1127555166.43	0	0
Sconica_v3_45073-RA	7	14	20533814.25	38483003.621	29260227.68	112132704.16	3494718536	3034406284.48	0	0	0	83574404.92	3052836312	2983251131.5
Sconica_v3_45093-RA	18	31	25606434.75	345109004.308	3801234447.88	7336372984.88	137680722	227159150.81	0	0	2815370513.42	6475504148.88	0	0
Sconica_v3_45098-RA	4	6	0	0	245672323.54	668864848.14	64619760	23575594.39	0	0	179937744.4	428681154.44	64619760	0
Sconica_v3_45115-RA	30	89	3702007186.02	5722443321.84	6941122241.03	5509531912.71	5672628805.5	8061078932.079	2122959713.13	4034995691.97	4658590832.68	3403053218.92	2140290908	1429713719.23
Sconica_v3_45122-RA	2	2	77917609.79	143516824.59	0	0	162232256	0	55177665.94	123883846.4	0	0	0	0
Sconica_v3_45129-RA	6	10	421643971.6	0	634269319.92	1381750409.61	470403371	328576652.96	0	0	519951456.7	1381750409.61	249136362	0
Sconica_v3_45232-RA	2	2	0	0	0	25546822.47	56526842	78261005.45	0	0	0	0	28095174	40266985.76
Sconica_v3_45241-RA	2	2	91555141.57	126601230.21	22300891.81	0	0	0	91555141.57	0	0	0	0	0
Sconica_v3_45242-RA	5	9	0	0	34365059.59	41769789.45	1312763312	538793538.61	0	0	0	0	1312763312	327524173.11
Sconica_v3_45250-RA	31	65	1342735679.12	1114154827.264	202798726.645	1038762745.755	11063724108.5	9378499786.35	0	0	0	0	10954765420	8793797161.54
Sconica_v3_45251-RA	7	20	1800339345.3	3275239510.464	1766993961.71	926507872.4	284402248	764545038.84	1195076028.3	3270245109.5	1749811318.5	330713503.7	0	540311308.12
Sconica_v3_45274-RA	2	2	118952203.48	100971274.97	0	90527756.9	0	0	118952203.48	0	0	0	0	0
Sconica_v3_45282-RA	1	5	17512012250	14158410258	6782228914	12473014674	230663920	532739727	0	14158410258	6782228914	12473014674	230663920	0
Sconica_v3_45320-RA	1	1	32682873.84	40863232.62	0	81101315.71	0	16519059.23	0	0	0	81101315.71	0	0
Sconica_v3_45339-RA	3	6	160062793.53	123301822.34	293840900.07	453434858.07	102224048	121992289.9	73451041.85	123301822.34	186918995.6	429177178.17	0	0
Sconica_v3_45356-RA	11	33	1282788774.11	592073215.44	1716082096.35	3407142249.29	2695677160	2431322346.26	378339611.4	493121515.08	937788540.8	1712311934.27	2048273098	1170639273.2
Sconica_v3_45417-RA	1	1	34985360.32	13982289.02	0	1752648654	0	0	0	0	0	1752648654	0	0
Sconica_v3_45438-RA	3	3	0	11133769.06	205937946.7	351188690.26	324407040	102992095.2	0	0	84166976.6	209020447.06	0	0
Sconica_v3_45439-RA	3	4	43628299.8	43347640.824	188924706.31	302616135.09	0	0	15271582.66	0	98953097.06	200248018.69	0	0
Sconica_v3_45450-RA	9	20	1204525004.65	1285784430.47	2618791399.834	2273494126.7	120568986	408268575.37	0	0	1991250461.934	2273494126.7	0	273806879.6
Sconica_v3_45454-RA	1	1	0	0	0	39348319.01	0	0	0	0	0	39348319.01	0	0
Sconica_v3_45461-RA	1	1	0	0	32611031.92	105761355.5	0	10197430.96	0	0	0	105761355.5	0	0
Sconica_v3_45467-RA	5	8	0	16099060.687	572289586.29	1051852170.06	49708643.5	22005264.49	0	5109026.407	436200600.69	962084075.7	0	0
Sconica_v3_45492-RA	1	1	0	0	68496901.61	79374768.97	6301701.5	13166448.13	0	0	68496901.61	0	0	0
Sconica_v3_45507-RA	5	12	1097061799.34	1407978588.62	355307200.02	193252745.2	5083238.5	0	840943716.04	911290552.12	200938252.36	47115990.37	0	0
Sconica_v3_45557-RA	11	35	446044415	134497549.58	910553015.3	1929643485.5	16427314214	21217523288.25	0	0	183770886.2	1126695778.3	13903683286	19670393998.3
Sconica_v3_45560-RA	3	5	29750088.155	0	1082905995.3	416080896.9	81822673	72609147.53	0	0	1082905995.3	130209757.2	0	0
Sconica_v3_45588-RA	1	1	0	6491739.608	49296345.56	72141335.78	24040272	9787277.193	0	0	0	72141335.78	0	0
Sconica_v3_45594-RA	3	3	76462377.44	18999484.71	90969248.84	456258263.5	39829896	13457935.28	0	0	55026300.33	324347464.5	0	0
Sconica_v3_45634-RA	1	1	0	0	0	48038414.55	0	29089793.87	0	0	0	0	0	29089793.87
Sconica_v3_45677-RA	6	9	19105001.328	12879519.02	241837587.51	2013218809.3	9751377	20869932.66	0	0	0	2013218809.3	0	0
Sconica_v3_45726-RA	3	4	56821605.13	84817591.19	13827913.37	0	0	0	37399169.75	40078852.44	0	0	0	0
Sconica_v3_45763-RA	1	1	0	0	27566684.6	0	0	0	0	0	27566684.6	0	0	0
Sconica_v3_45791-RA	2	2	0	0	85197577.42	33041746.53	22392132	0	0	0	85197577.42	0	0	0
Sconica_v3_45811-RA	7	16	647039311.42	795435877.94	304751149.14	232342080.14	1210478426	892668875.51	577624129.2	469765636.1	95067008.36	212583135.6	955712794	125770566.29
Sconica_v3_45822-RA	2	4	0	0	511038635.5	627361583.4	56312296	0	0	0	511038635.5	627361583.4	0	0
Sconica_v3_45852-RA	8	39	2179079413.93	1909177531.8	1387041830.16	2319032522.8	1198797259	1427296052.34	1346429980.73	1557592824.2	1352478218.7	1794878053.2	848986832	1370964858.6
Sconica_v3_45855-RA	17	47	9480764017.26	13462277856.71	6411753109.97	4134493938.1	588204685	481618826.01	6597281858.1	11884156655.51	5349184637.81	797051331.06	123289618	51298294.54
Sconica_v3_45899-RA	17	36	3090701573.99	1511842191.4	5877928173.5	4294573955.13	1185790208	1200403269.9	2528651557.62	718564707.89	5720401861.7	2671678920.4	0	0
Sconica_v3_45908-RA	22	47	306189304.142	147106051.898	247966096.88	559719495.48	9811942308	8727325414.28	0	0	0	50821543.74	9434415648	7637756841.58
Sconica_v3_45955-RA	21	44	344342805.11	403925492.35	513859698.72	291492715.41	13224634208	13093897082.42	0	0	0	0	10734139808	13067175613.92
Sconica_v3_45957-RA	2	4	12340501.16	0	77923577.11	108812341.78	0	0	0	0	77923577.11	108812341.78	0	0
Sconica_v3_46007-RA	7	13	158400850.593	144118639.36	924600800.5	1442111550.4	160927949	213378274.36	0	0	756754366	839473485.2	78219156	180071424.06
Sconica_v3_46011-RA	3	3	19226122.88	14041912.63	661074140.72	1236023687.6	22821807	18380460.747	0	0	0	1236023687.6	0	0
Sconica_v3_46015-RA	13	19	63283546.235	202725705.465	4385176074.92	5523951657.59	604605194.5	560118163.05	0	0	3619103378.27	4097089998.8	0	75561891.85
Sconica_v3_46025-RA	1	1	23111064.28	23312117.18	20837850.49	68133093.58	0	0	0	0	20837850.49	0	0	0
Sconica_v3_46081-RA	35	70	3196230858.435	5645279060.75	3513642139.7	1356935329.8	104171081.5	226177133.63	2098165147.22	5461766255.38	1903472593.82	83549034.88	0	0
Sconica_v3_46174-RA	1	1	0	0	30058666.38	25823153.45	0	13794554.44	0	0	30058666.38	0	0	0
Sconica_v3_46252-RA	1	2	428200314.1	197757768.4	146968296.1	143949860.3	0	0	0	197757768.4	0	143949860.3	0	0
Sconica_v3_46276-RA	15	33	1756817742.26	2032483268.72	1240718181.66	1049450675.43	191762423	332702805.692	1197154378.34	1611815037.09	863411638.48	426923732.9	11426169	0
Sconica_v3_46640-RA	2	3	0	0	30695518.8	90569931.18	0	0	0	0	0	90569931.18	0	0
Sconica_v3_46644-RA	10	12	8401489.896	18986364.88	2650810060.42	4094427543.1	52458825	23224143.95	0	0	1707217879.6	2969970226.36	0	0
Sconica_v3_46677-RA	5	30	267086908.4	911325385.96	2657776578	6551935276	2705000998	12443338858.89	267086908.4	911325385.96	2657776578	6551935276	2677446702	12443338858.89
Sconica_v3_46679-RA	3	4	0	16781031.46	284908605.2	229723093.85	66986558	152497558.93	0	0	284908605.2	175049054.4	0	40275321.24
Sconica_v3_46681-RA	1	1	0	0	39340346.48	0	0	0	0	0	39340346.48	0	0	0
Sconica_v3_46694-RA	4	5	54556607.04	24557242.84	720404247.6	968066270.63	0	0	0	0	582536023.5	703590720.1	0	0
Sconica_v3_46725-RA	1	1	90245570.28	0	38273145.53	86871792.12	64205108	0	0	0	38273145.53	0	0	0
Sconica_v3_46737-RA	1	1	0	0	36147552.62	0	0	73896602.79	0	0	36147552.62	0	0	0
Sconica_v3_46763-RA	2	3	0	0	620972913.5	637917196.5	0	0	0	0	226712267.6	637917196.5	0	0
Sconica_v3_46773-RA	3	3	152251574.7	0	495877465.26	0	696935504	768983733.3	0	0	61572535.46	0	696935504	0
Sconica_v3_46821-RA	1	1	0	0	60954734.51	99418564.34	0	0	0	0	0	99418564.34	0	0
Sconica_v3_46823-RA	5	9	1790515676.7	1655030778	819248911.56	1227971061.9	330479004	184186723.91	1471790676.4	1655030778	0	242566932.4	0	0
Sconica_v3_46831-RA	15	26	54651479.4	180403832.164	210207311.29	239683540.6	2126223176	1166280787.071	0	0	0	0	1813912204	956164347.52
Sconica_v3_46846-RA	2	3	0	9894850.408	29734810.16	135491779.29	0	0	0	0	0	135491779.29	0	0
Sconica_v3_46875-RA	5	7	35838252.35	0	399982119.19	843206924.09	80681561	81894396.05	0	0	251755984.5	843206924.09	26040886	0
Sconica_v3_46877-RA	9	22	30675786	318273912.76	120526849.07	185920760.82	4989855700	3813613511.91	0	0	0	0	4887057580	2894044899.11
Sconica_v3_46879-RA	3	6	59170618.94	300897471.5	474871161.84	687707387.2	418849900	73029073.21	0	0	474871161.84	596979998.1	0	0
Sconica_v3_46898-RA	1	1	33376013.7	42390378.29	26950323.46	0	0	0	0	42390378.29	0	0	0	0
Sconica_v3_46909-RA	12	36	9816658010.544	16187554996.52	6305335901.62	4462842498.92	793356028.5	1252304921.38	6645987537.8	11735117798.38	3937167508.6	766781781.77	43003945.5	478881553.81
Sconica_v3_46914-RA	4	8	0	0	882151304.52	1022203493.3	0	38111028.25	0	0	882151304.52	737881640.3	0	38111028.25
Sconica_v3_46918-RA	4	10	479507702.66	308722870.27	295182735.94	462862169.41	112689628	43149032.46	371465170.26	50839149.98	206844263.95	274597377.81	0	0
Sconica_v3_46930-RA	2	2	0	0	90896313.21	114066001.65	0	0	0	0	90896313.21	0	0	0
Sconica_v3_47003-RA	2	2	0	0	205603098.15	1768704916.7	0	0	0	0	0	1768704916.7	0	0
Sconica_v3_47005-RA	1	1	0	0	60380720.14	73929103.71	0	0	0	0	0	73929103.71	0	0
Sconica_v3_47009-RA	1	2	0	0	18382311.32	0	114625480	264425888.1	0	0	18382311.32	0	0	0
Sconica_v3_47020-RA	1	1	64752775.88	32486871.54	92110103.74	260904413.9	22355718	0	0	0	92110103.74	0	0	0
Sconica_v3_47028-RA	1	2	0	0	89728873.84	129864609.9	0	0	0	0	89728873.84	129864609.9	0	0
Sconica_v3_47029-RA	8	22	28291560.92	46349671.368	1745999167.32	2489203586.12	197597757	189188664.17	0	0	1685390780.92	2489203586.12	153947260	149965878.18
Sconica_v3_47079-RA	34	185	707336101.916	881383755.068	9255655152.12	5531220798.36	234465579428	255862788360.7	186562015.8	58285561.74	6985179893.23	3570617775.9	176893670188	255411841167.5
Sconica_v3_47088-RA	3	4	5964076.785	15918992.92	432816463.5	526851544.4	37976894	28328187.61	0	0	266182505.7	147562151.8	0	28328187.61
Sconica_v3_47095-RA	5	9	350584246.07	458502450.44	372151770.04	349023495.95	10496651	45324915.49	251867016.89	458502450.44	0	15816805.15	0	0
Sconica_v3_47096-RA	7	11	198225176.99	107289535.418	491804998.43	967079739.39	74446545	79835759.61	0	0	310884429.99	719381534.99	0	0
Sconica_v3_47112-RA	1	1	14920440.18	4601629.865	45379321.45	120302112.3	14267662	15342217.28	0	0	45379321.45	0	0	0
Sconica_v3_47120-RA	3	7	55936637.46	0	627675383.6	577102143.2	374314356	578943659.5	0	0	611129912.6	577102143.2	243827460	371394353.4
Sconica_v3_47180-RA	6	13	76885747.31	186761562.55	11347688.71	23661003	1786366832	947883090.7	0	0	0	0	1786366832	864084042.86
Sconica_v3_47181-RA	1	1	0	0	0	52189418.14	15684063	0	0	0	0	52189418.14	0	0
Sconica_v3_47228-RA	10	24	126665070.25	381106460.14	15496675439.33	18493567097.83	1624966594	1319373852.75	46843070.31	160576232.2	15496675439.33	18493567097.83	680382976	288184417.5
Sconica_v3_47239-RA	1	1	115789581.7	40661735.37	35450111.65	36108985.69	0	0	0	0	35450111.65	0	0	0
Sconica_v3_47246-RA	38	83	58715873.585	156797363.17	569788373.356	2036521615.26	23713655679	19120521268.13	0	0	95544243.62	752618366.6	20755387591	15661080484.07
Sconica_v3_47248-RA	5	15	111974220.84	197628429.34	342245499.76	251224302.46	841790208	788480054.83	73367329.98	173357056.96	220701238.15	91483384.67	606556528	424925467.49
Sconica_v3_47249-RA	19	54	3276714865.769	3865103590.738	3042725173.68	3204849411.8289	6366031280	7480305721.34	2157333040.617	1987611326.06	1484817534.34	1830353531.7	5390767730	6012250008.37
Sconica_v3_47262-RA	1	1	0	0	23079160.57	31471543.55	0	0	0	0	23079160.57	0	0	0
Sconica_v3_47280-RA	1	1	0	3390165.269	73924395.67	40846297.06	14092547	0	0	0	73924395.67	0	0	0
Sconica_v3_47311-RA	14	25	1370422177.76	1157729507.38	473433236.838	310999092.38	33877915	43292545.44	1370422177.76	373800552.5	387193748.078	0	0	0
Sconica_v3_47336-RA	9	19	4267891814.99	3547421696.74	595632155.153	199159579.43	24126248	559109113.03	1562304468.1	3109464715.8	453866811.8	0	0	80061102.65
Sconica_v3_47358-RA	5	19	7861481.333	0	2243978725.46	2855345035.64	512045522	1026431813.54	0	0	2197813772.37	2792248981.7	459778706	1026431813.54
Sconica_v3_47431-RA	1	1	0	0	105808787.2	102217016.1	0	0	0	0	105808787.2	0	0	0
Sconica_v3_47435-RA	7	11	3531061.193	8776011.049	18025253.346	34666927.98	1153444882	946652820.08	0	0	0	0	1105475026	836162216.65
Sconica_v3_47440-RA	4	9	274419139.89	471314044.34	286957614.2	670752202.4	11648314	20411463.104	274419139.89	367071854.44	114781891.3	204845695.8	0	0
Sconica_v3_47498-RA	1	2	0	0	127743310.6	185328586.5	10452043	8787703.605	0	0	127743310.6	185328586.5	0	0
Sconica_v3_47535-RA	17	43	2861447692.887	5347837064.62	2008794763.22	1412326471.33	511837681	703637279.19	2485420488.34	3402136631.72	1294088832.33	1319462063.48	161093694	169094325.61
Sconica_v3_47547-RA	12	27	1517087123.47	1984328272.51	604368197.62	383906863.21	65211504	0	1297796669.37	1984328272.51	278691131.79	35758525.96	0	0
Sconica_v3_47618-RA	20	41	313960044.508	549893172.433	882763924.37	485824290.27	9032974326	7967185680.49	0	0	41544057.7	0	7885135272	5653213540.68
Sconica_v3_47712-RA	30	69	1612103027.077	3056007645.559	2740166322.94	2240364287.13	872893777	501050890.388	1117593656.78	2584572100.77	2339955661.49	1401405754.87	40574468	51138853.46
Sconica_v3_47722-RA	9	18	1577231130.06	1622311519.57	890751633.61	785875877.69	82435802	11815849.906	1233217207.77	989834595.77	544889333.54	210633705.8	0	0
Sconica_v3_47732-RA	1	1	0	0	67530364.42	62179906.94	41174636	0	0	0	67530364.42	0	0	0
Sconica_v3_47766-RA	1	2	2837163.973	0	501762043.5	693903827.6	36535752	111753758.2	0	0	501762043.5	693903827.6	0	0
Sconica_v3_47768-RA	11	22	188518022.268	287477336.4	4999044844.5	12143148583.2	1465565458	1895577980.68	0	287477336.4	4850027281.1	11724339713.5	0	0
Sconica_v3_47779-RA	5	8	3168582.495	6560518.796	1406614631.22	2293948375.14	286928220	111459095.46	0	0	653536176.5	2193355872.9	216301496	0
Sconica_v3_47786-RA	3	4	0	0	105456008.74	2416497148.9	315045248	301715870	0	0	41745082.77	2416497148.9	0	0
Sconica_v3_47799-RA	1	1	61516722.29	0	36459521.75	71881610.9	0	0	0	0	36459521.75	0	0	0
Sconica_v3_47815-RA	8	12	14035494.48	58120499.34	193986381.77	226285739.29	1715933640	1411995486.37	0	0	0	0	1682691960	634489813.97
Sconica_v3_47838-RA	40	135	2361588614.6	1639386469.66	8162491557.15	11373952067.58	103738035401	101760183693.1	0	0	3590193249.4	4729789259.43	102885119865	101760183693.1
Sconica_v3_47849-RA	8	18	108023779.09	46457797.628	796424532.69	4592494826.6	21492921448	15421319761.9	0	0	504159196.4	1253612570.6	5851993832	12605718101.9
Sconica_v3_47852-RA	8	13	74096534.11	139527057.4	1770715871.36	4372472742.08	78312536	88678542.6	0	0	1595623441.95	4372472742.08	0	0
Sconica_v3_47868-RA	6	11	465526905.04	381111653.41	413638440.12	408460469.48	42779579.5	0	96466768.83	213350642.91	202469254.52	252691332.5	0	0
Sconica_v3_47870-RA	22	47	1867758440.56	1702867138.69	1713847138.39	3299136934.4	321335107	440548232.41	1694991858.09	1227325500.76	513951364.37	1335708598.61	250571098	209969179.3
Sconica_v3_47900-RA	3	5	147609574.6	59864813.75	1995276264.9	3656177289	387016768	536175017.7	0	0	914740458.9	3656177289	300483360	0
Sconica_v3_47941-RA	14	26	64016560.986	105294280.04	2503893758.14	3317511092.58	180212179	161784019.192	16177291.58	0	2372506678.44	3000944927.8	0	114249533
Sconica_v3_47978-RA	7	34	8433061609.9	9774576906.2	6395565314.7	7482190660.8	98285356	49107265.24	8433061609.9	8624138987.2	4004133496.9	7482190660.8	0	0
Sconica_v3_47988-RA	7	18	149424679.03	105180892.64	3095773518.3	3252900112.4	371092524	211916374.388	0	0	2266293950.6	3252900112.4	217757776	126054904.05
Sconica_v3_48005-RA	1	1	0	0	0	0	90286816	0	0	0	0	0	90286816	0
Sconica_v3_48073-RA	4	7	0	52184190.28	104618972.45	0	524206044	580404725.37	0	0	0	0	524206044	580404725.37
Sconica_v3_48095-RA	5	11	2305337088.7	3379080213.7	4522238844	7365092035.3	60894675	13135736.976	1778367720.6	2316386523.5	1935794753	7123589432.7	0	0
Sconica_v3_48107-RA	20	66	496634429.849	495485994.54	9246079166.43	42295348398.54	1405810555	2696091068.8	426295739.05	437608150.93	9120434235.73	42207402507.59	705880384	1302815124.3
Sconica_v3_48123-RA	1	1	0	0	27908757.39	0	0	0	0	0	27908757.39	0	0	0
Sconica_v3_48135-RA	1	3	14492118.83	49213227.78	0	0	60072032	29214327.34	0	0	0	0	60072032	29214327.34
Sconica_v3_48149-RA	1	1	0	26297381.63	19070398.26	38922122.45	0	0	0	0	0	38922122.45	0	0
Sconica_v3_48182-RA	11	32	166279847.85	210175061.49	630022565.32	1179800223.57	1460781088	1004808633.56	150802165.07	131175360.36	314632155.3	1060481630.29	1234042656	941416379.35
Sconica_v3_48190-RA	15	52	177361762.32	1071856003.847	790138622.47	2236386414.21	20407066292	19311697659.7	0	0	504451379.9	2201062843	17607265460	15149799330.6
Sconica_v3_48197-RA	8	25	2522891164.3	2391699820.7	1657384258.38	1608839498.92	19106660	0	2522891164.3	2186726789.8	1430267001.2	1119505263.1	0	0
Sconica_v3_48202-RA	1	1	0	0	60189909.21	0	18541852	0	0	0	60189909.21	0	0	0
Sconica_v3_48245-RA	3	3	59368891.89	176316795.2	75291808.62	114191048.51	0	0	0	108893929.64	0	63501888.42	0	0
Sconica_v3_48254-RA	1	1	0	0	137458398.4	92629335.13	18291366	0	0	0	137458398.4	0	0	0
Sconica_v3_48262-RA	18	47	2759847675.03	3659372591.88	1469403220.82	1273226674.78	160737309	314550800.41	2485464515.23	3145812139.33	957263667.06	465845677.41	0	0
Sconica_v3_48273-RA	1	1	0	0	0	21699149.51	61790480	27469607.08	0	0	0	21699149.51	0	0
Sconica_v3_48276-RA	6	16	0	78245942.82	3341569.535	858317623.7	2381306087	2669415543.17	0	0	0	0	2098441287	2649731027.01
Sconica_v3_48280-RA	11	25	113170322.01	247223947.552	6373817393.15	6991774015.7	550177520	529526384.19	0	35569181.44	4057170226.15	5068599301.2	508990748	386822380.7
Sconica_v3_48299-RA	17	54	3349927788.27	3763102170.07	3754312765.83	8077116759.1	530954336.5	842737886.051	3132998106.95	2931225717.64	2876068068.1	6541432245.9	81787760	0
Sconica_v3_48302-RA	4	6	34081205.49	14237661.94	27149139.98	85206739.36	750788936	208232466.14	0	0	0	0	498965080	166234599.22
Sconica_v3_48303-RA	1	1	0	0	57250701.32	49995586	32397474	49538906.15	0	0	0	49995586	0	0
Sconica_v3_48361-RA	12	25	900881000.038	1173829292.92	6305290374.78	6547898651.53	389187610	280879576.82	0	0	6305290374.78	5528633028.9	168520800	76472966.18
Sconica_v3_48390-RA	1	1	0	17701479.95	0	0	41610668	0	0	0	0	0	41610668	0
Sconica_v3_48392-RA	3	6	0	0	27981957.66	17015013.28	210450726	310652924.78	0	0	0	0	210450726	141137103.58
Sconica_v3_48412-RA	3	8	256032557.43	394931563.75	151249648.62	62356846.81	0	0	123856486.8	394931563.75	59353090.3	0	0	0
Sconica_v3_48413-RA	5	7	124884617.859	60596701.2	638082576.93	1287631848.9	15789697	29428187.557	117945259.43	0	429966511.08	943516940.1	0	0
Sconica_v3_48415-RA	1	1	9513818.793	8905300.428	0	0	68648816	117482654.6	0	0	0	0	68648816	0
Sconica_v3_48419-RA	3	5	28898415.24	252546443.88	211619070.79	189446463.98	0	0	0	116862803.08	197030160.06	125718304.1	0	0
Sconica_v3_48424-RA	1	2	0	0	86278423.47	181099649.3	0	0	0	0	86278423.47	181099649.3	0	0
Sconica_v3_48437-RA	15	25	219441185.219	2120710033.946	155644065.52	431579946.34	3290331532	2561513746.98	0	0	0	0	2163579436	2488323151.89
Sconica_v3_48443-RA	1	1	0	0	0	0	29119670	19851379.55	0	0	0	0	0	19851379.55
Sconica_v3_48516-RA	1	1	0	0	66614803.41	135344974.8	0	0	0	0	0	135344974.8	0	0
Sconica_v3_48591-RA	3	3	9221973.131	19961850.11	67495415.978	655071259.76	131175886	55588732.7	0	0	0	655071259.76	0	0
Sconica_v3_48592-RA	9	15	279846280.163	71681322.99	1825660830.16	4493998658.04	63796880	10482542.35	0	0	1455034274.66	3551782685.44	0	0
Sconica_v3_48624-RA	10	19	109726329.58	14150191.91	3694221328.29	8787820298.59	19805502	50228349.61	0	0	3237581652.29	6360337218.99	0	0
Sconica_v3_48634-RA	16	50	12496212744.24	27321045679.87	11283676785.65	3648186950.33	14706353337	10276656740.1	10319534757.2	27273892386.6	11219457837.08	2158023802.2	213657938	58938526.32
Sconica_v3_48641-RA	4	8	1558321905	59453221.27	3455458079.7	1928655716.18	226314600	123994067.8	0	0	3455458079.7	1756364607.6	0	46240689.04
Sconica_v3_48653-RA	6	7	6743420.263	0	36920424.47	1376799447.15	68471746.5	0	0	0	0	1376799447.15	0	0
Sconica_v3_48675-RA	5	9	37524357.73	24477161.92	1119894468.9	1986207605.8	38629110	0	0	0	911446352.2	1850154142.2	0	0
Sconica_v3_48718-RA	2	2	16761466.16	0	864716968.8	2888402802	27731731	43785877.47	0	0	0	2888402802	0	0
Sconica_v3_48719-RA	2	2	0	0	0	0	111195650	64064059.17	0	0	0	0	111195650	0
Sconica_v3_48721-RA	3	3	0	0	0	449251802.39	0	0	0	0	0	449251802.39	0	0
Sconica_v3_48742-RA	1	1	40141053.85	53139132.13	52837163.63	129850688.6	12776665	0	0	0	0	129850688.6	0	0
Sconica_v3_48744-RA	5	8	1836557348.7	1184920034.2	1933385182.9	2873808089.8	143958456	507691129.89	307914387.9	1184920034.2	271441570.4	2573608422.9	0	0
Sconica_v3_48763-RA	4	5	235743801.57	270517646.5	178020295.3	143083103.7	0	6665131.079	120576798.07	64675684.32	178020295.3	0	0	0
Sconica_v3_48784-RA	2	2	109091381.85	97908421.99	82127784.83	0	101132108	53893840.6	81327631.12	0	82127784.83	0	0	0
Sconica_v3_48856-RA	11	33	387308536.189	466647341.11	6213888115.49	6914308539.72	1767609626	2134271549.01	205142085.56	213676437.41	4184553688.99	6638536794.7	1125802570	1377887127.38
Sconica_v3_48859-RA	5	11	11045099.68	23029389.44	2808759871.05	5160515339.9	44113286	152342713.49	0	0	2119074557.15	5050556875.4	0	0
Sconica_v3_48862-RA	12	52	94467311.39	95336807.23	1035021431.44	1776637799.21	30768657098	34818832359.02	0	0	626114764.5	953527926	30283825098	34364528715.25
Sconica_v3_48892-RA	17	64	219398383.41	590437772.27	1346645623.95	4168355664.66	33097914792	32016731035.96	0	32635384.47	620024583.32	1731296169.52	32972965559	29872720884.96
Sconica_v3_48894-RA	1	1	0	0	21033866.16	0	0	0	0	0	21033866.16	0	0	0
Sconica_v3_48895-RA	11	48	9382117976.3	9010303470.8	6498521115.4	4177760979.32	915442528	854501160.612	7311591242.3	9010303470.8	5939764158.8	2997221944.1	0	0
Sconica_v3_48909-RA	2	4	0	0	253366661.4	471110076.8	0	0	0	0	253366661.4	471110076.8	0	0
Sconica_v3_48910-RA	4	7	0	0	1005538641.3	1548191511.7	287975694.5	114445788.07	0	0	1005538641.3	1116481211.9	0	0
Sconica_v3_48914-RA	1	1	0	0	65282170.35	73990973.87	0	0	0	0	65282170.35	0	0	0
Sconica_v3_48934-RA	28	110	44651051.029	591255746.81	1565218967.473	2928194893.203	56558620163	50255491961.13	0	0	599182106.3	1704040491.72	56460097623	47111895249.75
Sconica_v3_48936-RA	13	28	31394127.1	46768122.16	580667316.024	1216304644.52	16461403424	10277273527.07	0	0	28477182.65	504116615.4	13615542532	7762528989.8
Sconica_v3_48948-RA	1	1	0	0	36155284.11	80671595.77	0	3555702.618	0	0	36155284.11	0	0	0
Sconica_v3_48959-RA	6	9	640242373.21	1222701898.17	630658228.4	830266722.42	14318995	38102761.522	164543051.73	1047142989.07	128600378.2	124548370.6	0	0
Sconica_v3_48961-RA	1	1	173192868.3	88205586.16	87692820.03	195347704.5	0	0	0	0	0	195347704.5	0	0
Sconica_v3_48968-RA	18	35	1550185359.8	2602653993.53	1568307463.56	921281227.91	530065519	577232046.16	1257452763.63	2072181125.63	782906786.22	88208728.57	0	0
Sconica_v3_48977-RA	4	7	619583644.53	634975449.91	304702652.47	277548318.23	0	0	279060426.01	562589947.2	304702652.47	0	0	0
Sconica_v3_49004-RA	6	12	242466876	205672377.9	37177079.096	177562492.98	1558371808	996295591.39	0	0	0	0	1528676736	639489303.1
Sconica_v3_49006-RA	2	2	0	0	0	614775241.3	793795840	1040120372	0	0	0	614775241.3	0	0
Sconica_v3_49039-RA	2	7	0	0	1136287548.6	1840649317.11	486653344	295812507.35	0	0	1136287548.6	1840649317.11	377073600	0
Sconica_v3_49052-RA	27	63	58634311.63	104220114.386	105776646.65	1315239577.1	8990018992	10115344927.79	0	0	46418561.12	427511220.9	8990018992	8780722425.5
Sconica_v3_49053-RA	6	14	193821690.39	60847171.64	252807445.29	229918094.28	1464370684	798408048.16	0	0	186991959.59	205371635.28	1253430684	436564124.99
Sconica_v3_49088-RA	7	13	8295799.357	36014146.4	1086535190.9	1983905775	102521716	0	0	0	757328526.1	1559968705.9	0	0
Sconica_v3_49142-RA	1	1	0	0	33151190.3	42248216.42	0	0	0	0	0	42248216.42	0	0
Sconica_v3_49155-RA	2	2	0	0	57287829.17	333866326.1	0	0	0	0	0	333866326.1	0	0
Sconica_v3_49220-RA	4	8	39712086.35	67964629.22	539122788.06	430276827.99	630924736	429074399.6	0	0	69459084.72	430276827.99	543633488	263583180.2
Sconica_v3_49252-RA	6	14	2517583.674	9128099.471	811069649.353	1123024778.375	60401817.0625	140302804.546	0	0	529792378.013	1115454999.06	0	0
Sconica_v3_49289-RA	7	41	4637767902.4	2860884675.9	16945722963.3	65447555411	888952995	498408705.5	3076268211.9	2860884675.9	14162936481.3	65447555411	525631083	498408705.5
Sconica_v3_49334-RA	7	10	0	44973245.3869	97936743.106	228502170.38	451096660	191112214.41	0	0	0	71013338.18	207782332	151264050.32
Sconica_v3_49349-RA	36	131	1365271442.153	1016660279.75	2586433966.04	8558617200.63	51080836296	58343983650.49	0	0	1539247618	5417230269.97	49647405384	52376583117.99
Sconica_v3_49354-RA	46	421	2595400951.99	1744218653.34	21056851262.436	18770611091.54	416388376199	380074735436.96	1535135427.87	811563214.85	19840087109.9	13341650393.2	414369975604	380074735436.96
Sconica_v3_49391-RA	1	1	0	0	0	0	96140000	0	0	0	0	0	96140000	0
Sconica_v3_49397-RA	1	1	17839779.1	0	7831412.767	0	0	30397102.83	0	0	7831412.767	0	0	0
Sconica_v3_49434-RA	2	3	0	0	86155230	192670558.08	0	0	0	0	86155230	192670558.08	0	0
Sconica_v3_49475-RA	2	4	0	0	205489009.87	317416559.4	12727168	0	0	0	205489009.87	317416559.4	0	0
Sconica_v3_49521-RA	4	6	40969448.46	58686148.02	366496701.21	612673516.55	11335239	11607033.14	0	0	254321929.11	340056213.65	0	0
Sconica_v3_49534-RA	6	10	203264503.654	26517385.122	2095621527.13	2222523877.4	112735059	0	0	0	1240485375.3	2222523877.4	0	0
Sconica_v3_49567-RA	5	29	4263623.121	93522043.77	1056660469.4	1114101772.2	19874025224	13041192663.9	0	0	935689333.7	501744859.9	19874025224	13041192663.9
Sconica_v3_49604-RA	8	10	237555000000	244617353760.455	199837690249.54	102150907011.83	6070043857	8478160644.53	0	0	199658447610	101696682475.03	0	0
Sconica_v3_49650-RA	2	3	136970079.9	174935677.75	168480757.01	81473070.77	0	0	112094610.2	147233226.7	0	81473070.77	0	0
Sconica_v3_49673-RA	17	41	359300245.81	220859704.31	256742723.005	353845224.76	6970134528	5562780611.82	0	0	0	0	5797476056	5083421870.12
Sconica_v3_49701-RA	3	5	35769208.17	134057311.13	97556740.64	161410195.98	0	24583365.97	0	134057311.13	97556740.64	0	0	0
Sconica_v3_49715-RA	4	7	139813277.84	399389306.22	89946456.7	35692560.98	0	0	103565971.87	399389306.22	0	0	0	0
Sconica_v3_49722-RA	26	215	172417691447.262	149326033399.12	83786582305.63	79911008710.61	3675579625.5	5250227870.966	172356065389.02	147730415552.97	80037772448.1	76529422906.7	1827618920	4001327350.09
Sconica_v3_49731-RA	6	9	10372697.43	0	29415144.2	21040211.92	554745424	540423474.74	0	0	0	0	554745424	540423474.74
Sconica_v3_49865-RA	1	1	11804592.89	23121138.38	9642774.447	20098681.95	55330728	105809600.5	0	0	0	0	55330728	0
Sconica_v3_50057-RA	5	7	224147189.668	305496848.56	193421774.98	245824623.41	0	0	9951627.558	91549307.66	164993255.98	129304889.6	0	0
Sconica_v3_50112-RA	3	5	6221774.239	0	498855510.2	1225078544.4	28329335	13618239.25	0	0	144289860.7	1225078544.4	0	0
Sconica_v3_50113-RA	12	19	288533878.02	82896808.4	2642657538.86	7120845195.58	167936174	108684703.01	0	0	2328696068.4	5784804342.58	61815172	0
Sconica_v3_50186-RA	5	5	0	0	254360702.33	631689628.64	5521137.5	8367155.633	0	0	75189814.53	525405308.64	0	0
Sconica_v3_50317-RA	1	1	0	0	43608608.38	59412180.69	12126505	10111495.75	0	0	0	59412180.69	0	0
Sconica_v3_50488-RA	3	5	103883539.55	27078147.59	348215962.48	255687885.93	46696292	0	0	0	348215962.48	255687885.93	0	0
Sconica_v3_50608-RA	14	30	327895462.967	191393312.672	340113715.24	1115746317.84	6411950372	5700780966.71	0	0	110180863.39	172312047.8	5359124760	4912040509.31
Sconica_v3_50852-RA	1	1	0	0	0	48745651.41	0	0	0	0	0	48745651.41	0	0
Sconica_v3_50875-RA	16	26	52093498.91	3904686.719	1926097369.24	1355731800.62	259225529	224825045.096	0	0	1926097369.24	683837675.17	143407184	133730148.1
Sconica_v3_50958-RA	1	1	0	0	0	0	22633768	0	0	0	0	0	22633768	0
Sconica_v3_50998-RA	5	20	2495503661.3	2306734762.8	1451362467.2	1456301925.1	0	33800867.73	2495503661.3	2306734762.8	714155747.3	1325832994.3	0	0
Sconica_v3_51025-RA	3	4	0	0	145297531.63	431725427.1	0	0	0	0	63462220.22	389593071.5	0	0
Sconica_v3_51083-RA	2	2	172698870.9	0	55953970.55	129756927.17	0	6126095.016	0	0	0	129756927.17	0	0
Sconica_v3_51102-RA	9	37	29155046417.1	28829149584	7614459473.96	14804883283.1	330239840	960503491.22	23940838850	28829149584	4171964035.96	12282843583.7	204101156	647025195.7
Sconica_v3_51103-RA	5	7	21442957.17	74729165.37	407643647.19	535733622.49	0	0	0	0	299819618.89	323374535.77	0	0
Sconica_v3_51202-RA	5	18	259381596.06	242778295.772	7596543084	26324474680	638133568	1337970114.55	202115045.1	238604476.47	7596543084	26324474680	417139024	877151798.95
Sconica_v3_51217-RA	1	2	14849664.36	11703297.84	0	17655212.65	0	134692638.9	0	0	0	17655212.65	0	0
Sconica_v3_51220-RA	9	25	197476071.81	48021585.67	5431600403.7	9076067353.2	898662580	596831956.89	33283398.33	0	5431600403.7	7849385330.6	413602100	361377842.49
Sconica_v3_51222-RA	5	6	0	0	676161937.38	1402198454.43	0	80319801.96	0	0	417124577.08	1245161323.8	0	0
Sconica_v3_51284-RA	11	18	475493355	206782653.7	2356914110.33	3398026178.02	102181872.5	95640264.31	0	0	1622987450.4	3129657717.72	0	0
Sconica_v3_51336-RA	2	2	36064550.07	48704675.91	38190446.31	39718646.92	139468284	143619041.34	0	0	0	39718646.92	96895864	0
Sconica_v3_51345-RA	7	15	224947338.91	278337616.76	70303802.09	217009692.003	624433732	870915052.18	94780721.11	163382455.59	0	131486351.2	624433732	485385318.4
Sconica_v3_51347-RA	7	8	113787414.26	14630889.72	599818252.99	1244085048.36	60448599	55355194.753	0	0	435279192.15	595851506.56	0	0
Sconica_v3_51439-RA	2	2	46274107.09	41820060.48	0	108487926.9	55183940	252985907.1	46274107.09	0	0	108487926.9	0	0
Sconica_v3_51453-RA	1	1	0	0	14612706.96	9328461.438	112343024	67821178.82	0	0	14612706.96	0	0	0
Sconica_v3_51481-RA	1	1	0	0	71800428.45	84237747.45	31118746	0	0	0	0	84237747.45	0	0
Sconica_v3_51503-RA	6	17	39959206.782	35696392.579	3610083664.7	4725747403.6	362749374	373080667.91	0	0	2953011279.4	3384250950.1	171083504	0
Sconica_v3_51546-RA	6	29	808861498.918	610317237.791	61497266.2426	81758905.8296	1248455169	1214175285.01	48072588.44	15438598.59	0	0	1129207345	906569932.41
Sconica_v3_51547-RA	35	106	1812989348.228	868018923.14	1997514505.3	3356016839.01	33552745666.5	33149782351.12	441257511.7	418989854.93	816386111.22	3096642400.71	27896923270.5	30407622368.65
Sconica_v3_51595-RA	3	4	0	0	317815831.4	712053788.96	28908662	0	0	0	215227925.4	668977406.6	0	0
Sconica_v3_51643-RA	1	1	0	0	17322731.59	79247617.26	0	0	0	0	0	79247617.26	0	0
Sconica_v3_51646-RA	6	18	63415936.728	97546125.954	2765246422.8	4145724250.98	498643650	344774886.8	0	28725251.08	2765246422.8	4088388134.9	479510096	344774886.8
Sconica_v3_51662-RA	1	2	0	0	92261028.49	142545333.6	0	0	0	0	92261028.49	142545333.6	0	0
Sconica_v3_51724-RA	1	1	0	0	28206895.53	72255611.51	0	0	0	0	28206895.53	0	0	0
Sconica_v3_51727-RA	21	42	248198191.627	961341366.21	111695887.47	259601497.99	6217067416	5122487782.12	0	0	0	0	6217067416	4630024878.46
Sconica_v3_51754-RA	1	1	0	104372252.1	0	88220817.75	27946438	0	0	0	0	88220817.75	0	0
Sconica_v3_51822-RA	2	3	0	0	0	14429855.12	224721372	171790753.1	0	0	0	0	224721372	171790753.1
Sconica_v3_51828-RA	2	4	0	0	146974427.09	726744988.6	0	0	0	0	146974427.09	726744988.6	0	0
Sconica_v3_51829-RA	4	4	262846751.7	3483998.195	77947789.21	49774190.42	179330828	35946101.17	0	0	0	0	93089468	22958666.69
Sconica_v3_51925-RA	7	11	0	50760002.516	926541702.31	1161932744.1	65989126	112409692.499	0	0	911406636.1	724242581	45809428	0
Sconica_v3_51932-RA	15	19	43756560.708	25970965.73	1125108935.79	4216115896.3	1285860184	1878634683.7	0	0	430626420.84	4216115896.3	0	0
Sconica_v3_51962-RA	9	38	3697960126.29	8366511318.18	4187828754	1588033051.88	299474578	564958886.18	3671059331.6	7186065952.8	2874208716.3	1491645396	25363294	0
Sconica_v3_51995-RA	34	59	580696733.041	432811108	639165254.239	11802623484.95	7265878601	5664699266.38	0	0	0	0	6289929393	4377828168.46
Sconica_v3_52019-RA	5	9	232747640.76	399075325.36	655807634.3	217795241.44	70314760	148474553.87	21844439.9	204630046.35	655807634.3	82146124.84	0	113752499
Sconica_v3_52054-RA	2	5	0	0	139211751.85	333249990.7	0	9669490.907	0	0	77198622.23	333249990.7	0	0
Sconica_v3_52121-RA	1	1	0	0	22312270.08	0	0	0	0	0	22312270.08	0	0	0
Sconica_v3_52214-RA	15	22	78469756.32	29243246.4	117015608.518	458826541.34	1347887112	1555778234.99	0	0	0	0	1131626304	1270792443.85
Sconica_v3_52240-RA	2	2	0	0	61858493.5	360487850.46	94500560	34501012.69	0	0	0	360487850.46	0	0
Sconica_v3_52247-RA	2	7	0	7861782.481	314450789.72	169954601.2	62730348	22123594.57	0	0	314450789.72	169954601.2	0	22123594.57
Sconica_v3_52284-RA	1	1	0	52393507.02	0	0	0	0	0	52393507.02	0	0	0	0
Sconica_v3_52293-RA	3	5	0	0	397768178.17	831929865.6	0	0	0	0	120015442.77	630543775.9	0	0
Sconica_v3_52320-RA	1	2	401925432.8	1716356000	0	0	0	0	0	1716356000	0	0	0	0
Sconica_v3_52372-RA	13	20	142540501.576	275336003.666	407029344.97	620828742.33	955953305	2025093548.5	73192187.99	91861880.69	273559923.31	256549106.2	575678328	467290712.96
Sconica_v3_52374-RA	1	2	0	2726584.787	162476709.2	67559641.68	41129148	94118619.56	0	0	162476709.2	67559641.68	0	0
Sconica_v3_52376-RA	37	97	5532014928.025	10497236338.61	5227695137.57	4627290325.35	740374152	988536583.596	4239755703.076	9675880310.2	3429593726.71	3102891347.39	103955160	0
Sconica_v3_52379-RA	5	7	14233695.13	0	243888055.17	443553194.87	49849806	0	0	0	223165706.03	387012190.47	0	0
Sconica_v3_52389-RA	6	11	0	0	807884681.59	2455744745.9	162603302	141910622.09	0	0	722294272.6	1999029459.9	0	0
Sconica_v3_52393-RA	1	1	0	0	0	33008362.03	24136008	13740990.5	0	0	0	0	24136008	0
Sconica_v3_52397-RA	25	126	46711242458.16	43765665625	22177699497.86	16807139133.66	1197050108	2375241154.592	37675450909.55	42511443086.5	20165993601.8	15914627139.6	601289760	1178049371.432
Sconica_v3_52401-RA	2	2	0	0	42166162.32	104806841.91	0	0	0	0	0	104806841.91	0	0
Sconica_v3_52446-RA	1	1	0	0	0	33458579	0	0	0	0	0	33458579	0	0
Sconica_v3_52484-RA	2	2	26438479.35	17834122.45	162613796.67	349839314.2	9476211	16454451.1	0	0	123678739.1	106383284.7	0	0
Sconica_v3_52503-RA	13	19	15236602.5	10214521.8	2339321524.9	2994996634.26	305916969	118448003.91	0	0	1890348343.72	1968064395.36	0	0
Sconica_v3_52542-RA	4	5	0	0	227490038.57	295255530.1	0	0	0	0	87535027.05	270769313.1	0	0
Sconica_v3_52618-RA	1	1	0	0	40747159.63	0	0	0	0	0	40747159.63	0	0	0
Sconica_v3_52622-RA	5	11	475831709.57	739620282.4	483424875.12	439377610.95	261390940	274398673.67	185910277.88	739620282.4	229051336.6	188821979.15	261390940	0
Sconica_v3_52636-RA	4	5	161868300.69	0	132243050.92	578154412.5	128894774	41625916.39	0	0	64599234.59	444844048.8	42292492	0
Sconica_v3_52670-RA	18	66	993616193.7465	1774376185.14	1901353220.09	3082051784.78	17353700171.5	18304807717.35	916970365.99	1212559780.29	1480512899.2	2674791673.5	17348493272	16239501701.35
Sconica_v3_52701-RA	3	3	0	0	75705083.43	201685344.15	423183168	207880759.2	0	0	29885964.91	125213935.67	0	0
Sconica_v3_52744-RA	3	3	0	0	96842992.33	199819269.34	6843108	13986631.52	0	0	32223279.06	148579250.61	0	0
Sconica_v3_52753-RA	2	3	25339514.84	53520504.43	75496440.29	57954185.94	399680640	442032167.4	25339514.84	0	0	0	399680640	442032167.4
Sconica_v3_52757-RA	3	3	0	11675165.46	111992243.97	143922302.14	0	0	0	0	31913323.15	88108032.34	0	0
Sconica_v3_52761-RA	1	1	32899244.83	20224198.98	38958261.49	95415014.24	10804887	18139884.22	0	0	0	95415014.24	0	0
Sconica_v3_52774-RA	1	1	17623373.33	12259124.34	7831870.387	0	49500848	50447472.85	0	0	0	0	49500848	0
Sconica_v3_52785-RA	26	77	3026952946.8	2534434756.04	1384938856.534	2086901430.35	27489085780	30525225911.407	0	0	441203322.6	631414571.25	24345667728	30179133855.57
Sconica_v3_52789-RA	2	2	16048211.07	15339994.87	19072827.35	145105953.02	0	4772191.946	0	0	0	145105953.02	0	0
Sconica_v3_52790-RA	1	1	623729512.9	379043191.7	56904454.03	21952014.28	0	0	0	379043191.7	0	0	0	0
Sconica_v3_52800-RA	9	18	419197695.69	632839744.96	423803178.49	325014911.91	372413640	238318410.8	270226296.71	576675763.17	102870711.89	40389524.36	0	0
Sconica_v3_52819-RA	16	42	2872745138.14	2989177666.56	2609193309.5	1902270562.92	121799033	57684728.98	2275045106.84	2066198545.13	1848072922.76	1049379551.8	27615739	0
Sconica_v3_52848-RA	6	11	15366120.04	110299568.13	1110625331.2	1317960569.3	643312708	929013013	0	0	287158506.9	469114702.5	643312708	777836647.3
Sconica_v3_52859-RA	2	3	160325161.02	189695579.52	60206178.74	58386157.15	102664423	70825565.33	0	157595795.7	0	0	93325112	44237901.51
Sconica_v3_52901-RA	12	23	85408186.69	158033216.57	4763930588.646	13041248339.43	539120066	308647327.88	0	0	3491714203.986	9883123496.76	194088992	121622081.5
Sconica_v3_52904-RA	5	8	2240814421.85	2814789511.96	4466962429.75	4321259618.25	0	102752034.299	64422579.67	23540865.96	0	4308191053.1	0	0
Sconica_v3_52923-RA	1	1	0	0	0	0	0	74349706.21	0	0	0	0	0	74349706.21
Sconica_v3_52955-RA	5	7	18967570.13	32210442.62	13218908.8	150130300.46	263196492	247682025.46	0	0	0	0	188058860	179677925.87
Sconica_v3_52962-RA	12	22	8238079.499	24981960.9	1377668170.83	1785091397.58	937572996	868053661.59	0	0	1131758173.22	1082047579.14	142162072	355657691.98
Sconica_v3_53006-RA	8	11	0	0	2602012163	4119627185.1	66555508	73982678.57	0	0	1399401818.1	3041654884.1	0	32058993.68
Sconica_v3_53013-RA	4	4	0	9871822.316	241945551.14	35369349.27	42489513.5	8463251.114	0	0	190310476.82	0	0	8463251.114
Sconica_v3_53021-RA	1	1	0	0	2044887.797	9657028.57	0	0	0	0	0	9657028.57	0	0
Sconica_v3_53043-RA	3	4	0	18966580.88	481800379.8	436135776.47	14203882	192299590.64	0	0	107033967	436135776.47	0	0
Sconica_v3_53062-RA	10	26	527411009.94	625499513.16	11040853288.53	17466008219.883	1556706948	1167725288.3	0	91572018.23	5930319005.3	17177554780.6	971377736	495396247.8
Sconica_v3_53074-RA	1	1	3464904.158	10494414.79	21026698.62	46992643.45	2235920128	1519906566	0	0	0	0	2235920128	0
Sconica_v3_53081-RA	1	1	598181115.6	276372397.9	805884241.9	809806180.7	0	0	598181115.6	0	0	0	0	0
Sconica_v3_53098-RA	5	6	11341860.21	26621144.48	203677726.88	764718977.89	113130098	12092674.05	0	0	203677726.88	730727696.98	0	0
Sconica_v3_53107-RA	5	9	101531999.7	170282329.4	68933261.42	94336171.63	1327176732	1181886491.87	0	0	0	0	995718428	1068406703.57
Sconica_v3_53113-RA	6	10	0	130517144.02	1395221192.4	2555321796.2	89783951	176492385.43	0	0	1395221192.4	1707027724.2	15816054	0
Sconica_v3_53117-RA	14	18	707168840.552	48453157.27	935871001.79	2841616575.16	3404683632	3185615203.816	0	0	360255897.72	2825275115.59	0	0
Sconica_v3_53128-RA	2	2	288179180.7	417807021.2	469503515.9	202203719.9	70082372	32176990.3	0	0	0	0	70082372	0
Sconica_v3_53166-RA	1	3	22843765.46	12668458.77	201567745.1	371328975	0	0	22843765.46	0	201567745.1	371328975	0	0
Sconica_v3_53173-RA	8	32	7080880239.11	7166344593.838	3361026345.4	2688349672.28	0	125423040.424	6837912029.11	7162382338.8	2640719513.3	2475892703.42	0	12110099.13
Sconica_v3_53223-RA	34	69	276366199.581	283863854.612	889239340.207	1608114802.7306	8991303320	7839629105.32	0	1156482.013	21422852.46	38645869	8620402640	6963284172.87
Sconica_v3_53224-RA	14	36	1690787013.24	3253966599.42	2563200569.86	1825397285.65	624806301	133857628.841	1301966467.67	2780130038.91	1563140190.81	1031120543.75	0	0
Sconica_v3_53235-RA	7	9	75842546.79	82113652.42	83082348.29	220689608.29	582580964	220304432.84	0	0	0	0	582580964	171317609.25
Sconica_v3_53238-RA	19	97	630814712.634	214818034.614	2817744109.07	7869494758.47	65485245612	64016732741	0	0	1631451876.83	2871671134.04	65485245612	64016732741
Sconica_v3_53252-RA	2	4	26258784.02	46917803.81	56224996.49	104407947.94	0	0	15062465.9	27742283.01	56224996.49	27534168.05	0	0
Sconica_v3_53259-RA	1	2	0	0	26677985.31	0	0	0	0	0	26677985.31	0	0	0
Sconica_v3_53269-RA	5	6	171941034.3	71967710.87	606774931.44	1197752723.7	0	76622653.81	0	0	188137105.6	980743583	0	63367644.86
Sconica_v3_53283-RA	2	2	20471705.8	0	451684099.04	131824423.1	2951130112	4945216649	0	0	451684099.04	0	0	0
Sconica_v3_53288-RA	9	15	246749991.529	72728806.64	3055649151.1	5646004024.4	298835868	220473670.44	122911680.5	0	2798209304.5	2254441540.3	0	63493315.16
Sconica_v3_53308-RA	1	1	46715126.53	16771079.21	41684503.67	126545743.5	0	0	0	0	0	126545743.5	0	0
Sconica_v3_53314-RA	1	2	20861830.35	0	56196124.69	187025447.2	0	0	0	0	56196124.69	187025447.2	0	0
Sconica_v3_53323-RA	2	2	0	0	0	30571327.85	81185072	107420140.5	0	0	0	0	81185072	107420140.5
Sconica_v3_53325-RA	3	4	0	0	396987272.4	341128319.68	105335664	76341324.37	0	0	396987272.4	75122239.28	0	0
Sconica_v3_53342-RA	3	3	0	0	0	0	158055598	121002078.83	0	0	0	0	43079256	105862681.17
Sconica_v3_53357-RA	2	2	13289919.39	5673145.815	48257940.79	8505938.9621	13831495	7846360.858	0	0	48257940.79	0	13831495	0
Sconica_v3_53359-RA	1	1	0	0	48066515.5	33547444.49	0	0	0	0	0	33547444.49	0	0
Sconica_v3_53378-RA	15	34	0	21947356	452724803.73	847176248.33	6396286264	6656116057.43	0	0	10143596.42	187609905.78	5300065240	6154429176.71
Sconica_v3_53398-RA	1	10	65764676.89	60616205.93	2482761583	3241771524	182022776	263972300.3	65764676.89	60616205.93	2482761583	3241771524	182022776	263972300.3
Sconica_v3_53413-RA	5	14	203981566.57	115973890.79	4472685185.1	6154474064.2	793165178	498118678.99	0	0	4472685185.1	5107293863.2	106440152	359458725.72
Sconica_v3_53424-RA	10	15	142486440.179	33323973.02	799393481.88	2073944193.22	57594348	444764713.19	35664015.53	19634399.39	375765027.58	1680386159.42	0	0
Sconica_v3_53425-RA	1	1	0	0	0	0	186940416	0	0	0	0	0	186940416	0
Sconica_v3_53429-RA	2	3	0	23671915.11	270498744.4	479374524.2	88459976	28263069.54	0	0	270498744.4	479374524.2	19370224	0
Sconica_v3_53445-RA	1	2	0	0	25531150.63	82457181.34	0	11427377.2	0	0	25531150.63	82457181.34	0	0
Sconica_v3_53455-RA	18	94	12977185220.7	48805205567.6	26048340032.96	4660297937.9	5012520894	5222060189.92	11509762056.3	44782194835.7	19838753706.96	4244161267.1	2605251812	4066590634.6
Sconica_v3_53480-RA	6	15	99213847.86	23990264.76	6992042905.7	8212793509.09	645324556	655502174.05	0	0	4334147916.7	4846626707.1	567006772	408997984.81
Sconica_v3_53488-RA	1	2	0	0	245102113.5	530379427.2	55472812	77458513.92	0	0	245102113.5	530379427.2	0	0
Sconica_v3_53495-RA	1	2	52212908.96	45349974.99	20635286.37	0	29449078	0	52212908.96	45349974.99	0	0	0	0
Sconica_v3_53507-RA	1	2	425622855.4	0	0	0	32496188	0	425622855.4	0	0	0	0	0
Sconica_v3_53516-RA	2	3	0	0	29262716.63	920857219.5	0	0	0	0	0	920857219.5	0	0
Sconica_v3_53517-RA	4	11	0	0	988344107.9	2122526078.3	136875598	178911550.61	0	0	988344107.9	1300681582.9	71659632	80812112.06
Sconica_v3_53534-RA	9	158	408866366613.07	324682289441.77	572650817943.25	226799929145	67938859640	72629078020.9	408866366613.07	324668218018.6	572528061138.75	224904355012	67938859640	72629078020.9
Sconica_v3_53559-RA	1	1	0	0	23753741.04	0	0	0	0	0	23753741.04	0	0	0
Sconica_v3_53568-RA	2	2	17056841	29801113.85	40124065.73	22275859.17	42471536	28493571.47	0	29801113.85	40124065.73	0	0	0
Sconica_v3_53596-RA	3	4	38080338.21	42155808.88	162340518.09	170677927.32	0	0	0	0	162340518.09	27323440.22	0	0
Sconica_v3_53598-RA	1	1	0	0	36390719.67	31474621.84	0	0	0	0	36390719.67	0	0	0
Sconica_v3_53615-RA	34	105	837890089.388	952753045.459	2440316706.93	4910660358.12	48332942274	45900263465.23	0	0	1617129075.51	2833234887.2	42094694042	41747054730.43
Sconica_v3_53629-RA	6	7	51303680.93	275268738.503	256418640.76	1145754636.17	5503090	0	17077807.41	34052051.15	30393228.22	766762605.67	0	0
Sconica_v3_53633-RA	15	47	119631137.376	110406568.71	7993938713.25	9090223490.62	2071899208	925331828.88	0	37530354.73	6460419471.65	8680894303.32	1688659382	750651123.51
Sconica_v3_53642-RA	19	52	5370267727.59	8761992845.72	3345716773.95	2122240095.69	825247743	665505654.47	5038742843.3	6506620397.52	2598438323.64	607800993.13	0	46115853.92
Sconica_v3_53674-RA	4	6	13259788.64	59643153.77	1123980773.06	1215867080.91	119917796	46832288.149	0	0	56917440.66	911142949.71	63896960	0
Sconica_v3_53682-RA	3	5	0	0	46736283.18	0	105250654	199102884.94	0	0	0	0	105250654	199102884.94
Sconica_v3_53690-RA	1	2	0	0	304049004.4	537023109.6	249634560	0	0	0	304049004.4	537023109.6	0	0
Sconica_v3_53695-RA	4	5	0	24574545.95	126173402.04	0	67098200	99604346.689	0	0	126173402.04	0	67098200	53927420.54
Sconica_v3_53706-RA	4	13	0	0	2674276928	2005119751.1	487973800	501024219.64	0	0	2674276928	2005119751.1	0	433997283.07
Sconica_v3_53755-RA	9	18	12086748.87	47093036.52	61909591.75	155870337.14	1889484019	1412044715.27	0	0	0	0	1889484019	1238901226.77
Sconica_v3_53761-RA	15	21	115155170.008	168603667.555	1401677201.5	2726244723.04	125242084	137491761.77	0	0	1068762256.59	2187898095.69	0	0
Sconica_v3_53788-RA	4	7	84572379.53	14425952.32	108814167.98	46327043.89	578097532	630784621.77	0	0	0	0	340625868	442628274.9
Sconica_v3_53809-RA	2	3	182259069.67	644175577.43	41170123.23	38267744.86	16886878	0	182259069.67	50682454.13	0	0	0	0
Sconica_v3_53834-RA	2	2	0	0	26925686.02	12353645.49	0	0	0	0	26925686.02	12353645.49	0	0
Sconica_v3_53843-RA	23	61	5673164374.984	6891300646.25	8132895916.74	5394377377.29	632725569	826774066.994	4796223428.76	5341675051.88	5777729989.63	3276999206.2	54629856	351513496
Sconica_v3_53910-RA	12	25	994048755.57	1457000718.06	840462034.14	1039328572.69	107210066	40220216.2	755855094.93	1346384725.46	737761577.3	618573505.1	0	0
Sconica_v3_53977-RA	3	3	0	0	221605118.48	946420943.88	0	0	0	0	0	946420943.88	0	0
Sconica_v3_53978-RA	6	10	9456049.512	24856889.22	163527212.17	6103721327.3	0	32470347.9	0	0	29355336.99	6103721327.3	0	0
Sconica_v3_53987-RA	10	22	24234961.86	27840889.31	2132169532.57	4018510645.8	549531166	615992122.625	0	27840889.31	1098825626.77	4018510645.8	535125144	580025350.53
Sconica_v3_53991-RA	11	33	6921454933.037	3973986049.54	2440791194.05	1247537877.58	219571142	230657897.96	6915468374.2	3335270519.2	2184795907.6	939842175.4	0	0
Sconica_v3_54009-RA	1	1	402268598	227612306.6	792357270.6	456867132.9	17747788	0	0	0	0	456867132.9	0	0
Sconica_v3_54012-RA	1	1	0	0	0	0	204471968	55498852.4	0	0	0	0	0	55498852.4
Sconica_v3_54021-RA	10	11	56053832.62	203719202.02	3408400331.7	22585001.78	267528229	118376205.863	0	0	3408400331.7	0	87800152	0
Sconica_v3_54112-RA	2	5	0	0	253646009.6	317751288.8	16413736	0	0	0	253646009.6	317751288.8	16413736	0
Sconica_v3_54223-RA	4	5	0	0	412718487.34	624823304.5	0	57947335.41	0	0	110294413	624823304.5	0	0
Sconica_v3_54227-RA	3	5	9440865.615	16925259.74	699549310.1	1662361224.7	43506168	59524976.81	0	0	529325596.5	1451875897	43506168	0
Sconica_v3_54238-RA	4	6	0	0	482841352.4	1243222060.72	26506770	65135151.208	0	0	317494060.9	962890014.62	0	0
Sconica_v3_54248-RA	8	11	7594821565.15	7803827831.67	366167385	1358347106.81	76607973	33340077.29	7236316552.81	1334932741.67	0	0	0	0
Sconica_v3_54415-RA	2	4	0	0	271185744.3	607577352	16466421	0	0	0	271185744.3	607577352	0	0
Sconica_v3_54458-RA	1	1	0	0	20446310.65	76433722.42	0	0	0	0	0	76433722.42	0	0
Sconica_v3_54468-RA	11	46	9838833063.9	10053888062.2	4838990558.4	7811760240.54	743334844	359364051.82	7908584727.9	9230574307.4	4003284512.9	6656784521.54	0	0
Sconica_v3_54506-RA	7	13	591276397.334	444376653.8236	422834012.12	268820802.2	993972854	1401726016.68	422237124.67	387902272.36	352239904.2	73079358.16	0	12903105.01
Sconica_v3_54555-RA	3	4	230285528.46	116535656.5	167306049.3	259941208.1	0	0	169672367.93	116535656.5	0	0	0	0
Sconica_v3_54602-RA	14	25	0	111073755.04	2139835105.79	2527240034.37	561928215	689617545.89	0	0	1615350003.98	1883221557.4	433000635	95078516.54
Sconica_v3_54622-RA	10	16	27221153.855	4405554.905	1156742899.81	1553700132.53	598782709	888083133.34	0	0	871591493.04	1097911250.73	201448416	0
Sconica_v3_54626-RA	3	5	216751812.72	523291553.64	0	102915684.2	0	49991976.73	104162897.62	281177520.54	0	0	0	0
Sconica_v3_54647-RA	1	3	1150912916	2498578089	1093992235	159018724.5	0	170740290.4	0	2498578089	1093992235	0	0	0
Sconica_v3_54671-RA	9	18	0	4846568.509	0	78571968.75	2387856065	1135971840.39	0	0	0	0	2371114756	860673865.07
Sconica_v3_54692-RA	9	20	839392637.36	1480581918.1	693474689.59	667535911.81	103633019.5	137139781.405	827347000.33	1362582559.38	612515197.95	271435998.2	0	0
Sconica_v3_54695-RA	5	12	463981665.71	756314216.75	532409024.65	408603444.79	31661244	0	258797353.75	756314216.75	315152181.5	60342714.1	0	0
Sconica_v3_54774-RA	3	5	0	0	0	1768372863.5	0	0	0	0	0	1768372863.5	0	0
Sconica_v3_54780-RA	4	20	556547562.47	126417594.59	995046456.75	36266649704.9	188063266	213532584.27	0	0	967039552.9	36266649704.9	0	0
Sconica_v3_54787-RA	11	32	3964891063.221	5891873080.14	3422206418	353596193.47	97992100	58739098.77	3846416266.57	5891873080.14	2959867079.94	89643417.92	53460636	0
Sconica_v3_54803-RA	1	1	0	0	48189116.66	0	0	0	0	0	48189116.66	0	0	0
Sconica_v3_54808-RA	2	3	99381044.63	255708369.81	0	0	46471232	52620417.33	0	255708369.81	0	0	0	0
Sconica_v3_54835-RA	1	1	0	0	44000482.18	112874040.5	0	0	0	0	0	112874040.5	0	0
Sconica_v3_54876-RA	4	4	0	0	18808428.63	410871857.85	5117435	0	0	0	0	410871857.85	0	0
Sconica_v3_54877-RA	1	1	0	0	163905138.4	161955081.9	0	18084351.33	0	0	163905138.4	0	0	0
Sconica_v3_54894-RA	1	2	0	0	28790556.93	55780902.53	0	0	0	0	0	55780902.53	0	0
Sconica_v3_54912-RA	6	8	17990889.53	0	1180991275.12	1255218886	321245974	269499852.57	0	0	695231943.42	729449759.2	0	0
Sconica_v3_54917-RA	9	13	132070270.3	14628603.93	1519322778.58	3204548809.69	172707776	159422189.66	0	0	604114920.43	3000709381.23	90690024	0
Sconica_v3_54924-RA	1	1	13953701.88	22500487.38	0	51645365.05	0	86008469.77	0	22500487.38	0	0	0	0
Sconica_v3_54927-RA	3	5	36287481.52	19574203.85	201080418.53	356928647.9	0	0	0	0	201080418.53	356928647.9	0	0
Sconica_v3_54953-RA	2	2	24854563.7	105493048.21	163433807.27	98995138.82	38061356	36016082.63	0	76900906.35	117072189.5	0	0	0
Sconica_v3_54991-RA	1	1	0	0	0	41419763.32	772760960	1128737652	0	0	0	0	0	1128737652
Sconica_v3_55000-RA	9	13	73287378.85	19169432.38	203606508.33	15476514993.7	50868407	48474021.59	0	0	114315657.8	15476514993.7	0	0
Sconica_v3_55024-RA	8	10	186474799.489	380945919.599	2072453620.13	2333167312.89	136494971.75	166790983.417	0	0	680792429.33	1306063246.9	34572667	55554689
Sconica_v3_55060-RA	3	6	83048439.8	93295787.35	195251772.25	233280562	0	18039474.79	45248228.47	0	195251772.25	233280562	0	0
Sconica_v3_55062-RA	1	2	13195178.83	96685815.62	98729091.76	409647192.9	0	20176561.55	0	0	98729091.76	0	0	0
Sconica_v3_55082-RA	9	42	166668050.4	294603916.2701	8995742533.8	9270148566.776	2975152032	4135715514.35	120010609.86	203385232.46	8995742533.8	9069455960.1	2770549056	3886861400.52
Sconica_v3_55103-RA	6	7	0	0	288356021.64	663146122.59	0	56521431.65	0	0	75977002.55	663146122.59	0	0
Sconica_v3_55114-RA	6	8	87514658.12	178917529.29	605275652.29	1264142515.07	34085240	0	0	0	326130870.39	1145699640.4	0	0
Sconica_v3_55149-RA	2	2	94000545.22	84602844.04	59524737.92	42595767.29	30991362	0	0	0	48617105.41	42595767.29	0	0
Sconica_v3_55157-RA	17	57	478208597.73	413075777.29	20849188070.5	22828560800.05	2847127208	2311156799.665	46619258.39	33200576	20623525247.3	22765364259.5	2170627933	1775637737.8
Sconica_v3_55216-RA	21	43	142145881.34	121300674.606	4583313665.6	8426761400.34	10268490	23539704.349	30925371.19	33014568.54	3915533014.12	6895253076.94	0	0
Sconica_v3_55223-RA	1	1	17564155.22	100277042.7	49841141.57	28888417	0	0	0	100277042.7	0	0	0	0
Sconica_v3_55246-RA	9	17	1194928735.79	1824603934.34	478289101.464	964627170.11	120345406	542341752.23	404890940.3	1824603934.34	299635041.3	731354496.3	0	0
Sconica_v3_55247-RA	3	8	148519583.32	76480096.11	1047773382.16	3572703769.6	271715392	949702464.8	0	0	441189308.96	3572703769.6	170121424	808806632.4
Sconica_v3_55253-RA	7	22	6443151164.2	4619258118	1937894467.63	3540317334.8	1762411216	833073907	4590803822.2	4619258118	1114589733.6	2455880925.8	0	0
Sconica_v3_55357-RA	12	28	11262112714.72	8527300048.62	3482348380.44	3807224392.06	3977627496	1627958949.292	9071906869.32	7867764540.3	460347556	324858454.78	0	0
Sconica_v3_55394-RA	7	19	399107828.74	1274349877.6	549047489.46	218671657.86	81339502	122472704.19	399107828.74	1133859362.1	390554230.86	121106045.36	0	0
Sconica_v3_55395-RA	3	3	102349495.5	265715029.6	72059739	417599116.51	29323944	37852837.85	0	0	0	417599116.51	0	0
Sconica_v3_55511-RA	1	1	0	0	99408215.34	201998944.8	27796026	0	0	0	0	201998944.8	0	0
Sconica_v3_55523-RA	15	28	42542663.08	83565405.43	1886042282.06	2316996656.67	1706303236	1788239813.54	0	0	1087787366.89	1356642421.38	972040420	746304836.44
Sconica_v3_55532-RA	1	1	0	0	0	68225631.77	8878848	0	0	0	0	68225631.77	0	0
Sconica_v3_55533-RA	1	1	0	3401915.784	56282771.58	98368913.79	50397712	0	0	0	0	98368913.79	0	0
Sconica_v3_55612-RA	1	1	0	0	77103090.74	571443800.3	0	28569438.24	0	0	0	571443800.3	0	0
Sconica_v3_55621-RA	4	15	108066310.48	191150945.72	4937271082.5	5434778287.7	915479932	732633199.47	25058176.18	39681403.13	1549494814.5	5265963400	829005876	682742553.54
Sconica_v3_55687-RA	2	2	0	0	0	145275781.53	0	0	0	0	0	145275781.53	0	0
Sconica_v3_55710-RA	1	1	0	0	24187413.41	54912578.12	0	0	0	0	24187413.41	0	0	0
Sconica_v3_55731-RA	12	24	11519199.7	109314871.858	315517475.526	1046248317.58	7700699088	6624648659.94	0	0	0	64751398.03	4557853040	4001209106.3
Sconica_v3_55751-RA	2	2	0	0	0	159990949.79	0	13585089.22	0	0	0	159990949.79	0	0
Sconica_v3_55850-RA	6	7	5870872.004	727896.3507	82578101.65	93266598.35	1026574762	482583483.79	0	0	0	0	739820210	176081844.83
Sconica_v3_55865-RA	7	8	0	28723498.96	597625675.8	204128909.64	120765135	103007126.59	0	0	463918039.8	87194639.15	0	0
Sconica_v3_55908-RA	1	2	9428794.463	49520425.86	0	0	0	0	9428794.463	49520425.86	0	0	0	0
Sconica_v3_55933-RA	1	2	168099909.3	110785278.4	38257046.14	0	0	935833942.8	0	110785278.4	0	0	0	935833942.8
Sconica_v3_55947-RA	1	1	77531060.18	191535076.3	25235558.16	37985601.89	0	0	0	0	0	37985601.89	0	0
Sconica_v3_55991-RA	18	87	50097705647.67	51013235692.4	31220007473.65	31044390091.02	2822065960	6045217397.95	44087130502.45	39611507908.8	26128540300.91	30579490019.77	2358350620	6004051572.25
Sconica_v3_56023-RA	1	1	0	0	76013013.53	81285783.31	15987975	0	0	0	0	81285783.31	0	0
Sconica_v3_56131-RA	3	6	187154383.199	252125320.88	77029673.08	20494123.616	44101676	148436764.9	180332005.3	252125320.88	77029673.08	0	0	0
Sconica_v3_56141-RA	1	2	0	14404480.28	34139047.37	0	85968064	0	0	0	34139047.37	0	0	0
Sconica_v3_56211-RA	1	4	0	0	0	127670283.8	0	0	0	0	0	127670283.8	0	0
Sconica_v3_56271-RA	7	25	77379854.56	55401417	3568768171.24	6010056245.5	1088627093	537974690.08	0	55401417	3491019208	3225268714.6	1076707512	361731065.86
Sconica_v3_56276-RA	3	4	0	0	244654499.86	418866162.53	0	0	0	0	244654499.86	150057782.6	0	0
Sconica_v3_56384-RA	17	59	3977104539.9	4898148850.25	3687951861.21	2178512647.08	5219176398	5079563623.97	2613603932.8	4612843097.97	2483337799.91	1418023058.6	3738603020	3171031323.2
Sconica_v3_56642-RA	4	7	17419154.95	23416584.27	523507217.87	291151234.95	197644340	114470994.59	0	0	523507217.87	117312795.2	0	0
Sconica_v3_56751-RA	6	7	0	0	0	0	555332272	332093917.41	0	0	0	0	525409356	113747159.58
Sconica_v3_56765-RA	4	16	1833177231.7	1696797265.1	2917862988.7	1846480003.41	31182610	137921650.17	1833177231.7	1696797265.1	1524959189.7	1569640505.71	0	126070819.8
Sconica_v3_56779-RA	37	78	5343533006.474	9953435215.86	4502441876.19	1978476214.87	2493869087	2572647709.44	3336438730.01	7129246883.17	3194702690.13	897991690	0	0
Sconica_v3_56790-RA	3	12	29250249.65	22634430.58	386738785.7797	1165889080.18	11329698048	10402749757.4	0	0	346527340.6	1113861817.8	11329698048	10402749757.4
Sconica_v3_56873-RA	2	3	14989304.96	0	54671685.13	149210219.45	0	7713131.782	0	0	54671685.13	149210219.45	0	0
Sconica_v3_56876-RA	2	3	0	0	302770296.39	394995273.2	0	0	0	0	302770296.39	233971431.1	0	0
Sconica_v3_56881-RA	1	2	10786508.49	56497725.59	19494574.83	0	28853936	52485929.32	10786508.49	56497725.59	0	0	0	0
Sconica_v3_56894-RA	2	4	12605051.51	0	289164649.24	339307724.27	0	40484237.53	0	0	289164649.24	339307724.27	0	0
Sconica_v3_56896-RA	4	8	0	0	306261836.51	488299962.4	25325344	133866208	0	0	306261836.51	334503356.8	11101797	0
Sconica_v3_56898-RA	2	2	117111691.86	136155227.93	180339909.55	254722015.32	0	5027948.083	0	136155227.93	0	0	0	0
Sconica_v3_56916-RA	5	8	19107260.15	15034279.2	29816138.89	80524736.7	328934090	408226060.78	0	0	0	0	328934090	325970073
Sconica_v3_56959-RA	1	1	16409463.34	0	41537725.06	116121325.1	0	0	0	0	41537725.06	0	0	0
Sconica_v3_56976-RA	2	2	0	0	35904387.15	101106942.6	0	0	0	0	0	101106942.6	0	0
Sconica_v3_57040-RA	1	1	87786207.34	107780050.2	168984142	123540208	0	0	0	0	168984142	0	0	0
Sconica_v3_57049-RA	6	7	0	0	355592378.34	780516951.57	0	16813706.56	0	0	240619997.46	519207398.1	0	0
Sconica_v3_57054-RA	6	7	110913301.2	213758419.4	21562290.25	24389494.99	784714496	613020712.16	0	0	0	0	784714496	0
Sconica_v3_57058-RA	8	14	0	0	776816939.03	710751952.68	548657319	319819937.583	0	0	755793876.17	477452187.3	0	0
Sconica_v3_57073-RA	6	12	0	18953501.22	118669309.53	90796788.43	1387573189	1337705772.11	0	0	0	0	1376786368	1030607761.01
Sconica_v3_57144-RA	9	12	0	68351051.29	69095956.69	92681763.67	869141866	780197417.04	0	0	0	0	521605418	531497109.29
Sconica_v3_57154-RA	4	6	4243816.327	0	19063010.18	0	392670912	364677816.14	0	0	0	0	392670912	249156464.54
Sconica_v3_57167-RA	5	9	511583203.27	622945217.82	540749835.23	136053498.08	0	29730402.37	511583203.27	422650828.22	258662638.2	0	0	0
Sconica_v3_57182-RA	1	1	0	28056604.33	34196753.16	27739287.75	0	0	0	0	34196753.16	0	0	0
Sconica_v3_57183-RA	4	8	0	0	423291288.52	200393823.94	24072728	165606102	0	0	423291288.52	173264781.1	0	0
Sconica_v3_57229-RA	10	20	326847303.22	388692542.02	788144953.38	1721547141.84	82420771	57473757.543	127245171.98	201791005.25	788144953.38	604872618.04	0	0
Sconica_v3_57238-RA	4	5	372748239.76	380464116.25	343093323.58	386989941.77	12235159	137938127.22	260930025.86	100332150.25	0	78878636.1	0	0
Sconica_v3_57246-RA	3	6	0	0	690865536.67	895910152.26	0	0	0	0	593411939.29	895910152.26	0	0
Sconica_v3_57259-RA	1	2	0	0	645310739.6	788245202.4	8579607	0	0	0	645310739.6	788245202.4	0	0
Sconica_v3_57261-RA	6	15	18403413710.02	11098460565.85	12325744979.353	17265474947.7	665983149	1034500798.41	0	45428104.85	3252108928.4	1919886676.7	199127293	517761759.81
Sconica_v3_57263-RA	1	10	2536067441	4547240326	2850663245	1694738483	584234340	598411986.9	2536067441	4547240326	2850663245	1694738483	584234340	598411986.9
Sconica_v3_57274-RA	1	1	0	0	0	0	23407256	12239974.11	0	0	0	0	23407256	0
Sconica_v3_57324-RA	4	5	0	26345056.03	201013541.44	595526436.94	171518116.5	342162719	0	0	39715484.47	595526436.94	0	0
Sconica_v3_57362-RA	11	19	0	20863907.11	2690338719.42	1481812719.56	406662416	431650865.59	0	0	2296010953.92	1060219165.9	37580216	313166382.17
Sconica_v3_57366-RA	2	3	0	0	135982603.59	91138742.67	50427224	17956001.03	0	0	135982603.59	91138742.67	0	0
Sconica_v3_57367-RA	13	27	670744919.94	1506474575.648	1772771042.64	1311032274.27	116130032	95840083.803	226084979.79	1448308692.94	1292353014.98	634141330.7	0	0
Sconica_v3_57381-RA	11	22	121016264.341	43513688.8	2651181048.89	4030927095.08	732894344	474741541.51	0	0	1498852274.55	2523796012.16	669673472	383508153.44
Sconica_v3_57394-RA	8	18	1623859855.69	1739224994.4	1373840765.3	339978723.77	246757385	171626571.8	1334336564.19	1243397793.3	1176223566.4	169190779.23	0	0
Sconica_v3_57423-RA	15	28	2295817962.74	3709632137.74	2433547914.79	1345554097.68	205461178	174231152.01	1240513488.55	3120542764.64	919063754.86	456645048.2	43267676	0
Sconica_v3_57471-RA	14	53	9894871876.11	22833704307.2	12621797758.42	7009675503.2	1064617762	1700754920.3	6826277087.3	19913549391	9725757416.3	5702108180.5	926787340	1208354048.4
Sconica_v3_57472-RA	6	14	376770165.682	850867518.8	924231302	539654736.5	140719956	294024878.49	127988853.4	850867518.8	531313780.6	162312829.6	127569660	202949080.55
Sconica_v3_57475-RA	2	2	0	0	0	404071894.9	0	0	0	0	0	404071894.9	0	0
Sconica_v3_57498-RA	4	5	0	0	360064393.71	426324931.16	85954363	16101622.7	0	0	320444475.38	274475458.06	0	0
Sconica_v3_57524-RA	1	1	0	0	0	0	117320584	118602185.6	0	0	0	0	117320584	0
Sconica_v3_57529-RA	7	13	1209953171.57	1299856777.24	280923510.74	213454857.05	0	543451353.35	931072774	1071973971.44	168520302.92	0	0	0
Sconica_v3_57551-RA	1	1	0	0	11178080.31	64410500.51	26336554	0	0	0	0	64410500.51	0	0
Sconica_v3_57552-RA	11	134	341603678.37	268315164.612	1957883742.3573	4932986200.293	57966263887.9	46877277365.71	208851786.6	177995654.21	1861277531	3721216651	57966263887.9	46877277365.71
Sconica_v3_57553-RA	11	37	1873864937.913	5951625159.53	948822413.22	503112062.33	349854840	616639740.36	1485953188.48	5698400527.9	252316596.4	270841980.2	297086544	616639740.36
Sconica_v3_57570-RA	5	6	57020846.41	46208619.28	0	0	238194536	315395466.94	0	0	0	0	238194536	132389503.4
Sconica_v3_57571-RA	14	43	3674200122.65	5990144187.45	2457491690.28	2091202714.27	4290081969	4286590478.16	2510841972.04	5024107640.1	2040968329.58	1062241940.57	0	0
Sconica_v3_57574-RA	27	154	46445052580.02	72702260363.5	68230502358.63	28232927671.7	7471144775	6246307485.97	46329208927.5	71768945785	57905401086.7	24262996906.6	5991469108	4458974095.79
Sconica_v3_57602-RA	1	1	0	0	18503575.06	24296000.58	0	0	0	0	18503575.06	0	0	0
Sconica_v3_57629-RA	1	1	0	22016847.71	0	0	33226324	43066986.93	0	0	0	0	33226324	0
Sconica_v3_57646-RA	6	11	57013644.4105	57474873.04	4108373198.7	6399247662.991	452206862	214241468.94	46217500.17	0	4084842250	3619746846.73	413167124	187172042.61
Sconica_v3_57663-RA	10	22	250558275.75	429340529.5	353421160.032	747508569.32	1459286708	1015492826.453	160716088.24	253479084.39	133018178.6	471332483.1	1128341928	312083952.5
Sconica_v3_57673-RA	1	1	0	0	0	0	49631608	23753181.86	0	0	0	0	49631608	0
Sconica_v3_57678-RA	2	2	0	0	177521989.01	72587090.38	0	0	0	0	177521989.01	0	0	0
Sconica_v3_57684-RA	13	19	374270885.3	431472402.85	1609433519.94	3160670503.7	194839127.5	147609539.91	0	0	957730210.9	1886976458.9	72241628	88830341.81
Sconica_v3_57686-RA	1	1	0	0	26531528.06	200967626.2	0	0	0	0	0	200967626.2	0	0
Sconica_v3_57690-RA	2	4	88363521.24	78729067.96	214378989.41	234911182.1	34445000	9146625.602	0	0	214378989.41	234911182.1	0	0
Sconica_v3_57691-RA	1	1	0	0	24086834.71	123593423.3	0	0	0	0	0	123593423.3	0	0
Sconica_v3_57716-RA	4	5	0	0	446819324.59	697963125.7	0	0	0	0	191577603.29	697963125.7	0	0
Sconica_v3_57732-RA	2	7	0	50438320.77	358035712.19	744953977.4	50606894	91218307.47	0	0	289114832.5	570119656.6	50606894	91218307.47
Sconica_v3_57739-RA	2	3	0	0	58591355.71	236648881.92	0	0	0	0	58591355.71	236648881.92	0	0
Sconica_v3_57740-RA	2	6	103052659.1	82488980.3	225590546.1	201548572.8	0	0	0	82488980.3	225590546.1	201548572.8	0	0
Sconica_v3_57776-RA	6	10	29132679.25	10955371.63	589424063.58	1805495670.3	56337324	327634175.91	0	0	589424063.58	432032945.8	56337324	0
Sconica_v3_57803-RA	9	11	14918221.63	932837084.58	453040101.43	1025281041.28	648685269	68930026.74	0	0	288291808.32	696601393.52	0	0
Sconica_v3_57819-RA	17	50	74052446.81	35051164.255	201359336.64	317025759.2912	7992834722	6494663489.99	11989427.78	4973579.395	0	117880739.5	7231685912	6362391446.64
Sconica_v3_57820-RA	7	30	5613013195.07	5597354055.83	3062927016.62	4336372609.08	158101728	73671202.29	5590077890.57	5473582849.83	2738280083.7	4303913440.2	0	0
Sconica_v3_57824-RA	18	30	59135994.349	80575081.646	212024655.12	180870042.58	4644221028	4064811286.22	0	0	0	31623373.26	4010224740	2514079496.65
Sconica_v3_57841-RA	1	1	52708865	111652977.8	22261810.6	0	0	0	52708865	0	0	0	0	0
Sconica_v3_57842-RA	16	43	14465069024.1	12751289693.56	7292218946.7	6471870516.2	868157762	107249995.91	13076722883.1	7268080217.46	2912561851.6	3107774007.3	0	0
Sconica_v3_57893-RA	4	12	1960652139.14	4805566824.4	1640119117.53	1242197554.83	106057389	131563068.42	1737776608.6	4805566824.4	1557965775.3	611928122.8	53727004	0
Sconica_v3_57894-RA	6	12	329940012.21	778086104.75	532069513.22	584495561.17	0	35501019.26	292831599.9	749990137.09	207742698.44	374986096.97	0	0
Sconica_v3_57897-RA	8	19	1364433496.94	1758071320	1233824516.25	1107315555.15	87808846	0	1059329127.6	1758071320	457498016.4	662958903.95	0	0
Sconica_v3_57901-RA	1	1	21853339.73	8419146.388	60313165.68	558468169.6	79110792	0	0	0	0	558468169.6	0	0
Sconica_v3_57906-RA	1	2	0	0	77066399.24	90362008.84	36454232	7754186.354	0	0	77066399.24	90362008.84	0	0
Sconica_v3_57910-RA	6	12	515238301.398	356089789.85	1902693486.98	1566519999.5	139130472	168379672.58	187250665.5	170880474.5	1902693486.98	531542124.4	0	0
Sconica_v3_57913-RA	13	34	5512211722.39	1113579967.63	2113852653.77	3088507149.62	189907699	200248008.197	5419563731.97	984852706.41	1747747001.05	2139440700.84	73649152	76554851.64
Sconica_v3_57963-RA	2	2	0	0	122954849.13	143039749.26	0	0	0	0	122954849.13	0	0	0
Sconica_v3_57964-RA	13	52	3657547578.61	4119776060.25	6556736300.213	8040203426.6	7546615608	6689534857.2	1972039796.3	3818592965.1	6115022590.4	2791415132.9	5322900560	5228901910.6
Sconica_v3_57968-RA	65	404	5758916485.18	8368941536.6	14732511677.93	30168921014.833	242451894111.6	219956844263.2	4271182403.26	5861872018.48	11791999661.17	28849835341.9	241817507937.6	208315646464.8
Sconica_v3_57988-RA	3	7	59597221.46	16618668.01	936844199.2	880264835.3	8864942	93439823.23	0	0	769739609.8	712238759.1	0	81497184.64
Sconica_v3_58000-RA	1	1	0	0	101681223.3	0	0	23801651.56	0	0	101681223.3	0	0	0
Sconica_v3_58013-RA	2	3	0	0	606622585.7	235667958.8	0	5840897.951	0	0	606622585.7	0	0	0
Sconica_v3_58027-RA	2	7	0	0	1537324176.543	3214378900	533980468	96495760.59	0	0	1537324176.543	3214378900	0	0
Sconica_v3_58042-RA	3	11	764695551.5	762221064.9	2410888635.4	924362632.4	166322308	180992673.07	626712571.1	762221064.9	2410888635.4	0	0	165581493.7
Sconica_v3_58043-RA	9	20	89740667.73	0	425403946.87	1417196276.88	9162220960	9449959925.1	0	0	119956470.5	131534294.4	9162220960	7892779252.1
Sconica_v3_58044-RA	1	1	0	0	95989195.02	271340869.8	0	0	0	0	0	271340869.8	0	0
Sconica_v3_58047-RA	7	11	10580044.11	0	235309077.47	1247078612.5	0	0	0	0	215428006.86	1081077510.5	0	0
Sconica_v3_58077-RA	3	3	0	0	130186515.28	241132719.74	0	20938254	0	0	0	241132719.74	0	0
Sconica_v3_58078-RA	1	1	18231858.62	8876008.901	99719251.89	181658496.6	8586953	0	0	0	0	181658496.6	0	0
Sconica_v3_58079-RA	1	2	0	0	97365041.25	252536522.2	0	0	0	0	97365041.25	252536522.2	0	0
Sconica_v3_58085-RA	1	1	25125043.9	0	66991264.63	55840268.71	0	0	0	0	66991264.63	0	0	0
Sconica_v3_58086-RA	6	11	20752180.47	25857406.19	1447578597.1	946514139.65	660899256	293922915.64	0	0	1321974055.1	923316703.4	529637592	0
Sconica_v3_58098-RA	8	12	3731530.961	23045029.38	1365365715.49	1912699504.1	42306450	61047955.391	0	0	952618778.59	1356991525.8	0	0
Sconica_v3_58117-RA	10	16	1082164917.62	203113715.66	570218395.73	780745688.21	931212712	1345413810.2	0	0	308592610.02	345672166.84	494407752	380645827.08
Sconica_v3_58154-RA	1	1	0	0	0	0	69306144	55250618.61	0	0	0	0	69306144	0
Sconica_v3_58165-RA	1	1	0	0	30063896.32	103380666.7	0	0	0	0	30063896.32	0	0	0
Sconica_v3_58170-RA	5	7	0	71931627.98	269149088.8	754593371.7	21126876	227180803.11	0	0	96492123.16	487026311.8	0	179013915.64
Sconica_v3_58176-RA	1	2	320079253.8	429771943	162861620.3	119771176.4	15735650	17138864.96	320079253.8	429771943	0	0	0	0
Sconica_v3_58180-RA	8	22	1212128044.57	2046928205.42	1547610314.3	1632561326.77	129740064	72822221.292	1212128044.57	1367811880.7	738109202.8	1248269849.8	0	0
Sconica_v3_58184-RA	26	44	558751557.7	377065615.1762	227272748.989	340730153.62	5164811264	4873596734.26	0	0	0	0	4937168608	4003287528.6
Sconica_v3_58193-RA	27	58	624697331.614	715135239	262239216.83	692122757.138	7494664886.3	5877463303.289	0	0	0	0	6626064410.3	4925664819.619
Sconica_v3_58194-RA	40	92	1124547836.24	967724715.58	1819549979.85	2055003520.88	25487499471	17998075397.09	118003344.5	336717048.73	905477745.17	1231741719	24711383403	17411623999.23
Sconica_v3_58228-RA	24	200	247291325815.77	271035722593.346	166400422461.4	134979307676.363	20747778822.5	27096042939.91	247229064143.5	262871497597.83	162862135759.68	132597999242.233	18444336522.5	21847089949.3
Sconica_v3_58257-RA	1	1	0	0	14852767.55	30503191.99	0	0	0	0	0	30503191.99	0	0
Sconica_v3_58258-RA	6	14	59930517.6	79817398.29	544887276.27	1141079728.94	373482192	293391673.8	23285544.55	0	231788026.06	775619856.24	373482192	141049884.8
Sconica_v3_58264-RA	1	1	58983147.7	22623782.07	19814645.63	77919611.29	0	4941204.359	0	0	0	77919611.29	0	0
Sconica_v3_58272-RA	2	2	0	36596132.23	31852550.28	0	253598016	197185290.81	0	0	0	0	86452288	151820647.4
Sconica_v3_58277-RA	1	1	32500754.94	54318406.13	65177678.65	34592641.29	5449022.5	52000140.66	32500754.94	0	0	0	0	0
Sconica_v3_58284-RA	7	20	157271288.56	217011432.5	1131930464.31	1199168014.46	2686333778	1828099551.21	62770276.98	21770711.65	1109404177.8	575458080	2611628506	1622642551.79
Sconica_v3_58285-RA	3	7	0	0	370134323.5	484543074.5	62106776	51640580.47	0	0	370134323.5	484543074.5	62106776	16915248.72
Sconica_v3_58289-RA	5	16	5125585785.9	5839816485.43	2672874504.21	11282520517.58	186157388	559418826.6	4983407093.1	5839816485.43	1381182134.21	1449327886.48	0	0
Sconica_v3_58307-RA	2	2	65466852.86	63011914.68	105773261.4	135511179.4	0	0	20819097.62	51432922.44	0	0	0	0
Sconica_v3_58308-RA	12	16	35392539.647	79690243.595	55136997.071	85370665.42	1632934686	1389361495.45	0	0	0	0	1632934686	358601706.5
Sconica_v3_58312-RA	3	11	0	0	126602180	548187626.78	10096131	4970540.632	0	0	126602180	448787842.3	0	0
Sconica_v3_58314-RA	9	11	174650121.53	140996655.32	1387995751.6	1717098966.45	121347120	164609477.22	39422074.83	0	552528557	1536306617.65	0	0
Sconica_v3_58328-RA	1	1	0	0	0	0	98805800	70731970.79	0	0	0	0	98805800	0
Sconica_v3_58331-RA	25	37	1608555495.901	519964427.565	3696083467.82	4184715495.41	547524107.5	416535449.33	0	0	3125932111.35	3373837214.51	49812222	0
Sconica_v3_58345-RA	2	3	45109444.55	36533855.58	343185610	531791213.1	0	0	0	0	343185610	303153537.7	0	0
Sconica_v3_58350-RA	3	5	0	0	790954083.8	0	373164121	872878961.42	0	0	435153642.1	0	357229088	309485369.4
Sconica_v3_58362-RA	1	1	0	0	0	175955024.6	0	0	0	0	0	175955024.6	0	0
Sconica_v3_58363-RA	4	11	17792202.89	0	3124991660.7	8629678442.4	7300433.5	16661090.63	0	0	2330177956.1	8629678442.4	0	0
Sconica_v3_58364-RA	5	15	335157275.14	172234631.08	1192094924.91	29457368523	33266190	0	98985388.34	70267094.18	1192094924.91	29457368523	0	0
Sconica_v3_58378-RA	1	1	9591537.647	0	373807115.7	164762699.5	110378488	127384065.4	0	0	0	164762699.5	0	0
Sconica_v3_58389-RA	3	12	1249956279.8	1191487916.4	1046734640.2	782322011.9	280189248	457504383.8	1249956279.8	1191487916.4	1046734640.2	782322011.9	280189248	457504383.8
Sconica_v3_58395-RA	14	164	950483506.04	735847774.31	13319899386.5	28101932121.42	235174764089	215166526322.42	306344649.33	450208314.5	11430141357	27480908243.82	234828695641	215166526322.42
Sconica_v3_58398-RA	6	10	428788695.15	449494327.01	120174149.41	155458486.78	41470658	83192279.89	371684799.51	291037186.17	50359696.51	0	0	0
Sconica_v3_58405-RA	2	4	242926577.4	531476272.2	225652637.46	10356072.93	75926448	41840823.67	85655863.6	531476272.2	66319979.66	0	0	0
mito_atp1	61	794	9144444160.6727	7239360132.959	61104004150.562	117713819310.88	1241397568856.05	1204462865324.42	7309244104.68	5322312127.03	48719915452.75	117036607587.81	1240415078960.05	1187856632145.42
mito_atp4	14	94	662469533.314	519003161.877	3870398442.08	8547058090.2566	59114116832.4	83860108877.9	480968817.8	213846744.43	3196022118.4	8480319869.27	36911011638.4	83860108877.9
mito_atp6	3	13	685639050.503	20823319.116	155983706.09	373640299	114912356	258195500.5	679784908.7	0	112093260.6	161648194.8	114912356	127131276
mito_atp8	17	61	226375410.991	693605199.727	2792189948.891	5559967838.47	52792825323	50697713584.4	83699130.65	0	2647280222.1	4577139024.9	51965364731	40261509410.7
mito_atp9	2	116	4996986097.3	500731356.1	1278257780	43863078.74	19190052066	18445279711.16	4996986097.3	500731356.1	1278257780	43863078.74	19190052066	18445279711.16
mito_ccmFn	5	6	0	0	80245888.26	11825958.73	486405020	454121527.36	0	0	0	0	376969444	196174006.13
mito_cob	2	10	0	0	600942189.3	1016775528	8996231240	8969344058	0	0	600942189.3	1016775528	8996231240	8969344058
mito_cox1	2	4	15333074.24	30844627.49	139068249.8	203892506	552556256	804540055.62	0	0	139068249.8	0	0	804540055.62
mito_cox2	10	32	360543859.2	232770572.49	3805149623	6694572855.841	42995731626	55995751212.8	99725461.9	115449531.6	3805149623	3711033226.5	42955243570	50361380559.8
mito_cox3	2	9	0	0	177235225.95	547756126.4	807461496	1936714306	0	0	0	547756126.4	807461496	1936714306
mito_nad1	4	6	0	0	311627755.8	560165823	2832828032	1684830362.28	0	0	110477750.7	0	2832828032	1545411493
mito_nad2	7	15	0	0	566544118.08	1131644486.44	5215610512	5020015340.85	0	0	500429731.8	561997611.5	2512188240	5008313579.42
mito_nad3	1	2	0	0	0	0	1956679424	1816441883	0	0	0	0	1956679424	1816441883
mito_nad4	2	7	20754406.34	0	235225748.19	494988153.73	560328208	368427273.87	0	0	215773776.9	448546966.2	560328208	335387279.3
mito_nad5	11	29	165302208.13	8894174.678	724081345.05	1126041367.74	11919638816	14759251437.08	0	0	526456217.7	496251954.9	9938762272	9658956797.2
mito_nad6	1	1	0	53433640.76	0	0	945037440	1011805402	0	0	0	0	0	1011805402
mito_nad7	26	77	259403279.15	209435344.048	2866605068.97	6123478503.28	66587367634	66623454521.14	0	0	2076199618.57	2226463317.7	65100824424	59199666905.49
mito_nad9	24	79	240875783.022	1467749387.68	3031756294.41	3644307921.71	81248346920	64446102923.8	0	0	1426540414.7	2249215048.1	81248346920	63875959908.3
mito_rpl5	4	7	11650784.778	589615.5384	17196710.49	58936946.88	1211665224	1091872471.51	0	0	0	0	1211665224	997232620.09
mito_rps13-1	2	4	0	0	0	12637301.77	620382000	655932259.5	0	0	0	0	620382000	655932259.5
mito_rps3	24	37	214800769.93	313315259.94	265502061.97	334955753.932	6178783205	4664027117.212	0	0	0	0	5489370660	3483089205.282
plastid_accD	7	14	582217241.48	589448251.03	376108385.77	428909586.7	148028184	164215271.076	237433902.01	563538833.18	322156805.22	81570186.19	38674004	108127954.1
plastid_atpA	32	497	856417200172.1	935646460949.202	437836156959.1	399097612629.57	13413462735.81	24972132850.51	805804628998.55	811275881295.102	418101679495.22	398197393343.03	10830372988.31	21769026453.21
plastid_atpB	44	706	1357780325238.4	1220986799392.15	635035035694.01	578655643207.59	16548931749.5	28302393094.32	1351861074593.4	1202668819053.17	621050221447.11	564966079049.5	12516820086	22758453277.72
plastid_atpE	10	48	79673475227.376	59516933969.723	35450213059.32	32307322817.3	437520358	818730595.912	79120994938.9	59516933969.723	35368224309	31898196866	0	702226285.8
plastid_atpF	19	131	178717181063	187304520054.8	80279880350.9	89310020091.66	2588751098	6699034401.52	174105506297	187304520054.8	61599752717.9	63166168328.9	1804591100	4298060271.2
plastid_atpH	4	32	187749421	113422863.76	93274859.43	5008910.433	0	0	187749421	113422863.76	64383616.68	3609455.662	0	0
plastid_atpI	4	13	7836726708.15	2246660222.61	8212258573.25	11019383096	96197536	110697718.01	7647381819.95	1959961583.4	7668659422.05	11019383096	96197536	19903579.9
plastid_clpP	12	78	10637440795	13505380126.9	8256617089.2	6502332833.63	1368619797	1568094579.14	10637440795	13035968081.8	7007236378.4	6205431047.83	1285934520	1071225219.9
plastid_ndhA	7	16	4421727193.3	1656317552.75	2814540767.6	3467710407.96	47935029	52226294.273	3667065314.6	1177975806.7	2652306362.2	3248274478.8	0	0
plastid_ndhB	1	4	902307050.7	747188584.8	233932227.4	97400501.92	61307748	11151050.68	902307050.7	747188584.8	233932227.4	0	0	0
plastid_ndhD	1	3	0	0	473014910.9	323439070.7	0	0	0	0	473014910.9	323439070.7	0	0
plastid_ndhE	1	3	1762641136	4943784929	619386111.6	1756446068	0	0	0	4943784929	619386111.6	1756446068	0	0
plastid_ndhF	11	31	4671060885.54	3898292729.24	2963742762.26	3129353547.25	309795433	244659719.079	4642934703.7	2415499215.92	1894259460.57	1912312794.01	0	0
plastid_ndhH	18	64	11102776502.289	8716161420.89	6679061966.1	5044590131.23	121209950	501332868.23	9760322271.29	8580044613.33	6658837745.2	4538429530.6	0	270021899.1
plastid_ndhI	8	26	6274005705.59	3662890664.47	3103712790.8	2681287549.21	116389100	217131616.218	5899710637.69	3603163187.21	2482584138.5	1913983414.6	81192496	138065481.3
plastid_ndhJ	9	21	2209316992.08	1176221459.81	2203307869.81	1329183471.545	80266113	75668270.73	1972572415.2	999068308.11	1896169104.6	934875172.6	0	50180278.01
plastid_ndhK	11	37	7910646696.12	5541917111.2	3434072318.75	3484036991.74	207564509	927415187.526	7198152331.21	4778066534.7	2917217056.45	3130894524.2	0	0
plastid_petA	23	163	306275344583.5	260174787704.5	145338535566.99	119109077957.7	4429868539.5	8089652035.59	304781974384.5	242581038434.9	144461758992.4	107485351413.7	2243193400	6082316072.8
plastid_petB	6	41	45719970146.3	28451588022.3	39305357442.64	28403428743.3	1666641226	2372312994.4	45616092025	28401432029.5	39283060122	20659787514.3	1666641226	2372312994.4
plastid_petD	3	40	58828877520.54	41691157742.72	37608592232	30606857754.9201	160870884	325364358.77	58797034383	41661439688	37608592232	30606221428	0	243409657.76
plastid_psaA	25	167	752729824834.5	548766887781.12	197022676912.007	298947194195.119	5765193754.875	9083519774.208	678685737187.07	540150171250.15	177904502702.937	226003491242.583	4921200094	6496585933.59
plastid_psaB	19	479	518546151720.24	331941172451.187	166550701817.88	247290266226.727	4450401821.375	6970835329.39	518411699474.54	331940780706.48	166366915033.88	247078093327.627	3075752465	6540047864.7
plastid_psaC	9	63	161501279684	107074429934	27936950539.962	42408603100.98	1602404818	2857767444.48	161501279684	35733825648	27903400842.74	42261362425	1080014473	719395163.1
plastid_psbA	12	220	411498511715.5	336078774412.2	202407565599	175650597802.66	4381045321	7891134339	411498511715.5	336078774412.2	178507825065	170529219413	3581798115	7746270283.13
plastid_psbB	32	494	839005134520.262	637799390187.34	310129341701.91	279986549652.65	8251844439.25	18573391460.45	824106812844.642	636947050900.06	268509291733.4	259760683535.6	6960900874.75	17032727343.7
plastid_psbC	26	308	748742894887.69	631487391788.81	394707599422.68	355709626382.82	8796309474	13146739208.281	748712757852.7	631367340219.41	394554621130.5	355675566325.7	5824233946	9998161839.9
plastid_psbD	14	144	389753990825.74	339925508996.99	233073455429.6	222013460311.27	5348922378	9686791126.9	389753990825.74	339866674345.6	214504870980.9	221917921704.6	4072349640	4613936287.6
plastid_psbE	4	62	212008180717	217010144799	79994014962	63526201738.07	1925609112	5539607488.85	212008180717	217010144799	79994014962	63477910766	1745026688	4436580634
plastid_psbF	2	10	10208315897	7699577222	12853275037	6033380704	1131262608	2648444922.1	10048961268	0	12853275037	6033380704	1131262608	2648444922.1
plastid_psbH	3	29	42547071318.3	54727698047.7	21809598939.72	6463005576.96	1080200868	2389397848.4	42547071318.3	54727698047.7	21809598939.72	0	940214580	2224149117
plastid_psbJ	1	2	1002910182	319819444.1	11542711.16	0	0	0	1002910182	319819444.1	0	0	0	0
plastid_psbL	2	8	390820595.1	502830220.2	93993162.86	76860866.58	0	7761472.198	390820595.1	502830220.2	93993162.86	76860866.58	0	0
plastid_rbcL	67	1782	2297345452102.97	3509708324295.65	3422111032351.7	2003107315180.58	541465518483.1	510415939410.77	2295992218790.52	3450809144458.95	3389141306452.25	1925460637039.74	479619163978.1	505494968603.33
plastid_rpl14	11	44	5581731382.15	7796260312.6	8269944906.25	3618413769.44	2566354422	3820653123.28	5581731382.15	7712110065.55	6270227477.45	2724132583.3	190312432	2510737316.3
plastid_rpl16	6	29	4040563037.32	8029647964.5	4905425058.6	1174408078.02	611873418	774224179.52	3942096028.5	8029647964.5	4905425058.6	557543741.1	518321550	149984916.14
plastid_rpl2	14	56	9598802677.27	16706210780.93	11327768332.1	4063022014.69	630445636	1959010844.83	6992367988.17	13103309458.93	7344342475.1	2578819283.69	28305060	499025602
plastid_rpl20	5	21	5822629178.9	6973171275.7	8089967996	2706086735.6	365477582	299282901.669	5822629178.9	6973171275.7	8089967996	1630689744.6	0	38174416.43
plastid_rpl22	13	43	4997101549.06	6950620867.57	5498094299.96	2477233869.64	475342699.5	527336202.45	4013396226.83	6771714904.9	5428864494.59	1608323116	152919053	126568847
plastid_rpl32	3	10	1353440853.5	2453765190.19	2645167310.3	464810519.5	101012536	64254268.87	105277573.2	2392191629.9	2645167310.3	257696699.1	101012536	55399483.37
plastid_rpl33	3	7	176309632.7	347159595.3	69194383.54	218306524.5	213772916	302864523.87	176309632.7	347159595.3	47134388.8	0	36802196	302864523.87
plastid_rpl36	1	1	0	29360397.2	72335671.94	0	103812552	0	0	29360397.2	0	0	0	0
plastid_rpoA	8	13	1280827955.51	967698066.49	633135649.8	509521033.75	10486005	19798653.885	1158387537.71	536041121.4	131650026	158586802.1	0	0
plastid_rpoB	13	18	867184916.41	1077359689.18	107316814.229	226469295.14	926318596	1001289542.82	734759723.7	792366048.91	33196051.22	0	0	0
plastid_rpoC1	3	4	154467826.85	185075331.95	57313668.55	0	783889248.5	71672894.41	43264290.82	100540912.27	19378994.71	0	0	0
plastid_rpoC2	9	14	496095704.53	592836752.77	194272450.06	116999939.7	11123151	84431957	414847802.14	396754067.22	30489446.53	0	0	0
plastid_rps11	8	20	3026833681.046	6603356901.32	3263895239.7	626748257.2	114407990.5	271521353.93	1789298654.6	6374829071.68	3237155418.21	463088147.9	0	123499668.7
plastid_rps12	3	8	3099542191	3989674149	3674910357.3	1177706217.6	201286232	433474237.3	3099542191	1953550549	2544149747.3	742055754	0	274171165.7
plastid_rps14	4	13	926626725.7	1418139749.53	1816891517.24	540096367.49	142858120	163707105.68	913012565.59	1342884830.57	1776048315.73	517964975.4	52361660	72806826.73
plastid_rps15	4	14	1866295871.7	2446045143.89	3092949615	1063929144.304	167742881.5	76505558.04	585765172.7	2345583291.1	2959624596.4	907326922.5	159356944	65615142.79
plastid_rps16	4	15	3301568494.8	4493117816.3	4050952911.3	1646441198.8	188981528	636857493	3000916018.3	4493117816.3	4050952911.3	1646441198.8	116540720	325839332
plastid_rps18	6	21	3799338447.4	4720778925.7	4108379655.5	1235882478.19	263629489	159424103.16	3512379718.8	4720778925.7	2859884027.5	1176204839.6	61056484	15737994.3
plastid_rps19	8	33	7242243974.3	8563606174.2	5514269921.21	1882305508	693972961	584239405.25	7133847147.3	8563606174.2	5361199679.7	1761941852.9	533086411	35197268.99
plastid_rps2	8	22	2562407751.07	3363033911.59	3443783527.9	1354809182.6	394499488	422918437.36	1577651761.67	3019268682.7	3335808411	1103298554.8	214544844	144186456.94
plastid_rps3	17	60	10809490449.73	15905219634.22	10740288633.26	4912576108.752	1040455677	772422493.05	10540130502.8	12558138090.32	10740288633.26	2749527728.7	662583348	431227627.88
plastid_rps4	14	55	11577201540.13	17113898783.04	14742954973.7	4462534175.37	796034679	1391138724.77	11190201036.77	14569025149.51	12246411898.8	2938747768.3	439042500	231238830.98
plastid_rps7	10	40	7920753831.98	11287250970.46	13486398930.18	4915206025.93	410325374	585723652.201	6890889613.98	11287250970.46	11821912831.1	3379352703.6	95529568	61729966.29
plastid_rps8	9	29	6055628478.2	8347345479.63	6996708863.02	1746073670.2	361437960	410387472.66	6055628478.2	8292880060.2	5027197326.9	1341153718.2	286880400	102009781.5
plastid_ycf1	22	38	1421804036.541	1217419993.18	1208916657.98	1202539864.85	430320047	8776797781.106	830816664.61	906856291	461792144.47	303991739.69	98651115	8150644985.69
plastid_ycf2	12	18	654038999.91	653229069.47	362954069.88	277873818.56	39357950	25148674.06	475724864.04	289340595.89	71695861.13	95995593.3	0	0
plastid_ycf3	6	11	2807469430.8	1482864963.5	530783974.92	389075941.93	125349791	126467518.25	1048896020.4	957706824	358969735.5	119231109	0	38928218.71
plastid_ycf4	3	8	1657586420.9	1043020070.98	619669979.19	268796669.84	38819403	144657911.936	1657586420.9	1026305776.8	599690885	200449623.7	0	0
