Protein	UniquePeptides	TotalPSMs	Cp1	Cp2	Lf1	Lf2	Mt1	Mt2	Cp1_noPF	Cp2_noPF	Lf1_noPF	Lf2_noPF	Mt1_noPF	Mt2_noPF
	1	2	0	0	25610417.01	0	41270188	72708151.6	0	0	0	0	41270188	72708151.6
mito_atp1	66	760	14595451220.541	8032287520.187	69557122632.619	76772261436.7536	1503618404591.5	1677599235949.31	12133099498.8	5309466867.037	66899189470.6	68522896700.13	1503618404591.5	1675527032971.12
mito_atp4	11	92	507122699.28	375680095.13	4281524368.041	5470809966.293	54368252214	47563384491.73	306380360.33	188786313.17	2814412893.51	5178574003	54368252214	32764891303.73
mito_atp8	13	53	234792396.837	239086511.334	3271145724	3544085935.95	46709568180	57555791804.98	43255248.96	45827544.21	2967067627.7	3337343202.6	46709568180	48336548943.98
mito_ccmFn	1	2	0	0	105881281.7	0	128026800	178772048.5	0	0	0	0	128026800	178772048.5
mito_cob	2	5	0	0	417839946.6	679372732	4048855040	5246867072.7	0	0	417839946.6	570982331.6	4048855040	5246867072.7
mito_cox1	1	1	0	0	0	0	103419256	59978994.75	0	0	0	0	103419256	0
mito_cox2	11	41	255836114.36	222699049.15	3007758471.21	3931147593.98	43171068892	40531262437.91	174644176.59	161659291.8	2913416795.2	3474663790.6	42544370652	38636781520.31
mito_cox3	3	5	0	0	38403714.25	97631076.64	574233396	654977253.24	0	0	14947682.76	68247537.95	0	628015748.2
mito_nad1	3	7	0	0	234484368.9	443013427.2	1162846464	1101391391.08	0	0	0	160880847.5	556215680	1101391391.08
mito_nad2	4	8	163663745.2	0	302977400.53	333118499.2	3306586136	4752805524.2	0	0	0	0	3306586136	4752805524.2
mito_nad3	1	4	0	0	84319546.92	36553601.34	1338623360	1722789767	0	0	84319546.92	0	1338623360	1722789767
mito_nad4	2	5	0	0	198472782.7	381495264.15	282338736	376593059.59	0	0	198472782.7	0	282338736	376593059.59
mito_nad5	7	13	9774133.199	0	738489176.97	899162473	4227899488	5506186987.85	0	0	323320034.6	237029948	3143271936	3641947448.85
mito_nad6	1	2	27256624.35	0	204469591.5	250434489.7	3539865344	5161388584	0	0	0	0	3539865344	5161388584
mito_nad7	19	73	290677261.1	101809292.31	2868005623.17	3532759364.92	62214726462	56269412868.317	0	0	1881177578.9	2461785043.2	49911675774	48892718197.51
mito_nad9	19	76	448677287.65	711050191.31	3898044374.47	4072698325.31	68733873411	78513337093.3	0	0	2027041228.4	2256438636.8	68733873411	78513337093.3
mito_rpl5	5	9	0	0	714988379.54	1140663706.66	1733781536	1375732884.3	0	0	0	0	1733781536	1375732884.3
mito_rps3	22	37	46568772.506	248548736.92	1475646142.93	1554686483.87	7159766064	5840264271.53	0	0	0	0	6469666936	4561789666.54
mito_rps7	5	11	73111059.805	73910450.99	68838080.47	66941390.81	2274171328	2775748836.92	0	0	0	0	2140613032	1329416280.8
plastid_accD	13	45	2846571837.12	3313362452.94	1790113194.86	1920223403.123	588774966	727576264.96	2846571837.12	2939882343.84	1360553224.58	1712894741.733	76746104	501322879.94
plastid_atpA	34	369	930098921575.03	1001538681721.78	341647998872.99	319830561709.24	13143621799	13755999877.32	881808855764.64	1001410241802.7	315631437766.12	276657652265	11773488767	11065186748.46
plastid_atpB	48	758	1642905221346.71	1378372582693.37	450186512548.47	382120420141.82	18145761933	14230328535.687	1642905221346.71	1378130168492.77	438161097534.18	378628886637.19	15548824909	11551839519.54
plastid_atpE	9	58	90069863955.1	98508695847.5	28305364943.78	20459297617.2	473135687	175403139.31	90069863955.1	98508695847.5	28248694561.2	18607638891.2	408343788	0
plastid_atpF	18	109	151267593925.4	169461983609.8	51314816726.928	48353152919.2	2272196628	2726535353.32	120838756888.4	142776887501.8	34237732196	41675688733.1	1091044928	1945970632.35
plastid_atpH	3	27	339623098.65	113764905.544	155586523.97	94965591.839	542580352	13025641.78	339623098.65	111896542.15	136276164.91	35183513.329	0	0
plastid_atpI	4	15	6379007056.97	5585522651.25	4429797861.6	2285306749.48	80979469	22796164.95	6325376346.35	5585522651.25	760703824.6	2261554767.93	80979469	0
plastid_ccsA	1	1	36358091.69	40019238.28	63482433.95	80896756.7	0	0	0	40019238.28	0	0	0	0
plastid_clpP	3	16	1579314998.2	2418040316.71	2791034954.1	3139824125.6	160214908	127138569.5	1008616387	2321948236.5	2791034954.1	3139824125.6	101168152	127138569.5
plastid_ndhA	6	14	4472569153	3158031862.5	1992191572.2	2317395158.2	51068518	60515487.76	3900724073.8	1876103672.7	278019689.9	883636723.8	0	0
plastid_ndhB	2	5	750462284.4	662131946.04	253582314.46	230669294.02	279699112	0	635480587	630195314.6	37526622.06	0	0	0
plastid_ndhD	2	4	0	221310130.02	57288015.26	146828287.5	0	0	0	150866208.5	0	146828287.5	0	0
plastid_ndhF	14	34	5205965756.26	3540896287.38	1780435830.34	1944195194.3	0	73810531.69	4835662870.83	3381828273.81	368980612.4	1421794410.98	0	0
plastid_ndhH	16	59	11672715092.41	8956493710.69	6827250314.28	5407655771.9	1150541679.5	885634614.74	11093104236.77	8893890618.36	6473520934.1	3748814476.22	0	0
plastid_ndhI	8	28	5898366405.39	5229790486.8	3339743598.82	3082114740.19	83824296	271639611.69	5082973988.79	5229790486.8	2635728361.7	2634406284.26	0	0
plastid_ndhJ	10	33	3553514746.94	3920180750.8	4048444845	4268717881.4	141284559	78943568.29	3136282679.04	3404114552.9	1585150330	1318469787.5	0	0
plastid_ndhK	12	47	7514524905.2	6603582473.82	4111094352.31	3208475965.66	209169576	219379021.33	7514524905.2	6421598709.42	1602893786.79	1812272271.8	0	0
plastid_petA	22	143	260064581475.85	208781204259.42	86459481907.9	83890725985.2	2727443564	1445298797.01	258231135614.85	208781204259.42	84174615135.8	71085192963.5	1791643682	883794056.33
plastid_petB	5	26	45931181748.8	40091678870.3	31592264069.223	33027647160.48	829919936	952309071.4	45752321363	39959383126	31582927326.1	33027647160.48	205517824	952309071.4
plastid_petD	4	31	39595169477	30872962603.162	21890857258.03	15847278536.77	336992956	65273216.859	39595169477	30866727886	21890857258.03	15847278536.77	199046560	28500335.09
plastid_psaA	21	156	756542125478.57	547596737754.982	158175867916.575	165356375411.071	3687204672	3729347582.14	685346312437	547400587347.4	157930277213.7	130955541415.366	2332862888	974814906.28
plastid_psaB	19	434	464913631390.6	387102507843.4	132943025159.935	138611319947.041	4095488074	4001789557.573	464690049318.3	387102507843.4	132863761049.785	138561817589.501	2354840812	2784163822.64
plastid_psaC	9	74	188298256479.9	142401724952	34503904312.581	31010638249.08	1725072566	657031312.49	188298256479.9	142401724952	34424821409.36	30877090115.8	1379226802	623038039.01
plastid_psbA	12	192	331550593995.2	300137774275.9	133498387420.95	118462043995.35	4032459124	3539256943.16	331550593995.2	300137774275.9	133426939903	103271884712	3584169196	3476849124.9
plastid_psbB	28	436	651687884278.91	600004264076.62	209190891802.47	194252065710.4	6888978310	8856284215.815	567159718713.8	599847926470.09	190631455976.8	171784822759.9	5188404488	5343750359.4
plastid_psbC	27	273	700470246619.63	651814629257.61	250846559042.67	235080123508.83	4311044152	4377453191.073	629071623771.63	651450290457.2	228695625875.29	233805993500.7	3416123715	3850762461.76
plastid_psbD	12	136	358317494318.58	370669127684.8	159167267836.4	157840495907.6	3429814608	4308784396.34	358296058893	370643264254.1	159100687530.9	143006452074.6	3387252096	4201523611.8
plastid_psbE	4	44	157889831841	155760843621	61952471884.9	53764683595.79	1626592976	2176233110.7	157889831841	155760843621	61810475568	53679903732	1364021248	1858311423
plastid_psbF	3	15	11170667916.8	11150268412.77	8938272728.36	5449425957	1565155264	2070366253.6	11059475224	11053926416	8938272728.36	5449425957	875823360	2070366253.6
plastid_psbH	3	22	32864586078.6	49246883171	14671470675	9667125918	577708464	729601878.4	32864586078.6	49246883171	14671470675	9667125918	238246096	729601878.4
plastid_psbJ	1	3	861229319	596404731.5	239555189.3	135178947.5	0	0	861229319	596404731.5	239555189.3	0	0	0
plastid_psbL	2	6	331819624.51	226533338.7	67961352.28	24813112.62	0	0	331819624.51	226533338.7	20936981.25	0	0	0
plastid_psbN	1	1	468019143.4	459141934.1	167541729.2	94158484.16	0	0	0	0	167541729.2	0	0	0
plastid_rbcL	64	1616	1945710603897.91	2449860739439.94	2835733379707.19	2368496700907.64	441993220145.14	311993977837.164	1633989445143.02	2447596880519.82	2815997580790.19	2366543321126.28	411178829513.8	311462185081.49
plastid_rpl14	11	64	13683502890.18	11880341254.31	17244614570.54	15073094898.25	6829221303.5	5820734382.51	13683502890.18	11880341254.31	17174051313.4	14873120428.9	5268258407.5	5226788463.6
plastid_rpl16	7	36	5952984226.45	8995448677.4	11980204787.5	6664049888.1	718909960	605959439.79	5809390056.05	8995448677.4	11980204787.5	4576383426.6	450716352	174075872.7
plastid_rpl2	13	64	11080385355.4	16630440695.4	18213800007.3	17919887329.5	1150141448	1298430424.01	8294459311.2	16630440695.4	16972505897.7	12391719783.3	425957456	622936880.1
plastid_rpl20	8	21	3019179597.33	4012963350.28	9894099635.7	8102712486.79	200121866.5	272096913.481	2531357665.06	3678275186.9	6055268817.7	7289920559.8	0	0
plastid_rpl22	12	53	6597537017.13	8912812686.1	9601440404.93	9025649499.05	733614999	774468777.12	6274040518.6	8667524186.3	9557210019.6	8830884171.2	364897284	353897854.41
plastid_rpl32	3	11	2720798516.3	4572647308.1	5320354629	5243696635	88753640	0	1576034442.3	4572647308.1	2618326325	3831762510	88753640	0
plastid_rpl33	3	7	0	0	20779918.94	126311291.9	381870536	173990700.15	0	0	0	0	280937400	173990700.15
plastid_rpl36	1	3	111075954.1	54664537.38	0	0	615934016	235669134.9	111075954.1	0	0	0	615934016	235669134.9
plastid_rpoA	10	24	916857214.31	1094263910.89	4256957543.53	4973137057.041	33390171	587957220.521	816933395.64	1042057408.57	425745792.7	608826059.1	0	0
plastid_rpoB	12	16	622581449.49	999192368.29	411070442.14	424556755.16	237461210	260383688.374	264655418.03	840513862.71	0	90572887.22	0	0
plastid_rpoC1	8	15	366523438.77	570911590.36	454061117.7	547239545.27	1195611392	1554806353.97	308664081.84	203075685.32	369983090.17	88460739.24	0	88731216.96
plastid_rpoC2	18	29	680489899.52	743589255.9	2025888195.3	1560031034.79	541243515	421101000.72	358333454.98	441554582.97	1406788900.42	1108213748.56	0	0
plastid_rps11	9	31	6762250447.4	6552054222.94	9638069551.79	6921406096.62	1016282074	571074902.35	6514920768.3	6269868469.57	6233597755.55	3814480424.62	229138672	323899885.59
plastid_rps12	6	17	5588155061	6616034699	6500411864.6	6417235587	1739869960	1385857060.54	5588155061	6616034699	4210216656.6	6417235587	709678552	801404634.9
plastid_rps14	6	25	5495907796.5	7901873068.5	9308628913.77	8437231125.66	432807806	508760959.73	3157168415.5	4017436657.9	9201983362.6	8253777792	283902174	280601307.61
plastid_rps15	6	17	3221158629.58	5686509134.67	8087844310.2	7817987347	326640655	370148027	2012225163.4	5639597447.6	7617678808.4	5279863783.7	73932416	0
plastid_rps16	7	29	7155661940.21	10731441952.9	13805979275.7	12829491841.2	1025884874	513353270.63	5410255551.21	6308583233.1	11530409030.9	12829491841.2	600732704	85979883.24
plastid_rps18	7	41	7430067886.2	10079991596.4	11657419838.4	13077287944	384777992	2955322818.9	6411450090.2	10079991596.4	11657419838.4	13077287944	304470664	142795162.8
plastid_rps19	7	34	8264995128.6	10179254840.6	8895974651.3	8099851123.2	630281643.5	660695551.29	8089064653.9	8634800986.6	8895974651.3	7938266318.46	553807714	0
plastid_rps2	15	58	4792754579.45	6294989359.75	8378519434.81	8668210699.62	13543267583	15008824414.49	3982295333.9	5926570879.58	7613399801.73	6793102800.52	378481788	104760391.5
plastid_rps3	14	60	14024473566.82	14612948257.17	21555835506.8	22555676258.5	771969684	813634859.205	13822886508.78	12169280200.17	21555835506.8	22514895152.1	276843232	79247143.84
plastid_rps4	13	66	11840100259.7	16652897165	26573766726.2	24530392691	1243055788	999385546.79	11350377329	15841694069.7	24043345953.1	20563243300.6	728627572	347923713.79
plastid_rps7	11	46	15947531355.8	18134776878.59	24583525588.08	24681332708.18	949286532	570616053.8	12270432214.2	17904071813.7	20464951648.68	24618707063	446618200	0
plastid_rps8	8	34	8366692298.56	10868928746.9	15089684999.5	14172813754.8	779825296	265365873.71	8261753509	9570911123.9	11962286342.5	14172813754.8	653036600	0
plastid_ycf1	62	173	10151303346.77	9877602377.18	9629741853.67	11450723525.32	2582316504.75	2937370893.323	7114958544.18	7542209014.51	6799093588.15	9089732188.15	763222823.75	606504304.55
plastid_ycf2	25	46	1141361746.42	1515894968.48	1303726826.22	1430100876.43	400627005	351464473.807	690816072.25	916660508.16	788197095.68	491264915.71	0	0
plastid_ycf3	7	17	1719302211.3	2520916341.06	3001114963.37	2231230849.22	352668528	221149177.23	1719302211.3	2463403872.4	2938212046.9	1233020678.72	0	86632639.45
plastid_ycf4	7	19	3428634395.62	3269641383.46	2220021024.1	4097069195.4	70835484.5	92876298.6	3428634395.62	1368093697.06	1296889311.5	2004185238.2	46235736	0
transcript/0.p1	18	27	590535809.86	159490887.659	1188351437.715	1326268118.292	1345509765	1224507007.895	0	0	137296630.5	0	1244781520	756285647.5
transcript/10.p1	1	1	0	0	1170002763	1808488833	93057184	0	0	0	0	0	93057184	0
transcript/100005.p1	1	1	0	0	70373453.7	98996850.46	0	0	0	0	0	98996850.46	0	0
transcript/100011.p1	1	1	0	0	0	121072968.5	0	264870402.8	0	0	0	121072968.5	0	0
transcript/100014.p1	3	4	0	0	359443092.61	244916445.61	0	25531672.61	0	0	359443092.61	99030068.11	0	0
transcript/10002.p1	2	2	0	29366959.76	75402898.78	74110190.51	51781032	50707655.19	0	0	75402898.78	0	51781032	0
transcript/100027.p1	1	1	0	0	16599513.45	14556675.05	25862056	31123255.7	0	0	16599513.45	0	0	0
transcript/100031.p1	40	225	3455836210.31	3488411744.31	37159847597.32	32136892190.71	156162901160	131120450362.88	1359878935.99	816708581.69	32986593244	26112119694.08	154581585492	127976764286.91
transcript/100033.p1	1	1	0	0	113452610.5	0	0	0	0	0	113452610.5	0	0	0
transcript/100045.p1	3	7	0	0	131653644.82	519449287.46	67086480	105207387.6	0	0	131653644.82	483800679.05	0	0
transcript/100078.p1	1	2	0	0	60190119.25	87510428.34	0	0	0	0	60190119.25	87510428.34	0	0
transcript/100079.p1	2	3	0	0	178771998.54	238658083.4	0	0	0	0	88029435.11	238658083.4	0	0
transcript/100080.p1	3	5	0	0	645745790.4	751462483	88247770	4678455.762	0	0	207718862.6	509892450.3	66614012	0
transcript/100088.p1	1	1	0	17501112.32	193617197.1	216554834.3	0	69592068.31	0	0	193617197.1	0	0	0
transcript/100089.p1	1	1	0	0	95972806.31	0	11929250	0	0	0	95972806.31	0	0	0
transcript/100110.p1	3	4	0	0	80166394.92	124079763.6	622418456	675533060.34	0	0	0	0	550944664	656784768.7
transcript/100115.p1	2	7	158573081.9	118895920	178796211.62	232474134	166237120	121523523.5	158573081.9	0	178796211.62	232474134	0	0
transcript/100129.p1	2	4	0	0	634541737.7	663283604.6	46079968	121577673.82	0	0	634541737.7	322771284.6	0	0
transcript/100138.p1	42	161	1502634517.472	506260538.543	7850408121.21	7292021163.331	157657507564	161902284452.49	0	0	3963147891.01	3548402530.6	151316860990	154873012570.49
transcript/100140.p1	1	1	0	0	74014187.79	252576148.8	22066926	10900145.05	0	0	0	252576148.8	0	0
transcript/100144.p1	1	2	0	0	112536283.5	155642066.7	0	58772945.66	0	0	112536283.5	155642066.7	0	0
transcript/100155.p1	1	1	0	0	80772460.17	56388219.21	168461904	1187604199	0	0	80772460.17	0	0	0
transcript/100166.p1	14	31	151677398.5	144649363.37	3662024857.34	4343378275.58	779708553	825544532.32	0	0	3284802243.14	3263834852.78	199704756	143245740.75
transcript/100179.p1	1	1	0	0	64051797.56	50412192.94	33029894	5417226.333	0	0	64051797.56	0	0	0
transcript/10019.p1	1	1	0	0	0	13191032.94	0	0	0	0	0	13191032.94	0	0
transcript/100208.p1	2	3	47215097.45	26475411.65	282475785.3	300676318.7	10954031	31163017.91	0	0	127076976.4	192125700.2	0	0
transcript/100216.p1	2	2	123567107.8	149787877	173165468.31	184454952.7	0	0	123567107.8	0	0	184454952.7	0	0
transcript/100222.p1	3	5	0	34020636.95	838977361.34	844513951.89	0	133534399.85	0	0	838977361.34	783704275.7	0	0
transcript/100225.p1	13	24	0	0	2335377096.24	3108154055.49	212483408	197633126.55	0	0	2071253727.8	3036483692.75	41787136	0
transcript/100227.p1	22	97	1283127571.15	1187018194.91	17928586775.9	17225880020.72	66306982928	50326681912.55	237464338.57	733388920.59	13301359622.8	16915509264.6	66306982928	36624869593.95
transcript/100229.p1	1	1	69891042.3	0	25513709.08	0	0	0	69891042.3	0	0	0	0	0
transcript/100230.p1	1	1	0	0	80070035.07	117680515.6	0	0	0	0	0	117680515.6	0	0
transcript/100237.p1	5	11	0	23414477.12	83103847.487	34620982.51	2104985160	2945722478.12	0	0	0	0	1223686376	2803136162.72
transcript/100241.p1	7	14	0	0	1157469262.3	1508017549.21	214504932	225740961.29	0	0	874672662.33	1325775695.71	0	74254896.95
transcript/100247.p1	4	7	441450138.64	385549796.61	0	67938977.598	86909776	53914696.11	347260414.95	385549796.61	0	0	0	0
transcript/100255.p1	5	7	8914564.283	0	0	50720775.64	382480622	355507971.67	0	0	0	0	382480622	100264342.87
transcript/100272.p1	3	4	54290864.717	0	391711854.41	281402797.91	57080054	59929311.78	0	0	391711854.41	67641953.11	0	0
transcript/100274.p1	4	7	31061661.83	22001113.73	1613121607.9	2412196015.15	100400576	128286122.55	0	0	1613121607.9	2412196015.15	0	0
transcript/100283.p1	2	3	0	0	103201157.71	195848833.86	24076334	0	0	0	103201157.71	106629432	0	0
transcript/100287.p1	1	1	46709567.61	105354499.8	50191685.35	40478816.11	0	0	0	105354499.8	0	0	0	0
transcript/100295.p1	3	3	10779282.26	0	197398313.08	267804166.63	44137012	14793778.55	0	0	171654770.9	44241188.17	0	0
transcript/100298.p1	2	6	244658668.69	185951819.41	628749814.57	428917301.4	6071362048	7087913125	244658668.69	185951819.41	82301508.47	121132959.8	0	0
transcript/10031.p1	2	3	0	7121480.688	104753684.69	149527972.19	0	0	0	0	104753684.69	88466590.66	0	0
transcript/100311.p1	2	3	0	0	120955073.83	177420364.22	0	0	0	0	77372095.1	177420364.22	0	0
transcript/100312.p1	4	8	0	0	954867808.1	1216851461.1	149208984	31676606.412	0	0	954867808.1	1216851461.1	0	0
transcript/100317.p1	1	2	0	0	0	0	206502096	224925318.8	0	0	0	0	206502096	224925318.8
transcript/100321.p1	16	36	1860314961.15	1918219222.09	2616937153.08	3065109403.74	1229005104.5	1110672132.5	972112111.11	1231675245.43	2546691482.3	1274738120.1	696777504	363698105.68
transcript/100327.p1	2	3	97121649.79	204521586.08	133597252.7	158359239.76	0	0	52473555.94	138127850.3	0	0	0	0
transcript/100332.p1	1	2	0	0	50893537.39	75812668.19	0	0	0	0	50893537.39	75812668.19	0	0
transcript/100337.p1	1	2	0	0	0	0	106823512	150024226.8	0	0	0	0	106823512	150024226.8
transcript/100340.p1	1	1	0	0	0	0	144209776	235869887.5	0	0	0	0	0	235869887.5
transcript/100342.p1	1	2	0	0	50062720.21	122603309	0	0	0	0	50062720.21	122603309	0	0
transcript/100351.p1	1	1	12135094.62	0	1131101841	892354246.1	0	0	12135094.62	0	0	0	0	0
transcript/100356.p1	3	5	0	0	110642116.28	174408310.33	0	0	0	0	110642116.28	174408310.33	0	0
transcript/100358.p1	2	2	0	0	157884001.66	169017868.7	0	0	0	0	118433650.7	63621036.5	0	0
transcript/100367.p1	1	1	0	0	25571743.6	30394983.81	0	0	0	0	0	30394983.81	0	0
transcript/100378.p1	27	82	449767348.9	300253897.21	1022780622.154	1279096535.53	32286246985	35787220319.16	0	0	180225461.66	408767122.9	30787707961	35570253843.36
transcript/100388.p1	6	9	0	0	71868291.06	98289627.69	591762236	514443831.03	0	0	0	0	558294812	320713191.37
transcript/100397.p1	2	7	71272677.7	62549721.29	100812889.4	108731782.14	0	0	71272677.7	62549721.29	100812889.4	108731782.14	0	0
transcript/100398.p1	2	2	0	0	145995042.66	171395414.5	0	0	0	0	145995042.66	0	0	0
transcript/100399.p1	2	3	0	0	0	15684230.26	230620604	256257981.9	0	0	0	0	230620604	256257981.9
transcript/100411.p1	1	1	0	0	67195752.05	176006567.8	0	0	0	0	0	176006567.8	0	0
transcript/100413.p1	5	11	172236540.9	757775115.45	720680660.47	500518698.22	59314968	51884900.57	0	0	503947151.27	500518698.22	0	0
transcript/100414.p1	1	2	0	0	22234780.76	20738886.43	187843056	236233340.7	0	0	0	0	187843056	236233340.7
transcript/100428.p1	16	41	2649245431.52	3139807049.88	3583068461.86	3849346563.72	204031917	80550973.38	1505991748.82	3049287382.8	2451077851.96	3121047359.72	39085508	0
transcript/100430.p1	1	2	76191515.82	79784507.06	46224355.05	61532552.93	0	0	0	0	46224355.05	61532552.93	0	0
transcript/100447.p1	1	1	0	0	19385271.41	0	0	0	0	0	19385271.41	0	0	0
transcript/100452.p1	2	3	7434293.068	0	141167681.6	151941753.14	11009433	9840156.47	0	0	141167681.6	151941753.14	0	0
transcript/100470.p1	3	8	141486766.42	99593636.04	616264897.5	471385315	0	0	0	0	477857573.3	471385315	0	0
transcript/100502.p1	8	18	156009199.66	85624450.88	10520857.11	0	2326156944	1117305412.492	156009199.66	85624450.88	0	0	2255692716	1028757499.25
transcript/100509.p1	1	1	0	0	0	44835573.45	0	0	0	0	0	44835573.45	0	0
transcript/100511.p1	6	8	39255179.92	36890092.13	867552327.34	1096939859.12	83750109	105640560.82	0	0	791311386.51	374061360.5	0	0
transcript/100544.p1	1	1	0	0	0	0	31174972	43582938.88	0	0	0	0	31174972	0
transcript/100555.p1	1	1	0	0	0	56099462.68	0	21591266.18	0	0	0	56099462.68	0	0
transcript/100556.p1	3	3	0	0	249230754.1	271343742.44	35333642	67709982.68	0	0	186208983.91	56882937.42	0	0
transcript/100561.p1	4	4	0	0	288786192.43	665859854.3	0	0	0	0	0	665859854.3	0	0
transcript/100581.p1	4	7	457672299.17	465114828.28	369063176.18	495247258.34	0	0	188712170.87	270716948.1	72396615.78	458735447.18	0	0
transcript/100587.p1	9	16	75587813.508	72359579.53	2471503325.99	2756838373.11	13262645261	40842074292.077	0	0	2471503325.99	1861389833.4	0	0
transcript/100604.p1	2	5	144832618.22	157264910.9	171333768.36	171312977.23	5843691.5	33964442.38	103124655.7	157264910.9	154443241.8	158895703.5	0	0
transcript/100637.p1	2	4	0	14518118.86	38354166.4	38211998.13	24726872	60252698.44	0	0	38354166.4	38211998.13	0	60252698.44
transcript/100640.p1	5	15	21871095.93	16463743.47	1416017856.94	1411592719.94	578975078	143249379.64	0	0	1416017856.94	1411592719.94	578975078	64907076.17
transcript/100642.p1	16	23	0	25192808.78	4065850042.69	5483899570.01	387473238.5	247708334.592	0	0	2592750289.34	4357213814.1	0	0
transcript/100644.p1	1	1	0	0	56816234.04	76619699.15	0	0	0	0	56816234.04	0	0	0
transcript/100650.p1	5	10	185837336.05	56829441.96	1774020076.7	1413273367.7	658271612	217191124.95	0	0	1774020076.7	1126822304.8	90275248	14138078.06
transcript/100658.p1	1	1	9208398.735	0	90246339.92	116946707.5	11171617	0	0	0	90246339.92	0	0	0
transcript/100661.p1	3	5	0	0	92231819.78	36217236.14	349625572	454566697.64	0	0	66113393.21	0	293728592	374064740.78
transcript/100668.p1	1	1	0	0	30321365.19	39890489.21	22830548	32525230.86	0	0	0	0	0	32525230.86
transcript/100672.p1	5	6	49294750.31	0	368804696.23	409191955.54	58539120	115844410.87	0	0	174223949.42	251489679.34	0	0
transcript/100676.p1	2	3	0	0	133984213.89	162440321.64	12361369	11748103.05	0	0	114668230.3	162440321.64	0	0
transcript/100682.p1	2	2	20783673.55	0	55744090.62	91759291.82	0	66639162.653	0	0	31700005.1	16229740.39	0	0
transcript/100692.p1	2	2	0	0	167040759.88	150395982.14	27710378	71565272.86	0	0	127316280	52820256.5	0	0
transcript/100705.p1	7	11	36227207.87	42983827.4	1318744600.15	1338271846.22	1873206584	313579368.32	0	0	959500170.05	911200293	1805043968	34137763.7
transcript/100724.p1	17	26	140341644.99	124670708.44	3701547643.55	4042080059.38	439040891	391886695.723	0	0	3400207070.03	2819793880.6	0	84708831.81
transcript/100725.p1	2	2	0	0	29755253.19	55771281.95	575555776	143643285.2	0	0	0	0	575555776	0
transcript/100726.p1	1	3	0	40989061.82	30796977.46	63891006.38	0	0	0	40989061.82	30796977.46	0	0	0
transcript/100733.p1	4	13	325469521.92	335706613.97	317064259.71	381022469.97	86620348	45318299.07	325469521.92	313105999.33	233009698.14	298895183.1	0	31078645.72
transcript/100734.p1	11	14	0	0	896060775.32	1297408477.64	734234094	727811704.39	0	0	198915078.64	1090993043.01	82714096	56162509.69
transcript/100754.p1	2	2	55938094.79	55574978.387	131950356.76	121369495.6	50044918	8474192.792	0	0	131950356.76	0	0	0
transcript/100757.p1	2	3	0	0	583050391.45	821573055.32	0	3346032.502	0	0	520854654.4	821573055.32	0	0
transcript/100763.p1	3	5	164595494.4	417896310.93	546830706.14	558250200.43	44706016	119131615.29	0	417896310.93	172301396.4	185624729.7	0	0
transcript/100768.p1	13	25	2206448034.99	2455787835.05	2321335855	2707110124.28	38043414	168184180.23	1321251770.71	1452829603.48	1242466685.8	885522914.6	0	0
transcript/100782.p1	6	20	774584797.8	815698513.26	825337998.08	934028121.63	155593632	80384234.45	774584797.8	616918267.86	773407590.5	916650377.8	0	0
transcript/100784.p1	8	12	2994102802.4	2303735525.11	1403536106.38	1302180620.4	1725826903	3274824450.827	0	0	448418518.38	473197253	32076884	3177781112.527
transcript/100790.p1	2	3	0	0	209326425.08	111636294.9	0	0	0	0	209326425.08	111636294.9	0	0
transcript/100820.p1	4	9	0	203832175.2	850842973.1	1015668851.3	103576372	159828693.56	0	0	850842973.1	1015668851.3	0	0
transcript/100832.p1	3	4	162006063.73	161121612.85	93176388.27	90314683.69	93416688	23113723.909	123673202.3	100088659.96	0	0	0	0
transcript/100850.p1	2	2	0	0	69543765.68	107394630.45	313223080	187638368.1	0	0	0	107394630.45	0	0
transcript/100882.p1	1	1	0	0	83698446.13	82199272.57	0	0	0	0	0	82199272.57	0	0
transcript/100896.p1	4	5	29015225.6	31644335.24	233444773.51	309225085.68	0	34745343.89	0	0	156223789.33	208572140.88	0	0
transcript/100897.p1	2	3	0	0	68471106.5	41170262.61	177064592	115973902.78	0	0	0	0	177064592	39172003.44
transcript/100922.p1	8	16	1307323893.3	1496250414.1	907106509.26	879108238.48	52622148	0	747343390.6	1352067076.3	478923474.58	196747338.02	0	0
transcript/100931.p1	1	2	0	40431701.93	121004544.2	110359818.8	15219837	6480003.989	0	0	121004544.2	110359818.8	0	0
transcript/100932.p1	5	9	0	14414556.91	311672864.275	241999936.586	193609497	110275817.48	0	0	222638026.615	205412501.406	12204293	91038340.61
transcript/100933.p1	28	311	6904246433.196	3741252397.85	37346327824.093	35120314336.59	457205213608	487746362461.21	5751625133.64	2215791004.9	35050501927.2	25541635340.6	419996250024	487746362461.21
transcript/100936.p1	1	1	0	0	55914068.12	58432835.91	0	19438208.12	0	0	0	58432835.91	0	0
transcript/100937.p1	18	59	34979659.449	65614719.87567	995088733.27	1176326126.47	30198426233.75	39501375007.92	0	0	203267399.43	264693927.5	27104408505.75	39471863904.66
transcript/100948.p1	2	2	0	0	219965019.57	234174593.74	118152880	97093371.25	0	0	219965019.57	0	0	0
transcript/100954.p1	4	8	153346600.36	149866151.26	181783188.66	168649297.15	286354804	554570621.85	117735511.15	64194397.74	181783188.66	0	0	0
transcript/100956.p1	4	4	7273064.651	0	439592516.38	674994568.04	102002752	175330509.24	0	0	328202736.8	398916689.04	0	0
transcript/100966.p1	3	11	161988139.03	554087407	753453239.9	901812726.1	320479664	268919793.2	87646533.82	554087407	277839356.9	556584308.2	148058432	108138859.4
transcript/100978.p1	1	1	0	0	0	11711293.92	55237668	204786765.2	0	0	0	0	0	204786765.2
transcript/10098.p1	2	2	0	0	150677740.85	238393174.72	39589068	10620930.93	0	0	50724033.2	206846248.1	0	0
transcript/100980.p1	6	6	6010147.08	11458940.06	448036445.18	817076221.31	16147037	35202759.08	0	0	0	817076221.31	0	0
transcript/100985.p1	5	10	292817173.12	393880177.93	625536425.77	443032459.64	204501056	228270431.9	22917926.28	393880177.93	36988051.15	52337612.73	0	0
transcript/100990.p1	3	4	0	52980956.02	899315021.4	1064667793.4	160287858	34492167.216	0	0	292104044.6	853024317.7	28310002	0
transcript/100997.p1	2	2	10923622.73	28401917.88	101527066.61	118158667.36	0	0	0	0	0	118158667.36	0	0
transcript/101003.p1	1	1	0	0	29820811.85	41475689.11	0	0	0	0	0	41475689.11	0	0
transcript/101014.p1	14	24	41121344.506	7228879.903	2938701406.93	2781617600.1	454153129	266836030.61	0	0	2404570912.15	2105726823.3	85143854	14732814.5
transcript/101017.p1	1	2	0	0	0	0	115199896	123342813.1	0	0	0	0	115199896	123342813.1
transcript/101032.p1	1	2	0	0	57736139.5	124885209.4	44649396	0	0	0	57736139.5	124885209.4	0	0
transcript/101045.p1	4	5	0	0	300881153.5	397469665.58	0	0	0	0	239322516.37	228711931.25	0	0
transcript/101048.p1	6	9	163234424.56	140208221.31	893912460.01	1167425999.8	54794018	181099957.123	0	0	720524633.91	717572225.3	0	0
transcript/101057.p1	1	1	0	0	45476899.75	69851618.56	0	0	0	0	45476899.75	0	0	0
transcript/101073.p1	6	9	64310881.071	32747730.474	1293025400.4	2010643494.36	129240800	148586606.83	0	0	1262017509.48	213062973	54789704	28240532.65
transcript/101075.p1	1	1	0	0	0	0	16743630	12840170.56	0	0	0	0	0	12840170.56
transcript/101078.p1	2	2	0	0	41540850.32	140769033.7	0	0	0	0	0	140769033.7	0	0
transcript/101081.p1	12	27	2516832241.78	2987537548.84	1156549102.04	826927586.39	109707852.5	234734254.209	2488662188.6	2839199728.24	649748052.11	332609340.57	0	0
transcript/101082.p1	2	4	0	0	145504392.73	229768992.98	104589312	47658211.48	0	0	145504392.73	169129883	104589312	0
transcript/101083.p1	4	7	93202958.649	152771172.45	366499012.97	132372636.59	10485838	0	22887255.619	26057011.77	333807407.71	54958942.85	0	0
transcript/101085.p1	16	29	0	0	3864685160.95	5091918507.92	100319756	123727771.633	0	0	3326064186.79	4287475738.62	0	0
transcript/101091.p1	4	5	9229839.527	0	11612202.46	183278402.4	635668808	388856422.55	0	0	0	0	303742648	365153948.13
transcript/10111.p1	1	2	0	0	34705585.56	47673481.55	0	0	0	0	34705585.56	47673481.55	0	0
transcript/101115.p1	4	8	69002447.2	57073168.98	606812917.34	996358862.53	13187547	0	0	0	433677430.9	996358862.53	0	0
transcript/101116.p1	2	4	11109070.09	98223294.74	136732301.3	99326994.99	1486453584	1968398124.94	0	0	136732301.3	0	1486453584	1932909475
transcript/101118.p1	2	2	187702080.3	91730332.12	105087798.68	148829122.05	0	0	0	91730332.12	0	63947968.4	0	0
transcript/101121.p1	1	2	0	0	22852755.16	0	118613728	133852289	0	0	0	0	118613728	133852289
transcript/101126.p1	2	2	0	0	206521627.57	233252171.19	0	0	0	0	0	233252171.19	0	0
transcript/101131.p1	1	2	0	0	0	45135722.38	26937240	0	0	0	0	0	26937240	0
transcript/101133.p1	15	38	1224801842.92	1544705143.84	1428300927.66	2760579536.06	131595844	120979299.25	987476506.57	1193895019.23	959221919.24	2299493758.79	0	0
transcript/101148.p1	1	2	0	4025171.967	152993582.2	185381114.7	24665318	21728647.54	0	0	152993582.2	185381114.7	0	0
transcript/101168.p1	5	8	7064580244	4526638631	2354466302.89	2977372110.3	79685728	44741593.857	0	0	2117314871.6	2977372110.3	0	0
transcript/101170.p1	18	31	446862465.22	293561055.258	4150864738.67	3969539718.25	503234874	928304542.97	0	0	3152657249.86	2137324804.08	271198380	0
transcript/101196.p1	3	3	0	0	308929934.78	341220114.35	0	0	0	0	89847367.69	301868598.28	0	0
transcript/101218.p1	25	57	12075731.161	2929245334.445	1263055987.38	1288899996.69	16054456573.5	12751017289.67	0	0	67467741.52	0	11937948180	12171170200.97
transcript/101226.p1	7	11	220815579.686	259737977.293	190195989.4	230600361	1159037510	1053840932.46	0	0	0	0	1024082870	883618514.9
transcript/101229.p1	3	4	0	0	131723376.25	143755964.99	0	0	0	0	131723376.25	55432560.19	0	0
transcript/101233.p1	6	7	103862619.08	13215719.36	1083224324.47	1704330268.61	177007864	157379922.02	0	0	594556254.25	1237763061	0	0
transcript/101243.p1	8	11	4886058.108	25246095.38	984563095.21	1082559479.46	200874777	67280546.494	0	0	598690244.5	1006321731.6	77120233	0
transcript/101255.p1	1	1	0	0	97090334.37	86637503.01	0	0	0	0	0	86637503.01	0	0
transcript/101264.p1	9	30	118780267.98	236636987.35	951536423.1	1014945979.2	10306058292	10955804241.46	77326703.75	0	951536423.1	357706327.2	10306058292	10831306240
transcript/101292.p1	1	1	15656814.62	22267385.22	18935890.67	0	0	0	0	22267385.22	0	0	0	0
transcript/1013.p1	1	1	0	0	0	0	27488594	3191031.889	0	0	0	0	27488594	0
transcript/101312.p1	2	2	0	0	44788775.81	94637249.71	0	0	0	0	0	94637249.71	0	0
transcript/101314.p1	2	3	81260430.39	37501232.39	366839691.7	270653363.6	56442868	45595838.68	0	0	225837146.3	270653363.6	0	0
transcript/101315.p1	4	11	658479002.8	902193259.4	2500149891	2538808829.36	101214736	81250555	658479002.8	902193259.4	1540512380.7	2462768585.9	0	0
transcript/101316.p1	2	5	10809842.88	8375747.403	206303077.5	145795021.9	27256116	60691130.267	0	0	206303077.5	145795021.9	27256116	60691130.267
transcript/101326.p1	2	2	0	0	54120446.25	80882600.86	0	0	0	0	35265204.95	48484717.62	0	0
transcript/101329.p1	1	1	0	2986005.633	33661927.73	40911341.76	28679764	0	0	0	33661927.73	0	0	0
transcript/101331.p1	4	4	232414576.2	303699560.9	798590536.99	673617084.38	1270779590	27488048.37	0	0	653902902.19	268193488.7	0	0
transcript/101357.p1	15	21	23332663.111	82075268.433	1928163837.44	2094764656.434	84516716	206983549.246	0	19318442.51	955581200.44	1635669269.05	0	0
transcript/101361.p1	3	4	0	26682000.49	441809896.58	504128961.5	1886774528	1876003454	0	0	211621003.58	442307844.9	0	0
transcript/101369.p1	13	36	2836552559.67	3371503369.75	3150682711.4	3957721554.74	1500001923	1233917476.28	1981000735.93	2618678970.65	2153646202.78	2863163131.34	0	0
transcript/101379.p1	2	5	0	0	276180961.4	268548092.5	0	13121664.79	0	0	276180961.4	268548092.5	0	0
transcript/101387.p1	1	2	73057919.67	102947318.3	181872892.5	90150531	0	6127092.773	0	0	181872892.5	90150531	0	0
transcript/101390.p1	13	43	1943442987.38	2411092837.43	2104679942.06	2616294736.86	117145844	217174280.894	1533728631.08	1856208014.73	1813605688.12	2276330004.86	0	93197596.11
transcript/101403.p1	2	3	728328720.1	0	91198061.12	20668086.07	182275928	132723305.43	0	0	0	0	0	132723305.43
transcript/101408.p1	1	1	0	0	86108197.99	125965860.3	18895266	35411477.92	0	0	0	125965860.3	0	0
transcript/101409.p1	26	62	81456726.859	91530271.032	14518949442.59	14625414293.4	1255783664	1250182791.11	0	0	11150365404.4	13457812176.66	591585168	311083031.87
transcript/101417.p1	6	82	32692081333	37273323269	26163692171	20683214824.5	2438643501.1	3108766639.96	32692081333	37273323269	26163692171	13213789131.5	2438643501.1	2866745939.3
transcript/101419.p1	4	10	9363440.929	0	119711861.97	80217323.5	277275951	99367027.52	0	0	119711861.97	80217323.5	277275951	69355251.02
transcript/10142.p1	2	2	0	0	340722589.6	138891243.8	0	0	0	0	0	138891243.8	0	0
transcript/101420.p1	2	33	563835258	511745346.34	1269602477.7	1879859993.5	1435101379.1	2449643195	225946384.2	70033370.54	1269602477.7	1879859993.5	1435101379.1	2449643195
transcript/101438.p1	2	4	135184388.95	135786363.82	220932124.34	173576918.84	17457720	0	135184388.95	0	0	86238100.93	17457720	0
transcript/101441.p1	1	1	0	0	38388885.66	88607438.79	0	0	0	0	0	88607438.79	0	0
transcript/101449.p1	2	8	45719239.04	50510682.3	614528843.1	1080036179.6	193388288	58157045.42	0	0	614528843.1	1080036179.6	193388288	58157045.42
transcript/101453.p1	2	2	0	0	247100672.85	359807529.72	0	0	0	0	59259656.65	298926714.5	0	0
transcript/101467.p1	13	26	1628979913.483	1271068110.17	689835182.62	953714601.81	105456795	56249912.9	1408679753.233	1139988792.74	529975908.06	574099090.2	0	0
transcript/101481.p1	2	5	148101911.42	226527921.95	318558788.3	393941171.8	0	0	148101911.42	226527921.95	205283921.4	0	0	0
transcript/101487.p1	1	2	0	0	29035585.2	36872642.75	0	0	0	0	29035585.2	36872642.75	0	0
transcript/101494.p1	33	96	3135606126.697	5256521088.77	7489481686.96	7717104983.56	57685857688	65110284762.04	0	197386328	2611559417.9	2524459329.7	56838386448	62192757993.44
transcript/101496.p1	1	2	40098066.83	7290875.829	72688199.84	67093001.04	158726736	38910588.12	0	0	0	0	158726736	38910588.12
transcript/101516.p1	1	1	37272740	0	17774069.98	74805367.05	0	0	0	0	0	74805367.05	0	0
transcript/101526.p1	21	51	4771719081.23	5063070670.49	2751843675.12	3241239645.16	300311769	295781058.856	3968764458.23	3944743747.09	1348868111.36	2199200893.08	0	0
transcript/10153.p1	51	167	8027441912.931	12756693159.88	19589252683.62	20196148877.22	1239524001	765899723.834	6477622363.99	10292834065.48	14907667642.14	14134771348.3	0	66484055.53
transcript/101533.p1	21	38	82897997.518	138526320.894	343143669.1	1049018524.74	7975850166	6913659808.41	0	0	214257668.07	36228494.48	6600495702	5973164386.44
transcript/101547.p1	5	9	9551545.292	3059507.143	887363129.38	904012890.11	195634658	256765487.1	0	0	855005977.7	904012890.11	0	0
transcript/10156.p1	5	10	178959841.85	309796135.77	438034768.1	565866605.88	0	0	61027813.16	272931699.41	228242920.71	88386091.24	0	0
transcript/101562.p1	3	6	0	29092073.93	362234861.45	412938984.17	195684016	201489276.42	0	0	362234861.45	341758866.4	136817880	91392697.72
transcript/101573.p1	2	2	0	0	350332561.8	470572616	0	0	0	0	350332561.8	0	0	0
transcript/101581.p1	22	60	6613375753.02	7241927826.54	5902466961.55	5235544780.84	326430243	476299444.35	6437795332.92	7117835577.87	4078593914.98	3601027048.7	0	120245971.8
transcript/101587.p1	3	9	9530113.585	0	4507588815.15	2994603554.68	850789464	853410124.56	0	0	4472924936	2971204516	777540000	615791661.9
transcript/101592.p1	1	1	0	0	19245708.82	0	20436556	26102253.8	0	0	19245708.82	0	0	0
transcript/101594.p1	3	4	164183743.2	0	478253170.82	537399678.29	392775456	162527165.7	0	0	200566716.22	402565447.49	0	0
transcript/101597.p1	6	9	0	23403193.87	691378677.3	601289179.47	86934118	162872484.58	0	0	674887173.91	430506292.5	24322070	0
transcript/101609.p1	1	2	0	0	106851341	134983028.2	0	0	0	0	106851341	134983028.2	0	0
transcript/101622.p1	7	11	521003458.93	413108558.16	523005881.64	348862807.68	49885816	22648643.71	42736244.29	291085604.73	135258301.27	202576250.82	0	0
transcript/101629.p1	1	1	0	0	40493953.61	51904673.15	0	745949845.9	0	0	40493953.61	0	0	0
transcript/101634.p1	1	2	0	0	255799371.6	291581614.7	0	0	0	0	255799371.6	291581614.7	0	0
transcript/101645.p1	2	4	0	65879732.06	58762845.22	68232413.14	17532676	8231751.704	0	0	31689375.8	36672031.54	17532676	0
transcript/101653.p1	7	10	0	31273076.47	558189087.34	762181364.748	26014.91602	108098.1227	0	0	488787034.32	696075100.198	0	0
transcript/101656.p1	2	3	38705291.59	50587361.41	0	61818543.67	46673872	0	14455914.23	50587361.41	0	0	0	0
transcript/101664.p1	17	57	173083153.832	302438546.14	828467863.68	956749033.57	21708653892	21001597573.1	0	0	143548381.2	529225571.9	21708653892	19847005093.6
transcript/101669.p1	15	36	2383470919.05	3216873045.26	2943911308.21	3198945450.493	408419860	264315477.262	2069378213.17	2953208563.66	1288449313.64	2490747860.3	81907600	0
transcript/10167.p1	14	18	12053615.77	0	1367620666.426	1657069513.58	110553132	149589919.22	0	0	912552266.98	1351775950.4	0	0
transcript/101675.p1	1	1	0	0	136353229.3	182318448.9	238770832	27097133.53	0	0	0	182318448.9	0	0
transcript/101692.p1	7	11	285696228.64	151418382.89	738805733.94	995695445.46	608974044	958703001.26	0	0	708094773.56	838269493.86	0	0
transcript/101698.p1	2	3	0	14331656.13	81010761.9	209705753.29	304575616	283994469.44	0	0	81010761.9	209705753.29	0	0
transcript/101715.p1	2	4	0	4712157.993	232484244.09	297115651.5	82391324	92288433.66	0	0	155498836.4	105334771.4	0	92288433.66
transcript/101725.p1	2	3	0	0	82333619.22	106000914.2	0	0	0	0	61169300.89	106000914.2	0	0
transcript/101731.p1	4	8	357228184.58	343088036.66	253310309.65	164980117.49	0	116588811	357228184.58	145675599.49	0	78867060.19	0	0
transcript/101732.p1	10	20	902617758.28	1060588437.39	963781663.16	1048919852.4	1440978260	138251012.17	446294366.61	772859828.09	506009073.9	493043752.35	0	0
transcript/101736.p1	3	7	10985828.18	63004296.59	298508892.9	568718294.722	6249091008	8154846391	0	63004296.59	298508892.9	0	5161535168	8154846391
transcript/101758.p1	7	12	133502725.302	165499594.74	2056852822.3	2819251001.2	133022232	233356227.681	0	0	1709076097.4	2443684324	0	0
transcript/101765.p1	7	14	10023318615.7	11635212788	14075335405.938	11090013522.9	660933173	784959647.77	3886901307	8992391762.9	10753173153	2616404987.6	313312808	73328169.26
transcript/101774.p1	16	39	688380574.265	102223666.778	4070145865.48	3594095709.23	2149219236	1738321853.84	0	26407640.56	3474030321.1	2335676947.2	1626764968	825868102.48
transcript/101780.p1	1	2	0	0	62639938.98	80479132.42	0	0	0	0	62639938.98	80479132.42	0	0
transcript/101789.p1	4	8	0	0	279126423.08	386353668.25	17157416	81621763.73	0	0	279126423.08	386353668.25	0	0
transcript/101791.p1	3	3	30450134.38	32484174.7	402653498.41	674987493.7	1868246516	53461980.36	30450134.38	0	0	135768690.2	0	0
transcript/101807.p1	15	32	1572428783.51	1429111377.87	2491760212.369	2780679577.69	536093525	134992480.596	553507693.13	1129120359.11	1098976820.94	887102422.88	0	0
transcript/10181.p1	5	5	15770700.47	45823380.22	194731855.57	275303620.06	34126436	0	0	0	159916549.25	141489050.58	0	0
transcript/101810.p1	2	5	0	0	92213316.14	176634725.76	15271836	8450462.829	0	0	92213316.14	176634725.76	0	8450462.829
transcript/101811.p1	10	21	214902867.1	402311816.64	1299420117.99	2077502402.75	150558425	60775722.33	103959157.66	226901651.44	798820423.03	1519630075.51	42249720	0
transcript/101818.p1	4	4	0	0	223025815.88	303760908.56	11283640	5528594.58	0	0	181525971.56	51364780.44	0	0
transcript/101825.p1	1	8	1134342363	1263492655	4250317704	3866036713	0	13564952.77	1134342363	1263492655	4250317704	3866036713	0	0
transcript/101828.p1	2	4	0	0	256108478.66	225034597.7	53831732.5	51166560.77	0	0	256108478.66	225034597.7	0	0
transcript/101842.p1	1	1	0	0	39620903.65	74714143.15	0	17877311.97	0	0	0	74714143.15	0	0
transcript/101852.p1	1	1	0	0	72169631.03	86010967.82	0	0	0	0	72169631.03	0	0	0
transcript/101856.p1	4	10	218876214.65	301130232.42	126692602.5	173080046.3	22517594	263478695.3	141286483.39	301130232.42	126692602.5	109226975.4	0	0
transcript/101860.p1	9	26	706301485.61	999353105.5	8513453666.36	9873824382.7	806649816	923774162.79	405516461.3	634350432.5	4685873769.8	9873824382.7	542509076	551380067.4
transcript/101863.p1	3	10	1361760620.519	1871508898.81	3508878169.5	3456259902.4	195958492	196989636.86	1321611427	1815963385	3508878169.5	3456259902.4	195958492	172839148.4
transcript/101887.p1	1	2	13041723.44	11873734.88	19773947.57	0	0	0	13041723.44	11873734.88	0	0	0	0
transcript/101894.p1	10	15	314645593.42	22781994.68	2376612122.8	2888590747	420474697	207908441.896	0	0	1649042972.5	1865004584.1	59813032	69195639.22
transcript/101921.p1	2	3	1156266.691	2547083.847	35923068.92	20430785.86	0	4655769.99	0	0	20648954.44	20430785.86	0	0
transcript/101936.p1	9	15	447765574.99	445517463.51	422401384.19	283919895.98	316387202	217365698.5	350568685.07	377671690.71	90603227.94	0	0	0
transcript/101941.p1	1	2	21315087	31123675.74	32472104.32	53037671.74	0	0	0	31123675.74	0	53037671.74	0	0
transcript/101946.p1	12	19	123039629.863	41786404.16	231914534.51	6581250.68	1709907368	1638118691.77	0	0	0	0	1342816600	979807688.75
transcript/101947.p1	19	35	87796836.41	96579889.42	6012522280.56	8733192723.73	366156806	365563844.495	0	0	5052469090	7742293494.5	126110190	0
transcript/101973.p1	2	4	0	0	299693456.8	333387241.3	0	0	0	0	299693456.8	333387241.3	0	0
transcript/101984.p1	3	5	0	0	0	0	233374524	154446750.64	0	0	0	0	233374524	118941932.28
transcript/102008.p1	3	12	304168307.44	265121140.62	633465979.76	595821878	0	10449371.61	252914123.74	265121140.62	633465979.76	538994505.6	0	0
transcript/102031.p1	4	6	17656942.02	14578212.68	631257513.84	538255463.3	13682095	8787533.148	0	0	216393804.64	538255463.3	0	0
transcript/102034.p1	11	18	92417887.88	141023220	2932458732.06	2688535133.81	216967848	160073203.27	0	0	2425950769	2053833378.05	108732456	0
transcript/102036.p1	2	3	806115247.6	453432282.7	236215153.12	248177824.72	113388104	138858504.09	240287634.3	205736058.1	0	204675727	0	0
transcript/102052.p1	1	1	0	0	49655168.99	76435158.19	0	0	0	0	49655168.99	0	0	0
transcript/102078.p1	1	2	208197244.5	98553087.98	57832261.64	16234280.65	244875104	132327911	0	0	0	0	244875104	132327911
transcript/102086.p1	2	3	0	0	124705908.59	323277804.4	0	0	0	0	124705908.59	180826862.4	0	0
transcript/1021.p1	1	2	0	0	20299966.23	21298767.59	0	0	0	0	20299966.23	21298767.59	0	0
transcript/102100.p1	3	4	116153970.32	85587227.34	46484235.87	68785974.86	0	0	96177901.62	65878237.9	0	0	0	0
transcript/102174.p1	2	3	81566323.34	70382261.05	9417412.66	21240617.88	28675340	28238329.003	81566323.34	0	0	0	0	4010771.993
transcript/102180.p1	4	8	209287648.94	121981278.64	37534578.11	45294407.01	20592386	48253701.1	142420950.54	121981278.64	0	0	0	0
transcript/102188.p1	1	1	0	0	16334052.67	59749843.93	0	0	0	0	0	59749843.93	0	0
transcript/10222.p1	2	3	0	0	71545232.99	49481729.39	0	9022557.244	0	0	71545232.99	19995929.52	0	0
transcript/102235.p1	1	1	0	0	0	106144525.8	0	0	0	0	0	106144525.8	0	0
transcript/102240.p1	2	2	0	0	159201223.79	155437469.04	0	14585046.77	0	0	0	155437469.04	0	0
transcript/102246.p1	2	5	118772914.77	102673208.94	173121159.74	156529300.68	19835246	9563279.508	80274212.51	102673208.94	102695981.6	101445314.2	0	0
transcript/102258.p1	1	2	40568554.88	78021140.8	85272957.59	85120130.73	0	0	40568554.88	0	85272957.59	0	0	0
transcript/102261.p1	1	2	0	0	0	12480953.84	0	0	0	0	0	12480953.84	0	0
transcript/102264.p1	3	4	0	0	0	0	214559416	547767583.38	0	0	0	0	55711748	547767583.38
transcript/102273.p1	4	5	1471056123	1856112705	2371238622.3	3627772678.9	124516610	280949128	0	0	2230110588.3	3297086142.9	0	0
transcript/102282.p1	4	10	15879574.15	15479808.071	1168110170.3	1505221716	613050752	135524907.2	0	0	1168110170.3	718888175	613050752	0
transcript/102300.p1	4	5	0	0	547859349.6	828664695.2	13109608	2422661.819	0	0	347488817	531098333.5	0	0
transcript/102306.p1	11	18	367609544.76	322546729.03	315410838.28	202793788.35	891104140	1077358075.75	250925725.72	109638861.2	76801067.48	0	733081644	227247348.03
transcript/10231.p1	15	21	44495370.482	106962365.96	1448655958.9	2145628737.81	334157333	334777231.86	0	0	1003053565.7	1772211419.71	0	0
transcript/102329.p1	4	8	571612361	592211877.9	552259475.73	597674137.31	21715458	50022619.97	0	0	552259475.73	597674137.31	0	0
transcript/102330.p1	7	9	12058030.32	29252134.747	229817376.99	307306721.45	645514864	686684510.55	0	0	0	62530291.41	350280672	665528326.41
transcript/102339.p1	3	4	0	0	408366878.233	649516675.215	0	11730533.24	0	0	258250087	649516675.215	0	0
transcript/102341.p1	1	1	0	0	33564285.91	37470776.9	0	0	0	0	33564285.91	0	0	0
transcript/102342.p1	3	3	13218995.86	0	223773988.58	80679868.28	16501003	54451526.91	0	0	223773988.58	0	0	0
transcript/102350.p1	4	12	0	0	208235050.01	263539672.72	1252977568	1947468229.29	0	0	104822168.11	208790134.67	1075243312	1947468229.29
transcript/102359.p1	1	1	45497148.81	24069305.79	0	6857751.668	0	0	45497148.81	0	0	0	0	0
transcript/102366.p1	7	9	67916660.21	57951289.26	1131910516.7	1214322375.5	0	10309968.06	0	0	608839925.3	710479865.8	0	0
transcript/102377.p1	1	1	142309729.8	59789559.63	52814736.31	70024710.67	0	0	0	0	52814736.31	0	0	0
transcript/102407.p1	3	8	211051128.12	336843355.11	371927789.02	275457430.48	8525108	16703592.12	211051128.12	59531805.19	167227307.42	168628015.18	0	0
transcript/102414.p1	3	5	95799657.74	80332911.21	49088534.86	77696603.54	0	0	50101896.85	80332911.21	0	0	0	0
transcript/102420.p1	1	2	0	0	69080970.97	57382881.46	0	0	0	0	69080970.97	57382881.46	0	0
transcript/102424.p1	2	2	0	0	184865167.23	253197227.73	0	0	0	0	90374698.03	153578555.2	0	0
transcript/102436.p1	1	1	123385357.2	33007099.3	65173629.98	0	23641332	66653140.75	123385357.2	0	0	0	0	0
transcript/102438.p1	1	1	0	0	143833928.9	165080302	0	0	0	0	0	165080302	0	0
transcript/102444.p1	4	5	16286021.47	20781219.45	485201840.88	608380810.05	0	22150742.81	0	0	147085454.12	537435417.2	0	0
transcript/102449.p1	3	11	37422897.21	130380668.653	175133136.5	111885535.5	2288878880	1010887563.8	16923709.12	130380668.653	175133136.5	111885535.5	2288878880	1010887563.8
transcript/102462.p1	9	19	778484116.39	846005743.91	1465130114.34	1610412050.4	23215352	75919847.259	350083975.1	365900435.71	1383357517.45	981372907.45	0	0
transcript/102464.p1	2	2	42533699.02	38163875.08	49147559.518	81287146.45	0	0	32269029.09	13507463.98	0	0	0	0
transcript/102477.p1	1	2	48915803.82	59413979.93	113821910.7	151405447	0	0	48915803.82	59413979.93	0	0	0	0
transcript/102509.p1	3	14	957377216.2	808695647.6	1329370417.2	1951529838	54521292	8812155.524	957377216.2	808695647.6	1026949229.5	758703988	0	0
transcript/102518.p1	2	3	272068599.9	10329087.83	276679303.18	409313513.8	0	0	0	0	276679303.18	153796958.2	0	0
transcript/102520.p1	3	4	0	37985360.37	897336774.99	969994529.63	0	0	0	0	812875328.64	157671067.03	0	0
transcript/102528.p1	4	6	0	0	1801258450.9	2077442706.3	300172504	73239465.1	0	0	1645671421.9	370861534.3	209229408	0
transcript/10255.p1	14	27	13494016.24	0	766036146.241	728312160.38	4370924324	5485572563.64	0	0	0	0	3889348112	3948470455.46
transcript/102556.p1	3	7	2620788686	1226336785	266971523.7	434187581.85	1032144000	424576999.39	0	0	67428594.8	434187581.85	0	0
transcript/102562.p1	4	7	127993515.339	50076114.72	532996785.11	491716391.51	0	0	80792869.9	0	364780723.71	403067042.6	0	0
transcript/102563.p1	1	2	47431348.72	217423838.7	0	76093094.43	449174424	70086251.97	0	0	0	0	449174424	70086251.97
transcript/102579.p1	5	11	184282526.81	120072740.82	371689007.6	340718314.64	187418080	391519701.9	158529570.37	120072740.82	183023216.82	200907719.84	0	0
transcript/10258.p1	11	13	100319311.402	5766516.883	1283100828.21	1676095662.34	3002502246	1448649473.318	0	0	781554921.93	699580063.1	30018210	49987215.6
transcript/102595.p1	1	1	0	0	0	0	58777100	4034434.246	0	0	0	0	58777100	0
transcript/10261.p1	2	7	135539983.65	195819022.66	179742287.05	198677687.3	0	0	135539983.65	195819022.66	86583774.17	198677687.3	0	0
transcript/10262.p1	1	1	0	0	0	0	47817928	38908603.97	0	0	0	0	47817928	0
transcript/102629.p1	1	2	52781372.99	93120827.98	0	0	0	0	52781372.99	93120827.98	0	0	0	0
transcript/102644.p1	2	6	17140224.88	20274422.17	2084109080.8	1803359090.5	220945532	102609734.52	0	0	2084109080.8	1212680261	0	0
transcript/102651.p1	41	158	1358495814.72	2360228061.512	1626402170.778	2491594424.92	106045374674	134808550062.48	0	15547134.95	1111592613.4	1692423075.6	95737596890	130035297229.2
transcript/102659.p1	5	11	400627536.7	262776653.93	244934639.32	341779012.37	343736512	638660977.36	400627536.7	11852947.96	222634892.07	238588835.27	0	0
transcript/102671.p1	1	1	0	2813714.651	54559592.47	40688103.32	0	38388500.02	0	0	0	0	0	38388500.02
transcript/102679.p1	15	236	1941257037.39	1116192633.26	6953019720.69	8849384732.725	174467820575	121752763905.82	1770575499.6	1116192633.26	6791669701.36	8538665944.9	174218294319	121634893224.92
transcript/102686.p1	3	3	50197692.43	123376340.48	94906861.55	130001306.73	0	0	20806672	25243674.27	78322016.45	0	0	0
transcript/102700.p1	1	1	0	0	91478820.61	123424422.9	0	0	0	0	0	123424422.9	0	0
transcript/102718.p1	1	1	0	0	33292188.19	51701322.03	0	0	0	0	0	51701322.03	0	0
transcript/102749.p1	5	6	0	0	373311304.22	570611894.97	252063788	247444827.445	0	0	278006369.31	153894917.8	81651472	49896696.19
transcript/102774.p1	6	17	8894901708.93	5591713191.1	3193186119.46	2503343663.2	0	27517570.26	8894901708.93	3684258375.1	1397555250.1	1557971896.1	0	0
transcript/102802.p1	1	2	0	0	26261399.96	28177354.96	0	0	0	0	26261399.96	28177354.96	0	0
transcript/102808.p1	2	2	0	0	44491626.65	74018764.35	0	0	0	0	0	74018764.35	0	0
transcript/102811.p1	4	4	11389056.2	27272060.145	375242406.59	605275453.3	35217376	37748208.68	0	0	109815955.8	432930466.3	0	0
transcript/102821.p1	28	67	165918766.507	146984831.875	522315915.45	800819768.37	7404524274	6524136049.29	9594054.37	0	50864451.15	0	6091288112	6290066261.11
transcript/102833.p1	1	1	0	0	49304818.15	0	163323136	151764183.7	0	0	0	0	0	151764183.7
transcript/102842.p1	2	2	0	0	320164792.86	336262962.68	346505696	114374151.3	0	0	51270839.26	313251717.3	0	0
transcript/102860.p1	1	2	20960665.33	11113970.33	0	12908272.48	0	0	20960665.33	11113970.33	0	0	0	0
transcript/102885.p1	5	6	0	0	119222948.21	154052906.26	1279834496	1364222674.15	0	0	0	0	1119442736	695159242.8
transcript/10289.p1	1	1	0	121037068.7	15933749.66	0	445994272	0	0	121037068.7	0	0	0	0
transcript/10290.p1	5	7	2557768654.6	3638446765.64	3493978899	3421342748	537067146	512695589.01	0	0	0	0	512960856	477340730.99
transcript/102931.p1	7	9	57268613.09	8555702.121	0	0	393863160	602166528.71	0	0	0	0	393863160	240494149.91
transcript/102940.p1	8	13	20396798.44	61353957.41	645494558.55	947237527.23	381759820	285035301.21	0	0	350523201.4	579069188.8	262375088	76514562.2
transcript/102953.p1	10	25	151406280.83	52541430.559	559982414.16	268707483.92	10320181650	9781089331.85	126367827	47033836.92	0	157845502.1	10180967746	9781089331.85
transcript/102981.p1	3	6	0	0	1260768104.2	1735108541.9	61639240	0	0	0	1260768104.2	1735108541.9	0	0
transcript/102982.p1	8	20	0	8024381.629	290444965.73	132056798.4	4483658886	5560978932.06	0	0	0	132056798.4	3700939512	5560978932.06
transcript/102983.p1	3	5	0	20404731.14	385830155.23	465089417.08	79798304	27755877.19	0	0	385830155.23	0	65367292	10714476.78
transcript/102986.p1	1	4	0	0	0	0	199532400	264156837.8	0	0	0	0	199532400	264156837.8
transcript/102992.p1	16	51	11865664136.78	11466815412.98	4842671919.22	5398747908.26	279438570	176694354.1	10585557602.48	11220537188.35	4147998971.2	4359045931.3	0	0
transcript/103.p1	25	40	30745489.138	22837562.9	2883887840.53	2879296896.96	990365779	1233506541.902	0	0	2494650256.66	2267501258.56	0	88196390.1
transcript/103001.p1	3	6	6101198.52	9419504.957	359652588.3	481692279.9	110070328	172607148.44	0	0	359652588.3	481692279.9	0	0
transcript/103010.p1	1	2	0	0	47940821.13	57000111.73	0	0	0	0	47940821.13	57000111.73	0	0
transcript/103029.p1	2	8	257473008.09	471501768.34	188997489.36	151533350.45	0	0	257473008.09	471501768.34	188997489.36	151533350.45	0	0
transcript/103037.p1	4	4	210003489.14	132852181.84	593331838.87	917855070.54	0	0	0	0	66092885.97	850978671	0	0
transcript/103040.p1	4	4	216925543.68	135846792.63	127625234.26	155252269.6	0	4405408.643	166895169.98	52783942.43	0	0	0	0
transcript/103045.p1	8	17	383557739.78	465013038.53	525506360.39	560885491.14	281353602	409202117.859	235528455.87	366559638.54	251913280.69	225859780.3	0	0
transcript/103072.p1	1	1	6307472.386	22542917.17	0	5147632.205	367293728	489319914.2	0	0	0	0	367293728	0
transcript/103084.p1	4	16	42213585.24	39394534.99	61117850.24	30399308.88	2369155696	2375471256.6	0	0	0	0	2369155696	2375471256.6
transcript/1031.p1	1	1	0	0	71299089.82	71711835.42	0	0	0	0	71299089.82	0	0	0
transcript/103151.p1	3	4	9187682374.23	4434114081.89	725173169	756630034.3	41782208	111114621.6	0	0	102351353	756630034.3	0	0
transcript/103161.p1	3	5	0	0	264066091.61	355230760.55	0	10840081.79	0	0	253202851.4	355230760.55	0	0
transcript/103163.p1	1	2	0	0	0	0	85846472	143119639	0	0	0	0	85846472	143119639
transcript/103190.p1	1	1	0	0	0	0	0	114432340	0	0	0	0	0	114432340
transcript/103191.p1	1	1	0	0	24406869.75	43306460.69	21192806	27008449.15	0	0	24406869.75	0	0	0
transcript/103206.p1	2	5	124929578.8	182445608.54	315483576.2	121274156	0	0	124929578.8	182445608.54	0	121274156	0	0
transcript/103211.p1	4	8	49540987.8	41407766.4	577240227.84	646849901.6	16480936	0	0	0	577240227.84	543852464	0	0
transcript/103235.p1	1	2	0	0	26734664.79	99709115.61	14885832	65764842.34	0	0	26734664.79	99709115.61	0	0
transcript/103254.p1	3	5	32332326.82	30780181.81	195400996.2	210990326.9	0	0	0	0	133001056.92	210990326.9	0	0
transcript/103266.p1	3	4	0	0	0	0	142792732	289607847.79	0	0	0	0	142792732	215066392.75
transcript/103267.p1	3	4	0	0	646324136.29	841131870.7	0	0	0	0	646324136.29	504551877.4	0	0
transcript/103281.p1	5	6	17759384.16	24487929.61	708143225.29	1002691007.25	36772924	90218358.57	0	0	632580250.3	335572513.35	0	0
transcript/103284.p1	28	99	8359987829.62	9288248100.19	10518828709.36	9414502289.88	798381101	849511420.087	7586556049.63	7884548641.2	7984559009.06	8108630224.85	0	74518332.95
transcript/103290.p1	4	6	0	0	0	0	340786848	180718830.68	0	0	0	0	223364056	180718830.68
transcript/103300.p1	3	4	0	0	285052630.28	458364337.84	39774692	0	0	0	285052630.28	149331295.6	0	0
transcript/103306.p1	3	6	355432902.654	544337540.7	1990944200.6	2582546121.5	51113449	37805956.08	61662547.02	105685739.5	278104002.6	2582546121.5	0	0
transcript/103307.p1	50	172	14090420064.634	324333739.8734	4460652050.21	4660852923.085	94683499602	88095466499.51	24872675.59	24507364.63	2179992481.2	1905696398.72	86287146246	87015987757.41
transcript/103326.p1	3	4	0	0	0	0	239203488	387504030	0	0	0	0	95959888	387504030
transcript/103331.p1	1	1	0	37058397.39	20025024.41	63386316.29	21451606	0	0	0	0	63386316.29	0	0
transcript/103344.p1	1	1	0	16799015.88	0	0	0	0	0	16799015.88	0	0	0	0
transcript/103345.p1	2	3	0	0	181463936.2	203133396.78	21784852	52027844.87	0	0	53179643	203133396.78	0	0
transcript/103354.p1	1	1	0	0	23027141.02	32086499.48	0	0	0	0	0	32086499.48	0	0
transcript/103360.p1	2	4	115942170.95	81837805.3	90591486.47	113608290.9	0	0	29893556.09	81837805.3	90591486.47	0	0	0
transcript/103374.p1	8	12	30294604.6	50853392.44	731476864.82	941914932.01	364617127	703898842.62	0	0	290186653.41	615265086.58	120034912	500530858.48
transcript/103390.p1	1	2	0	0	36104308.22	52513983.33	0	0	0	0	36104308.22	52513983.33	0	0
transcript/1034.p1	8	10	84255993.43	102387209.206	628758682.2	612081255.27	0	66509478.27	0	48505718.29	464645648.74	361104640.93	0	0
transcript/103411.p1	4	6	0	46270125.9	261326029.23	494225853.03	68211952	9617461.821	0	0	122773537	494225853.03	68211952	0
transcript/103415.p1	1	1	0	0	20371917.75	12364889.6	0	0	0	0	20371917.75	0	0	0
transcript/103419.p1	1	2	110312448.3	100389733.9	95843257.5	34423861.46	0	10748153.38	110312448.3	100389733.9	0	0	0	0
transcript/103435.p1	2	3	0	0	105919965.74	124962778.42	0	0	0	0	47372892.3	124962778.42	0	0
transcript/103446.p1	10	13	0	36312788.76	1239385467.12	1532501425.3	182694532	79137066.657	0	0	780237251.92	1177405134.52	35405748	0
transcript/103470.p1	2	2	0	0	292639330	433320752.6	15980498	34530924.41	0	0	0	433320752.6	0	0
transcript/103499.p1	1	2	0	0	0	30506541.88	0	0	0	0	0	30506541.88	0	0
transcript/103540.p1	1	2	0	0	0	0	179603872	151673862.1	0	0	0	0	179603872	151673862.1
transcript/103547.p1	4	9	0	0	1425157244.8	1431262171.5	87991448	71047076.98	0	0	1425157244.8	1286214589.2	57362508	45437915.86
transcript/103549.p1	1	2	0	5202162.552	152056896.5	68249235.99	0	0	0	0	152056896.5	68249235.99	0	0
transcript/103550.p1	6	23	1429480051.7	2237427022.1	1135984585.6	1136961036.5	17620078	28993686.437	1429480051.7	2237427022.1	1135984585.6	919943619.8	0	0
transcript/103552.p1	5	7	0	0	555312733.11	708076943.4	21468548	0	0	0	184881985.59	630816085.2	0	0
transcript/103562.p1	8	29	1304821937.82	1340297001.5	4787169660.55	5149406057.44	866507618	1331097303.59	874053923	1137705172.5	2785075441	2977153114.4	560368396	1116206678.82
transcript/103583.p1	2	7	208877389.72	186513024.79	408566308.6	424387696.5	92133798	76089464.84	208877389.72	29984038.09	230428222	424387696.5	69087160	0
transcript/103590.p1	12	21	931953566.02	220082728.2	514169655.05	918678218.6	3265417569	3765184486.6	0	0	349274080.58	434404206.9	2428000328	3080773338.69
transcript/103598.p1	2	2	0	0	70630844.87	151963571.32	290884168	180722307.51	0	0	0	151963571.32	0	0
transcript/103603.p1	11	18	26964313.239	34032050.516	3867146685.18	6166891835.57	358250896	108473730.99	0	0	3195375457.58	6128227299.81	0	0
transcript/103614.p1	6	9	0	0	1126708485.5	976267327.6	43041560	43888539.67	0	0	694230891.8	773285936.2	43041560	0
transcript/103636.p1	2	4	0	0	0	0	522188192	483999143.8	0	0	0	0	522188192	483999143.8
transcript/103639.p1	4	7	0	0	600810197.47	632598314.36	17241550	0	0	0	600810197.47	596620622.1	0	0
transcript/103657.p1	5	13	88824597.29	267794768.02	54838961.74	156355637.12	1619081372	1385771760.15	66410541.23	224230845.36	0	0	1479514236	1385771760.15
transcript/103694.p1	1	1	0	0	33399701.59	22580563.58	38363740	22404366.07	0	0	0	22580563.58	0	0
transcript/1037.p1	1	1	0	0	0	0	3040236544	3451781585	0	0	0	0	3040236544	0
transcript/103727.p1	1	1	88676483.29	0	168454982.8	197785194.5	156270000	68193751.05	0	0	168454982.8	0	0	0
transcript/103742.p1	2	6	0	0	72277494.63	173749168.94	524363584	907493571.2	0	0	72277494.63	70206231.84	524363584	907493571.2
transcript/103752.p1	1	1	15795961.22	0	82338804.4	110050831.6	6906305	49962873.2	0	0	0	110050831.6	0	0
transcript/103790.p1	7	15	1175967106.077	1648321959.838	1452967018.07	1475035240.98	157649368	142740580.35	606498261	1641287650.84	781205657.8	873087837.3	0	0
transcript/103792.p1	3	7	147861581.57	215398044.63	326043563.03	211027956.58	61114306	92670585.279	74433667.66	104468308.53	222863328.53	211027956.58	0	0
transcript/103802.p1	1	1	0	0	19453725.11	20469565.66	0	0	0	0	0	20469565.66	0	0
transcript/103809.p1	2	2	490809945.2	308362158.9	0	0	0	0	113783896.1	180990632.8	0	0	0	0
transcript/103832.p1	12	42	3921149063.47	4392386525.48	3546440068.67	3080563015.45	144456452	74412110.713	3578478617.43	3708961607.6	2828037872.87	2600198726.7	36343808	0
transcript/103836.p1	2	2	0	0	198274952.09	197697445.53	10017169	0	0	0	198274952.09	0	0	0
transcript/103850.p1	1	2	69100005.38	66870829.86	56590641.62	106204865	0	0	69100005.38	66870829.86	0	0	0	0
transcript/103896.p1	3	7	0	13991765.42	904725317.2	1032804301.9	568619432	252058294.9	0	0	492629164.8	1032804301.9	112229704	112632408
transcript/103928.p1	5	18	931831905.96	1243262100.85	952392718.4	1405485262.4	144538681	263872691.43	931831905.96	751069329.55	952392718.4	1132242596.2	0	0
transcript/103941.p1	6	9	0	0	1191103086.5	1457486237.19	45899624	0	0	0	1136282808.8	891967894.49	0	0
transcript/103950.p1	7	14	0	0	84948409.55	27389308.21	1727557676	1783802269.85	0	0	0	0	1702094060	1693324782.9
transcript/103951.p1	4	13	0	71967679.78	61912197.13	51511832.76	805369074	1491230642.4	0	0	36759075.53	0	805369074	1491230642.4
transcript/103961.p1	1	3	28777181.22	46199254.53	68991012.47	63170697.87	0	0	0	46199254.53	68991012.47	63170697.87	0	0
transcript/103975.p1	4	7	517198746	1041008978.6	1382708888.38	1132458393.43	33983996	117430360.01	118753185.1	412924669	945367287.2	953234539.2	0	0
transcript/103979.p1	6	14	935945804.41	1166812852.48	2551175594.35	2740321108.81	136743194	163386660.38	0	0	2551175594.35	2586251814.81	0	145505036.22
transcript/103980.p1	2	3	0	0	1241027935.6	799822147.6	39439152	69945625.06	0	0	1241027935.6	306859365	0	0
transcript/103991.p1	9	36	333631262.9	37221938.905	1659137218.66	432608029.96	44387503224	40914992674.11	0	0	438216018	0	41921307004	40914992674.11
transcript/104001.p1	2	7	45540779.45	74771841.9	143133218.77	200744039.86	140257008	67797519.78	25035292.07	74771841.9	90659023.26	130528287.7	0	39537051.25
transcript/104035.p1	33	124	12803756765.426	15350854682.64	8947285198.84	9546233432.98	14384432137	11935583180.37	10358459030.41	12602371196.41	6412094404.85	6368673897.05	12141024658	11595962231.72
transcript/104040.p1	1	1	0	0	0	0	115463264	186053187.4	0	0	0	0	0	186053187.4
transcript/104066.p1	26	54	10265919.19	27443442.292	1461546232.456	2431807654.06	10922397648	11170647670.65	0	0	0	0	9633030960	10991535362.54
transcript/104073.p1	2	2	0	12218862.47	167063928.69	143786870.74	0	0	0	0	47902570.09	106082606	0	0
transcript/104076.p1	2	4	98558809.76	121810655.05	256970504.57	285132949.47	23155920	53888173.27	0	0	89970818.67	285132949.47	0	18818411.09
transcript/104089.p1	8	14	45783443.3	22691961.8	648510375.73	1018480757.15	123006946	282795728.58	0	0	506025913.41	685485175.55	0	209841858.39
transcript/104096.p1	4	9	487339999.52	857070787.06	857185365.85	1099386944.85	0	0	487339999.52	456673503.26	313702150	216782701.2	0	0
transcript/104100.p1	5	12	6259697.75	0	1756977767.5	2178289805.96	482287496	540085167.67	0	0	1280250457.1	1295782510.56	235001656	361985266.5
transcript/104104.p1	5	9	41797489.11	36286947.6	601143570.65	653977402.65	250253182	0	0	0	509192433.96	653977402.65	0	0
transcript/104119.p1	7	12	0	0	35003486.07	31966286.57	785991728	871173670.36	0	0	35003486.07	0	785991728	509523896.26
transcript/104134.p1	2	9	164294186.6	248029714.76	335750510.49	455792476.8	0	7187168.465	164294186.6	248029714.76	335750510.49	455792476.8	0	0
transcript/104146.p1	2	4	172351325.16	290554249.42	427589133.3	456993053.7	120409338	86824286.8	0	89692878.52	427589133.3	185803113.4	0	0
transcript/104154.p1	3	4	9108298.633	51925538.01	382421903.06	354539840.91	75401584	116678916.48	0	0	258587100.26	269346351	0	0
transcript/104157.p1	1	1	0	0	12940560.14	0	137302192	37722788.99	0	0	0	0	137302192	0
transcript/104168.p1	2	2	0	0	165524412.36	106681883.16	0	0	0	0	165524412.36	0	0	0
transcript/104170.p1	3	4	0	3664346.812	89408023.02	180745892.58	183074208	44501267.4	0	0	46123873.37	180745892.58	0	0
transcript/104173.p1	2	2	47289233.19	50175099.68	213125465.24	1176466300.6	144410448	229437236.1	0	0	0	1176466300.6	0	0
transcript/104178.p1	4	9	197709158.9	318543861.5	1317818144.7	1077319439.3	100643934	0	0	0	950815108.1	1077319439.3	0	0
transcript/104181.p1	2	3	0	0	11975878.11	29660641.76	391072530	753376844.34	0	0	0	0	391072530	32290905.94
transcript/104191.p1	1	1	0	0	121104219.4	225651824.2	0	13858106.95	0	0	121104219.4	0	0	0
transcript/104216.p1	1	1	0	0	30146206.76	34516235.42	0	0	0	0	30146206.76	0	0	0
transcript/104231.p1	5	11	59094441.05	40632137.02	149890151.88	147279157.71	4930342272	2940490427.14	0	0	0	0	3729101712	2940490427.14
transcript/104283.p1	1	3	20314792.63	0	68772810.47	75430359.43	92662808	89242404.39	0	0	0	0	92662808	89242404.39
transcript/104284.p1	3	6	0	0	29926255.85	63488697.41	423657468	462308942.31	0	0	0	0	423657468	462308942.31
transcript/104291.p1	3	4	0	0	348611825.22	640904242.5	22134200	25148674.6	0	0	280095213.1	306753004.5	0	0
transcript/104295.p1	1	1	0	0	0	0	147788912	142873725.6	0	0	0	0	0	142873725.6
transcript/104302.p1	14	64	4023823377.838	6517267271.38	11380698322.51	11627007034.23	913537686	991720965.75	3831781473.91	5665716873.78	11325322387	11552511679.8	332923072	222127418.4
transcript/104305.p1	2	3	0	0	208271437.54	222575729.34	17778202	10433803.45	0	0	208271437.54	172601565.4	0	0
transcript/104314.p1	1	7	0	0	44465498.06	43584163.48	1274717928	890040618.6	0	0	0	43584163.48	1274717928	890040618.6
transcript/104340.p1	2	2	32094250.14	90567836.12	130702373.6	112743089.1	0	0	32094250.14	0	0	0	0	0
transcript/104355.p1	10	28	2103753810.45	2288601094.32	1393350783.17	1036768007.17	394785219	209624684.06	1192381970.28	1640250914.32	810170535.2	588389991.07	218710792	0
transcript/104360.p1	2	5	4344607.695	9111382.465	472554962.9	665652756.6	63932048	68753428.53	0	0	347797932.6	665652756.6	0	0
transcript/104369.p1	1	1	0	0	0	0	124643192	0	0	0	0	0	124643192	0
transcript/104379.p1	3	9	159509745.38	151341562.4	303829747.94	286381715.95	17236702	0	159509745.38	151341562.4	178500068.54	188059350.39	0	0
transcript/104392.p1	1	2	0	19667652.4	207041015.7	183916000.7	0	0	0	0	207041015.7	183916000.7	0	0
transcript/104397.p1	2	3	0	0	0	324787340.29	0	0	0	0	0	324787340.29	0	0
transcript/104410.p1	11	14	19096403.65	4716149.9	0	0	938073216	832955869.96	0	0	0	0	660434552	571951015.84
transcript/104430.p1	9	26	91906998.59	76037741.08	66223147.93	118043680.29	3550018108	4310139854.85	0	0	34800888.43	52948000.07	3509125060	3083210162.85
transcript/104454.p1	3	5	0	129664828.8	219683249.7	194788860.51	202164284	462198575.2	0	0	110537364.2	194788860.51	0	318639342.7
transcript/104485.p1	4	10	0	0	1143665654.4	1404023920.8	238348408	393386176	0	0	1143665654.4	1404023920.8	133478592	0
transcript/104501.p1	8	47	20450570893.7	21715821534.1	8375580869.1	8554650377.1	68991672	0	19963039727	21715821534.1	7036106752.1	6703435221.6	0	0
transcript/104505.p1	2	3	0	0	115698109.14	160382576.84	0	0	0	0	115698109.14	86727767.35	0	0
transcript/104521.p1	46	206	1696341429.892	1566406903.218	3965770091.92	3897082631.6	108001401480	86139558366.16	0	0	2176496161.66	1607716610.74	107902652664	86105692139.4
transcript/104537.p1	1	1	0	0	0	0	218230128	53901835.63	0	0	0	0	218230128	0
transcript/104572.p1	1	1	0	0	14521214.01	70190464.98	0	11736483.42	0	0	0	70190464.98	0	0
transcript/104590.p1	5	14	1100022064.01	1392978500.87	773162547.81	740272272.8	41382312	5991339.899	276009086.2	1295076739.3	602642679.51	740272272.8	0	0
transcript/104601.p1	1	1	0	0	0	0	21302006	9325109.523	0	0	0	0	21302006	0
transcript/104606.p1	1	1	0	0	16131680.01	0	139223552	377700422.9	0	0	0	0	0	377700422.9
transcript/104618.p1	2	4	18032102.88	41189586.85	0	0	131286632	157781946	18032102.88	41189586.85	0	0	0	157781946
transcript/104621.p1	3	3	8425209.675	12021051.32	248174870.87	252071265.82	0	143083388.6	0	12021051.32	192690088	66161641.42	0	0
transcript/104632.p1	4	7	95812993.25	51477778.18	137171915.58	108481714.88	831459448	1030575215.55	0	0	78738375.9	0	787568844	884540184.95
transcript/104646.p1	6	13	380337647.5	296051136.2	452168852.24	336830513.22	2120812040	1592748197.44	108382661.9	191202203.8	0	46315395.96	2120812040	1313415990.64
transcript/104658.p1	2	3	148541755.08	214533850.75	0	0	0	174968498.5	38650389.88	214533850.75	0	0	0	0
transcript/104661.p1	6	10	0	0	345710716.65	600280773.1	250135612	284748178.58	0	0	239683131.4	600280773.1	250135612	0
transcript/104667.p1	10	13	0	18806019.21	1560653805.4	2325886187.1	772602729	752045435.3	0	0	1234296134.7	1241412148.7	0	0
transcript/10467.p1	16	25	589496604.77	1100417435.3	1382587281.79	1560538729.43	1418336415	2405134898.521	179717771.17	714147305.83	605024898.7	1072289916.23	0	0
transcript/104689.p1	15	99	4447291908.45	3668557945.879	29986201792.472	30094143021.39	226377654272	194445538290.63	4339188374.6	3471959927.5	29983518699.4	29838182789.99	222520168280	194353754708.5
transcript/104692.p1	9	11	0	70382277.57	869504088.77	1180764611.89	168389648	359217164.85	0	0	561100869.88	442077068.63	0	0
transcript/104697.p1	2	2	0	0	159936521.63	71947367.03	1124576512	388158058.2	0	0	159936521.63	0	0	0
transcript/104707.p1	1	3	53838094.43	81803157.08	0	0	0	0	53838094.43	81803157.08	0	0	0	0
transcript/10471.p1	5	7	0	22291149.438	462052197.58	746917826.1	25468146	23989784.17	0	0	462052197.58	336113713.7	0	0
transcript/10472.p1	1	2	6646177.139	0	18972006.51	0	0	0	0	0	18972006.51	0	0	0
transcript/104745.p1	1	1	0	0	262365068.6	163360213	154500640	16737526.63	0	0	262365068.6	0	0	0
transcript/104749.p1	1	4	40181895.8	56447558.92	0	0	0	0	40181895.8	56447558.92	0	0	0	0
transcript/104768.p1	5	11	19618030.99	492970.2666	62305752.83	29631259.98	1578291664	2023304338.3	0	0	0	0	1578291664	2023304338.3
transcript/104772.p1	8	12	126247429.89	175248295.44	298554012.17	174622197.8	360348484	580193261.28	91273517.53	0	36731407.09	51541104	360348484	234625512.61
transcript/104790.p1	37	87	1032627527.783	380407007.005	1167922027.565	1408965312.69	23818418680	18607309336.94	0	0	0	111322867.4	20960969528	17125015770.36
transcript/104817.p1	1	1	15343897.58	47757547.2	36517955.16	40246339.57	489612256	72119977.78	0	0	0	0	0	72119977.78
transcript/104856.p1	15	25	182395658.347	104787795.05	3126790405.41	4012043520.29	2730689594	2194857065.41	0	0	2109939866.5	3754993223.42	0	0
transcript/104859.p1	1	1	52823465.15	0	102588338.8	113916393.8	23547754	0	0	0	0	113916393.8	0	0
transcript/104860.p1	25	104	17985998026.23	25754894267.86	33935069635.642	29187154388.13	1845083214	1444615284.81	15023619997.14	25248934954.72	29324830528.842	24416132027.73	1403019666	993760808.29
transcript/104861.p1	1	2	0	0	31080345.46	57176449.4	0	0	0	0	31080345.46	57176449.4	0	0
transcript/104868.p1	1	1	0	0	63287634.23	18950469.47	22740210	4599837.467	0	0	63287634.23	0	0	0
transcript/10488.p1	4	5	0	0	125836479.19	178954462.89	68331136	83767271.65	0	0	106977899.26	92345596.11	0	83767271.65
transcript/104884.p1	1	2	205948803.1	252649415.5	82158777.03	72336404.46	76130896	61206997.35	205948803.1	252649415.5	0	0	0	0
transcript/104889.p1	1	2	0	0	0	0	95349210	66616537.37	0	0	0	0	95349210	0
transcript/104894.p1	5	11	17483188.72	0	499365855.91	588015584.02	3365501400	1547785694.73	0	0	381274584.1	501851529.6	3250020608	1547785694.73
transcript/104902.p1	2	5	36276992.42	75785062.9	56275455.76	181195285.76	0	0	0	75785062.9	56275455.76	181195285.76	0	0
transcript/104908.p1	3	3	53037972	28367811.15	103771608.01	234550665.44	79571902	212066565.1	0	0	56956235.98	159414274.25	0	0
transcript/104914.p1	1	1	0	45230723.23	50668454.36	50865151.55	0	0	0	45230723.23	0	0	0	0
transcript/104923.p1	5	31	142214093.69	290353081.86	23276262625	16439068766.9	4790426176	5054169547.53	0	48490549.14	23276262625	13229260594	4790426176	4969047235.7
transcript/104957.p1	1	1	0	0	293534856.8	451996449.6	0	0	0	0	0	451996449.6	0	0
transcript/104989.p1	1	2	0	0	0	0	44268720	41591164.85	0	0	0	0	44268720	0
transcript/105006.p1	5	8	622881331.88	617897350.1	829599165.38	857271447.89	0	0	79728767	139102112.2	583583677.4	184269525.09	0	0
transcript/105020.p1	3	3	12513877.57	12010143.44	72846819.511	131461646.43	91829716	149649039.85	0	0	66800010.21	0	55413448	56588258.3
transcript/105024.p1	1	2	267696329.9	396301377.7	814909559.4	446881890.5	1404150048	1793901271	0	0	0	446881890.5	0	1793901271
transcript/105044.p1	1	13	2321858646	4995400080	4527125306	3832319317	392516344	558254491.2	2321858646	4995400080	4527125306	3832319317	392516344	558254491.2
transcript/105055.p1	2	2	89625906.88	58162176.09	78955684.34	58647771.11	0	0	59952585.55	58162176.09	0	0	0	0
transcript/105057.p1	3	6	0	69304091.14	0	0	500111468	474641863.25	0	0	0	0	500111468	290691063.45
transcript/105058.p1	12	27	764720783.59	1500631685.19	1849472955.48	1613190084.88	36244916	69923069.76	472431741.03	1165439487.95	750758101.6	740046343.9	0	0
transcript/105071.p1	3	11	477353301.8	522135081.41	334150047.6	438321415.88	75059032	104426936.49	477353301.8	458597992.2	334150047.6	438321415.88	0	0
transcript/105100.p1	3	8	3500587.871	0	11806533.11	8781775.632	365354504	557592203.7	0	0	0	0	266011752	557592203.7
transcript/105143.p1	2	3	0	18182542.08	189938570.65	238072898.54	65148632	16096375.59	0	0	158007877.1	238072898.54	0	0
transcript/105155.p1	2	2	0	0	90302336.88	108561038.37	0	0	0	0	0	108561038.37	0	0
transcript/105171.p1	1	2	0	0	75174224.55	85411177.96	0	0	0	0	75174224.55	85411177.96	0	0
transcript/105176.p1	1	2	0	0	37333775.01	68628849.53	0	0	0	0	37333775.01	68628849.53	0	0
transcript/105176.p2	1	2	0	0	63845205.44	0	0	41302230.04	0	0	0	0	0	41302230.04
transcript/105260.p1	2	3	0	0	144892163.84	191494560.13	0	0	0	0	144892163.84	138555708.8	0	0
transcript/105320.p1	9	15	208068819.8	98009693.1	191868796.42	347592506.42	1478679589	2313940367.3	0	0	85906648.84	0	1027088777	2313940367.3
transcript/105360.p1	1	2	0	0	228859993.1	290919368.9	0	0	0	0	228859993.1	290919368.9	0	0
transcript/105390.p1	6	9	0	48415008.08	56152734.92	61112087.61	666206988	714896899.88	0	0	0	0	287584220	589852610.94
transcript/105420.p1	14	38	100613810.6	26560973.088	778109144.69	789276294.833	20436248120	13147319210.95	0	0	528078383.1	568596399	20028067672	12178701599.55
transcript/105445.p1	4	6	8083649.044	0	463606566.89	497464701.36	18308116	59899952.69	0	0	393768356.07	385893590.6	0	0
transcript/105447.p1	6	9	0	0	644874838.44	887518026.99	50147758	55419902.05	0	0	407220878.91	741193639.29	0	55419902.05
transcript/105463.p1	7	18	0	0	67161287.48	47189469	2681636080	1460800296.2	0	0	67161287.48	0	2182935280	1197801839.1
transcript/105465.p1	1	3	64619868.13	44256608.13	29777048.77	58867158.39	0	0	64619868.13	44256608.13	29777048.77	0	0	0
transcript/105482.p1	3	9	220642340.7	220071248.58	1123644658	974242332.43	311242320	513263722	0	54509560.18	1123644658	937317835.9	0	187829601.6
transcript/10550.p1	1	1	0	0	18755077.99	30969540.57	0	0	0	0	0	30969540.57	0	0
transcript/105501.p1	1	1	0	0	165184673.9	151383951	41333880	52374006.69	0	0	0	0	0	52374006.69
transcript/105522.p1	1	2	15619166.29	0	154572236.7	253297924.9	26655904	41764942.64	0	0	154572236.7	253297924.9	0	0
transcript/105561.p1	1	1	0	0	104113286.5	211018012.9	24322926	8561678.916	0	0	0	0	0	8561678.916
transcript/105565.p1	3	3	320904285.7	243513195	208428852.2	386700381.7	198580280	129251904.91	0	0	0	0	36564144	114469052.9
transcript/105575.p1	1	3	99752575	107164027	118773745.8	79619471.57	13622106	35462518.15	99752575	107164027	118773745.8	0	0	0
transcript/105598.p1	1	3	0	0	0	0	1103873376	1794601969	0	0	0	0	1103873376	1794601969
transcript/105605.p1	4	4	0	0	277424054.37	304597811.64	0	6308587.318	0	0	111110051.6	181058412.28	0	0
transcript/105613.p1	3	4	97968988.61	118093702.4	223423633.5	470321494	18757422	15335470.82	0	0	0	470321494	0	0
transcript/105616.p1	1	1	0	0	79056635.08	100518728.9	13211459	56286326.07	0	0	0	0	0	56286326.07
transcript/105619.p1	3	12	803681857.44	511909073.7	655325835.8	827632570.26	58621246	40302313.85	709334078.2	511909073.7	655325835.8	769506931.8	0	0
transcript/10563.p2	1	2	0	0	0	0	358189856	78204008.4	0	0	0	0	358189856	78204008.4
transcript/105636.p1	3	4	0	0	254758392.29	378575062.18	36774356	13854199.5	0	0	116123569.7	378575062.18	0	0
transcript/105678.p1	5	8	19686037.042	303998266.9	688237317.66	861348425.79	23160204	0	0	0	688237317.66	628177563	0	0
transcript/105694.p1	1	2	0	0	25573407.61	20945671.26	85325800	109149938	0	0	0	0	85325800	109149938
transcript/1057.p1	1	1	0	0	14826490.08	18016438.14	179514064	38780303.47	0	0	0	0	179514064	0
transcript/105701.p1	2	2	20261190.15	0	0	0	345232672	353503927.62	0	0	0	0	30013472	315802997.8
transcript/105702.p1	2	6	405607049.94	493423631.3	668893659.2	868896768.4	61547676	92692639.6	405607049.94	316871172.4	668893659.2	642283541.9	0	0
transcript/105740.p1	1	5	220060238.2	351414989.1	360642471.4	0	102955704	39668448.19	220060238.2	351414989.1	360642471.4	0	102955704	0
transcript/105775.p1	1	1	0	71882670.85	64013839.42	37508305.51	0	0	0	0	64013839.42	0	0	0
transcript/105778.p1	2	2	0	0	220037378.56	382305058.55	83823768	107119348.15	0	0	220037378.56	0	0	0
transcript/105784.p1	3	6	36345444.66	167234814.34	217960513.9	182557774.05	213551489	149666399.66	36345444.66	130559871.24	150755991.83	0	0	0
transcript/105785.p1	1	2	0	0	43761719.89	102807059.3	0	0	0	0	43761719.89	102807059.3	0	0
transcript/105791.p2	2	6	24543063.41	0	243376591.73	152987834.1	5022003680	2691373002.2	0	0	180366401.7	152987834.1	5022003680	861606226.2
transcript/105872.p2	1	1	0	0	49868412.91	67082836.3	33421924	21949953.74	0	0	49868412.91	0	0	0
transcript/105892.p1	5	5	0	0	85276232.56	132256203.12	718059496	657229022.19	0	0	0	0	631399392	37409615.25
transcript/105933.p1	3	4	0	0	122298423.54	300832378.62	0	0	0	0	53016909.47	300832378.62	0	0
transcript/105949.p1	1	2	431026180.6	669971567.4	462447442.8	414643851.3	58282820	0	0	0	462447442.8	414643851.3	0	0
transcript/105994.p1	1	1	7023263.12	0	30538826.45	0	57741360	62890131.99	0	0	0	0	57741360	0
transcript/106009.p1	10	23	433115175.834	640227923.87	960104042.17	1021430272.65	0	17906917.56	275504955.53	466820521.8	663426425.84	734042567.89	0	0
transcript/106068.p1	1	1	156004604.4	176323497.2	207378249.7	208432134.7	0	0	0	0	207378249.7	0	0	0
transcript/106078.p1	12	24	0	0	2918347455.63	3301400225.91	197048565	126540719.87	0	0	2918347455.63	2802589395.85	88297112	0
transcript/106131.p1	1	1	0	0	0	120536217.9	39435044	26729818.55	0	0	0	0	0	26729818.55
transcript/106156.p1	1	4	0	0	151790467.9	167754403.1	33401190	5935916.729	0	0	151790467.9	167754403.1	0	0
transcript/106233.p1	3	6	0	0	203454438.35	467697181.72	18399780	21288898.78	0	0	203454438.35	467697181.72	0	0
transcript/106240.p1	1	3	264400947.1	279449915.8	193318625.9	200791415.7	57832212	45434306.65	0	0	0	200791415.7	57832212	45434306.65
transcript/106241.p1	7	11	16458265.56	0	1429991675.73	1716970376.17	216113042	173822967.68	0	0	1429991675.73	769623348.77	0	0
transcript/106259.p1	1	2	586330918.1	219278821.9	226343464.3	392401626.1	34505968	15398861.8	586330918.1	219278821.9	0	0	0	0
transcript/106306.p1	3	22	0	65139791.67	14750433.72	78044027.19	41753953028	14681079461.86	0	0	0	0	41753953028	14650067687
transcript/10631.p1	1	1	22207098.25	82092890.83	5563720428	7354708871	486135392	117852193.6	0	0	0	0	486135392	0
transcript/106316.p1	1	4	0	0	119208562.2	0	0	0	0	0	119208562.2	0	0	0
transcript/106424.p1	1	1	0	0	77486164.79	51754060.11	0	0	0	0	77486164.79	0	0	0
transcript/106452.p1	1	2	56680869.48	58105177.97	24662978.95	45081507.33	129048016	227862256.2	0	58105177.97	0	45081507.33	0	0
transcript/106459.p1	8	9	20191991.376	16478215.11	676059363.99	1046219683.28	2377644224	2103722751.9	0	0	35531039.27	1046219683.28	0	0
transcript/106480.p1	7	17	681097963.31	679233557.5	652625527.08	1338017556.15	89512528	146353584.64	545773560.61	610367227.83	342528687.3	520246734.6	0	0
transcript/106488.p1	4	5	0	0	0	0	576474968	658861051.76	0	0	0	0	352052160	498866780.26
transcript/106531.p1	2	2	0	0	121139605.07	133191132.86	0	0	0	0	69184555.68	52462016.66	0	0
transcript/106544.p1	2	5	0	0	630971091.6	821493002.7	0	77266513.93	0	0	630971091.6	821493002.7	0	0
transcript/106547.p1	1	2	11554084.38	0	25193853.8	34492190.01	0	0	0	0	25193853.8	34492190.01	0	0
transcript/106557.p1	1	1	39028080.55	47061869.75	77357917.04	0	0	0	39028080.55	0	0	0	0	0
transcript/106575.p1	2	2	0	0	92875520.56	116431085.9	0	8391707.375	0	0	92875520.56	0	0	0
transcript/106590.p1	5	30	14024043040.1	14664248767	10745190516.6	9169499375	611351432	610418857.56	13324057555	14664248767	10745190516.6	9169499375	518254736	367397381
transcript/106591.p1	1	1	13148108.7	20160767.34	17855047.28	27229410.04	17833088	0	0	20160767.34	0	0	0	0
transcript/106598.p1	9	14	6507248.599	0	1608134777.65	2131227149.18	889033294	738845060.93	0	0	788049660.68	2131227149.18	44572004	0
transcript/106604.p1	4	9	220007429.19	266270939.97	106921174.3	268148507.01	323192966	94307523.297	114045159.04	58918030.88	89952743.77	194326654.4	301218168	0
transcript/106605.p1	14	22	154390209.388	130936269.604	2867672752.9	3031544083.69	198242120	203478124.43	0	0	1829909435.2	2709023540.29	40824000	0
transcript/106611.p1	8	17	1669741295.57	1763486056.44	1404313760.26	1303879297.5	279615134	115587701.066	1596467552.66	1666551699.12	0	916035197.4	104554570	0
transcript/106615.p1	1	1	0	0	0	0	77417536	0	0	0	0	0	77417536	0
transcript/106624.p1	1	1	9336131.908	0	0	64748404.74	93142336	21347000.71	0	0	0	0	93142336	0
transcript/106636.p1	2	2	0	0	77660554.89	160063551.89	0	0	0	0	0	160063551.89	0	0
transcript/106658.p1	1	1	0	0	19366623.45	0	0	0	0	0	19366623.45	0	0	0
transcript/106666.p1	3	4	29227084.529	0	568977476.8	693586454.916	50043538	55769027.93	0	0	568977476.8	110465812.4	0	0
transcript/106673.p1	15	25	21967915.661	141954749.9	3952626269.87	4891163207.35	313024598.5	264763969.878	0	0	3046340903.64	3985146096.05	41371756	0
transcript/106684.p1	1	1	0	0	67024015.02	35923822.93	0	26142563.77	0	0	67024015.02	0	0	0
transcript/106709.p1	4	6	19548065.505	38682541.15	353606410.98	475519346.64	18672234	0	0	0	205814172.22	475519346.64	0	0
transcript/106714.p1	6	17	687393243.96	742007794.7	765088738.55	722218802.3	103578254	144517221.27	687393243.96	742007794.7	450928671.25	512937740.6	0	0
transcript/106721.p1	5	10	100879014.59	22045198.62	1192692262.03	1302208917.9	24365116	6040797.294	0	0	1192692262.03	1302208917.9	0	0
transcript/106749.p1	25	95	111760775.34	173362582.457	55636668506.91	96033860476	911862834.5	1176428823.857	0	0	55586593144.24	94454593062	717545680	652776607.32
transcript/106768.p1	4	5	91701196.67	64590863.47	523900402.57	681657496.96	41224848	46469238.433	0	0	233194552.07	385649514.6	0	15619524.37
transcript/106784.p1	10	14	1003384340.7	994912402.27	585792512.63	379969100.66	14100050	20931445.23	738176705.39	896776873.48	47218856.62	0	0	0
transcript/106817.p1	2	2	0	11917331.51	194167653.79	176117980.02	0	0	0	0	68016767.69	116021476.8	0	0
transcript/106822.p1	3	6	284061817.75	113774533.11	28835046.871	16070496.02	450513624	606464371.99	0	0	0	0	450513624	560450882.6
transcript/106866.p1	21	59	902772746.952	36633580.36	11745084736.65	12266646207.51	3548025647	3975048630.02	0	0	11474774047.05	11583870062.91	2259228606	2683969113.5
transcript/106888.p1	1	4	0	0	163070700	83909233.87	0	136475121.4	0	0	163070700	83909233.87	0	0
transcript/106895.p1	1	2	0	0	206916401.6	265642606.1	0	0	0	0	206916401.6	265642606.1	0	0
transcript/106902.p1	1	1	0	0	32080185.03	45106056.04	0	0	0	0	32080185.03	0	0	0
transcript/106904.p1	7	14	26464430.54	38972792.54	2277000102	3143065912.1	56512571	37656070.29	0	0	2277000102	2836647691.2	0	0
transcript/106947.p1	1	2	26480992.42	20070088.33	35380802.81	45689237.06	0	0	26480992.42	20070088.33	0	0	0	0
transcript/107029.p1	12	22	319105601.17	469506059.701	3036628568.81	4715270859.6	395607938	173340212.65	0	0	2851580827.29	4530804618	0	0
transcript/107041.p1	31	173	1105642625.8135	611201327.913	11602339935.87	10662868472.169	181363864162	184233506949.295	828749445.51	392363705.05	7822894090	6531286851	175881575114	183683580274.7
transcript/107048.p1	4	8	2125030.429	15284014.22	361034112.0969	317456868.091	7800503.5	0	0	0	360296323.1	100388925.1	7800503.5	0
transcript/107057.p1	1	1	7851714.167	18359872.85	35620428.95	0	0	0	0	18359872.85	0	0	0	0
transcript/107061.p1	1	4	67994835.97	82440004.5	186909312	229631451.6	133013104	59466614.39	67994835.97	82440004.5	186909312	229631451.6	0	0
transcript/107072.p1	11	16	107579704.8	14971397.33	1698234310.97	2086595096.23	124576126	77154712.038	0	0	1285870184.77	1243107349.69	0	30965637.2
transcript/107078.p1	7	14	283898849.47	364771734.39	545828130.7	619322235.91	4020569088	1755408770	233995913.16	258750515.07	349562722.96	104115835.85	0	0
transcript/107084.p1	23	65	5288603121.54	7062950546.426	9048946955.21	9073326554.83	7603556468	2672821393.66	2607139757.85	6959702909.078	5273200456.7	6105245509.8	64794192	0
transcript/107090.p1	1	1	48982281.48	0	51245930.03	39791791.1	0	0	0	0	0	39791791.1	0	0
transcript/107130.p1	2	7	0	0	33842513.31	16819912.31	449906656	521807945.3	0	0	0	0	449906656	521807945.3
transcript/107175.p1	1	1	20356307.35	29875946.86	50346277.11	72114817.03	28386454	0	20356307.35	0	0	0	0	0
transcript/107223.p1	2	2	0	0	137774157.25	169199578.04	0	36759680.07	0	0	137774157.25	0	0	0
transcript/107244.p1	15	30	5360191130.19	3316704853.79	838734885.66	644315456.28	85883568	130339200.712	5360191130.19	3288998587.66	436145580.18	0	0	0
transcript/107260.p1	1	3	131344973.9	449441429.9	159833229.8	59896011.96	0	0	131344973.9	449441429.9	159833229.8	0	0	0
transcript/107288.p1	5	16	2185222852	2501959260.34	460955028.2	1062309379.85	309852068	196379234.09	2185222852	2099877894.1	421841283	1043458805.59	286901952	0
transcript/107304.p1	1	2	0	0	0	0	201713920	243554186.9	0	0	0	0	201713920	243554186.9
transcript/107329.p1	18	62	5777058322.98	6028898554.56	6241421467	6000840075.48	374609904	448957642.857	5667125600.54	5995386045.68	4250660312.35	5062080987.6	73618736	0
transcript/107336.p1	2	2	0	0	159221128.3	0	21500978	3918356.297	0	0	159221128.3	0	21500978	0
transcript/107389.p1	4	5	0	0	171009703.21	514577578.86	20206674	0	0	0	69402507.23	514577578.86	0	0
transcript/107437.p1	3	4	29907041.01	33743364.88	433179106.16	721712099	0	0	0	0	360252536.67	589970656.6	0	0
transcript/107481.p1	1	4	68097635.48	50465101.42	60261136.89	0	0	0	68097635.48	50465101.42	60261136.89	0	0	0
transcript/107488.p1	4	5	20796443.74	0	55663184.43	250571452.56	458172640	553071668.17	0	0	0	0	218781904	523649221.9
transcript/107509.p1	1	1	106215045.2	92032973.6	218162827.1	215694204.4	0	0	0	0	0	215694204.4	0	0
transcript/107553.p1	2	4	0	0	545815404.3	118868655.92	63143432	69474631.96	0	0	545815404.3	0	63143432	69474631.96
transcript/10756.p1	3	3	11724645.64	17656131.74	243642494	393911265.55	47295132	118787764.7	0	0	0	393911265.55	0	0
transcript/107600.p1	4	8	0	0	617475338.5	1042654836.8	232183536	436606519.91	0	0	496220712.9	605666360.4	232183536	258099082
transcript/107608.p1	1	1	299000213.4	159692863.7	365402461.3	253811570.8	39359832	0	0	0	0	253811570.8	0	0
transcript/107611.p1	2	4	0	270028396.3	98504200.8	604338303.37	0	0	0	115688437.2	0	509870841.4	0	0
transcript/107611.p2	1	1	0	105660048.8	214600433.2	0	0	0	0	105660048.8	0	0	0	0
transcript/107685.p1	2	7	177648940.14	192573101.2	85888090.01	70994283.29	9408785	25635393.34	177648940.14	192573101.2	85888090.01	0	0	0
transcript/107703.p1	2	3	73175087.41	14785489.86	0	0	15044776	0	62081603.01	14785489.86	0	0	0	0
transcript/107707.p1	2	2	0	0	125786051.58	57071979.83	0	0	0	0	125786051.58	0	0	0
transcript/107708.p1	1	2	211412077.2	80189639.44	0	41340603.04	19884330	0	211412077.2	80189639.44	0	0	0	0
transcript/107714.p1	3	11	7609479.855	54527700.207	484038034.7	532416390.5	12373694336	15406727269	0	0	484038034.7	40669989.3	8861833856	15406727269
transcript/10773.p1	8	13	29576485.96	64097882.53	636389783.76	664265877.34	295694064	132452905.87	0	0	572363557.64	570900317.68	0	0
transcript/107738.p2	1	1	0	0	352457164.8	660955570.1	48433556	77559000.13	0	0	0	660955570.1	0	0
transcript/107776.p1	2	2	0	12370689.82	445885451.3	324955441.7	0	0	0	0	300432082.6	111183420.9	0	0
transcript/107779.p1	3	6	293848794.34	723281255.73	98887891.29	611282571.09	97591712	135853716	109890832.2	638271827.34	0	411724357.19	0	135853716
transcript/107796.p1	8	12	8351141.576	12834486.11	1056652259.58	1126870978.89	36096446	29526081.8	0	0	682477545.61	930029199.59	0	0
transcript/107812.p1	1	2	0	0	162549338.1	191014964.3	0	0	0	0	162549338.1	191014964.3	0	0
transcript/107821.p1	8	20	59808494.42	79181059.66	2204445570.8	2996338092.79	1579659570	1743377639.95	0	0	2099832546	1927582053.8	1180112370	1601231210.23
transcript/107824.p1	11	18	26753797.96	44579762.11	5805697085.8	5943821200.4	164428723	109251711.05	0	0	4898775426.2	5155856372.5	0	0
transcript/107856.p1	4	14	1141756838.8	1009020250.07	1081129435.85	1107342330.8	24378784	37210549.383	678819507.4	620038216.07	704497409.93	107144498.5	0	0
transcript/107870.p1	1	2	38709268.02	125910529.7	203625683	863840234.3	59832600	7759045.293	0	125910529.7	0	863840234.3	0	0
transcript/107877.p1	3	3	0	9928112.102	497439957.9	487053756.1	0	0	0	0	497439957.9	0	0	0
transcript/107884.p1	3	3	13483144.92	0	0	88077856.62	189639148	130198989.93	0	0	0	88077856.62	78866324	0
transcript/107906.p1	3	4	156353759.55	68710331.9	1474976959.5	740767226.1	0	25911406.8	0	0	405786059.5	372144887.2	0	0
transcript/107913.p1	2	3	0	0	253526527.1	339022031.7	58231976	19173854.61	0	0	131186872.6	172692892.7	58231976	0
transcript/107950.p1	7	16	0	16808516.8	1698454822.4	1925768813.1	451806608	393559013.415	0	0	1698454822.4	1925768813.1	0	0
transcript/10797.p1	1	2	7162076.071	17907856.33	29750759.94	42523762.07	0	70918925.59	0	17907856.33	0	42523762.07	0	0
transcript/107978.p1	1	1	0	0	42316220.26	69303122.75	101106520	15330014.4	0	0	0	69303122.75	0	0
transcript/10804.p1	1	1	12247527.79	14795705.73	22104554.88	23369007.79	0	0	0	14795705.73	0	0	0	0
transcript/108065.p1	8	16	0	4413358.362	1908044658	2635511027.7	169219993	22600287.57	0	0	1908044658	1962170211.5	0	0
transcript/108073.p1	3	7	212026435.31	235034182.1	382530119.03	172760362.87	0	38176594.2	212026435.31	235034182.1	382530119.03	0	0	0
transcript/108074.p1	2	4	77043688.12	136027135.6	70352908.26	30100152.43	33796460	124756014.5	77043688.12	136027135.6	70352908.26	0	0	124756014.5
transcript/108101.p1	1	1	0	0	86776689.14	104659543.3	0	0	0	0	86776689.14	0	0	0
transcript/108120.p1	1	1	0	8992934.035	189434143.8	267813315.4	0	0	0	0	0	267813315.4	0	0
transcript/108127.p1	10	79	43011337451	49888701012.54	36455370224	31105059359.4	3111813677.5	3697813802.71	43011337451	49880257919.9	34635276880.3	24523774836	2795445515.5	3504134334.91
transcript/108153.p1	3	3	0	0	170445760.34	230833223.24	0	0	0	0	69871877.34	106918042.7	0	0
transcript/108164.p1	1	2	0	0	28648377.78	0	56299832	75033890.39	0	0	0	0	56299832	75033890.39
transcript/108179.p1	6	10	0	7083927.674	746684329.73	788295955.53	268527576	29053360.17	0	0	684774395.15	588378283.53	0	0
transcript/108187.p1	3	4	0	0	137921432.84	242816118.07	11947185	0	0	0	55346262.4	242816118.07	0	0
transcript/108232.p1	18	60	13712097584.15	11513570067.02	6684842084.22	5434790854.79	399005050	449576678.37	12704422137.3	9847145359.82	5427498362.92	3870935726.99	0	0
transcript/108239.p1	2	8	352861889.74	454459629.4	375269370.3	437600345.5	13652750	22131531.21	352861889.74	454459629.4	375269370.3	437600345.5	0	0
transcript/108275.p1	6	14	1785935272.86	1755728635	1289919692.64	2784020751.2	99979368	154368472.43	0	0	1225301142.1	2618899827.9	0	140234387.02
transcript/10836.p1	4	12	194626714.13	147152029.38	546116607.45	892493165.6	21333886	0	127338254.29	63245864.98	546116607.45	740007105.3	0	0
transcript/108366.p1	2	5	68568426.37	153425096.2	154222098.1	229576700.3	0	84172209.47	68568426.37	153425096.2	154222098.1	0	0	0
transcript/108378.p1	2	2	0	0	142894195.44	208406861.66	25737054	34412803.35	0	0	142894195.44	0	0	0
transcript/108403.p1	17	151	2534522916.45	1565297586.79	13745290834.38	7319736320.56	222513971347	218478956493.1	1420869476.5	851550778.58	13537470111.5	7040704154.1	222143700675	218478956493.1
transcript/108406.p1	3	6	126097661.074	331082520.68	344341390.2	222812480.31	123904046	215854762.28	73917521.9	192003815.68	166345576.6	207585051.6	0	79298537.08
transcript/108468.p1	22	58	2498648090.96	2986403101.31	4434222051.11	6789432233.64	727829038	967713086.76	1930111150.59	2353947975.85	2747498976.85	6211334908.14	0	0
transcript/108484.p1	3	5	0	0	0	0	331532672	13682774.08	0	0	0	0	331532672	0
transcript/108499.p1	1	1	0	0	0	54144940.99	0	0	0	0	0	54144940.99	0	0
transcript/108504.p1	1	1	0	0	38282843.13	29950875.25	0	0	0	0	38282843.13	0	0	0
transcript/108528.p1	6	12	46434426.09	0	1446169923.62	1669661794.91	804356364	1538882352.1	0	0	1391721259.6	1429266845	0	0
transcript/108576.p1	2	7	0	0	0	0	597246404	237430065.46	0	0	0	0	597246404	237430065.46
transcript/10858.p1	1	4	1761567450	4869757870	1999771815	2005926216	227885943.4	303058622	0	4869757870	0	2005926216	227885943.4	303058622
transcript/108584.p1	4	6	14821421.239	27317567.606	248641613.34	311379317.78	272411904	158603240.41	0	0	26340565.74	0	168468328	124190661.5
transcript/10860.p1	1	1	0	0	1424131144	1738898195	116063432	126945607.5	0	0	1424131144	0	0	0
transcript/108601.p1	1	1	0	34730442.78	0	0	0	0	0	34730442.78	0	0	0	0
transcript/108666.p1	1	1	29950417.25	58689605.18	116752048.2	177610366.2	58278328	119706805.4	0	0	116752048.2	0	0	0
transcript/108722.p1	1	1	0	0	0	0	19729532	35405738.48	0	0	0	0	19729532	0
transcript/108760.p1	5	11	11248672.97	28512077.789	204498758.45	164964762.21	2335504132	2642174512.42	0	0	46978631.94	0	2335504132	1748460786.7
transcript/108782.p1	1	1	0	0	21157887.27	0	67236544	25864362.27	0	0	21157887.27	0	0	0
transcript/108801.p1	1	1	0	0	63517683.83	0	0	0	0	0	63517683.83	0	0	0
transcript/108814.p1	4	6	0	0	116514682.45	272961898.92	69220648	43533834.874	0	0	43214667.61	272961898.92	0	0
transcript/10882.p1	1	1	0	0	37658028.03	69906238.13	0	0	0	0	37658028.03	0	0	0
transcript/108820.p1	2	4	144204050.36	73497108.11	20152049.62	72478783.64	0	0	144204050.36	73497108.11	0	0	0	0
transcript/108839.p1	4	6	0	0	0	6892760.851	565389992	253685567.44	0	0	0	0	565389992	212004770.27
transcript/108867.p1	1	1	0	0	38870481.15	33884298	0	0	0	0	0	33884298	0	0
transcript/108869.p1	2	2	13427900.99	7210753.647	92167878.43	97584853.2	0	0	0	0	0	97584853.2	0	0
transcript/108890.p1	5	21	585527530.97	655403554.91	418223800.53	470125348.97	0	6855393.281	585527530.97	655403554.91	322746513.08	384614837.9	0	0
transcript/10890.p1	4	8	182803690.6	112560698.95	619898461.82	853303690.3	30557936	41173996.49	126104706.63	48825621.47	245983240.32	568298606.7	0	0
transcript/108901.p1	2	2	0	0	23806312.28	59383207.96	0	0	0	0	0	59383207.96	0	0
transcript/108923.p1	1	1	0	23518981.64	120886132	0	45902816	33317617.34	0	23518981.64	0	0	0	0
transcript/108926.p1	14	34	133061167.03	28318237.905	271754077.38	416301609.54	11396481456	11031042205.29	0	0	57820842.78	279627605.4	11163414928	10782690777.01
transcript/108973.p1	17	30	11558100.177	0	6088504644.11	7846702772.19	227007720	219487973.301	0	0	6070149226.02	5942193234.42	0	0
transcript/108992.p1	1	1	31124806.12	0	0	0	48322012	0	0	0	0	0	48322012	0
transcript/109031.p1	1	1	34179285.65	52388900.18	0	55325433.02	0	0	0	52388900.18	0	0	0	0
transcript/109039.p1	6	14	125561566.852	0	3142805391.72	3134471059.4	319942754	138529435.81	0	0	1875006023.72	3134471059.4	81205608	0
transcript/10909.p1	1	1	93688017.84	7396128.344	369026950	484782942.3	0	0	0	0	0	484782942.3	0	0
transcript/109091.p1	4	5	0	0	530586787.14	554987636.02	344702364	129236585.53	0	0	530586787.14	299881305.7	0	0
transcript/109095.p1	1	2	0	13317579.75	41104815.63	68245929.28	0	42754308.13	0	0	41104815.63	68245929.28	0	0
transcript/109096.p1	4	11	465955182.29	584115074.7	1149429246.7	1454612197.5	21409454	0	430094572.7	584115074.7	847672203.4	718677909.5	0	0
transcript/109125.p1	2	3	0	0	294644081.8	438103605.55	22209096	12031150.06	0	0	294644081.8	339283897.1	0	0
transcript/109144.p1	3	5	58540172.49	79292845.9	67083753.89	70640987.06	249795864	193785605.62	0	0	0	0	205220024	193785605.62
transcript/109206.p1	5	8	354264983.16	382614716.19	822062760.64	397546496.1	295893214.5	261286392.47	219581686.3	119042453.59	97083746.24	110008535.8	188554128	158417051.8
transcript/109210.p1	2	5	0	0	568164471.3	521520209.7	0	0	0	0	568164471.3	521520209.7	0	0
transcript/109212.p1	1	1	0	0	22961756.4	40642143.3	0	0	0	0	0	40642143.3	0	0
transcript/109223.p1	9	13	4810778.103	57350825.595	1438297149.81	1526033934.56	43966654.5	333418523.936	0	0	894722298.76	1255159801.9	0	0
transcript/109226.p1	7	58	1052370769.758	1620614159.591	22443280055.9	26742815152	531532447.5	389672093.915	119391924.6	1619000283.9	22443280055.9	24060374823	49416600	79991038.75
transcript/109229.p2	1	2	0	10164083.84	448570096.2	666986112.4	0	0	0	0	448570096.2	666986112.4	0	0
transcript/109265.p1	1	2	0	0	0	0	60628524	101076750.4	0	0	0	0	60628524	101076750.4
transcript/10927.p1	4	12	985987254.36	644742917.3	455939858.9	356287486.08	592350520	182388677.307	985987254.36	644742917.3	251251976.2	323862730.5	0	0
transcript/109274.p1	1	2	65946102.11	69195381.33	0	117525772.7	0	0	65946102.11	69195381.33	0	0	0	0
transcript/109283.p1	6	11	0	0	487430245.18	645595283.73	0	0	0	0	487430245.18	393670496.33	0	0
transcript/109303.p1	1	1	0	0	42962599.58	84197110.8	0	8812701.014	0	0	0	84197110.8	0	0
transcript/109324.p1	9	23	959207300.06	1761750252.95	2026972757.71	2579833793.78	379165067	302660158.54	637133987.99	761296745.14	1485515586.23	2133903347.8	29560122	0
transcript/109344.p1	15	72	26450639218	23542615782.9	6865967008.1	6356114570.23	756184224	755667684.783	25151359917	23542615782.9	6031912378.7	4510036993.5	307875280	192831064.77
transcript/109411.p1	2	4	0	0	75309043.44	270847528.48	950878496	1438744817	0	0	0	0	950878496	1438744817
transcript/109412.p1	10	20	323234658.22	497879714.92	1151592665.57	993298981.15	52523024	3682918.708	108188902.3	388205876.02	543547568.99	993298981.15	0	0
transcript/109435.p1	3	14	681191483.48	725753954.24	626388060.2	499193603.4	15384346	297414327.9	681191483.48	725753954.24	626388060.2	320332170.6	0	0
transcript/109440.p1	2	5	220394665.69	153590686.65	105591769.19	140811677.61	11037175	16727296.97	220394665.69	81862071.54	52721076.24	82056044.37	0	0
transcript/109441.p1	2	3	3728370.923	4452548.705	122905898.11	125286723.46	62287080	37666368.42	0	0	53142088.13	78644230.97	0	37666368.42
transcript/109470.p1	3	3	0	0	137741235.67	284244276.1	95794084	32452291.9	0	0	38370246.18	181682600.3	0	32452291.9
transcript/109482.p1	1	1	0	0	56247490.18	84306613.35	0	0	0	0	0	84306613.35	0	0
transcript/109488.p1	9	28	2751506077.4	2580385632.7	3540075545	3578866715.2	282901730	171845108.56	2225274162.8	1593814792.2	3197559456.6	2932986419.1	0	0
transcript/109502.p1	1	1	0	48130160.62	0	0	101303320	17834476.16	0	0	0	0	0	17834476.16
transcript/109517.p1	9	25	2225314030.1	2184624277.1	2458850619.7	2583262037.66	169546398	257880244.592	1219761648.7	1389916079.5	1245000067.1	2155093709.2	33119264	0
transcript/109536.p1	8	13	0	0	620044365.28	793937813.837	26418016	51830332.538	0	0	547983455.33	570554664.98	0	0
transcript/109576.p1	3	11	168558355.3	196054403.34	2972271999.2	3194850388.4	6671502220	2954019107.6	168558355.3	0	0	2890639066	5943458508	2009981560
transcript/109624.p1	8	21	2157907620.3	1776359251.88	888083147.69	892451095.58	106516896	606142758	1641764368.1	1487868649.72	545989671.5	329103869.07	0	0
transcript/109654.p1	8	17	665885776.38	595772039.76	1241973909.35	1289534261.39	120379439	75929364.61	256307559.4	290921811.31	801991543.08	1077871142.99	0	0
transcript/109665.p1	2	3	0	21732911.22	455097792.7	596603199.6	0	18215220.69	0	0	211678259.2	596603199.6	0	0
transcript/109667.p1	7	16	52297922.96	107008872.67	1230983079.2	1326765466.16	34344684	126582201.47	52297922.96	55741384.76	1230983079.2	922184052.26	0	0
transcript/10967.p1	10	19	439987456.954	433394766.57	600381648.61	718322414.18	213145272	344343006.78	206790147.46	358710747.53	283371414.09	64061172.77	0	0
transcript/109680.p1	1	2	94158332.24	77476607.88	41846306.8	50491873.92	0	0	94158332.24	0	0	50491873.92	0	0
transcript/109696.p1	1	2	5025200.157	0	82158785.52	111315736.5	37209232	9194433.816	0	0	82158785.52	111315736.5	0	0
transcript/109704.p1	3	10	1126910474.8	933719154.5	552425953.29	749301849	48043100	99374408.76	1126910474.8	933719154.5	224556061.2	567669352.7	0	0
transcript/109729.p1	2	3	42195470.75	0	144606677.66	265617761.1	66379228	56307220.55	0	0	111133394.5	106017647.7	66379228	0
transcript/109742.p1	4	6	1217362.071	39373635.18	113983812.2	121875288.7	258666816	87382899.17	0	0	0	0	258666816	78117061.68
transcript/109780.p1	2	4	0	0	188381393.38	208366715.44	0	0	0	0	188381393.38	87426786.84	0	0
transcript/109826.p1	7	10	0	7365152.179	990389614.59	1163880241.09	487566883	9384895.093	0	0	539451455.98	1016981153.19	0	0
transcript/109837.p1	2	2	0	0	64953768.21	231966189	0	0	0	0	0	231966189	0	0
transcript/109855.p1	4	8	216541632.5	259228363.57	311886959.57	239806941.76	736936348	1328929798	18059252.4	259228363.57	0	0	736936348	1328929798
transcript/109864.p1	1	1	0	0	126321744.4	0	23597370	0	0	0	126321744.4	0	0	0
transcript/10991.p1	7	9	0	0	574072293.77	869059822.72	221793414	333614805.25	0	0	267194025.77	650811405.48	0	0
transcript/109942.p1	11	65	15395303036.74	18829547134.52	15758705521.66	13103741438.37	938788299	1096425846.6	15294034355.76	18790669852.22	13562426681.66	11076981215.67	498659380	595257732.2
transcript/109952.p1	1	1	0	5005850.609	0	0	46448824	9727386.839	0	0	0	0	46448824	0
transcript/109967.p1	3	3	17438867.59	28035391.21	175193516.32	172102587.92	0	0	0	0	117784898.43	54898537.71	0	0
transcript/109971.p1	10	19	132172140.345	309627562.52	460703590.6	514788468.81	2940332462	2889751684.03	0	0	0	434550657.1	2769607726	2070116210.8
transcript/110017.p1	1	1	102800638.1	104997121.6	81403171.48	130193655.8	0	0	0	0	0	130193655.8	0	0
transcript/110024.p1	2	3	0	0	125290804.4	107270111.29	31533602	0	0	0	125290804.4	56666001.96	0	0
transcript/110038.p1	5	7	53514970.32	13061268.06	0	36189827.57	378219806	410509445.61	0	0	0	0	315315922	259889437.03
transcript/110047.p1	2	4	303791805.94	237350495.5	270175556.6	302270239.3	21127930	0	212322986.3	120002460.5	187212230	164479204.5	0	0
transcript/110075.p1	5	14	34261535.76	17393694.75	12610072.38	71204698.22	1348458844	1044648154.13	0	0	0	0	1348458844	935911808.83
transcript/110088.p1	1	1	0	0	107026376.3	85001785.19	0	0	0	0	107026376.3	0	0	0
transcript/110105.p1	2	3	0	0	94417104.12	193236116.25	0	0	0	0	47591382.95	193236116.25	0	0
transcript/110115.p1	1	1	0	0	33504075.86	57841747.93	0	0	0	0	0	57841747.93	0	0
transcript/110176.p1	4	6	0	0	331317745.17	377391569.16	19277100	69355643.59	0	0	331317745.17	171081657.78	0	0
transcript/110195.p1	14	36	705690475.198	537250544.4	1329671374.13	1513529567.86	18450777295	12461761628.57	0	0	976809166.8	1192299898.6	16938623048	12461761628.57
transcript/110215.p1	24	69	1521899461.83	1572403751.9	734816985.87	563630703.09	22493178372	18874540450.96	0	0	221822438.43	208166948.54	21347607996	15803698502.43
transcript/110249.p1	7	12	89603938.13	0	1504059322.02	2538308551.1328	120931482	190182924.166	0	0	1255706962.32	2538041323.8	51749708	0
transcript/110268.p1	1	1	0	0	50612697.24	34941094.01	0	0	0	0	50612697.24	0	0	0
transcript/110275.p1	2	4	0	0	72842404.26	149306876.33	0	0	0	0	72842404.26	149306876.33	0	0
transcript/110314.p1	1	1	500041743.2	1153090542	153643854.1	85785546.85	130401416	151197872.1	0	0	153643854.1	0	0	0
transcript/110321.p1	6	12	21797420.53	251507665.07	1095857583.65	1407402140.2	874838260	618867727.4	0	0	736553046.5	781308606.4	661298948	437096727.6
transcript/110374.p1	6	16	79321122.41	31785564.01	911248866.33	774721143.9	301989890	171066857.317	0	0	858222393.04	630437069	229009568	171066857.317
transcript/110392.p1	1	1	47191471.09	23496947.46	0	0	0	0	47191471.09	0	0	0	0	0
transcript/110433.p1	5	8	67663170.47	122060946.07	55017463.06	112475795.6	441332836	366863270.92	0	0	0	0	398100400	171896363.32
transcript/110458.p1	9	23	3063536514.03	2273320309.6	957876249.6	1058560959.1	182888180	288776551.21	3063536514.03	1597970301.1	507319406.47	589711794.59	0	0
transcript/11048.p1	1	2	0	0	51448493.72	96621171.99	0	0	0	0	51448493.72	96621171.99	0	0
transcript/110501.p1	7	24	1745225203.64	2054494677.19	1394432753.6	1720420722.5	116912442	44558323.99	1499648801.64	1776777657.19	1047037027.9	1642443869.1	0	0
transcript/110517.p1	6	27	5197410896.36	4581133041.32	2935611562.59	3700697391.64	1291205997	1869573541.5	4732755184.26	4162967231.92	2896339774.5	3658431906	555393600	734129206.3
transcript/110542.p1	5	6	332503048.6	0	283858379.4	612857015.93	11576158	18493860.41	0	0	230941289.4	425951633.33	0	0
transcript/110551.p1	3	3	0	0	192518724.47	246683067.9	1055491584	666505589.1	0	0	0	0	431637952	666505589.1
transcript/110554.p1	1	2	0	0	237419141.9	279433210.2	0	45640889.93	0	0	237419141.9	279433210.2	0	0
transcript/110563.p1	5	9	0	0	1529473.714	0	574144740	750237957	0	0	0	0	477691260	731297885.63
transcript/110588.p1	3	7	0	0	53977109.91	83195204.83	1012825584	793491098.8	0	0	0	0	592698192	793491098.8
transcript/110615.p1	13	31	338388197.32	446320316.669	7570135579.5	8848734741.79	823103612	874388272.753	0	0	6948142280	8775119283.6	802546274	288031224.5
transcript/110633.p1	12	38	236576179.58	145379303.56	114810489.53	263635612.1	8949723384	8001515550.21	0	0	71076611.06	0	8949723384	7709661141.11
transcript/110646.p1	3	12	64032449.58	0	265856691.1	279133809.2	5580893704	6804296447.6	0	0	0	0	5580893704	6804296447.6
transcript/110689.p1	3	7	102681823.91	175748450.66	285583815.03	298076752.66	23579110	0	102681823.91	143657099	215374291.93	111142131.7	0	0
transcript/11072.p1	1	1	26263818.47	40418449.11	33823207.38	32376408.41	0	0	0	40418449.11	0	0	0	0
transcript/110720.p1	15	40	2566649535.23	3155432059.68	4755131041.54	3889745176.81	288300864	71005966.653	2415006782.83	2669749395.18	2554015140.84	1687713840.3	69120048	0
transcript/110725.p1	2	3	0	0	377108884.1	181829899.55	0	0	0	0	377108884.1	26177635.25	0	0
transcript/11074.p1	1	1	0	0	73887476.71	128219204.5	0	0	0	0	0	128219204.5	0	0
transcript/110755.p1	1	2	0	0	199992178	190936318.2	0	0	0	0	199992178	190936318.2	0	0
transcript/110761.p1	3	5	0	0	69693189.24	63202241	658617024	438145462.53	0	0	0	0	658617024	384401659.28
transcript/110790.p1	1	4	29168015.6	58698265.4	0	0	320294024	440784417.6	0	0	0	0	320294024	440784417.6
transcript/110799.p1	6	12	121975861.61	635234968.19	209702328.25	179299339.47	572623460	631816559.27	70899004.84	82867053.59	119686490	99740743.41	537023864	376770250.23
transcript/110837.p1	9	43	10776835645.7	15088354345.7	17250332418.2	18200205933.6	2272809133	3232601827.99	9015344174.7	11096969994.7	9408827523.1	12378607365.7	193441816	207435738.54
transcript/110852.p1	4	8	31121476.79	0	1479624263.82	1976848900.97	30223674	0	0	0	1479624263.82	1976848900.97	0	0
transcript/110871.p1	2	9	116532297.469	299055905.85	1293502861.3	2495481211.3	68249224	21181631.22	116532297.469	299055905.85	1293502861.3	799887623.3	0	0
transcript/110876.p1	2	2	24908537.1	148750684.4	28600764.56	100057171.9	14450260	8089037.173	0	148750684.4	0	0	0	0
transcript/110885.p1	18	45	67729021.987	84185930.078	1593125992.28	1691799797.36	7748639616	5076989255.06	0	0	580131108.2	647199540.5	7276133830	4538870304.76
transcript/110906.p1	10	16	79073887.034	58206123.089	2049617110.29	3235719589.2	89600903	168554229.55	0	0	1919750180.8	2716651117.1	0	0
transcript/11092.p1	4	5	906629923.2	420134832.93	1667794102.75	1527499313.06	0	0	0	0	653360298.6	1479305713.23	0	0
transcript/110928.p1	5	8	73539845.36	33303068.48	1812644483.8	1677418724	249944196	285440242.13	0	0	1022013219.6	1293173833.5	84585028	0
transcript/110930.p1	15	44	231655015.56	210158717.73	15553560490.1	22827104222.5	1899444076	1840598868.95	0	0	15016694886.7	22827104222.5	660990336	374925151.5
transcript/110942.p1	3	4	0	0	234479143.46	342388096.85	56938192	0	0	0	105523485.3	342388096.85	0	0
transcript/110943.p1	25	47	208996682.48	163376895.419	753748554.2	855023595.601	8624347279.75	5895789994.1	0	0	52797973.1	0	8416588455.75	4839356898.44
transcript/110956.p1	5	10	431014856	454730005.22	499287885.12	727381997.8	15917955	0	304613878.98	297453500.82	401786183.33	277215125	0	0
transcript/110973.p1	9	25	3295650942.93	3716076197.76	3323865375.97	3487846532.89	195167621	320452538.37	3178403820.33	3605036095.3	1364695441.67	3394571656.21	0	0
transcript/110975.p1	1	1	65068102.74	137762072.5	0	0	0	62855403.21	0	137762072.5	0	0	0	0
transcript/111006.p1	1	2	0	0	0	0	129237069	186812144.5	0	0	0	0	129237069	186812144.5
transcript/111038.p1	1	2	0	68348786.96	46596902.6	71179454.54	0	0	0	0	46596902.6	71179454.54	0	0
transcript/111050.p1	2	2	0	0	9974129.573	0	61760572	75851804.59	0	0	0	0	40764972	20310923.92
transcript/111063.p1	1	2	0	0	34016391.9	0	0	0	0	0	34016391.9	0	0	0
transcript/111064.p1	6	12	0	0	455313574.96	265738195.03	575306472	775552649.28	0	0	365959361.7	225405481.1	409620192	598629272.28
transcript/111073.p1	1	1	0	0	54832596.48	82156195.92	0	0	0	0	54832596.48	0	0	0
transcript/111074.p1	1	1	70365919.65	36974790.84	397955178.9	580539382.8	23407152	0	0	0	397955178.9	0	0	0
transcript/111091.p1	4	10	0	16845896.35	0	0	923444562	1302932190.1	0	0	0	0	923444562	755681360.1
transcript/111093.p1	1	2	0	18560574.1	83572371.79	218563848.5	0	0	0	0	83572371.79	218563848.5	0	0
transcript/111142.p1	1	1	14645731.72	34960619.61	101324131.5	153773486.6	0	0	14645731.72	0	0	0	0	0
transcript/111151.p1	1	1	0	0	81228934.19	133234195.4	0	0	0	0	0	133234195.4	0	0
transcript/111155.p1	1	1	0	0	176378581.2	203052248.2	3255309824	844687771.8	0	0	0	203052248.2	0	0
transcript/111188.p1	4	6	0	0	34905977.97	43842145.93	1360417536	880367789.12	0	0	0	0	1360417536	718883235.4
transcript/111196.p1	18	53	3070368699.71	3667657140.86	6213264337.71	5520418603.63	347554105	382397196.673	2713608843.9	3085865041.69	4258623426.7	3808598560.78	156604008	0
transcript/111206.p1	11	18	8433580.962	3601911.267	3310314425.98	3748867350.66	57527980	144515676.84	0	0	2299091370.28	3331375642.9	0	35559139.14
transcript/111218.p1	4	14	32046464.4	8749733.827	220446801.8	284815041.74	2322740264	2976053794.4	0	0	0	143897582.2	1818591752	2976053794.4
transcript/111229.p1	10	32	11955448406.8	11831565656.99	13962262550.4	15150828475.29	709991648	661956875.15	6968920803.8	8929394303.8	13962262550.4	15124344155.3	409391884	517551344.7
transcript/111259.p1	12	32	2108635183.98	2048283994.2	1185808115.98	1776679972.77	243506802	264378749.6	1201137454.31	1663112633.38	444188542.76	1177665438.25	0	0
transcript/111264.p1	1	1	59401789.69	51446004.46	72421355.22	54925442.98	16823162	16072870.06	0	51446004.46	0	0	0	0
transcript/111317.p1	5	12	415616248.5	499174252.58	503090210.92	602868128.2	70428928	133054814.36	292327625.7	298889801.48	270777122.3	602868128.2	0	0
transcript/111345.p1	3	6	0	0	109975185.14	173965511.8	490382408	428679624.15	0	0	61144429.86	0	490382408	428679624.15
transcript/111375.p1	1	1	0	0	0	1986904683	73414432	41839993.57	0	0	0	1986904683	0	0
transcript/111386.p1	1	1	47128328.82	48828518	0	0	0	0	47128328.82	0	0	0	0	0
transcript/111418.p1	2	2	2987975.621	0	86337029.28	148529960.9	0	28418479.61	0	0	0	148529960.9	0	0
transcript/111422.p1	1	1	24798065.39	34321804.46	24859644.31	5177736.586	0	0	0	34321804.46	0	0	0	0
transcript/111423.p1	1	2	0	0	0	0	535099872	701547938.3	0	0	0	0	535099872	701547938.3
transcript/111434.p1	6	8	0	0	0	0	570688230	528483083.33	0	0	0	0	221749522	528483083.33
transcript/111476.p1	1	1	0	0	0	0	25538152	0	0	0	0	0	25538152	0
transcript/111543.p1	1	1	0	0	45487851.67	46388736.33	0	0	0	0	45487851.67	0	0	0
transcript/11156.p1	3	4	4426440.876	0	205862492.2	295783107	0	0	0	0	165364238.48	167019814.1	0	0
transcript/111567.p1	5	10	11297070.47	0	89763969.72	42019885.72	1631058352	2205584833.5	0	0	0	0	1631058352	1405489886.2
transcript/111608.p1	5	7	10168719.89	0	794979631.89	862069933.75	89108122	90806170.27	0	0	700031236.91	229078106.31	0	47514612.9
transcript/111631.p1	1	1	0	24022410.64	83242498.49	135852491.6	0	0	0	0	0	135852491.6	0	0
transcript/111651.p1	1	2	0	0	83570470.06	116336202.5	0	0	0	0	83570470.06	116336202.5	0	0
transcript/111653.p1	1	1	0	0	28804153.88	42944415.54	0	0	0	0	0	42944415.54	0	0
transcript/111680.p1	8	17	9551470.589	9423597.82	2192249088.2	1989478608.67	607891052	239519379.53	0	0	1718465804.6	1762763518.47	109854676	0
transcript/111681.p1	3	27	5049254539	8175868866	7291054531	8423179809	320574028	376062613.37	5049254539	8175868866	7291054531	8423179809	288746088	187281141.3
transcript/111692.p1	2	2	0	0	50581488.53	117433768	0	8269493.232	0	0	32929217.19	117433768	0	0
transcript/111694.p1	9	15	33658790.96	50073372.37	1437935719.76	2067762040.98	190178236	257098120.47	0	0	839439765.5	1744910111.18	0	0
transcript/111699.p1	1	1	0	0	110103524.1	79171348.39	0	0	0	0	110103524.1	0	0	0
transcript/1117.p1	3	3	1025230625	382610990	162821548.28	223011385.29	690995402	1404156414.87	0	0	93357549.03	33672252.06	19049354	0
transcript/111710.p1	1	1	252552974.7	281596358.2	0	0	0	24561225.06	0	281596358.2	0	0	0	0
transcript/111714.p1	1	1	0	0	0	0	96968840	11746002.49	0	0	0	0	96968840	0
transcript/111745.p1	1	1	0	0	35907279.92	60684430.3	0	4524421.359	0	0	0	60684430.3	0	0
transcript/111751.p1	3	3	0	0	0	15593653.12	379694488	128974738.07	0	0	0	0	379694488	0
transcript/111767.p1	3	5	94731066.59	277948742.4	1005868063	1297776647	250269803	53864021.07	0	0	699652725.3	1297776647	0	0
transcript/111794.p1	10	38	295484708.91	450970340.6	1160005884.47	1969045599.11	14225503026	13686226345.84	112713051.78	342655253.2	1073933254.73	1404587770.78	13954529914	11745162926.74
transcript/111806.p1	6	31	32527054.52	27254179.86	587636827.4	223272495.67	19190235632	15994812530.8	0	0	480535311.6	46842254.67	19009340128	15994812530.8
transcript/111841.p1	2	2	95537922.9	120926721.51	175853738.4	305085197.95	9694977	132882025.6	88263137.05	30787821.45	0	0	0	0
transcript/111869.p1	3	3	0	14576480.82	350433726.81	367574341.2	0	0	0	0	0	367574341.2	0	0
transcript/111890.p1	3	9	404551212.83	389826488.05	434060646	330640100.96	52504366	17168809.26	209094517.23	389826488.05	302318918.9	223212363.36	0	0
transcript/111894.p1	8	16	0	0	2157144715	1922575238.05	137905850	107669593.284	0	0	2157144715	966144061.71	0	9068671.324
transcript/111897.p1	18	35	93783788.185	32101008.592	5294477117.17	4617918523.2	201356240	122506154.769	0	0	5294477117.17	3643333386.2	0	0
transcript/111899.p1	11	32	154644534.991	168780610.46	1185245093.12	1452540830.73	5565610440	6390622543.05	0	43626849.68	882442462.7	1165284698.3	3783328520	5129141354.95
transcript/111907.p1	2	4	112127018.27	110720154.32	84167578.52	38562001.77	0	0	112127018.27	110720154.32	0	0	0	0
transcript/111913.p1	1	1	23671215.94	0	82704445.46	92710999.71	8364186.5	0	0	0	0	92710999.71	0	0
transcript/111917.p1	24	79	1458276308.98	1883258325.21	35853372809.55	40182064095.59	486615393	592910545.095	234421331.02	1089682657.04	32742078795.55	38767345760.2	131984000	174896253.4
transcript/111919.p1	4	10	77704428.74	68384079.47	3719634073	3667608620.09	630932224	805389296.81	0	0	0	0	630932224	376497508.21
transcript/111932.p1	1	2	69654076.07	147049984.5	70251751.64	66133235.67	0	0	0	147049984.5	0	66133235.67	0	0
transcript/111941.p1	3	5	0	0	0	0	360097952	328621161.56	0	0	0	0	360097952	305820661.6
transcript/111954.p1	3	5	0	0	184992837.66	213753728.05	34003268	151338187.1	0	0	184992837.66	136337205.02	0	0
transcript/111978.p1	2	3	0	18085361.48	142490273.6	234633253.3	43385436.5	34212257.73	0	0	142490273.6	234633253.3	0	7659333.19
transcript/112046.p1	2	3	0	0	0	0	538007744	196049525.26	0	0	0	0	159319616	196049525.26
transcript/112124.p1	2	2	0	0	115552452.95	208016683.58	0	0	0	0	0	208016683.58	0	0
transcript/112156.p1	4	10	155949622.95	314216350.5	242526235.17	234006569.89	464818256	172504970.59	0	314216350.5	242526235.17	217512713.4	215921104	172504970.59
transcript/112219.p1	1	5	200739236.7	23484232.46	220290732.8	165502606.5	97282176	0	200739236.7	23484232.46	220290732.8	165502606.5	0	0
transcript/112292.p1	2	4	161605045.52	243505849.06	189638664.39	125543814.56	0	26557230.64	43616819.92	183254390.2	138189729.2	74804068.83	0	0
transcript/112301.p1	4	5	0	0	389861333.45	119191231.586	22471686	0	0	0	389861333.45	57859650.28	0	0
transcript/112308.p1	19	71	1481231065.22	1171268693.4268	5852085082.44	5997440819.9	28371086456	37631898193.68	183451951.8	0	2991781979.12	3226641097.88	28292577072	37398951646.54
transcript/112316.p1	8	14	96694113.496	0	41784296.9	7336223.237	1446536628	1727561936.95	0	0	0	0	1298957548	1598404886.45
transcript/112336.p1	1	1	0	0	60309397.47	41446817.69	0	0	0	0	60309397.47	0	0	0
transcript/112340.p1	5	11	0	0	1145913885.57	962175049.39	408269796	140304737.75	0	0	1130018892.1	944470073.8	345110800	75306799.81
transcript/112362.p1	5	12	17822391.16	29939209.79	536111878.38	797690239.18	412687688	307775324.05	0	0	536111878.38	447093971.6	336222808	267375835.35
transcript/112372.p1	1	2	222630427.8	150650932.8	0	0	0	0	222630427.8	150650932.8	0	0	0	0
transcript/112382.p1	2	2	29732407.43	17301306.83	0	32333665.73	100461808	177887286.33	0	17301306.83	0	0	0	133173744.9
transcript/112422.p1	1	2	0	0	20445656.38	0	0	0	0	0	20445656.38	0	0	0
transcript/112428.p1	1	1	0	0	0	0	62560620	64997053.9	0	0	0	0	62560620	0
transcript/112429.p1	2	2	0	0	181024662.65	179815494.9	11765498	52900543.92	0	0	181024662.65	0	0	0
transcript/112454.p1	6	6	296167620.18	244803681.65	71513772.77	41360752.59	0	0	210107087.16	121846338.53	0	0	0	0
transcript/112482.p1	1	2	300897041.6	285904955.6	190433960	397824749.2	61765772	0	0	285904955.6	190433960	0	0	0
transcript/112515.p1	15	48	1438277917.66	1287800146	1460342380.84	1394379032.3	3894996254	3266896062.99	1208221012.86	916620808.49	839875409.6	617372220.3	3841918196	720429241.31
transcript/112573.p1	3	6	0	0	0	0	969149684	965853633.24	0	0	0	0	969149684	938004964.9
transcript/112577.p1	1	1	0	0	0	824659.0163	2916431	3114228.471	0	0	0	0	2916431	0
transcript/112619.p1	1	2	655688322	425159919.4	237067356.3	361823209.1	0	0	655688322	0	0	0	0	0
transcript/112642.p1	1	3	0	0	0	0	235182480	137803287.2	0	0	0	0	235182480	137803287.2
transcript/112655.p1	1	2	0	0	205353691	257551346.2	0	0	0	0	205353691	257551346.2	0	0
transcript/112665.p1	1	1	0	0	0	5290655.796	31378902	34402812.58	0	0	0	0	31378902	0
transcript/112681.p1	1	3	0	0	63520786.87	90714864.23	0	0	0	0	63520786.87	90714864.23	0	0
transcript/112687.p1	1	2	388091581.4	538948912.2	345188106.7	306161473.2	56761634	70438961.19	0	538948912.2	0	306161473.2	0	0
transcript/112721.p1	2	2	0	0	120972817.63	252581774.45	0	36184369.78	0	0	64920551.65	99751430.25	0	0
transcript/112735.p1	2	2	7251505.242	28477011.06	0	46171297.57	84850038	51223343.49	0	0	0	0	84850038	0
transcript/112743.p1	1	2	0	0	0	0	1812243456	631853448.7	0	0	0	0	1812243456	631853448.7
transcript/112745.p1	18	55	3481924368.14	1119928641.0283	7074374127.65	6560375067.5407	27216357702	29238939907.21	0	134476118.0883	5588711786.25	5450676294.8	20482702352	7172416678.91
transcript/112759.p1	32	176	3977613496.73	2865315472.777	42266649542.41	43778658206.94	103034581283	112407431580.96	3939642607.22	1851448351.7	36513952778.89	33870756526.9	97387741239	110544495006.66
transcript/112769.p1	5	10	2027262691	0	797706350.43	200402960.42	472341734	524616006.93	0	0	157870668.32	68572969.36	385279522	524616006.93
transcript/112775.p1	2	2	132210407.02	60445394.19	86018201.28	86975443.96	0	0	0	60445394.19	0	57449241.51	0	0
transcript/112808.p1	2	2	0	0	70170588.62	71407032.17	0	4446009.24	0	0	0	71407032.17	0	0
transcript/112817.p1	1	1	131123820.5	112134002.3	202903128.4	286125565.6	10525943	0	0	0	0	286125565.6	0	0
transcript/112888.p1	4	12	699144885.72	774437295.16	501627437.55	562951763.81	51070910	57235457.66	643095382.4	706917099.29	501627437.55	441539370.3	0	0
transcript/112911.p1	6	8	505293639.99	308767287.68	511337175.03	327023584.07	41481779	0	196259531.6	182899982.01	402255358.2	0	0	0
transcript/112914.p1	4	5	455303387.76	441380809.5	383763183.38	286335908.87	59443268	64463753.2	221372686.4	200449226.59	0	36666029.6	0	24628385.02
transcript/112926.p1	2	6	208724535.1	336642246.3	574501740.3	576603913.9	27103878	0	208724535.1	219721297.1	574501740.3	353361221	0	0
transcript/112928.p1	1	2	0	0	181536541.4	118860076.3	0	0	0	0	181536541.4	118860076.3	0	0
transcript/112934.p1	1	1	25820201.32	30839797.46	81453660.64	54475217.23	0	15540360.58	0	0	81453660.64	0	0	0
transcript/112945.p1	1	2	0	0	129892772.6	82422962.57	0	0	0	0	129892772.6	82422962.57	0	0
transcript/112947.p1	1	2	0	18469118.65	1041987708	1440677678	251096352	83685897	0	18469118.65	0	1440677678	0	0
transcript/112949.p1	2	9	1416638623.3	827777597.1	2589529756	3070529625	444714538	242741219.4	467604941.1	827777597.1	2589529756	3070529625	420226240	242741219.4
transcript/112954.p1	1	1	0	0	0	23467106.18	470988928	55634750.62	0	0	0	0	470988928	0
transcript/112967.p1	12	28	960341552.423	1228052723.68	2295769455.92	2752041376.06	143109650	74825507.049	280194429	802459521.58	1759870677.16	2235316418.36	0	0
transcript/112970.p1	1	1	0	0	0	0	214215392	371266213.4	0	0	0	0	214215392	0
transcript/112984.p1	2	2	0	0	105260325.26	128188842.01	78818360	129777749.8	0	0	50903122.44	69221903.66	0	0
transcript/112987.p1	12	24	98359536.28	95671793.36	172440621.52	472725070.17	4577970272	4649171987.08	0	0	0	78765883.22	3391742228	4326018703.3
transcript/113000.p1	1	1	0	0	0	0	28716902	7662699.709	0	0	0	0	0	7662699.709
transcript/113004.p1	6	20	62940284.57	43525427.08	222615263.5	213469910.46	8816538952	7577093424.6	0	0	222615263.5	184288027.2	8816538952	4522136195.6
transcript/113070.p1	1	2	0	0	29318806.75	58999840.85	27429340	70115623.23	0	0	29318806.75	0	27429340	0
transcript/113076.p1	4	5	114239291.12	244699245.01	104464664.56	93229133.02	0	0	33789767.66	117819035.01	44374228.94	0	0	0
transcript/113166.p1	4	10	13038458.71	33554915.144	104823126.4	183350263.42	748406256	648665584.714	0	0	0	0	748406256	632811768.894
transcript/113178.p1	15	34	360331906.6	103282581.56	80282627.928	528224240.96	4171593880	4942590276.499	0	0	0	37937246.93	4056684484	4507047810.959
transcript/113198.p1	1	1	0	0	191604116.7	202757137	0	0	0	0	0	202757137	0	0
transcript/113221.p1	4	5	0	0	0	0	227157670	150444517.43	0	0	0	0	227157670	0
transcript/113233.p1	3	4	0	0	445623191.2	417365563.5	23603548	0	0	0	117014758.2	417365563.5	0	0
transcript/113264.p1	3	8	5077050.148	8474846.169	465905012.57	889730700.5	369016000	400748671.2	0	0	465905012.57	638552308.4	253135944	169331492.9
transcript/113283.p1	11	44	96070907.638	125816337.38	257298527.1	420706219.02	5306029100	8917108812.4	0	0	0	0	5306029100	8107243258.2
transcript/113294.p1	12	43	57263697.83	28205700.07	1120477539.355	895474888.61	17605154168.5	22452208997.3	0	0	564060653.82	510450838.02	14683599024.5	22441694195.78
transcript/113331.p1	2	2	0	0	193712105.19	211099704.79	7908825.5	0	0	0	193712105.19	0	0	0
transcript/113332.p1	24	53	967268311.715	1004027823.782	1569180962.31	2279070482.57	5148208261	5300789142.86	623257113.62	624996478.48	596813284.26	937931779.28	3434264341	3080250517.42
transcript/113343.p1	8	10	44632445.832	0	584492883.54	676409907.32	60139884	251438651.57	0	0	435369792.14	228054431.47	0	0
transcript/113366.p1	2	6	992192225	654812165.4	1544742569.7	2419194775	110572986	62076574.1	283976900	235695530.7	1544742569.7	2419194775	0	0
transcript/113394.p1	4	5	0	17383013.57	95433755.72	129798186.1	533830360	518625666.76	0	0	0	0	419142232	176933023.94
transcript/113399.p1	7	11	0	0	1706822985.44	1981975842.6	189577236	156956185.714	0	0	1458803442.9	1726895142.8	58853684	0
transcript/113410.p1	2	2	93917683.35	50076547.91	65696787.55	121149006.49	0	37459736.44	0	0	65696787.55	30369287.4	0	0
transcript/113435.p1	2	4	170124351.79	119502454.84	58569282.9	0	23748094	27154418.36	170124351.79	92353339.35	58569282.9	0	0	0
transcript/113442.p1	1	1	7693380.494	65616628.76	20658567.08	8132019.948	0	0	0	65616628.76	0	0	0	0
transcript/113457.p1	2	3	0	0	45916529.9	67746215.72	0	20780995.698	0	0	0	67746215.72	0	13568193.76
transcript/113459.p1	5	8	48295404.87	51938040.08	350891499.79	254164043.91	165924846	177878509.73	0	0	253011812.7	131842581.7	136287482	177878509.73
transcript/113484.p1	16	35	201326022.35	12784248.39	201703730.844	104215056.06	4413369654	4718173292.49	0	0	18909727.06	0	4148444638	3327444752.2
transcript/113488.p1	8	14	197818546.37	446357599.1262	406542874.9	412036402.464	2429016352	2777776246.9	32324359.84	410536254.3	0	0	1661319648	1906410515.4
transcript/113494.p1	11	16	57611560.77	146290101.55	1827334738.25	2163251357.26	49587928	518253441.573	0	0	1295160195.55	1898490227.88	28345350	0
transcript/113533.p1	1	2	0	0	43107619.04	79790696.3	115042144	124509236.9	0	0	43107619.04	79790696.3	0	0
transcript/113541.p1	6	10	0	0	751564773.54	961756758.35	21825512	41576131.53	0	0	609614403.74	925476494.75	0	0
transcript/113546.p1	2	2	0	0	157843778.83	220799271.54	0	0	0	0	125413567.7	81999072.94	0	0
transcript/113553.p1	3	5	20014017.86	19251026.6	369764658.85	517802287.7	111658616	112583095.201	0	0	286127399.1	517802287.7	0	0
transcript/113565.p1	1	1	0	0	0	79277925.23	0	0	0	0	0	79277925.23	0	0
transcript/113566.p1	15	130	64575938988.243	76900528699.8	66676245171.2	72647461471.4	10339017340	6398035165.48	64566939309.9	76900528699.8	66401869233.5	72580022225	10056135120	6092149976.3
transcript/113572.p1	6	31	389386613.74	134056632.56	1405684939.5	1276518576.04	22476169884	18468402743.8	0	17802362.44	1103840416.8	656013345.7	22476169884	18468402743.8
transcript/113575.p1	9	20	1502319565.87	1716968939.68	731244807.37	762962188.4	183704476	164833557.5	1353853995.77	1124478609.44	615427840.27	395213132.3	0	0
transcript/113580.p1	1	2	0	0	61671013.09	68411222.62	0	0	0	0	61671013.09	68411222.62	0	0
transcript/113620.p1	2	5	107864610.2	26736686.72	0	51296092.05	773306012	1279930155.4	0	0	0	0	773306012	1178486586
transcript/113644.p1	8	27	503117172.62	327416591.057	1134069408.2	1162232408.84	22883153280	22923573422.85	0	0	751643262.3	752864971.7	22572691612	22904451421
transcript/113658.p1	6	15	343383589.85	683907576.45	695265040.99	497435331.34	224606486	278411533.54	243598008.2	660401374.05	470655527.61	124037044.5	0	0
transcript/113707.p1	3	3	181104223.9	161492060.3	386298137.25	879606663.16	14956169	0	0	0	249319341.45	200774821	0	0
transcript/113742.p1	6	7	8961773.598	5536731.023	828053821.87	1021103267.9	120520969	129394890.28	0	0	525040764	654635128.2	0	0
transcript/113748.p1	2	2	0	0	17485774.68	11300079.63	229136436	109686106.86	0	0	0	0	229136436	0
transcript/113751.p1	1	2	18847783.74	15190314.78	494056733.8	1035068276	38899120	24537424.34	0	0	494056733.8	1035068276	0	0
transcript/113789.p1	6	15	0	0	22021823.37	0	2650988972	4388662679.4	0	0	0	0	2589801272	4070918299.6
transcript/113829.p1	5	6	20458238.69	0	549091528.9	584997237.18	14465834	0	0	0	549091528.9	158716360.1	0	0
transcript/113831.p1	6	13	117122430.1	240559777.2	6786929437	6358358456.3	1417373365	1786836767.05	0	0	1293342454	6223045330.6	1310885277	1526711632.65
transcript/113832.p1	2	4	0	0	922259694.2	1297930759.6	0	23912213.49	0	0	807816937.4	1297930759.6	0	0
transcript/113843.p1	7	8	156000526.03	50438693.07	2333054830	2938656736.9	606971054	533519952.29	0	0	1399543828.6	0	300803718	0
transcript/113853.p1	4	8	58717466.11	53631509.65	119413239.81	99678487.35	7508390	6335348.67	58717466.11	19747620.86	105887674.57	11130378.91	0	6335348.67
transcript/113859.p1	2	5	256800664.3	538290254.5	438709164	658603466.67	0	0	256800664.3	0	192659507.5	658603466.67	0	0
transcript/113867.p1	1	1	32187614.85	0	0	31108500.15	0	0	32187614.85	0	0	0	0	0
transcript/11387.p1	2	3	0	0	139599694.58	261711629.28	304117632	34315375.91	0	0	89427603.81	261711629.28	0	0
transcript/113906.p1	3	6	196240520.63	182609675.52	231092591.36	220838251.25	59214700	34225879.01	24850087	123739894.44	90108774.56	100515417.5	0	0
transcript/113907.p1	1	1	0	0	100353978.8	136617344.3	0	0	0	0	0	136617344.3	0	0
transcript/113908.p1	2	4	292920037.2	353792428.8	460591832.2	473989848.1	15181062	46881966.03	162967464	211187358.4	278734951.6	189296884.4	0	0
transcript/113916.p1	2	3	10095596.68	19064959.43	0	0	32939368	31927522.76	0	19064959.43	0	0	17008350	0
transcript/113932.p1	1	1	0	0	0	34572313.14	0	0	0	0	0	34572313.14	0	0
transcript/113952.p1	5	9	3991046.621	0	1119826847	1779525729	41611004	114816145.9	0	0	894838889.9	1463141674.4	0	0
transcript/113955.p1	1	2	0	0	129705554.3	159186769.5	0	0	0	0	0	159186769.5	0	0
transcript/113986.p1	4	6	0	52380049.06	372424787.14	467438980.6	57577256	0	0	0	195134733.09	467438980.6	0	0
transcript/114005.p1	3	8	1767773830.3	1240337662.9	266006140.15	501294440.1	0	53224330.76	858150809.3	1240337662.9	0	340671136.4	0	0
transcript/114007.p1	1	3	94619432.94	84242553.75	201539679	159621731.7	0	11596507	94619432.94	84242553.75	0	0	0	0
transcript/114034.p1	2	2	228988572.1	0	143568637.95	164834118.83	0	0	0	0	0	164834118.83	0	0
transcript/114041.p1	1	2	0	0	27465785.6	43358653.14	0	0	0	0	27465785.6	43358653.14	0	0
transcript/11410.p1	2	2	0	0	87165605.14	17879603.46	0	0	0	0	87165605.14	0	0	0
transcript/114120.p1	3	4	0	0	129823389.23	63149923.9	10362291	0	0	0	98257901.63	39200684.31	0	0
transcript/114148.p1	5	9	0	24314655.45	72545067.26	73038522.52	239464890	290882843.26	0	0	45650279.57	56008135.3	195211086	290882843.26
transcript/114171.p1	15	28	16555576.41	73917613.39	3720522952.7	4299397560.4	295269298	281731386.75	0	0	3567762552.9	2422783382.7	31185066	36391890.36
transcript/114172.p1	1	4	915686762.5	233015601.8	153451440	131119587.4	0	19050681.87	915686762.5	233015601.8	153451440	0	0	0
transcript/114206.p1	2	2	0	0	159036490.89	271001194.19	0	0	0	0	0	271001194.19	0	0
transcript/114222.p1	4	9	0	0	620437034.93	915147949.2	1401022348	2176126809.74	0	0	593436629.2	915147949.2	1044716432	1477640004
transcript/11424.p1	3	3	0	0	128386769.98	167536108.23	0	0	0	0	81856122.2	167536108.23	0	0
transcript/114288.p1	2	3	0	21804766.45	0	9384179.579	294323736	140178906.8	0	0	0	0	294323736	0
transcript/114310.p1	3	5	32766462.73	40376671.53	787078879.7	760681459.1	62283419	28621301.53	0	0	640072139.3	760681459.1	0	0
transcript/114353.p1	13	53	5283393960.87	7146837347.02	5389846619.38	6278098599.69	1886046840.5	901933701.07	4544411374.87	4924453891.02	4250710542.42	5285980959.39	0	0
transcript/114368.p1	2	2	12866889.98	0	66700243.8	99049282.79	107841232	84623701.87	0	0	18694084.75	34331024.18	0	0
transcript/114395.p1	3	5	75213640.45	38403224.26	660409238.1	517525878.5	36119860	17264135.38	0	0	660409238.1	269957062.9	0	0
transcript/114404.p1	1	1	0	0	0	0	0	0	0	0	0	0	0	0
transcript/114411.p1	8	19	1646763836.9	923144080	1840591549.05	3105595727.1	2404102928	2937973236.92	0	0	0	0	2404102928	2905695136.69
transcript/114415.p1	1	1	0	0	79722120.83	115088334.5	0	0	0	0	0	115088334.5	0	0
transcript/114426.p1	5	13	494059889.2	889067368.17	1444235629.11	1455258112	278642179	149826219.18	312685308	716538758.27	740653476.5	1455258112	0	0
transcript/114433.p1	1	2	3155665.097	0	67457018.83	61517087.11	0	0	0	0	67457018.83	61517087.11	0	0
transcript/114436.p1	4	10	0	0	179228048.1	215979889.4	3472037200	4452922778.4	0	0	0	215979889.4	1135842896	4452922778.4
transcript/114464.p1	8	25	1202617163.7	1624684045.1	1562471591.4	1946325079.84	61955069	21315362.277	1202617163.7	1472709313.7	1169441716.8	1917048689.48	0	0
transcript/114480.p1	24	118	26246399701.15	34278633539.1	41072167310.13	40923436127.966	2045006863	1452896119.33	26075520656.5	31486276095	39090147891.4	36307560080.4	1365184397	1169695913.97
transcript/114491.p1	8	14	15220027.76	0	1085094280.76	1383180125	69658677	66416709.94	0	0	874356697.53	1383180125	0	0
transcript/114520.p1	2	2	0	16142777.5	102714565.93	128774511.3	0	0	0	0	0	128774511.3	0	0
transcript/114521.p1	3	9	211933148.28	497978016.93	270241004.9	310467831.4	0	0	211933148.28	464127054.6	270241004.9	177672888	0	0
transcript/114544.p1	1	1	0	0	0	16397746.6	0	0	0	0	0	16397746.6	0	0
transcript/114554.p1	1	1	0	0	37708428.05	64817271.87	0	0	0	0	37708428.05	0	0	0
transcript/114566.p1	2	3	8635556.373	83400389.54	86804595.29	41251105.4	765121600	826734027.3	0	0	0	0	356995840	826734027.3
transcript/114595.p1	1	1	0	0	0	0	2249206.25	2769929.837	0	0	0	0	2249206.25	0
transcript/114600.p1	5	6	0	12536510.65	233704344.42	615521060.5	486124532	475962272.09	0	0	162043427.6	0	352807008	407257058.2
transcript/114621.p1	1	1	0	0	0	0	123288672	143269436.5	0	0	0	0	0	143269436.5
transcript/114622.p1	2	3	0	0	41220795.53	0	939447488	877612032.971	0	0	0	0	939447488	874549410
transcript/114628.p1	6	15	755286716.454	715997017.37	707292821.94	828752946.39	266155696	409127034.98	748631760.19	593663902.1	505601127.81	529774902.59	0	0
transcript/114629.p1	1	1	0	0	22489926.36	88261188.72	0	0	0	0	0	88261188.72	0	0
transcript/114665.p1	4	15	1608442911.91	1915068731.8	504416321.91	626159287.11	36567624	94301455.19	1608442911.91	1915068731.8	360359657.4	469571345.1	0	0
transcript/114710.p1	2	2	5440806.678	4486335.588	118197361.04	136202184.81	0	0	0	0	51717248.56	80518446.1	0	0
transcript/114719.p1	4	9	444615342.2	624190391.54	596271697.3	689185226.9	92956900	297476454.5	225081819.25	402298525.24	596271697.3	211483963.2	0	0
transcript/114752.p1	1	1	0	0	61987056.42	113585534.3	0	0	0	0	0	113585534.3	0	0
transcript/114760.p1	9	53	515939664.03	413474943.57	2785279361.57	3160836155.01	55565861810	44317391669.2	124333165.6	0	1676833433.8	2187745168	54961457010	44317391669.2
transcript/114774.p1	3	8	0	0	630428140	566539877.3	0	49458717046	0	0	630428140	566539877.3	0	0
transcript/114776.p1	3	4	7942983.658	36504010.214	183718472.27	229993172.21	57167450	0	0	0	127218612.67	140034458.82	0	0
transcript/114802.p1	5	10	0	0	2059678487.9	721875045.1	51919896	46380684.16	0	0	2059678487.9	721875045.1	0	0
transcript/114868.p1	5	12	555200768.7	824418991.84	256560860.67	338435184.19	43572036	0	514329744.1	824418991.84	175264935.15	183665518.4	0	0
transcript/114890.p1	2	4	0	0	137397855	247915253.8	617763968	679604084.7	0	0	0	247915253.8	617763968	575191222.9
transcript/114943.p1	11	19	1450713371.16	1131554787.89	1083438523.48	1540181550.81	328209217	340239955.24	1318746544.61	545242777.84	104088292.33	315964036.14	0	0
transcript/114952.p1	8	18	574219538.67	933964636.2	551405264.81	455881155.99	65894082	51602885.96	480119515.2	574909533.85	275510088.89	188118998.27	0	0
transcript/114964.p1	1	2	19455600.26	29425771.43	156026854.4	243611446.2	0	0	0	0	156026854.4	243611446.2	0	0
transcript/114970.p1	2	3	0	0	88374819.38	147369393.82	0	0	0	0	30035670.97	147369393.82	0	0
transcript/115005.p1	1	1	0	0	164475431.4	166518510.7	0	0	0	0	0	166518510.7	0	0
transcript/115022.p1	2	3	0	38417828.06	0	0	140900692	192486289.07	0	0	0	0	140900692	133772922.8
transcript/115057.p1	2	4	0	0	152803562.24	180279180.33	0	0	0	0	152803562.24	180279180.33	0	0
transcript/115063.p2	1	2	0	23280871.47	151762706.1	179414768.7	26402952	111919439.5	0	0	0	179414768.7	0	111919439.5
transcript/115086.p1	2	3	0	0	176292850.6	428757224.5	90520600	16751978.69	0	0	176292850.6	428757224.5	0	0
transcript/1151.p1	1	2	0	0	26304227.03	29352941.01	0	0	0	0	26304227.03	29352941.01	0	0
transcript/115108.p1	1	2	47732595.94	47361372.41	352664521.1	0	0	0	0	47361372.41	352664521.1	0	0	0
transcript/115115.p1	3	4	73743814.029	106112770.21	210198800.11	217131834.61	0	0	0	65012718.81	49991931.81	183169605.41	0	0
transcript/115130.p1	2	3	44188507.41	47331412.23	193530541.18	200937452.07	116594824	12094309.76	0	47331412.23	51461576.58	0	0	0
transcript/115140.p1	10	19	0	20568265.76	2173642966.66	2916116799.39	595891372	478679551.07	0	0	1718633744.4	1768292649.15	417781344	87090744.68
transcript/115143.p1	2	3	0	0	0	0	234822688	232036721.2	0	0	0	0	234822688	116755723.3
transcript/115150.p1	1	1	0	0	212586911.3	95660955.07	0	0	0	0	212586911.3	0	0	0
transcript/115185.p1	1	4	89530432.32	115130188.9	222815114.7	233093086.8	71370336	48726495.77	89530432.32	115130188.9	222815114.7	0	71370336	0
transcript/115190.p1	3	9	0	25318327.82	988533537.1	868743803.5	89869352	153485881.5	0	0	988533537.1	868743803.5	89869352	0
transcript/115192.p1	13	23	80941641.9634	129803525.432	244004563.307	184232105.264	3679471892	3229621844.86	0	0	0	0	2625459044	3064051589.56
transcript/115207.p1	1	1	0	0	218510707.4	274350222.4	0	0	0	0	0	274350222.4	0	0
transcript/115225.p1	8	13	33389465.17	30640991.44	217707714.16	138764984.21	765757744	667023890.089	0	0	0	0	765757744	542750804.033
transcript/115231.p1	7	9	49031921.67	27695187.544	43176620.33	80408419.08	787298988	886445646.66	0	0	0	0	499962732	534146391.09
transcript/115262.p1	13	33	124842125.74	239549158.99	15181231817.6	16439498329.46	2107209736	2438488900.87	0	0	15181231817.6	11030805208	529666544	39741041.75
transcript/115270.p1	3	5	44610952.798	58232018.164	76215977.196	134598360.511	45016895.4375	37688604.7542	2811577.938	58232018.164	0	9370635.811	13357475	0
transcript/115279.p1	2	4	0	0	377226583.2	465054205.09	134661324	176840444.28	0	0	0	0	134661324	176840444.28
transcript/115314.p1	4	10	18869827.2	0	2833528552.7	3310558494.2	238636408	66704596.37	0	0	2070021864.7	3189695415	129791376	66704596.37
transcript/115335.p1	1	2	0	0	137765533.6	121846946.5	98776752	178482118.6	0	0	0	0	98776752	178482118.6
transcript/115455.p2	3	15	110775720.4	165048705.3	3361193225	3844414532	8903491200	3837624098.7	110775720.4	0	3361193225	3844414532	8903491200	3226515210.4
transcript/115462.p1	1	4	620702667.1	511558272.4	233226376.2	310924656.5	20898858	0	620702667.1	511558272.4	233226376.2	310924656.5	0	0
transcript/115469.p1	4	6	113862006.28	122295061.12	169395007.11	183498668.08	147145456	20115831.68	50760170.25	0	169395007.11	68856782.28	0	0
transcript/115475.p1	12	33	1103055468.123	1728514208.499	2587369608.37	2716418760.46	192830090	207606569.78	1015103218.02	1412217980.699	2249620562.8	1756604670.37	0	0
transcript/115517.p1	7	9	0	0	86147777.69	113977824.4	2593792796	3498360723.63	0	0	0	0	2376102328	895724781.4
transcript/115557.p1	3	6	67805568.66	111030413.42	187314133.72	203372317.4	0	0	0	75619957.95	187314133.72	203372317.4	0	0
transcript/115590.p1	5	6	0	0	193146528.03	677716557.66	10542038	0	0	0	80167354.27	677716557.66	0	0
transcript/115609.p1	4	8	114664693.85	328101512.33	398424468.31	369255191.25	0	0	89898637.72	305970649.48	353846988	0	0	0
transcript/115621.p1	1	2	0	0	0	0	63416048	68006565	0	0	0	0	63416048	68006565
transcript/115626.p1	3	5	9881925.699	26465734.52	340073676.1	265168339.7	59317100	489666943.38	0	0	340073676.1	265168339.7	0	37630796.68
transcript/115635.p1	3	5	0	0	1001444882.6	606731968.8	0	0	0	0	1001444882.6	496694147.7	0	0
transcript/115638.p1	62	252	1693940667.477	824794402.204	5442782243.1636	7671215565.419	126863705613	126650144269.789	955055722.9	336656270.1	2422746873.8	5252747161.59	123630486781	120173308220.79
transcript/115652.p1	21	159	2249645694.9	1094065271.03	14812469516.36	17083997051.17	281869805200	256845529817.01	322288703.27	108038635.84	12308460910	14210732196.8	281782317488	256845529817.01
transcript/115669.p1	1	1	0	0	19724417.76	25021275.64	0	6370343.348	0	0	0	25021275.64	0	0
transcript/115680.p1	9	30	18795844.91	52112211.83	619827349.79	939893523.49	23491890436	30661647244.12	0	26999795.52	518752804.1	0	23491890436	22287914933.92
transcript/115728.p1	5	13	467264387.93	358272552.84	321476159.23	203325665.94	207091924	209465682.39	319060044.43	358272552.84	122365726.9	0	141344304	198296220.4
transcript/115730.p1	1	2	0	0	107850868.6	141206122	0	0	0	0	107850868.6	141206122	0	0
transcript/115733.p1	17	68	14249063473.67	16068549886.15	14895877169.8	16578615276.32	885421050	533343482.881	13353240412.37	12789858370.25	14276905367.1	15878128816.22	337068976	173687995
transcript/115779.p1	1	1	19292109.55	10521930.09	120044991.1	169542135.7	0	0	0	0	120044991.1	0	0	0
transcript/115780.p1	4	6	0	0	517132869.77	631328343.53	0	32667463.05	0	0	448386832.06	582398498.99	0	0
transcript/115785.p1	1	2	0	0	0	0	167180272	144002112.7	0	0	0	0	167180272	144002112.7
transcript/115820.p1	12	42	20439209471	16987433587.2	6668471473.95	5802765592.62	325011579.25	506262714.835	14004794844	16987433587.2	4477451181.75	3630573855.7	68538041.25	93516184.435
transcript/115839.p1	2	2	0	0	0	83647422.59	100649104	57143504.91	0	0	0	0	100649104	57143504.91
transcript/115841.p1	1	1	5171579.319	0	33520907	69433147.62	34843720	11803837.38	0	0	0	69433147.62	0	0
transcript/115861.p1	7	13	145187216	95219233.52	736406125.39	1065743599.35	150150506	78230604.28	0	0	578157255.27	999644672.6	40548000	0
transcript/115913.p1	5	7	0	4948926.134	1766606.63	0	856071280	586518970.52	0	0	0	0	690094024	586518970.52
transcript/115929.p1	1	2	0	0	0	0	119908336	161438443.4	0	0	0	0	119908336	161438443.4
transcript/115976.p1	2	2	0	0	122354537.23	127831731.06	135072220	12976966.1	0	0	0	127831731.06	0	0
transcript/116.p1	1	2	0	0	0	0	120094840	0	0	0	0	0	120094840	0
transcript/116071.p1	7	16	0	0	7100758.96	0	1671113980	1898915915.68	0	0	0	0	1619915868	1787272030.18
transcript/116089.p1	2	5	147139816.61	101407014.24	79735123.03	49863165.61	18999084	0	147139816.61	101407014.24	36382941	0	0	0
transcript/116092.p1	1	3	0	0	410002129.8	487258057.3	24864464	0	0	0	410002129.8	487258057.3	0	0
transcript/116108.p1	8	15	251983380.97	358371754.43	836548964.64	686118808.63	874911556	432259031.772	0	212757914.57	149196494.7	648602111.69	517504932	269975253.52
transcript/116109.p1	5	10	226796057.01	309413728.66	1347987513.94	693528104.67	0	0	33700459.13	142350854.94	1115915299.46	433350950.37	0	0
transcript/116113.p1	1	1	0	0	0	0	36696388	30885583.28	0	0	0	0	36696388	0
transcript/116129.p1	2	4	0	0	91402471.35	305357181.02	0	18258152.36	0	0	91402471.35	305357181.02	0	0
transcript/116134.p1	26	77	132683033.202	520390223.925	3167520448.568	1661600511.302	62368471064	54063183514.73	0	0	776624551.3	612167002.9	60065452824	54063183514.73
transcript/116164.p1	4	9	120558934.06	198811549.19	245137612.59	209699151.64	0	13000597.93	103994098.51	167333512.95	175541375.37	0	0	0
transcript/11617.p1	1	2	0	0	32260656	58993053.39	0	0	0	0	32260656	58993053.39	0	0
transcript/116170.p1	2	3	131445253.7	0	71470856.56	289202535.5	258381640	103766700.15	0	0	71470856.56	0	199540144	76968379.59
transcript/116175.p1	6	9	0	0	631697695.82	932602410.75	645786680	1291053547.21	0	0	520616233.8	841663828.3	0	0
transcript/116228.p1	1	3	0	0	70910504.93	37123814.22	66578508	28111008.79	0	0	70910504.93	0	66578508	28111008.79
transcript/116265.p1	18	58	31006087.8	28574340.33	7016381299.742	5203580368.54	7342997082	5231772925.058	0	0	6791883704.9	4765595620.81	6786108458	4815819264.728
transcript/116273.p1	1	1	0	0	58485844.61	99118949.56	0	0	0	0	0	99118949.56	0	0
transcript/116277.p1	4	9	338535167.804	234127557.2	207524936.49	165072418.282	525678724	512449948.09	0	0	0	0	490547808	512449948.09
transcript/116288.p1	1	1	0	8064051.056	121204875.1	117888391.7	52642460	63731979.28	0	0	121204875.1	0	0	0
transcript/116337.p1	1	1	25381233.94	30374548.32	47284024.75	48347100.96	0	6501702.63	25381233.94	0	0	0	0	0
transcript/116344.p1	3	4	51687324.243	26058301.26	304717812.25	523272887.81	157396508	82897086.26	0	15019255.24	71823168.55	0	98229168	49814728.11
transcript/116362.p1	4	9	712722738.97	538909853.07	281627774.13	240029320.5	70304595	55454916.89	481512101.67	302228870.77	164395372.1	240029320.5	0	0
transcript/116366.p1	4	14	94482478.98	0	824212474.7	980157429.1	3818199768	4158290699.2	0	0	824212474.7	584393867.8	3818199768	3679501055
transcript/116408.p1	1	1	0	0	51812780.65	54841914.36	61770960	83266193.67	0	0	0	54841914.36	0	0
transcript/116416.p1	3	4	0	0	221325518.74	368630184.69	168444960	45615324.17	0	0	95562321.84	368630184.69	0	0
transcript/116451.p1	5	21	2105261498.3	1922353078.56	2470112433.23	2619330981.419	540296840	194316946.5	1600239838.1	1439389921.5	2242176382.6	2227625059.2	365006256	62280173.55
transcript/116497.p1	1	1	0	21646294.33	26442715.67	0	0	0	0	0	26442715.67	0	0	0
transcript/116508.p1	2	5	0	0	1422256668.6	1280512629.3	8992688	0	0	0	1256822427	1280512629.3	0	0
transcript/11651.p1	7	11	12190297.16	18342857.11	581152013.34	689528952.15	3297711276	6381381797.212	0	0	454302089.54	316000635.71	69860552	14835080.6
transcript/116520.p1	1	9	2249526714	4992794176	4263064054	3398401023	176755856	335303253.3	2249526714	4992794176	4263064054	3398401023	0	335303253.3
transcript/116589.p1	2	6	205263432.62	194729663.2	141463773.76	181487099.69	0	0	68075571.82	112266354.3	141463773.76	181487099.69	0	0
transcript/116613.p1	16	43	90380789.038	87252878.396	12344731585.17	14415226697.5	873702178	444672082.68	0	21060369.3	11081122079.37	14415226697.5	702698410	242749588.16
transcript/11663.p1	4	7	0	0	773353280.93	1000064432.4	40697956	37907990.89	0	0	449549468.9	1000064432.4	0	0
transcript/116630.p1	5	9	0	0	629001345.53	946880545.59	0	0	0	0	629001345.53	883523580.5	0	0
transcript/11664.p1	1	1	0	0	0	18901254.47	0	0	0	0	0	18901254.47	0	0
transcript/116653.p1	1	1	0	0	0	0	143321904	217333824.2	0	0	0	0	0	217333824.2
transcript/116667.p1	1	1	0	0	43963184.14	61958592.16	0	0	0	0	0	61958592.16	0	0
transcript/116669.p1	3	4	0	0	485373930.3	520357544.75	0	10742143.1	0	0	302344447.9	421318069.2	0	0
transcript/116671.p1	9	19	1624324931	1254876701.528	2335792287.88	2517766602.76	1003717988	1524690574.06	0	0	386123683.5	760957774.4	885404716	1416250652.81
transcript/116674.p1	2	2	0	0	0	172818406.7	0	64071068.75	0	0	0	172818406.7	0	64071068.75
transcript/116677.p1	1	1	17854638.66	23970199.68	45254019.84	84270865.09	0	0	0	0	0	84270865.09	0	0
transcript/116689.p1	3	7	39169496.502	144847961.948	1263552963.3	1716087431.9	0	3322870.472	0	98306262.52	1263552963.3	1303705353.8	0	0
transcript/116702.p1	2	3	0	0	45278500.34	150602908.1	40474856	0	0	0	45278500.34	108763856.8	0	0
transcript/116721.p1	1	2	0	0	127639989.6	163674793.5	0	0	0	0	127639989.6	163674793.5	0	0
transcript/116784.p1	2	3	0	0	271860436.17	293194340.8	38844736	14768063.67	0	0	271860436.17	122511741.7	0	0
transcript/116811.p1	3	8	0	0	72525912.021	66330664.81	2957325646	3603023086.5	0	0	0	0	2628033550	3603023086.5
transcript/116831.p1	1	1	0	21272381.33	538609725.1	615054134.2	101027128	19954947.84	0	0	538609725.1	0	0	0
transcript/116900.p1	1	2	125637101.7	0	0	0	0	0	125637101.7	0	0	0	0	0
transcript/116902.p1	7	10	4836633.948	0	554297096.03	953884734.09	10414748	72669077.91	0	0	472259774.86	570322277.79	0	0
transcript/116921.p1	1	1	0	0	0	53795661.73	107528512	146412287.6	0	0	0	0	0	146412287.6
transcript/116934.p1	1	2	6901131.668	7239719.404	54775107.43	43521331.22	79871344	40582672.97	0	0	0	0	79871344	40582672.97
transcript/116944.p1	5	6	93844228.02	15703672.38	354781593.68	442922766.57	62992976	57135502.86	0	0	188633066.62	350840456.35	0	11685940.75
transcript/116990.p1	1	4	0	285098949.3	150032609.5	222214573.1	0	0	0	285098949.3	150032609.5	222214573.1	0	0
transcript/117031.p1	1	1	0	0	0	0	0	0	0	0	0	0	0	0
transcript/117042.p1	7	25	683180777611.7	3602205859.2	122250444234.5	186525300484	297972444	328570994.76	2408052131.3	3602205859.2	3632196398.6	184490105931	0	259609619.6
transcript/117049.p1	1	1	475239030.1	219073412.4	114778161.2	118878552.5	0	24237724.28	0	0	114778161.2	0	0	0
transcript/117059.p1	3	6	188765076.76	243612587.46	243220785.96	243804712.55	60530861.5	71177279.47	188765076.76	157026367.52	0	0	0	0
transcript/117064.p1	2	4	0	32826339.68	366681058.8	344555231.2	54735144	0	0	0	366681058.8	344555231.2	0	0
transcript/117076.p1	2	5	0	0	49112607.84	69285079.29	337474460	308826034	0	0	0	0	337474460	308826034
transcript/117085.p1	12	26	141890395.17	13306834.32	340844117.68	218194164.58	3776737716	5311889787.6	0	0	0	0	3288434600	5311889787.6
transcript/117090.p1	3	4	26381662.568	0	285721112.98	757702481.8	0	81752355.75	0	0	125176467.28	580414583.7	0	0
transcript/117098.p1	1	7	0	0	103181788.1	126017516.6	5954839296	7742049572	0	0	0	126017516.6	5954839296	7742049572
transcript/117106.p1	1	2	0	0	75606791.13	47656976.2	0	0	0	0	75606791.13	47656976.2	0	0
transcript/117112.p1	16	30	93825796.052	76213377.61	193418710.651	466343999.81	7316737212	9054041189.6	0	0	0	0	6741351164	7822582976.9
transcript/117126.p1	1	2	0	15347237.68	89694906.88	90403939.08	0	0	0	0	89694906.88	90403939.08	0	0
transcript/117141.p1	1	2	0	0	40787286.58	27645696.11	0	0	0	0	40787286.58	27645696.11	0	0
transcript/117145.p1	2	3	12422849.85	7404694.033	245533413.91	0	48305772	0	0	0	245533413.91	0	0	0
transcript/117170.p1	3	6	0	0	227357454.33	237231328.19	20905718	5757273.644	0	0	227357454.33	237231328.19	0	0
transcript/117171.p1	5	9	22826816.79	33153708.13	19814117.32	68267609.89	499114596	532331027.23	0	0	0	0	499114596	440478030.14
transcript/117175.p1	4	8	0	9921349.862	1002369173.1	1151224138.5	457334692	17020697.65	0	0	746148059.5	969184375.5	57593444	0
transcript/117205.p1	7	10	23594700.81	0	1232724917.2	1386658133.75	341064706	315454599.19	0	0	692360254.2	1235699737.45	0	0
transcript/117217.p1	7	10	0	0	167018435.76	76721457.02	1014631968	1154910857.17	0	0	0	0	723127048	830284250.87
transcript/117268.p1	4	19	12798388.27	7107682.706	656833235	565175321.65	39602182656	32136120380.2	0	0	486118881.1	565175321.65	26521008640	19837789278.2
transcript/117308.p1	3	5	99768662.41	154186826.6	396289201.96	443501439.06	57101544	121252863	99768662.41	154186826.6	0	431249969.03	0	0
transcript/117309.p1	4	5	0	7884128.46	213640591.45	355122311.79	26233804	0	0	0	91913433.25	355122311.79	0	0
transcript/117316.p1	1	1	0	0	0	14136446.09	0	0	0	0	0	14136446.09	0	0
transcript/11733.p1	7	12	196513328.19	389905707.62	603685925.59	549027931.7	40389510	13971952.34	76968197.63	211750549.92	224810302.67	265346572.99	0	0
transcript/117343.p1	4	6	250501422.811	107478473.937	533322116.3	858247250.5	264139054	701558793.35	0	0	209675273.2	248810766.3	0	572340565.8
transcript/117359.p1	5	8	29403637.17	37521126.3	754040410.97	669525066.34	0	13934738.81	0	0	426001180.27	521983243.64	0	0
transcript/117363.p1	1	1	0	0	637636442.5	878819279.6	0	0	0	0	0	878819279.6	0	0
transcript/11740.p1	2	3	0	0	72996262.71	129155488.9	348578160	220153416.48	0	0	0	0	348578160	125200002.4
transcript/117408.p1	8	13	315920726.5	354654051	6246989092.4	7605403203.6	225830306	55043544.271	0	0	5593465992.4	6892982188.8	48084168	0
transcript/117466.p1	2	9	853828553.9	1778988754.3	2435406267.5	2589244084.3	147608928	32466360.53	853828553.9	1778988754.3	2435406267.5	1752942800	0	0
transcript/117468.p1	1	1	0	0	6001429.967	0	0	0	0	0	6001429.967	0	0	0
transcript/117488.p1	1	3	0	108553796	80086632.74	97269532.44	0	31176553.97	0	108553796	80086632.74	97269532.44	0	0
transcript/117513.p1	6	11	0	0	57412799.14	206278904.51	2134561808	1021851325.1	0	0	0	72354814.81	2134561808	937089344.9
transcript/117542.p1	1	3	12142420.56	149385343.8	207311837.8	0	12670530	27637060	0	149385343.8	207311837.8	0	0	0
transcript/117573.p1	3	5	0	0	540690673.43	550837625.8	0	0	0	0	305447362.43	490900954.9	0	0
transcript/117581.p1	3	5	0	12761910.42	171555065.97	315104116.62	16064162	44265863.281	0	0	171555065.97	315104116.62	0	22507890.51
transcript/117595.p1	1	1	0	0	213379846.8	223568811.1	0	0	0	0	213379846.8	0	0	0
transcript/117604.p1	2	5	0	0	469285375.5	501897400.3	62798854	58377005.02	0	0	469285375.5	337177214.9	0	45821347.52
transcript/117629.p1	3	4	1141365819	0	138501260.2	197499636.55	33977153	133387911.8	0	0	65213133.27	197499636.55	0	0
transcript/117640.p1	1	2	0	0	0	0	85855176	85230810.36	0	0	0	0	85855176	85230810.36
transcript/117663.p1	7	14	15102002.96	112430756.65	214398345.639	385855078.93	3784108900	3978704678.86	0	0	0	0	3516344488	3978704678.86
transcript/117666.p1	5	9	45539557.446	12198196.7	332194016.97	513721986.77	102355489	8890330.275	0	0	332194016.97	513721986.77	0	0
transcript/117702.p1	7	18	449136436.941	34959764094.33	1014256837.46	1203265685.03	142164109	232074977.09	0	34513074474.19	490361762.36	1117690930.58	0	0
transcript/117748.p1	1	2	0	65378217.56	179236453	258213855.5	0	0	0	0	179236453	258213855.5	0	0
transcript/117763.p1	2	4	104286680.2	83411439.67	137312064.98	131739965.4	0	0	104286680.2	83411439.67	22081161.08	131739965.4	0	0
transcript/117773.p1	1	2	309690070	177116360.8	74908670.38	0	0	0	309690070	177116360.8	0	0	0	0
transcript/117775.p1	7	10	0	36119655.57	863272858.98	1229230361.81	534747128	554323279.73	0	0	398743691.1	996237671.21	50453076	0
transcript/117783.p1	1	1	0	0	93181061.94	35707306.1	0	0	0	0	93181061.94	0	0	0
transcript/117790.p1	4	6	0	0	419651477.86	509237095.33	27234888	84212957.66	0	0	379215624.57	353660513.83	0	0
transcript/117811.p1	1	1	0	0	0	0	81841472	19906958.4	0	0	0	0	81841472	0
transcript/117818.p1	1	1	0	0	174400529.9	159356216.2	0	0	0	0	0	159356216.2	0	0
transcript/117848.p1	1	3	82245283.43	77278659.98	0	18442660.81	0	0	82245283.43	77278659.98	0	18442660.81	0	0
transcript/117881.p1	1	2	0	0	0	0	249851072	63381325.72	0	0	0	0	249851072	63381325.72
transcript/117890.p1	1	4	310963721.1	217017795.8	136866313.7	173049566.2	0	0	310963721.1	217017795.8	136866313.7	173049566.2	0	0
transcript/117892.p1	1	2	0	0	60473243.17	44934516.16	0	0	0	0	60473243.17	44934516.16	0	0
transcript/117901.p1	1	2	0	0	0	0	111588832	46083033.68	0	0	0	0	111588832	0
transcript/117902.p1	23	47	35509288.597	70286583.79	358903981.608	261240180.4	8812735985	8667365841.27	0	0	60270972.39	81338576.9	7495659716	6792954389.98
transcript/117904.p1	3	5	0	0	363355947.87	668496231.59	212194920	11396982.36	0	0	270481777.2	668496231.59	0	0
transcript/117905.p1	16	75	1740636746.848	28314418.543	417423799.985	450252574.6901	21815538826.1	23595615751.97	1690428130.1	0	301195515.88	250861267.4	21594991174.1	23521583573.25
transcript/117925.p1	3	4	0	0	266496851.62	421092789.35	24713206	0	0	0	167886502.16	348831296.3	0	0
transcript/117941.p1	1	1	109368241.8	146647231	106101729.3	115628556.4	0	0	0	146647231	0	0	0	0
transcript/117961.p1	5	52	15462838236.7	26687029307.3	25642123314.7	24295767579.08	2599982362	2038956753.75	15462838236.7	26687029307.3	25642123314.7	24239699377.3	720573792	2038956753.75
transcript/117962.p1	1	2	0	0	105718132.2	145524652.2	0	0	0	0	105718132.2	145524652.2	0	0
transcript/117986.p1	1	1	0	0	0	69354412.09	0	0	0	0	0	69354412.09	0	0
transcript/117988.p1	1	4	0	0	120447639.5	43090969.27	0	0	0	0	120447639.5	43090969.27	0	0
transcript/118029.p1	1	4	0	0	487254813	688335000.5	38519072	10405227.98	0	0	487254813	688335000.5	38519072	0
transcript/118050.p1	2	2	64996795.62	23781932.59	196058675.55	60703052.32	48338608	44155157.31	0	0	196058675.55	0	0	0
transcript/118066.p1	4	7	9391984.571	0	25599403.55	54629376.87	1007604176	1258376985.25	0	0	0	0	958975392	1003498684.19
transcript/118070.p1	1	1	0	0	465212350.8	590730156.5	0	0	0	0	465212350.8	0	0	0
transcript/118073.p1	6	8	116508692.8	85912411.47	714748533.73	811547515.582	36832636	100341097.975	0	0	665890523.89	559155101.62	0	0
transcript/118079.p1	15	84	42583221917.21	38581479683.6	20294077181.66	19281481169.95	1497276569	1109243134.362	42538002861.7	36501614248.6	17522196880.4	18948553847.5	565612576	875385139
transcript/118083.p1	4	7	30000876.15	26234395.77	0	0	936741728	968014413.44	0	0	0	0	936741728	925982699.48
transcript/118089.p1	3	4	0	0	0	0	102795934	51946930.493	0	0	0	0	85751816	32881243.46
transcript/118093.p1	7	15	50406762.12	50702686.62	10212515674.4	12170186932.95	192379746	208779849.16	0	0	10212515674.4	6327180635.6	0	0
transcript/118124.p1	1	1	182419094.9	118601046.7	35282647.35	25945135.18	0	0	182419094.9	0	0	0	0	0
transcript/118155.p1	5	13	399193865.65	353716544.52	422244695.48	374019189.36	0	7396831.453	370347101.54	294758736.83	151120257.5	345168146.79	0	0
transcript/118179.p1	12	19	95116817.12	82923926.9	575920600.96	719172571.21	1802672964	981166523.78	0	0	334501292.1	0	1681350712	762801350.35
transcript/118182.p1	2	3	0	0	126373532.54	101132862.74	34706468	39748488.41	0	0	71525751.96	73319250.97	34706468	0
transcript/118199.p1	3	4	18964825.29	12338172.7	297645432.16	430612812.9	268458592	337701133.76	0	0	102956085.3	430612812.9	0	0
transcript/118205.p1	2	5	0	0	542567075.6	473925778.8	339943168	714150358.9	0	0	542567075.6	473925778.8	0	0
transcript/118207.p1	3	5	18366221.47	19780969.5	0	23034985.04	1205478592	962367514.4	0	0	0	0	759217824	962367514.4
transcript/118224.p1	3	4	0	0	58277219.16	0	136563824	286327645.78	0	0	0	0	58149424	286327645.78
transcript/118243.p1	1	1	0	0	67340856.4	52626519.78	0	0	0	0	67340856.4	0	0	0
transcript/118253.p1	1	2	0	0	200018649.4	193267612.4	0	0	0	0	200018649.4	193267612.4	0	0
transcript/118262.p1	6	9	10261678.78	37440699.418	583769057.68	677418036.2	246535856	0	0	18411674.48	409717104.2	440311267.17	0	0
transcript/118271.p1	2	3	33133967.54	80859266.47	13804991.83	13505251.86	39113028	31844650.85	33133967.54	80859266.47	0	0	0	0
transcript/118288.p1	4	16	992134400.74	736241475.55	902673198.3	924254193.76	32041452	6072952.303	992134400.74	627072690.15	788321293.6	793823933.86	0	0
transcript/118289.p1	2	3	205573058.7	197667640.2	782591117.2	894554532.3	29201646	15415451.7	0	0	180148789.8	894554532.3	0	0
transcript/118314.p1	6	13	90538795.62	159258725.65	814901597.98	1350393472.49	15971460	18454484.697	0	159258725.65	814901597.98	808928272.17	0	0
transcript/118324.p1	3	4	79726723.77	72405654.18	212874441.5	215020011.2	54659416	87449989.13	0	0	212874441.5	215020011.2	54659416	0
transcript/118331.p1	1	1	0	0	88980859.16	114784756.5	0	0	0	0	0	114784756.5	0	0
transcript/118363.p1	19	35	254928934.3	241293713.42	4505140063.37	4877841913.04	443795652	385175610.12	0	0	3427242749.16	4215024856.08	59287456	21570070.43
transcript/118366.p1	11	34	2311043390.36	2844945137.5	3381087306.29	4102309988.48	1302969723	2884496233.95	2078643904.09	2602868474.4	1981172581.3	2153205519.38	0	109786122.52
transcript/118371.p1	3	4	98144293.51	24344411.881	0	245564777.9	134618956	120296640.76	0	0	0	0	134618956	106562564.74
transcript/118373.p1	7	20	76046737.22	68549994.83	7509364479.3	6687771160.1	323638524	156912887.719	0	0	5417855913.3	6687771160.1	136509616	112042055.3
transcript/118388.p1	3	7	0	0	217818852.2	0	1005404696	1032958196.5	0	0	0	0	1005404696	919189549.9
transcript/11839.p1	2	4	0	0	147639994.44	101247109	0	6457334.575	0	0	147639994.44	101247109	0	0
transcript/118399.p1	2	2	125829044.18	141615653.96	0	89613451.11	0	10848911.58	0	141615653.96	0	0	0	0
transcript/118409.p1	6	16	388391358.8	553034962.55	1161081126.65	1023151878.13	0	24192959.09	205668169.86	391892365.45	654562665.8	573776659.8	0	0
transcript/118413.p1	7	10	96289483.79	122221251.96	755275049.06	1061113800.65	31155528	68578395.42	0	0	587819580.01	817439889.15	0	0
transcript/118418.p1	10	34	157005302.077	149943151.61	8042278781.91	10833993188.8	861882868	962023346.671	0	39281805.28	8042278781.91	10676205803.5	520818676	836618500.9
transcript/118459.p1	4	6	0	27096583.304	559435432.02	643833750.77	7143311	0	0	0	559435432.02	225838543	0	0
transcript/118475.p1	10	21	1434299657.81	1794963273.91	785522153.55	857337196.32	357369875	176878242.08	738903388.61	1646179336.31	562274992.3	523198484.3	0	0
transcript/11849.p1	1	1	0	0	0	0	0	65364749.27	0	0	0	0	0	65364749.27
transcript/11850.p1	17	35	110775152.514	26671304.623	3133828762.4	4674541288.67	572332044	303123040.03	0	0	2741137361.4	4674541288.67	57862440	0
transcript/118504.p1	1	1	13405326.53	0	104085796.3	124469701.8	178761024	160333574	0	0	0	124469701.8	0	0
transcript/118531.p1	2	3	102892163.54	152035356.58	0	145955334	0	0	102892163.54	123256192.3	0	0	0	0
transcript/118539.p1	1	1	0	0	0	0	84531936	115535809.5	0	0	0	0	0	115535809.5
transcript/11854.p1	1	1	0	0	0	0	259806688	349372547.9	0	0	0	0	0	349372547.9
transcript/118583.p1	1	1	11513619.54	57974143.95	48581605.64	31789113.98	0	0	0	57974143.95	0	0	0	0
transcript/118592.p1	11	28	398841127.83	491006171.54	540427831.72	698374515.58	1175134004	1658323248.88	145006446.19	433452522.77	60350458.65	36350530.09	961306372	1220195071.7
transcript/118606.p1	2	2	812018.6419	0	63081263.909	46455557.34	21066552	7179215.873	0	0	53494255.79	16809635.87	0	0
transcript/118612.p1	3	4	0	0	399251010.9	569568450.5	0	0	0	0	288719385.8	389530514.5	0	0
transcript/118651.p1	5	6	21460988.16	69484876.45	975465715.17	1410482830.7	28151060	23286438.12	0	0	736645356.68	490805083.8	0	0
transcript/118660.p1	14	44	153485223.74	30660534.752	602916545.16	683526107.95	15524391324	8261077315.258	0	0	546264188.66	0	15331116052	8218925743.33
transcript/118690.p1	1	2	0	20958717.25	28615061.47	49754359.21	0	16232218.62	0	0	0	49754359.21	0	16232218.62
transcript/118730.p1	1	2	133507632	56855308.82	82458850.94	95790843.53	20551118	0	0	0	82458850.94	95790843.53	0	0
transcript/118769.p1	2	13	111318254.5	328484146.2	266932962.77	267477705.1	142742448	154598091.05	111318254.5	328484146.2	266932962.77	267477705.1	120446336	142808291.1
transcript/118789.p1	4	9	0	0	1138114885.41	1364660737.1	276037773	74452148.32	0	0	1138114885.41	1364660737.1	224136008	0
transcript/118793.p1	5	9	266892262.32	213762160.53	280953388.87	173523842.09	18755824	26120887.197	143449282.82	213762160.53	76456931.22	91160804.89	0	0
transcript/118796.p1	1	1	0	0	79448221.14	129530431.7	0	0	0	0	79448221.14	0	0	0
transcript/118842.p1	2	3	51634287.08	84435886.11	0	0	0	0	51634287.08	37815415.93	0	0	0	0
transcript/118861.p1	1	1	0	0	0	0	36055848	10077370.13	0	0	0	0	36055848	0
transcript/118868.p1	20	73	8894336003.1	8684348403.88	6845854668.5	7735551680.5	1015589872	856982620.31	7944403210.8	8330630753.42	5609219017.5	6851296935.2	89383440	13811205.44
transcript/118886.p1	9	27	2198231439.63	3042547687.29	2280984068.22	2575878990.63	155443704.5	153275291.865	1651132642.41	2570027353.69	1385964917.5	2259151609.32	127777764	0
transcript/118908.p1	2	3	0	9137066.682	87075285.82	145743713.71	0	0	0	0	87075285.82	111953541.8	0	0
transcript/118925.p1	1	2	0	0	188078959.3	0	0	0	0	0	188078959.3	0	0	0
transcript/118961.p1	3	4	233967754.1	472765653.9	372845746.1	514115495.03	65800212	27233432.272	0	107398994.7	372845746.1	290586816.1	0	0
transcript/118974.p1	3	4	31050644.14	67315441.68	0	34959926.52	671064520	713483123.2	0	0	0	0	671064520	327592563.4
transcript/118979.p1	3	8	189115644.16	225126016.22	569755005.21	636610990.13	69301712	72965659.47	189115644.16	225126016.22	67758731.29	72532474.23	0	0
transcript/118996.p1	10	18	12620085.15	10617074.12	3286634676.45	3835144562.99	313955118	238664894.666	0	0	1972485082.9	3716952024.19	0	0
transcript/119060.p1	6	20	802948329.83	663088210.14	688921971.607	440264371.131	233409132	38118614	614677456.33	663088210.14	685355699.65	432433763.06	70910928	14110870.5
transcript/119065.p1	6	16	1284201910.33	1705309793.96	1189651325.61	943634731.24	546690172	440072973.69	1059979442.93	1622087153.7	528807797.41	487997086.64	0	0
transcript/119067.p1	10	28	95458187.96	344199946.14	346697324.8	485879919.85	8940448712	12308320379.4	0	0	105955406.6	135951523.69	8940448712	12308320379.4
transcript/119075.p1	3	3	15316842.95	23729418.76	415230895.46	528928873.08	12821935	8654358.989	0	0	415230895.46	0	0	0
transcript/119096.p1	3	8	142915077.06	259957195.13	183033190.27	254159058.01	0	74327714.19	85398887.89	259957195.13	109864600.5	133758090.8	0	0
transcript/119101.p1	6	10	127648875.74	336505679.9	360787259.518	337486173.9	1218827264	1620043728.13	0	0	0	0	1160574156	1240337070.09
transcript/119109.p1	28	50	322266136.353	205198420.44	6784496189.42	7927570269.42	562849412	387423684.647	0	13722606.58	6662801262.95	6316218362.36	110626164	47324560.17
transcript/119143.p1	5	6	177381720.2	102254139.08	267996957.98	319958644.82	235950904	137065705.39	0	0	31460867.12	105695480.6	209298558	32958409.4
transcript/119155.p1	1	1	0	0	39523397.67	0	0	0	0	0	39523397.67	0	0	0
transcript/119205.p1	5	13	1301234849.53	1187034267	287820331.46	350403222.3	23119526	86995368.34	1175552320.23	875958826.9	107838821.5	127555368.8	0	0
transcript/119209.p1	1	1	0	0	75758496.34	92605203.7	16797714	10869139.6	0	0	75758496.34	0	0	0
transcript/119250.p1	1	2	0	0	41819355.76	65324384.38	0	0	0	0	41819355.76	65324384.38	0	0
transcript/119283.p1	1	1	0	0	169757530.3	227159083.5	155694096	0	0	0	169757530.3	0	0	0
transcript/1193.p1	2	2	0	0	62907558.3	75824719.11	27489516	12538865.99	0	0	0	75824719.11	0	0
transcript/119354.p1	2	4	50266068.96	36346475.15	186660754.54	180974653.18	14436191	11701900.72	39979385.85	13486432.02	115576407.1	97815906.87	0	0
transcript/119393.p1	1	1	0	0	45387340.28	43944115.47	0	0	0	0	45387340.28	0	0	0
transcript/119394.p1	39	122	419954290.932	472986343.019	1914550402.2214	2161542200.254	50436914978	42295781696.85	265302955.94	55720694.44	662044044.52	636591648.37	39808984142	39887896246.07
transcript/119408.p1	35	110	574698674.13	650640851.337	49787617200.8	67794744673.46	3659862996	3737747434.08	121649303.18	114239045.27	46098791247.6	64389689178.26	2623506044	2731554772.79
transcript/119412.p1	2	2	0	0	253328246.61	345392370.6	0	24660047.79	0	0	0	345392370.6	0	0
transcript/119413.p1	5	8	230997746.117	231790362.4	74104040.17	74353704.33	833822804	1418591643.99	0	0	0	0	538924084	1337520265.39
transcript/119426.p1	1	2	0	41342111.73	58053995.42	44826076.65	0	0	0	0	58053995.42	44826076.65	0	0
transcript/119451.p1	1	2	0	0	46259405.41	0	0	0	0	0	46259405.41	0	0	0
transcript/119463.p1	4	8	5446271.612	0	42106567.54	130233478.7	3201335754	5118561619.55	0	0	42106567.54	0	3185344184	5072547520
transcript/119484.p1	3	5	9299334.586	0	318920621.67	326416750.43	85540996	81640763.83	0	0	318920621.67	216952876.93	0	0
transcript/119524.p1	1	1	0	0	29731725.69	87887826.43	0	0	0	0	0	87887826.43	0	0
transcript/119546.p1	1	1	0	0	58811778.62	293053934.8	28513072	109577005.8	0	0	0	293053934.8	0	0
transcript/119559.p1	14	58	2828245128.5	3848345696.32	4236710831.7	4057763416.1	612161346	597722587.289	2603584537.6	1967257452.02	4236710831.7	3859924312.3	258907672	419919036.76
transcript/119576.p1	2	5	0	0	227487107.14	225504387.4	0	0	0	0	227487107.14	225504387.4	0	0
transcript/119591.p1	1	1	0	0	0	0	590569152	962199056.1	0	0	0	0	590569152	0
transcript/119649.p1	2	3	13964564.85	0	187165051.84	214063997.07	0	0	0	0	109777590.1	214063997.07	0	0
transcript/119653.p1	2	3	0	0	121113902.03	26334784.1	0	0	0	0	121113902.03	26334784.1	0	0
transcript/119659.p1	1	1	0	3155395.268	12547174.23	0	280661472	249173943.8	0	0	0	0	0	249173943.8
transcript/119688.p1	7	15	59905147.08	0	1801616567.97	2156836561.3	77068524	136483266.44	0	0	1394140706.93	2156836561.3	36826064	0
transcript/119695.p1	5	10	0	4352545.003	1776799086.35	1685834276.9	206937840	191511007.48	0	0	1776799086.35	896774724.6	106097752	73223861.2
transcript/119788.p1	5	8	14562813.33	0	69883030.88	130867322.3	451648667	756793253.11	0	0	0	0	410850775	736835768.78
transcript/119803.p1	3	4	37123002.73	0	361773354.02	372424048.2	67616448	122687893.14	0	0	168860780.92	296043627.17	0	0
transcript/119850.p1	3	3	84013557.72	61240671.52	539026627.94	365996455.68	182328224	117220076.22	0	0	539026627.94	0	0	0
transcript/119852.p1	1	1	0	0	60399920.54	39803437.51	0	5281637.791	0	0	60399920.54	0	0	0
transcript/119883.p1	2	3	0	3312850.254	185028881.31	245750212.51	0	0	0	0	50092888.91	245750212.51	0	0
transcript/119937.p1	6	20	16806902.79	34259956.75	5969970199.64	7180359375.8	965996510	347468003.6	16806902.79	34259956.75	5947828620.5	7180359375.8	363764220	347468003.6
transcript/119951.p1	1	1	15212934	24739830.42	21305969.44	11809937.94	27626354	80095077.5	0	24739830.42	0	0	0	0
transcript/119952.p1	2	9	226414324.34	248930202.4	197854294.63	498406696.05	0	10668697.45	226414324.34	248930202.4	197854294.63	498406696.05	0	0
transcript/119991.p1	1	2	0	0	57864416.96	78767266.12	23889688	0	0	0	57864416.96	0	0	0
transcript/120013.p1	1	2	0	0	38155966.49	62570475.27	0	0	0	0	38155966.49	62570475.27	0	0
transcript/120016.p1	1	1	0	0	0	0	45619716	63605224.71	0	0	0	0	0	63605224.71
transcript/120096.p1	30	80	440817483.37	124802936.5	1385118298.62	1321991833.679	28918285676	28226050474.77	0	0	742471562	830564592.7	28274423124	24898751770.08
transcript/120102.p1	1	2	8155560.344	13923915.4	437452835.3	503633072	58504640	0	0	0	437452835.3	503633072	0	0
transcript/120105.p1	7	8	17516274.11	0	100835920.28	144464241.37	725108908	384928188.043	0	0	0	49167010.69	220447968	214840704.37
transcript/12011.p1	3	4	0	0	186335707.67	197607577.43	0	0	0	0	136344387.13	129647370.78	0	0
transcript/120130.p1	1	3	0	0	22846377.15	0	63465712	65695889.95	0	0	0	0	63465712	65695889.95
transcript/120149.p1	2	4	106395550	90617011.04	12948404.76	0	89341004	4976300.24	80022741.77	90617011.04	0	0	0	0
transcript/120161.p1	5	9	0	0	652901107.9	1043410376.16	90367876	19962006.5	0	0	486519364.5	1043410376.16	0	0
transcript/120169.p1	9	23	11352362.86	42163927.73	6340240781.45	7568406412.97	556550218	653496872.767	0	0	6340240781.45	7568406412.97	414354192	226020237.05
transcript/120183.p1	2	3	0	0	128686304.79	163158560.5	0	0	0	0	73078529.4	163158560.5	0	0
transcript/120184.p1	2	4	30327324.55	68963262.46	119879867.7	41614138.33	46823240	0	30327324.55	68963262.46	119879867.7	0	0	0
transcript/120190.p1	2	3	0	0	100995417.06	182135041.52	0	0	0	0	61067872.59	182135041.52	0	0
transcript/120193.p1	4	11	1211925186.99	967204964.96	832872077.6	904241067.4	116245600	273434339.81	670557250.29	967204964.96	832872077.6	212836714.8	0	0
transcript/120198.p1	10	22	935830646.54	825420383.46	541529381.96	635985249.81	301167680	306979042.3	729342881.02	499641739.35	378406970.21	314623330.8	0	0
transcript/120200.p1	2	3	20914195.98	27938590.58	16120959.44	0	95836366	61668090.98	0	0	0	0	77193832	61668090.98
transcript/120211.p1	2	3	0	0	79201268.25	55605878.07	1455304308	1926878094.4	0	0	0	0	1455304308	47356431.4
transcript/120213.p1	1	3	9473752.134	12242066.83	672017229.6	752913927.9	226318016	132849548.7	9473752.134	12242066.83	0	752913927.9	0	0
transcript/120231.p1	5	7	0	237402505.506	490612618.42	781947851.12	24528590	4692124.589	0	0	319566697.47	781947851.12	0	0
transcript/120283.p1	3	5	0	0	501611796.03	366969452.53	28671526	0	0	0	501611796.03	366969452.53	0	0
transcript/120293.p1	7	11	0	0	31772650.66	28450807.94	797034976	631769283.45	0	0	0	0	571642288	631769283.45
transcript/120301.p1	8	20	0	0	5380819049.5	6368506464.2	373117876	911955486.02	0	0	5380819049.5	5848029868.4	0	85518944.81
transcript/120329.p1	1	1	0	0	97322251.73	81100775.75	81920728	144557103.7	0	0	97322251.73	0	0	0
transcript/120338.p1	2	5	246845312.5	160656721.64	304365992.6	131797868.2	0	13609737.74	246845312.5	85118505.31	122751089.8	131797868.2	0	0
transcript/120339.p1	1	1	10295326.46	9112108.433	0	0	0	0	0	9112108.433	0	0	0	0
transcript/120346.p1	1	2	41941133.03	32627224.36	16636602.44	16520080.89	0	4500572.712	0	32627224.36	16636602.44	0	0	0
transcript/120387.p1	18	50	1558242914.68	3550763312.91	8887945005.484	11415753966.43	789851069	792685873.145	700153227.78	2781427041.76	8238276504.3	11275657617.32	0	0
transcript/120414.p1	1	2	29872701.82	32617782.19	19970880.36	0	0	0	0	32617782.19	19970880.36	0	0	0
transcript/120419.p1	1	2	182160371.9	233296880.9	67408100.29	69278287.12	0	0	182160371.9	233296880.9	0	0	0	0
transcript/120449.p1	1	2	0	6800400.905	43992813.73	68563100.96	0	0	0	0	43992813.73	68563100.96	0	0
transcript/120457.p1	1	1	0	0	0	0	63263700	12911087.33	0	0	0	0	63263700	0
transcript/120472.p1	11	25	25693930.91	72694112.21	2917977633.41	3165970800.94	188911184	117096335.923	0	0	2036663294.21	2941018156.14	119829543	23417199.8
transcript/120482.p1	19	75	5936465628.14	7407935238.73	9959051747.97	9483258833.4	1420656923	1993229428.188	5848101371.4	5867572764.1	9243997458.5	7446493925	142414338	206154200.3
transcript/120483.p1	1	1	5453155.399	0	219594352.5	357488338.2	43623676	53968554.33	0	0	0	0	43623676	0
transcript/120494.p1	8	44	15868034001.25	36769342695.3	29031520915.1	28741924370.86	3664836836	2473133530.99	15791196735.9	36769342695.3	28795256300	18928153743.3	3494253540	1993525651.52
transcript/120515.p1	1	1	0	0	108526355.4	154474030.1	0	16180283.69	0	0	108526355.4	0	0	0
transcript/120544.p1	5	8	17631975.04	39270017.24	2855874631.4	3390531609.4	46928183	103669110.662	0	0	1659085222.8	3390531609.4	0	0
transcript/120567.p1	1	1	0	0	0	0	83076272	38332697.21	0	0	0	0	83076272	0
transcript/120576.p1	5	8	0	5491446.587	320024234.88	419205573.12	15116965	7572182.577	0	0	296202547.47	136884449.64	15116965	0
transcript/120617.p1	1	1	36235251.57	0	151741719.1	110417561.6	0	22376371.84	0	0	151741719.1	0	0	0
transcript/120620.p1	8	15	22377667.58	22735925.54	3793480527.3	4252409772.7	96163358	46596868.68	0	0	3154866800.6	3397046051.6	0	0
transcript/120634.p1	3	3	25570386.16	14989983.4	262846778.72	421491594	2044131328	442891080.86	0	0	168056651.61	225532895.4	0	0
transcript/120639.p1	2	7	211176701.94	254170827.86	127302084.88	139189307.74	6201706	25744240.314	0	254170827.86	127302084.88	11510974.34	6201706	9923155.424
transcript/120647.p1	3	4	103846022.89	98319142.71	170465571.45	217825061.43	54919759	41196935.99	21451797.67	98319142.71	0	0	0	0
transcript/120651.p1	1	1	0	0	0	210930203.9	0	0	0	0	0	210930203.9	0	0
transcript/120656.p1	4	5	0	0	641734830.72	543945785.76	10069420	54107432.93	0	0	197997898.41	482200069.75	0	0
transcript/120659.p1	6	10	492900896.38	696723359.94	425840569.21	459150042.19	44257720	91049912.31	241738016.7	526156365.17	158495517.4	355749728.82	0	0
transcript/120681.p1	12	20	58873507.71	51335339.77	103436874.3	123023760.19	2893510592	2448336729.86	0	0	0	25738656.09	2764532232	1625666044.3
transcript/120692.p1	7	15	13905927.99	0	3200748942.23	4182407409.34	379497526	254355973.356	0	0	3045162507.53	3170545996.34	0	171776795.26
transcript/120713.p1	3	14	1060606755	938628895.5	1271368884.8	823044796.8	28358172	21839576.05	1060606755	938628895.5	946467003.5	823044796.8	0	0
transcript/120753.p1	14	33	1579447222.14	1913994291.72	2023532023.32	1980872202.29	3140816848	3291776394.42	539695823.4	788725583.1	1744418840.2	1265103288.2	1911039648	2113570413.9
transcript/120792.p1	43	453	10097414270.533	6801282515.647	105672456846.91	108697828241.955	360201387124	309377888086.76	7683628703.88	5325711375.86	92850173903.51	103131323251.6	358928599280	299735244130.2
transcript/120804.p1	3	7	130250238.71	0	49842347.99	39320854.89	1676452508	2308476043.7	99334431.6	0	0	0	1676452508	1937776714
transcript/120831.p1	1	2	0	0	29456936.68	41822983.4	0	0	0	0	29456936.68	41822983.4	0	0
transcript/120837.p1	1	1	0	0	103459745.9	61766779.26	0	28560090.99	0	0	0	61766779.26	0	0
transcript/120851.p1	1	2	0	0	120474076.9	122253385.3	0	0	0	0	120474076.9	122253385.3	0	0
transcript/120877.p1	3	6	148109696.73	346998405.14	199485914.22	61998423.24	0	64513668.97	96870732.26	273727529.23	132504667.9	0	0	0
transcript/120883.p1	23	85	10817420066.14	17457881752.69	23973213781.3	26300267497.4	857122416	873109408.771	8500614171.6	14630883892.7	20029662817.8	20118937800.9	94988362	170217877.2
transcript/120897.p1	1	3	282922722.5	172900100	128631952.7	117773884.4	0	0	282922722.5	172900100	128631952.7	0	0	0
transcript/120898.p1	6	8	11947207.3	0	925151151.8	1043253939.98	42808555	57315769.488	0	0	925151151.8	455300905.4	0	0
transcript/120957.p1	1	2	0	0	67509142.3	104094786.7	0	0	0	0	67509142.3	104094786.7	0	0
transcript/120973.p1	3	4	4694096641	4526872902.901	2464034439.54	2840062686.09	49027672	54767121.5	2981262666	0	0	1491786586.09	0	54767121.5
transcript/121031.p1	2	4	0	0	273174003.4	321465697.2	14508481	0	0	0	273174003.4	321465697.2	0	0
transcript/121039.p1	4	4	0	428479.0262	0	0	243643160	374105464.64	0	0	0	0	196934452	25324133.76
transcript/121047.p1	6	10	0	1863766.438	126719268.08	148546960.14	728076048	665155077.21	0	0	0	45860932.17	524502240	472480549.11
transcript/121057.p1	1	9	3676410735	1623175706	2781394019	3286281252	778403040	930858310.4	3676410735	1623175706	2781394019	3286281252	778403040	930858310.4
transcript/121060.p1	1	1	0	0	31323991.56	39198069.04	0	0	0	0	0	39198069.04	0	0
transcript/121063.p1	11	26	1452753477.65	2119880473.9	2893477965.41	2302244611.162	58172784	71820239.67	930736779.11	1243074043.04	2258352947.1	1684782610.4	0	16358874.28
transcript/121083.p1	2	3	0	17095374.21	19946457.17	0	620292976	213629554.94	0	0	0	0	165915920	213629554.94
transcript/121097.p1	10	24	16091108.02	20001884.961	2803598244.94	3427890929.48	313757564	378213621.066	0	0	2803598244.94	3039401822.8	157158672	156620327.38
transcript/121114.p1	7	8	70676629.94	12221821.9771	1184716852.2	833821992.4	306414253	51398706.409	0	0	599100856.4	597433706.8	69170717	0
transcript/121178.p1	1	3	0	0	271364611.7	390291199.7	0	0	0	0	271364611.7	390291199.7	0	0
transcript/121183.p1	11	18	34791670.678	29710211.392	5192058265.17	5442628330.25	657186928	377118696.806	0	0	2311859351.87	4211982410.4	226927960	260924821.5
transcript/121186.p1	1	1	0	51205981.62	24858578.83	40611682.02	0	0	0	51205981.62	0	0	0	0
transcript/121190.p1	16	80	66638307045.7	67605545148.4	58762161047.09	41106296038	6498347200	3986253084.34	64154915550.7	67605545148.4	44624891798	41106296038	6498347200	2201611193.24
transcript/121197.p1	6	9	51211916.396	20081615.257	785919687.86	1043836937.5	15876065	49386385.19	0	0	730155109.1	719984122.5	0	0
transcript/12125.p1	3	8	276142110.13	270327377.67	207688018.99	189046477.27	0	0	0	270327377.67	207688018.99	189046477.27	0	0
transcript/121253.p1	3	4	109718319.06	48753255.95	210474100.64	336381778.5	66419685	155378167.83	92550278.39	0	134563933.04	124700343.9	0	0
transcript/121254.p1	14	46	41831491.63	27081711.52	1233943669.8	987552456.44	21208306670	22802258831.92	0	0	857263862.9	904646603.16	19232676334	21531769568.4
transcript/121267.p1	3	14	2406393282.5	2406908721	2428012105.4	885144274.7	208470864	216176758.2	2406393282.5	2406908721	1528364009.9	885144274.7	208470864	216176758.2
transcript/121284.p1	1	2	0	0	0	0	58805316	65839339.41	0	0	0	0	58805316	65839339.41
transcript/121324.p1	4	6	367478862.8	199642376	745322524.224	883236409.2	316559406	403386145.86	0	0	745322524.224	628637548.9	0	0
transcript/121327.p1	1	1	0	0	56219274.15	0	0	0	0	0	56219274.15	0	0	0
transcript/121332.p1	1	1	44002517.95	96341960.06	168720817.2	159132319.3	43538168	36494746.83	0	0	168720817.2	0	0	0
transcript/121352.p1	2	8	317871534.7	251975577.7	449237585.5	492427772.3	0	0	317871534.7	251975577.7	449237585.5	492427772.3	0	0
transcript/121363.p1	8	31	2605811551.3	2763691861.2	3007740232.1	3027453966.01	970657063	1009224415.28	2605811551.3	2763691861.2	2465570303.4	3027453966.01	0	0
transcript/121370.p1	11	32	367249045.97	695380955.1	19083436111.3	21442398806.8	784314752	1607039520.27	147108499.89	598402588.15	14346277073.4	15724223663.2	373260444	833042331.96
transcript/121375.p1	3	4	0	0	108921078.42	152574993.46	81384470	181080264.73	0	0	108921078.42	86461160.63	48273928	0
transcript/121383.p1	1	1	9663877.517	0	56845248.11	120533969.5	0	0	0	0	0	120533969.5	0	0
transcript/121385.p1	1	1	0	0	25408850.88	51261397.43	0	0	0	0	0	51261397.43	0	0
transcript/121414.p1	4	8	382440842.91	487361374.24	233561250.11	163989895.56	0	0	358059382.44	487361374.24	134888941.7	0	0	0
transcript/121434.p1	9	30	2886138380.3	2615860158.83	1207147713.56	1101442042.62	29408492	3376796.778	2117688306.2	2276133317.43	751623000.09	423662781.93	0	0
transcript/121463.p1	11	20	135146383.23	90165329.745	2567275245.2	3433724548.5	314680197	591900932.372	0	0	1684292649.5	3145677589.5	0	102963011.11
transcript/121464.p1	8	14	0	7068854.889	1845528297.38	2162769433.1	112927927	26948398.06	0	0	1330706754.38	1936596493.4	0	0
transcript/121484.p1	5	7	0	0	420921736.25	617014450.94	209957710	435879718.927	0	0	88734736.16	546206914.65	0	87763728.91
transcript/121516.p1	2	2	22499346.78	24619714.38	132826318.73	155161516.07	0	0	0	0	91699353.07	83370921.6	0	0
transcript/121536.p1	6	18	0	29188081.6	132196378.95	86165790.1	4517085604	5404329344.04	0	0	0	21871976.15	4517085604	5391375413.29
transcript/121538.p1	7	18	32828958.92	152267218.5	1205916842.86	1393342271.98	1073381256	541101123.04	0	0	686668570.9	930843639	724531400	471365378.56
transcript/121570.p1	5	7	27800099.32	51963756.42	743501697.47	833426532.03	67024483	35615053.785	0	0	598772553.7	726789686.93	0	0
transcript/121571.p1	1	1	0	0	0	57874904.44	8716153	14942769.64	0	0	0	57874904.44	0	0
transcript/121601.p1	6	12	185663294.03	133451445.04	451932558.36	623455773.61	841640826	444188676.41	0	0	351548699.5	172124006.3	701529802	412428610.77
transcript/121607.p1	1	1	0	40631661.61	0	0	0	0	0	40631661.61	0	0	0	0
transcript/121615.p1	3	5	136475427.68	127340442.57	120584242.295	31439606.6	93144656	142077227.75	136475427.68	74520811.15	0	0	0	0
transcript/121617.p1	1	3	658541478.8	772210668.6	270985650	1064924955	0	0	658541478.8	772210668.6	0	0	0	0
transcript/121632.p1	3	8	1152631880.35	1134837932.85	137038282.07	99260239.83	0	0	118297074.35	195800843.25	96452608.32	99260239.83	0	0
transcript/121649.p1	2	3	98743905.81	57197844.58	114661744.1	106360799.756	28787262	0	0	0	114661744.1	106360799.756	0	0
transcript/121672.p1	7	26	84816504.73	87444327	1457340248.33	1760228816.55	34718852878	44447820513	0	0	574889355.23	732872534.6	28809926654	29973666326
transcript/121680.p1	1	2	39643278.55	101257492.4	153551060	213831475.8	0	0	39643278.55	0	0	213831475.8	0	0
transcript/121693.p1	1	1	0	44549209.04	90353575.27	28564870.74	0	0	0	0	0	28564870.74	0	0
transcript/121694.p1	3	11	1686274455	1616165750.9	831856387.4	541550476.3	4059505664	0	1263334684.5	1616165750.9	560643464	119524881	0	0
transcript/121721.p1	4	7	0	0	764262764.76	744371191.11	23183700	7031994.391	0	0	437706754.16	744371191.11	0	0
transcript/121733.p1	5	14	501995470.84	1162196136.29	1296517685.1	1235462119.82	58384870	52318086.71	501995470.84	720145681.39	341176211	1150065664.5	0	0
transcript/121766.p1	1	2	155391328.5	111516604.6	48942144.3	26997973.01	0	0	155391328.5	111516604.6	0	0	0	0
transcript/121774.p1	3	4	218798563.84	211471460.66	63917283.25	63319383.558	271951680	219440667.81	218798563.84	48143259.25	0	0	0	0
transcript/121782.p1	3	9	70587533.39	0	106535081.18	101384805.6	2298754784	732877579.59	0	0	0	101384805.6	2298754784	691936672.5
transcript/121798.p1	16	60	1474255633.37	1069418539.77	23594800847.08	23975692815.09	2437325620	1862546112.75	42877669.33	86148135.4	23253303897.82	19031818055.6	1391670304	1313407288.77
transcript/121834.p1	2	3	0	7376315.199	29306541.03	112128586	120094768	229055067.39	0	0	29306541.03	112128586	0	161118921.6
transcript/121860.p1	2	3	0	0	945428719.8	844669386.2	47747868	29751292.4	0	0	945428719.8	325433631.1	0	0
transcript/121871.p1	3	3	0	0	342097483.35	502008525.54	85953188	112060551.76	0	0	232889566.7	180830968.74	0	0
transcript/121938.p1	7	11	0	42806636.13	1649902037.65	1843356880.7	889693168	749513693.62	0	0	1240828511.15	866419884.8	465241808	305974847.37
transcript/121939.p1	9	18	1450037160.85	1343447229.15	801521836.46	849022651.1	153553545	189474119.017	712209472.26	1285500304.87	596764821.95	241397039.4	0	0
transcript/121941.p1	1	1	0	0	33870039.54	39662631.72	0	0	0	0	0	39662631.72	0	0
transcript/121956.p1	20	86	20822127531.26	15022701497.7	17984806311.8	21777884898.5	1472312284	2316132088.46	19714452716.7	14217063491.6	12230227846.4	12191126383.6	718345584	74260672.91
transcript/121997.p1	5	9	0	0	63966453.3	71374588.27	570623016	481577155.33	0	0	0	71374588.27	492802720	454916547.84
transcript/122000.p1	2	3	54680831.93	88295370.78	33827503.24	0	0	0	34999456.77	88295370.78	0	0	0	0
transcript/122003.p1	11	17	56583654.53	58581181.71	230271127.85	198267192.69	3827997768	4948279568.56	0	0	0	0	3312610776	4036199552.56
transcript/122011.p1	2	6	279069239.1	513950739.9	1411309222.1	1727042493.9	0	0	279069239.1	232651744.1	1411309222.1	570355946.9	0	0
transcript/122027.p1	1	2	11751387.32	0	0	0	52923072	106929949.7	0	0	0	0	52923072	106929949.7
transcript/122077.p1	2	3	0	0	89276272.15	200632698.24	23219924	0	0	0	89276272.15	69499851.04	0	0
transcript/122123.p1	2	3	0	0	162598226.9	146449116.17	24144446	37467606.1	0	0	162598226.9	89085505.84	0	0
transcript/122131.p1	1	2	0	0	182681958.7	262638849.6	103016968	96411682	0	0	182681958.7	262638849.6	0	0
transcript/122151.p1	7	11	0	0	1154069504.22	1288601471.83	74128244	157295011.2	0	0	786173368.92	793238438.53	0	82977931.41
transcript/122196.p1	1	2	24700904.95	44512145.21	82728310.44	49596652.96	0	0	24700904.95	44512145.21	0	0	0	0
transcript/122196.p2	1	2	146571180.8	97097906.63	165387921	0	0	0	0	97097906.63	165387921	0	0	0
transcript/122198.p1	29	200	222847830981.314	195414776671.49	132534965192.06	145109421978.77	16720594564.8	18678199407.19	222783317856.37	195250102617.1	118453047686.09	134910447387.7	15915546904.8	17977266982.54
transcript/122216.p1	9	24	114934795.95	110654120.6	3975999378.8	3540663139.4	1330968456	1148689767.67	0	25272033.83	2894047581.6	3171416861.7	666637208	668386512.19
transcript/122236.p1	2	2	0	0	159957695.33	247411767.8	0	35560919.4	0	0	106676611.3	96194036.8	0	0
transcript/122241.p1	3	6	0	0	0	8514411.616	511729696	327223802.9	0	0	0	0	511729696	327223802.9
transcript/122271.p1	7	17	840337467.26	665144885.84	303461173.422	268557262.42	13811186	837204237.1	793895506.26	665144885.84	236464152.16	183219427.18	0	0
transcript/122278.p1	2	12	1580414447.3	2030385231	3396424186	3715421642	98077872	36351324.76	1580414447.3	2030385231	3396424186	3715421642	0	0
transcript/122284.p1	8	22	2549048205.64	2691057051.76	1189801935.57	1186635987.57	63620180	61623134.07	2146371648.3	1968215892.36	522384662	718149463.23	0	0
transcript/122288.p1	6	8	87517334.86	9496809.539	699200309.39	1221754014.29	47305306	6818695.563	0	0	382037057.99	934598560.29	0	0
transcript/122299.p1	2	2	0	0	164375446.41	192404818.81	0	0	0	0	0	192404818.81	0	0
transcript/122308.p1	3	5	321802325.66	181607676.321	90476898.9	100377078.8	18656094	19273514.025	279930795.71	176800095.75	0	65933351.19	0	0
transcript/122313.p1	5	8	12458545.81	11766795.47	36789823.65	86670162.1	1221968832	1090118989.65	0	0	0	0	768884480	1060812205.55
transcript/122328.p1	3	3	6460843.856	2657431.217	272535048.55	144303181.38	246465200	49410691.07	0	0	272535048.55	0	0	0
transcript/122331.p1	6	13	515263417.37	498219445.88	593224707.52	584982615.67	64106552	115670604.17	430679336.12	370777419.18	331986036.8	335189837.7	0	0
transcript/122340.p1	2	5	168231713.03	200745032.4	199924573.31	329834739.8	0	0	80399552.16	142681048.3	199924573.31	190298832.7	0	0
transcript/122350.p1	30	113	20239095982.03	25253330226.681	37226737674.15	41082728971.17	1624751490	932030735.72	14902758370.51	21139690172.481	27778606537.99	35245765468.69	720897166	287091958.91
transcript/122362.p1	2	2	0	0	82570810.9	68442079.01	0	0	0	0	82570810.9	0	0	0
transcript/122367.p1	1	2	0	0	54594222.58	52022355.46	22403920	12572369.88	0	0	54594222.58	0	0	0
transcript/122377.p1	4	5	0	0	179872477.379	164115580.653	83588539	20137531.08	0	0	165402444.459	62138438.8	32816790	0
transcript/122430.p1	4	11	637446960.69	739552315.73	734342814.8	550463280.46	0	33078800.67	637446960.69	449316508.4	598677671.2	262795826.86	0	0
transcript/122444.p1	4	7	0	0	532856863.87	929899734.6	0	0	0	0	331583889.37	929899734.6	0	0
transcript/122447.p1	2	7	0	11551063.66	1180625340.8	1830944715.5	0	29801611.39	0	0	1180625340.8	1830944715.5	0	0
transcript/122451.p1	1	3	0	0	30692441.88	45677444.84	431541348	775858592.4	0	0	0	0	431541348	775858592.4
transcript/122457.p1	3	7	108933994.8	102391948.2	1167670712	373808578.04	239255536	245178758.55	0	0	1151257842.7	350835211.7	239255536	184892372.1
transcript/122496.p1	1	1	0	0	0	0	53308120	57565703.65	0	0	0	0	53308120	0
transcript/122499.p1	13	21	165987329.8	176190406.46	3342967570.26	3740491322.98	202697146	8305739.038	0	0	2800727583.26	2854858491.9	0	0
transcript/122524.p1	5	17	2755305867.1	1190953591.4	1421177226.39	2737636103.805	124619220	43518668.43	2630936561.4	849816767.7	1381219487.76	2737636103.805	0	0
transcript/122561.p1	1	1	0	0	66621358.2	0	85627528	25179126.19	0	0	0	0	0	25179126.19
transcript/122589.p1	29	176	39616636401.32	63765055179	40586839643.333	38105854546.2592	2543683623	3147480879.6	39616636401.32	63418053781.9	39964828919.4	37875751059.9	1915407524	2145504767.2
transcript/122595.p1	4	6	0	0	916848910.24	1290592461.5	141535924	145435627.39	0	0	916848910.24	353030973	0	0
transcript/122610.p1	4	5	0	0	393933394.62	542119558.1	37376419	14414473.44	0	0	87483902.52	542119558.1	0	0
transcript/122635.p1	1	2	0	0	304940976.5	391472924.1	0	0	0	0	304940976.5	391472924.1	0	0
transcript/122655.p1	1	2	0	0	0	0	97895080	228717390	0	0	0	0	0	228717390
transcript/122660.p1	1	1	0	0	35238434.31	0	0	0	0	0	35238434.31	0	0	0
transcript/122662.p1	5	6	0	0	68495266.51	104859018.54	749286656	647087356.398	0	0	0	52079914.86	629914960	104650564.6
transcript/122668.p1	2	5	817733934	497273688.5	154065154.6	399770808.9	151456080	196791653.53	695443731.9	497273688.5	154065154.6	0	0	133991374.5
transcript/122673.p1	24	66	68081033.22	81234287.25	886417058.14	901847062.7366	17027271804.3	22341440031.92	0	0	351860137.04	384263084.51	13180949340.3	21333270539.92
transcript/122680.p1	3	4	164339056.92	102885874.45	98462971.94	0	13649591	0	86065041.46	102885874.45	0	0	0	0
transcript/122683.p1	4	6	0	0	637828355.75	735727785.4	49281428	0	0	0	393038610.65	626121332.8	0	0
transcript/122698.p1	3	5	0	0	0	0	243050436	327470801.18	0	0	0	0	216912258	291997987.95
transcript/122705.p1	2	3	0	0	161148783.7	309115183.3	0	110617505.8	0	0	161148783.7	309115183.3	0	0
transcript/122707.p1	3	6	7708975.771	0	228065431.83	233949502.07	0	0	0	0	228065431.83	233949502.07	0	0
transcript/122731.p1	1	1	0	0	0	32942383.24	0	0	0	0	0	32942383.24	0	0
transcript/122740.p1	1	1	0	18810620.98	107471024	95390397.23	0	32858593.07	0	0	0	0	0	32858593.07
transcript/122742.p1	1	1	0	0	61834260.26	65376670.9	0	0	0	0	61834260.26	0	0	0
transcript/122762.p1	5	15	13522376.15	13158961.7	85407256.48	90841354.25	1081464606	1537791172.4	0	0	85407256.48	0	1081464606	1537791172.4
transcript/122777.p1	12	15	206866605.05	92912020.845	138344502.053	292996754.617	1161007783	1268551973.09	0	0	0	99614053.47	1062402082	964135943.38
transcript/122778.p1	6	13	0	0	694988010.6	707235636.4	141865970	115088407.15	0	0	694988010.6	707235636.4	141865970	31488592.61
transcript/122801.p1	5	8	122251223.2	143242773.23	143822556.76	402572293.78	339544124	441993321.21	0	0	143822556.76	351758603.26	171360500	161442801.26
transcript/122812.p1	1	2	22148197.91	65693487.76	0	23162142.99	0	0	22148197.91	65693487.76	0	0	0	0
transcript/122814.p1	3	4	59244085.44	118723391.1	448483703.4	502126118.55	76649200	126726712.99	0	0	228216988.4	502126118.55	0	0
transcript/122840.p1	1	1	0	0	77882267.45	76196736.15	0	0	0	0	0	76196736.15	0	0
transcript/122843.p1	10	14	233574749.36	196650159.73	2804169361.6	3253278877.5	70963160	71341497.12	0	0	1808302211.7	2414423756.7	0	0
transcript/122853.p1	5	6	0	0	1058993735.8	980224857	74497088	127049331.635	0	0	465316877.8	467683432.8	56636960	0
transcript/122870.p1	3	6	104423043.6	52701303.22	164232231	158924211.49	1009395996	288406889.98	0	0	0	0	1009395996	126884442.58
transcript/122874.p1	2	2	0	0	0	0	204498248	260971016.9	0	0	0	0	87745448	147718006.9
transcript/122885.p1	3	10	0	20234267.24	817018581.5	1259290970.1	114424896	22133128.88	0	0	651559855.1	1259290970.1	0	22133128.88
transcript/122929.p1	4	6	355385246.61	309162535.45	310893678.45	290966645.92	65608516.5	32761632.762	146640053	244056318.2	177346900.06	52980949.61	0	0
transcript/122940.p1	1	2	0	26368550.26	59449625.64	84729026.01	0	0	0	0	59449625.64	84729026.01	0	0
transcript/122948.p1	8	17	976586857.5	1218592987.62	887506520.97	753693672.47	60534678	0	496987905.7	989378503.02	571818640.7	503699460.2	0	0
transcript/122952.p1	3	5	0	296790738.8	3269416686.12	3934695092.7	3266148.25	6985687.83	0	0	3202160995.7	3934695092.7	0	0
transcript/122989.p1	3	6	0	0	15612155.03	36527797.92	882302832	626819686.9	0	0	0	0	882302832	626819686.9
transcript/122998.p1	2	8	94707347.35	100104438.5	0	115515686	1864389456	1208682919.4	94707347.35	100104438.5	0	115515686	1864389456	1208682919.4
transcript/123009.p1	1	1	0	0	54307138.15	103665158.5	19237440	6750180.628	0	0	0	103665158.5	0	0
transcript/123017.p1	2	3	0	0	57622879.272	58921806.768	294672384	52129567.75	0	0	0	0	294672384	52129567.75
transcript/123020.p1	3	4	0	0	512446174.93	495567146.41	106535448	27909416.32	0	0	278481537.93	446784354.2	0	0
transcript/123028.p1	2	3	0	0	139136662.14	165608186.11	0	0	0	0	139136662.14	59587236.41	0	0
transcript/123029.p1	10	18	153004155.4	162224612.51	676542139.64	644822627.5	3058867798	4246602660.56	0	0	312746158.4	0	1838090902	2545397767.41
transcript/123039.p1	4	10	574688948.6	0	28768290.61	71319942.84	1356498972	1801777474.038	574688948.6	0	0	0	1356498972	1801777474.038
transcript/123124.p1	4	5	624202607.2	373197451.5	183456836.18	249183982.83	0	13824826.72	455577657.2	261741780.5	0	0	0	0
transcript/123131.p1	3	3	8432304.448	0	275095066.6	371471752.31	106892444	58360839.64	0	0	177647725.35	150439002.3	0	0
transcript/123182.p1	2	3	22030681.89	35241667.44	114795824.37	154696755.84	0	0	0	0	114795824.37	60520472.81	0	0
transcript/123212.p1	1	3	18420962.67	44911300.97	219206705.7	201656674	0	0	18420962.67	0	219206705.7	201656674	0	0
transcript/123253.p1	3	6	166299148.5	222324939.7	185629640.41	345621460.5	307719776	383079774.5	0	0	0	345621460.5	307719776	43219893.5
transcript/123258.p1	1	4	95716735.31	181829605.9	94982362.89	113326415.9	0	0	95716735.31	181829605.9	94982362.89	113326415.9	0	0
transcript/123269.p1	7	9	77938958.04	69591774.56	1117082085.67	1149468153.58	104341942	65143255.91	0	0	766014111.49	507820269.74	58617228	0
transcript/123275.p1	7	14	0	29515519.8	122990554.69	151488912.12	2179750020	2376116254.96	0	0	0	0	2132745284	1859552373.76
transcript/123290.p1	16	43	19370516197.04	14524993754.56	8280298246.75	7865925057.7	286477669	285530405.462	15489670499	11594089421.7	6896918623.8	6270194020.5	0	42247752.42
transcript/123327.p1	2	2	0	0	80300848.75	131238953.62	20599374	7039843.515	0	0	0	131238953.62	0	0
transcript/123339.p1	5	9	208194744.96	191956263.33	301000434.87	355605632.84	115919775	158829408.89	156021257.14	160936554.29	156109104.1	335361024.83	27955902	0
transcript/123417.p1	1	1	0	0	28737281.42	36820476.17	0	0	0	0	0	36820476.17	0	0
transcript/123430.p1	1	3	34451334.06	72299235.16	71887283.93	87913329.98	25837650	18157867.38	34451334.06	72299235.16	0	87913329.98	0	0
transcript/123435.p1	11	27	221396758.457	319978884.64	7006638866.56	8898765448.5	1036664960	1263094361.48	0	0	4459843269.46	6191442801.2	721426256	550649311.42
transcript/123442.p1	1	1	0	14485966.1	49568084.3	113968501.6	262950720	60585841.53	0	0	0	0	0	60585841.53
transcript/123454.p1	10	33	3450347502.77	3462352624	4061764881.09	3396834177.49	347902964	389776338.163	2727662644.35	3153557725.7	3766390226.6	2348519333.6	0	0
transcript/123465.p1	1	1	35933834.76	20548063.48	34012711.55	39637288.09	34893752	52961176.26	0	0	34012711.55	0	0	0
transcript/123472.p1	1	3	134289906.4	275592193.3	186254931	165367003	0	0	134289906.4	275592193.3	0	165367003	0	0
transcript/123479.p1	3	6	1463542003.05	1482666077.91	962001646.2	973350100.7	0	0	956973973.05	1323918239.21	154309322.9	551614303.7	0	0
transcript/123487.p1	31	149	88363689576.74	121085363291.46	96010826436.27	98083764896.25	6201098812	5834651579.877	71012142369.02	120962049991.81	69262633786.5	69876574331.6	4957355075	3971637265.64
transcript/123503.p1	2	9	0	0	68787697.43	75597788.26	1890916872	2619577891	0	0	68787697.43	75597788.26	1890916872	2619577891
transcript/123518.p1	4	9	456266100.52	646331628.99	367471252.03	685007362.56	0	0	103284782.72	612013069.82	171611408.93	219382963.36	0	0
transcript/123524.p1	8	18	922002912.479	1118964582.23	915832712.84	971810959.58	67908548	216120812.34	509719005.6	1118964582.23	844380674.04	557727546.88	0	0
transcript/123548.p1	3	3	0	8430295.044	169780987.73	199681590.02	41952276	93278903.82	0	0	140361603.8	103079778.53	0	0
transcript/123554.p1	1	1	0	0	197914286.1	311418415.1	0	0	0	0	197914286.1	0	0	0
transcript/123557.p1	2	2	0	0	68073473.55	43019806.73	30271722	10310713.63	0	0	68073473.55	0	0	0
transcript/123572.p1	1	4	49118115.9	128729760	118231728	108261734.9	0	0	49118115.9	128729760	118231728	108261734.9	0	0
transcript/123573.p1	1	1	0	0	0	0	318233216	49599572.18	0	0	0	0	0	49599572.18
transcript/123576.p1	2	7	1069356332.5	930373603.7	580798200.7	73288869.66	124503008	13255914.71	1069356332.5	930373603.7	580798200.7	0	0	0
transcript/123599.p1	6	17	138649825.23	125451945.49	5464102969.9	7026935708.42	1198986248	646538305.82	0	0	3354567793.9	4908423413.42	343789672	413127247.58
transcript/123611.p1	1	2	34376352.36	40853185.56	35588783.02	53674352.85	0	0	34376352.36	40853185.56	0	0	0	0
transcript/123614.p1	1	1	265968258	349336888.6	0	0	27568248	0	0	349336888.6	0	0	0	0
transcript/123619.p1	2	7	757305308.1	1355985358.1	550260726.2	549079733.7	0	0	757305308.1	1355985358.1	130731706	549079733.7	0	0
transcript/123623.p1	2	4	0	0	260852618	153189379	0	0	0	0	260852618	153189379	0	0
transcript/123629.p1	3	3	0	0	64952857.67	151400597.47	212772648	250482901.1	0	0	21389617.85	112321344.33	0	0
transcript/123634.p1	5	8	24774893.3	0	376925225.25	514866556.4	98462656	112221907.3	0	0	222947685.9	514866556.4	0	0
transcript/123639.p1	2	3	0	0	55823165.13	76747473.29	11370194	0	0	0	27458571.35	76747473.29	0	0
transcript/123666.p1	2	2	0	0	383490232.4	415559100.7	0	53091592.34	0	0	0	415559100.7	0	0
transcript/123718.p1	1	3	0	0	0	0	100818562	163108121.1	0	0	0	0	100818562	163108121.1
transcript/123728.p1	3	4	0	0	61859360.52	64246447.51	165858722	187132379.96	0	0	61859360.52	0	0	161863682.31
transcript/123732.p1	6	14	1239874716.69	1162881628.19	1605475126.914	1583451215.839	77165296	17956389.03	648851108.9	836469139.59	1597249451.07	1519130458.41	0	0
transcript/123749.p1	2	2	24651976.46	0	351865405	344491947.37	12062240	21675286.88	0	0	153599248.4	251927393.2	0	0
transcript/123804.p1	1	1	0	0	0	0	238614336	104847111.5	0	0	0	0	0	104847111.5
transcript/123840.p1	1	2	0	0	89233559.69	146724730.5	0	0	0	0	89233559.69	146724730.5	0	0
transcript/123882.p1	4	6	37175210.08	131218795.982	1467056184.4	880969918.12	139247504	98307352.39	0	0	1146059330.6	730706510.3	139247504	0
transcript/123884.p1	2	3	14309920.2	6145320.302	110277816.62	112532578.88	36382044	7566828.861	0	0	0	112532578.88	0	0
transcript/123885.p1	6	10	0	143046729.235	134870909.2	155482329.653	710041848	792844620.68	0	0	0	0	251420832	683934241.88
transcript/123954.p1	1	3	140604254.5	186938188.8	117638338.1	65179486.36	0	0	140604254.5	186938188.8	0	65179486.36	0	0
transcript/123979.p1	1	2	0	0	0	0	244854512	311354600.8	0	0	0	0	244854512	311354600.8
transcript/123980.p1	1	2	0	0	47028717.84	62298120.61	0	0	0	0	47028717.84	62298120.61	0	0
transcript/123983.p1	4	6	30961077.17	24453102.42	389850088.72	445553104.34	0	61467432.77	0	0	389850088.72	284807988.5	0	0
transcript/124086.p1	5	6	213414192.3	203022842.95	269062430.52	398627330.52	21048856	0	126697421.02	81907545.96	58005505.61	0	0	0
transcript/124089.p1	3	8	95516175.72	131866294.3	0	33160753.34	1575170080	2097393952.71	0	0	0	0	1575170080	2097393952.71
transcript/124153.p1	1	1	0	0	0	0	251283056	172833305.5	0	0	0	0	0	172833305.5
transcript/124185.p1	1	1	0	0	117180896.2	47490342.3	84141488	10656730.14	0	0	117180896.2	0	0	0
transcript/124208.p1	1	1	25373547.6	13152732.69	38522142.42	71217079.58	55120252	13510936.31	0	0	0	71217079.58	0	0
transcript/124225.p1	1	2	0	36643705.37	714402548.8	843036330.7	0	0	0	0	714402548.8	843036330.7	0	0
transcript/12429.p1	1	3	0	0	303277100.9	299377575.2	0	9774267.801	0	0	303277100.9	299377575.2	0	0
transcript/124297.p1	9	31	1569440888.631	1467251172.28	1804403758.09	2300370052.12	370726532	322304379.33	1464295672.231	1467251172.28	1613338704.75	2104494576.4	0	0
transcript/124322.p1	2	8	77649257.49	111478656	284959670.6	322722784.5	0	0	17223434.01	111478656	284959670.6	322722784.5	0	0
transcript/124367.p1	2	5	71630267.18	427959669.7	203668607.7	54524585.1	98253520	108101988.2	0	427959669.7	203668607.7	0	60528204	0
transcript/124388.p1	5	15	81838206.19	117741507.87	8296449068.79	9774882722.9	857433360	617498875.7	0	0	8296449068.79	9774882722.9	200179024	131421823.7
transcript/124404.p1	1	2	26600105.46	18933450	48207988.36	65572792.41	0	0	26600105.46	18933450	0	0	0	0
transcript/124409.p1	2	10	443526700.41	362783523.6	271941030.4	298849677	93035852	60588142.18	431084325.8	362783523.6	271941030.4	0	93035852	60588142.18
transcript/124422.p1	3	4	262595668.5	101992263.8	368273972.06	545033624	27386612	0	0	0	300526430.4	434248099.9	0	0
transcript/124430.p1	1	1	0	0	0	86974148.08	124286732	158150310.9	0	0	0	0	0	158150310.9
transcript/124435.p1	4	5	0	0	396345338.99	389567956.12	37346161	3263284.991	0	0	81047919.87	389567956.12	0	0
transcript/124436.p1	4	5	0	0	276385963.81	792181541.5	31142190.5	19497557.76	0	0	173083560.31	792181541.5	0	0
transcript/124441.p1	2	3	0	0	247777324.9	302379252.6	0	0	0	0	137101864.7	302379252.6	0	0
transcript/124476.p1	25	143	11927516495.29	14762364203.68	16862019258.61	13925371939.28	6420175287	6462821711.8	9845570999.49	13632929609.58	15556804540.87	12215995287.07	4937680419	5282826389.61
transcript/124481.p1	9	17	82976366.093	18018038.27	2637834049.5	3302265604.23	148621248	219091242.91	0	0	1769172344.3	2756215196.43	0	0
transcript/124486.p1	1	1	0	0	64794838.13	22818084.86	852049280	105912845.6	0	0	0	0	852049280	0
transcript/124504.p1	1	1	0	64655531.53	141555990.6	296697716.7	0	0	0	0	141555990.6	0	0	0
transcript/124523.p1	1	1	38341898.48	35904282.6	37091079.78	30662326.66	40265172	10337979.77	0	35904282.6	0	0	0	0
transcript/124538.p1	5	9	0	34447041.74	435476405.67	619445143.505	25071118	0	0	0	435476405.67	619445143.505	0	0
transcript/124559.p1	4	9	49905675.08	69025668.18	2355859309.4	2699262211.4	61856072	42668755.18	0	0	2355859309.4	2699262211.4	0	0
transcript/124578.p1	2	2	16191189.95	0	248433098.26	337384780.48	211749760	75543787.51	0	0	170310678.3	99028769.88	0	0
transcript/124613.p1	14	60	9114635961.128	11485089605.759	15062080028.42	14285062575.06	423708091	477775178.65	8448012488.89	11481550336.08	14184501034.2	14100697929.01	157125248	148435686.4
transcript/124615.p1	6	12	0	0	26473211.22	31288864.2	1376045908	1320851529.12	0	0	0	0	1227936468	1320851529.12
transcript/124649.p1	6	15	791629286.5	906395992.1	1080006232.29	905064368.6	537484476	1127495848.1	705740585.69	216764362.3	86676220.2	437378687.5	128086396	440996658.2
transcript/124653.p1	1	3	0	0	16978843.34	0	112095696	183590608.9	0	0	0	0	112095696	183590608.9
transcript/124667.p1	1	2	0	0	50929856.99	121935489.2	0	0	0	0	50929856.99	121935489.2	0	0
transcript/124679.p1	7	10	5293966.174	44832588.04	1125419912.28	1609829781.88	23668564	421098240.44	0	0	514710920.1	1609829781.88	0	0
transcript/124681.p1	1	2	0	0	54174479.92	65723612.42	130495768	150491537.6	0	0	54174479.92	65723612.42	0	0
transcript/124693.p1	2	2	0	35583968.25	62031938.04	129573806.99	16731253	0	0	0	62031938.04	0	0	0
transcript/124713.p1	2	3	0	0	176789659.91	219862719.01	86043552	200403753.292	0	0	116722478	219862719.01	0	0
transcript/124736.p1	1	1	37308985.12	63811470.25	0	0	0	0	0	63811470.25	0	0	0	0
transcript/124754.p1	1	2	0	0	137259954.3	176849492.8	0	0	0	0	137259954.3	176849492.8	0	0
transcript/124768.p1	4	6	90130245.52	0	211510022.1	160970908.44	0	17389270.97	0	0	211510022.1	118802197.09	0	0
transcript/124770.p1	4	9	592831371.83	710610167.4	229469496.7	234579768.47	29369640	91671002.7	592831371.83	710610167.4	0	0	0	0
transcript/124788.p1	1	5	51895761.98	38046371.05	48095064.81	25558317.91	204367264	228077007.3	51895761.98	38046371.05	48095064.81	0	204367264	228077007.3
transcript/124803.p1	4	8	0	55147567.69	712997583	941407163.38	108901002	324396926.81	0	0	712997583	892464745.8	0	0
transcript/124820.p1	7	33	3190771821.3	3265777417.94	1815420509.04	1600872332.27	9366506	27218457.543	3190771821.3	3265777417.94	1704440530.5	1106325448.12	0	0
transcript/124829.p1	13	39	2041542988.584	3522643624.77	3546284797.7	4831454677.11	227256961	384108759.97	1467330852.11	2954504097.89	1973854706.5	2639729793.19	65058576	37394648.89
transcript/124830.p1	1	2	18185086.7	23181442.3	41917982.4	56029316.14	8851746	10322631.49	18185086.7	23181442.3	0	0	0	0
transcript/124836.p1	2	3	0	0	103771709.9	149033926.62	0	0	0	0	59068244.39	149033926.62	0	0
transcript/124875.p1	3	6	9238514.169	0	239607283.03	241716751.1	15459755	86300853.61	0	0	164602252.8	241716751.1	0	0
transcript/124881.p1	4	8	905479431.24	892266899.35	319944385.68	227364334.96	32916674	20094123.15	833978105.6	892266899.35	30185654.87	0	0	0
transcript/124908.p1	1	3	214863149.3	138270569.5	125037000.2	86395459.11	0	0	214863149.3	138270569.5	125037000.2	0	0	0
transcript/124920.p1	4	7	0	0	642240626.57	750125004.44	0	0	0	0	397013229.47	750125004.44	0	0
transcript/124926.p1	2	3	0	0	154520469.79	232271140.3	18304654	0	0	0	52278941.59	232271140.3	0	0
transcript/124937.p1	8	12	32972505.924	0	6653480821.2	4088761677.9	498449048	535899184.241	0	0	5208593137.2	3793142147.4	0	0
transcript/124942.p1	34	126	807257626.632	418666364.79	3169991452.21	3906934611.311	84538080570.5	85203997202.14	79873440.61	98131247.32	2398394738.14	2349885215.52	80871054014.5	83346118954.3
transcript/124968.p1	1	2	0	0	69529303.21	90126645.52	0	20506022.24	0	0	69529303.21	90126645.52	0	0
transcript/124991.p1	11	27	1039635259.72	1427162149.21	2124414075.49	1922019058.53	217353998	81028344.22	868519180.2	976353601.23	1757428829.4	1714371064.1	33067770	29437762.6
transcript/125020.p1	1	2	0	0	282824192	243731240.5	20196242	9870432.316	0	0	282824192	243731240.5	0	0
transcript/125083.p1	1	1	0	0	287461045	488475925.1	55160604	0	0	0	0	488475925.1	0	0
transcript/125085.p1	2	2	19305323.92	0	123756165.54	45525336.02	0	0	0	0	123756165.54	0	0	0
transcript/125108.p1	25	170	33876478084.1	40092550366.26	30174059128.58	28456816228.85	6968780889	8835962582.224	32360180814	38900741313.95	26151427438.5	27001213844.9	5935724650	7601183080.5
transcript/125115.p1	2	3	0	0	155731352.29	155608406.88	0	0	0	0	155731352.29	47788153.48	0	0
transcript/125121.p1	1	1	0	0	0	0	1083070080	1113171696	0	0	0	0	1083070080	0
transcript/125135.p1	2	2	0	0	146715220.04	151622363.6	0	0	0	0	47108620.1	151622363.6	0	0
transcript/125145.p1	1	2	0	0	91385576.54	75597858.82	0	0	0	0	91385576.54	75597858.82	0	0
transcript/125184.p1	6	12	0	0	67265793.35	60691683.43	652035856	814296802.86	0	0	0	0	652035856	755276708.31
transcript/125186.p1	9	16	9901678019.47	6359987160.05	4723778801.72	8258698190.65	1651305924	1687475348.11	0	0	0	343385985.76	1405263412	1687475348.11
transcript/125195.p1	2	6	545839412.36	513644221.69	402668168.9	376385716.81	0	74381633.26	85102760.86	82985903.09	402668168.9	57689126.41	0	74381633.26
transcript/125197.p1	6	10	16036290.09	0	731759207.56	1085071241.32	0	0	0	0	713557540.74	891754540.92	0	0
transcript/125238.p1	2	3	0	0	45207741.65	237987309.71	0	0	0	0	45207741.65	237987309.71	0	0
transcript/125240.p1	4	7	243361488.18	340845423.19	125633393.38	442166679.3	18471044	27802771.09	67551317.76	340845423.19	54234694.22	310314433.8	0	0
transcript/125252.p1	1	2	34747618.57	36414391.25	40410409.19	28776272.28	0	0	34747618.57	36414391.25	0	0	0	0
transcript/125269.p1	3	6	224283990.45	300317574.07	64687305.64	78255233.53	16506731	0	138163975.61	300317574.07	0	34949854.69	0	0
transcript/125313.p1	3	4	41812544.807	34576320.04	91152126.75	159419662.34	0	4165681.691	0	0	91152126.75	78786643.09	0	0
transcript/125374.p1	1	4	699025344.6	915128567	9404413852	13476341089	25131514	54528292.67	699025344.6	915128567	9404413852	13476341089	0	0
transcript/125412.p1	1	1	16715531.84	50863416.49	47599265.78	57624657.25	0	0	0	50863416.49	0	0	0	0
transcript/125420.p1	6	14	0	47292560.55	222427565.58	54674631.34	1694360196	1842918070.9	0	0	0	0	1694360196	1722651868
transcript/125425.p1	10	22	1755171348.72	2362857766.65	2346247911.3	2177319358.43	134812199	253354018.96	1112309835.5	2293875942.9	1387333448	504313671.8	0	0
transcript/125440.p1	4	5	12144013.56	9132245.556	0	0	569157052	307134308.43	0	0	0	0	569157052	141785764.1
transcript/125451.p1	1	1	6666180.401	11348170.73	25397763.13	0	0	0	0	11348170.73	0	0	0	0
transcript/125473.p1	1	1	21044260.09	0	156101293.5	145049604.9	38649864	0	0	0	0	145049604.9	0	0
transcript/125491.p1	2	3	0	0	267552607.46	303305057.17	104702952	136354501.9	0	0	267552607.46	207417618.1	0	0
transcript/125494.p1	1	1	0	0	45577538.49	59224593.89	42016392	9635586.245	0	0	45577538.49	0	0	0
transcript/125510.p1	2	4	0	0	99417715.53	134206552.62	0	0	0	0	99417715.53	134206552.62	0	0
transcript/125512.p1	1	2	10200198.15	25245302.42	65444210.13	103928087	0	0	0	25245302.42	65444210.13	0	0	0
transcript/125533.p1	12	35	1837943157.6	2777723407.98	2474216154.95	2495855726.1	142232508	269066291.88	1775367557.29	2451856649.18	1452704063.86	1302042763.7	0	0
transcript/12558.p2	2	3	0	37364663.21	125776992.9	149257150.94	49766624	22100939.63	0	25301221.23	63712941.99	72884655.68	0	0
transcript/125582.p1	1	1	0	0	34335321.78	66805091.18	0	0	0	0	0	66805091.18	0	0
transcript/125596.p1	6	7	22514174.33	75893142.2	789399089.2	1466374483.1	44557344	59465924.927	0	0	565337876.1	847833144.3	0	0
transcript/125601.p1	2	3	201466024.96	461860266.8	104838574.7	0	0	0	40854009.46	0	104838574.7	0	0	0
transcript/125625.p1	1	2	0	0	6976553.978	5709047.367	0	59578268.7	0	0	6976553.978	5709047.367	0	0
transcript/125639.p1	2	2	0	0	572689563.8	566206026.1	39576767	13995664.81	0	0	258286814.1	291459788.4	0	0
transcript/125658.p1	16	64	5916960003.073	11098852528.46	20426796804.9	12381993615.773	5754200466	3899918579.85	15372735.99	107175231.3	20426796804.9	11761364764.1	4401091736	3316352781.98
transcript/125666.p1	3	8	109527096.9	167302345	219239022.36	161272416.7	123373052	8706160.013	109527096.9	167302345	51999294.26	161272416.7	41925252	0
transcript/125695.p1	1	1	22127791.85	33805010.67	0	26050811.26	0	0	22127791.85	0	0	0	0	0
transcript/125697.p1	8	11	195870021.61	257438506.4	230295831.2	12475633.781	1501710876	1246974454.43	0	0	0	0	1210662396	1080567531.33
transcript/12570.p1	1	2	0	0	126491443.9	172261712.3	0	0	0	0	126491443.9	172261712.3	0	0
transcript/125700.p1	2	2	172792565.9	271993699.15	114424384.7	86241798.06	0	7045996.827	140998024.5	19062457.55	0	0	0	0
transcript/125712.p1	25	122	50817367425.7	53561320223.2	26157596807.51	23222349642.8	9281175749	11390848355.998	42765808395.3	50366751658.4	21126994485	20034706723.8	8775709754	0
transcript/125715.p1	1	1	0	0	0	0	277376992	248691051.9	0	0	0	0	0	248691051.9
transcript/125734.p1	4	4	0	0	359546337.77	381395985.12	0	0	0	0	227523664.47	164198392.5	0	0
transcript/125767.p1	1	2	140147604.7	54283219.69	144273839.2	179024266.1	0	0	0	0	144273839.2	179024266.1	0	0
transcript/125771.p1	1	1	56151051.04	121673093.7	30182655.83	18830601.1	0	0	0	121673093.7	0	0	0	0
transcript/125775.p1	2	7	0	0	1110198513.5	1182063593	22519350923	31254675615.5	0	0	0	1182063593	22191541407	31254675615.5
transcript/125777.p1	9	28	329231979.615	457225421.59	2500115142.3	2959896488.19	1055890068	753753867.12	166020800.83	225002310.72	2331028718	2204458567.68	486320356	431414987.19
transcript/125820.p1	1	1	0	0	84060529.94	78631403.94	0	0	0	0	84060529.94	0	0	0
transcript/125823.p1	1	1	0	0	36580083.92	54259095.52	0	0	0	0	0	54259095.52	0	0
transcript/125852.p1	2	2	0	0	66669078.61	118039844.39	0	0	0	0	66669078.61	0	0	0
transcript/125863.p1	1	1	0	1067030.52	18525425.3	2091265.528	4212354	23079638.77	0	0	18525425.3	0	0	0
transcript/125876.p1	8	15	7305958.737	49473974.25	25832590.14	28232284.97	1587544904	1934585129.64	0	0	0	0	1587544904	1685194407.9
transcript/125880.p1	1	1	0	0	70240400.7	82887087.8	23437146	44520628.11	0	0	0	0	0	44520628.11
transcript/125910.p1	6	19	624943778.83	822388807.93	855814783.92	939901754.94	43463184	77576520.485	607257430.05	822388807.93	410949592.32	590601490.92	0	0
transcript/125911.p1	6	13	2965020598.325	2441917040	1825879250.36	1411421260.02	12207374	24359632.582	2722031535.27	1167383731.3	1187433317.1	1288445035.62	0	0
transcript/125930.p1	7	15	415585192.26	901853496.19	2268642324.16	2551407257.3	3139613151	1823675650.73	304945415.26	519914199.2	1388874182.66	1839113798	3123547104	1801502291
transcript/125987.p1	4	5	0	0	0	0	367730868	485597918.38	0	0	0	0	203146692	351197795.98
transcript/126.p1	1	1	0	0	42377410.88	59287600.19	13119567	0	0	0	0	59287600.19	0	0
transcript/126001.p1	4	12	454318147.2	488211048.66	849068487.5	852079543.01	0	22250621.53	454318147.2	265226221.5	849068487.5	108338292.6	0	0
transcript/126009.p1	1	1	0	30451075.08	36722509.72	0	0	11133127.93	0	0	36722509.72	0	0	0
transcript/126023.p1	9	18	12834856.997	84932941.09	3158040159.61	3746863797.46	145973254	78006986.018	0	0	2466639165.51	3648617829.68	88774832	68485342.55
transcript/126028.p1	1	3	0	0	101082102.7	70149824.86	20153306	0	0	0	101082102.7	70149824.86	20153306	0
transcript/126051.p1	1	1	0	0	31618742.33	33044858.44	0	0	0	0	31618742.33	0	0	0
transcript/126052.p1	20	44	328310129.55	405587563.34	6715494721.227	9421027403.171	2012013028	1903225389.523	0	0	5650402973.59	6642718246.5	1394574548	1554215907.18
transcript/126066.p1	10	29	542642975.725	66090115.486	6577555363.3	8289954670.48	1307874186	1584513532.73	0	0	5944433825.5	8250594664.2	697629490	475700334.84
transcript/126074.p1	1	3	423696201.8	224759731.8	133991521.6	167570017.4	0	0	423696201.8	224759731.8	133991521.6	0	0	0
transcript/126080.p1	1	2	0	0	0	0	103998960	176346122.2	0	0	0	0	103998960	176346122.2
transcript/126081.p1	3	5	0	0	73446562.47	86559016.78	201851200	228108656.42	0	0	0	0	138973048	228108656.42
transcript/126083.p1	1	1	0	20323261.19	10157091.25	8579378.188	38500224	30559536.88	0	0	10157091.25	0	0	0
transcript/126086.p1	1	3	329256751.7	480812118.4	433741885.9	502115389.3	42512284	53126901.8	329256751.7	480812118.4	0	502115389.3	0	0
transcript/126088.p1	1	2	0	0	48363883.32	51084382.42	0	0	0	0	48363883.32	51084382.42	0	0
transcript/126093.p1	1	1	123582137.2	0	126358208.4	220567669.9	0	0	0	0	126358208.4	0	0	0
transcript/126112.p1	1	2	0	0	73592649.52	106124704.3	129622984	39853268.17	0	0	0	0	129622984	39853268.17
transcript/126127.p1	2	3	0	0	597342234	1264775646.1	0	30732127.84	0	0	308940886.7	1264775646.1	0	0
transcript/126137.p1	2	3	0	0	67162896.31	66387419.87	76697222	107702458.12	0	0	67162896.31	0	76697222	0
transcript/126140.p1	1	1	23151367.33	0	394219642.8	1137025082	117522008	135928882.6	0	0	0	1137025082	0	0
transcript/126183.p1	11	21	8029812.355	9489419.074	28839490.78	25746111.48	2934911160	2876423681.91	0	0	0	0	2322156868	2516358711.17
transcript/126189.p1	2	7	119209939.9	228388646.9	457567372.5	344357778.6	2088414576	2913881305.1	0	0	457567372.5	344357778.6	1842933408	2913881305.1
transcript/126192.p1	1	1	0	0	0	0	632498432	267119313.5	0	0	0	0	632498432	0
transcript/126206.p1	2	2	0	0	150370768.95	150445446.44	0	0	0	0	103712522.9	74172844.03	0	0
transcript/126220.p1	2	3	0	0	120802515.39	167007753.82	14955806	22555079.6	0	0	120802515.39	156127753.8	0	0
transcript/126226.p1	1	1	0	0	0	35658385.09	0	0	0	0	0	35658385.09	0	0
transcript/126242.p1	3	4	37175860.2	0	0	0	145939608	278426160.62	0	0	0	0	88981784	190290055.93
transcript/126260.p1	2	4	0	19411373.76	173999299.4	134158221.9	135989044	251183380.42	0	0	0	0	135989044	251183380.42
transcript/126337.p1	3	6	179044983.16	200901019.15	34961806.19	23867500.73	0	9752379.722	179044983.16	200901019.15	0	0	0	0
transcript/126341.p1	2	3	354581118.5	159293223.4	40023738.76	181030655.65	39426404	0	354581118.5	0	0	92910230.38	0	0
transcript/126342.p1	1	3	1294920195	416470652.9	1850372107	4391628339	0	0	1294920195	0	1850372107	4391628339	0	0
transcript/126363.p1	10	21	0	811894569.3	206099647.85	261618286.4	2577046911	2808470787	0	0	0	0	1815988863	2679359329.46
transcript/126365.p1	1	2	0	30112465.6	28798251.31	12750433.35	0	26215682.28	0	30112465.6	0	0	0	0
transcript/126372.p1	4	6	195264656.14	268007492.24	337992040.15	521304356.06	0	24244655.13	153709503.81	268007492.24	0	213350059.7	0	0
transcript/126378.p1	7	14	108336472.18	117658799.826	3649864099.3	4900817028.2	288037008	347600424.56	35560230.55	0	2605459057.9	2212333136.4	0	79539398.76
transcript/126381.p1	1	2	0	0	87776946.84	106323982	0	0	0	0	87776946.84	106323982	0	0
transcript/126382.p1	1	2	84748151.42	0	79492342.91	192299944.7	0	0	0	0	79492342.91	192299944.7	0	0
transcript/126386.p1	2	3	0	0	38702399.01	0	323435944	262005144.582	0	0	0	0	323435944	252822912.4
transcript/126396.p1	1	2	51884245.59	32143789.31	0	0	0	0	51884245.59	32143789.31	0	0	0	0
transcript/126405.p1	10	19	80706767.045	0	1693810179.87	2259458169.35	256892533	166377832.927	0	0	1632405922.26	2259458169.35	146036832	0
transcript/126424.p1	1	2	0	0	14352357.17	6191765.806	0	210566009.1	0	0	14352357.17	6191765.806	0	0
transcript/126426.p1	8	14	120749885.24	196033443.04	31783372.29	211001232.39	1696674976	1412720675.69	0	0	0	0	1696674976	1314528778.54
transcript/126478.p1	11	22	525711562.197	877673823.16	649239658.43	776899205.18	4154447985	5360361835.67	52145766.93	172038817.4	88639320.8	160472182.7	3928200880	3370927212.07
transcript/126481.p1	10	26	52078900.6	46418362.88	1498168296.99	1374864436.57	5701307968	7386521957.83	0	0	1198275426.2	1257682823.07	4164086736	6392566816.5
transcript/126486.p1	1	1	0	0	35752484.4	95520915.98	0	0	0	0	0	95520915.98	0	0
transcript/126487.p1	2	3	0	0	142644389.92	134231054.29	0	0	0	0	142644389.92	0	0	0
transcript/126494.p1	7	16	0	0	129281978.46	202190734.12	5217187056	4000208635.21	0	0	0	0	4994176832	3796919869.61
transcript/126562.p1	6	15	257251826.44	540874230.85	788895258.82	549254166.4	74780510	131271522.52	257251826.44	360313415.15	446212090.02	360040688.3	0	0
transcript/126579.p1	3	8	183555379.17	59837202.776	66772729.12	0	0	8739810.746	183555379.17	57900269.59	66772729.12	0	0	0
transcript/126594.p1	1	2	0	0	124020017.5	179305078	0	0	0	0	124020017.5	179305078	0	0
transcript/126615.p1	1	2	0	0	125245502.5	211602835.6	0	0	0	0	125245502.5	211602835.6	0	0
transcript/126665.p1	2	4	0	0	443454856.9	307567218	165947904	0	0	0	443454856.9	307567218	0	0
transcript/126684.p1	4	6	0	0	246238135.46	458752756.86	0	0	0	0	57338818.55	458752756.86	0	0
transcript/126696.p1	8	14	308701635.31	1121113165.3	91447832.64	140913155.6	6060037624	2182489184.24	0	0	0	0	5980151616	1783153699.25
transcript/126736.p1	1	1	0	0	269042288.3	265633029.4	24420150	0	0	0	0	265633029.4	0	0
transcript/126742.p1	25	75	266726317.522	207285004.915	25598272437.8	26393833260.26	2078118799	2257636558.23	73244396.72	53903814.66	21808954723.8	23255866383.6	1106797291	1281277554.21
transcript/126773.p1	1	6	2360162078	1754120382	391933121.2	369200670.4	0	0	2360162078	1754120382	391933121.2	369200670.4	0	0
transcript/126775.p1	2	2	232096999.33	150005193.9	0	21653503.16	16902538	33077081.28	232096999.33	0	0	0	0	0
transcript/126780.p1	1	2	56937193.9	103792282.7	325516682.6	315341165.1	20552552	0	0	0	325516682.6	315341165.1	0	0
transcript/126791.p1	5	6	33235753.51	116718978.68	399115517.03	799233402.12	156649554	42210576.92	0	0	156927386.08	361713377.33	114179426	0
transcript/126827.p1	1	1	0	0	63161980.14	0	0	0	0	0	63161980.14	0	0	0
transcript/126845.p1	3	8	14028886.22	12516602.05	815058821.71	453585680.64	46821174	134215837.28	0	0	631929074.11	453585680.64	0	134215837.28
transcript/126852.p1	2	4	0	0	0	23760446.47	0	0	0	0	0	23760446.47	0	0
transcript/126865.p1	1	1	0	0	25748657.31	80370730.55	0	0	0	0	0	80370730.55	0	0
transcript/126876.p1	4	8	825370857.5	853087188.5	413154981.67	437862483.53	21702450	0	257615485	713646259.4	0	137721005.8	0	0
transcript/126888.p1	12	25	125273838.837	43919057.78	691822377.44	615298717.603	9473265660	12672999762.9	0	0	219711015.8	215774581.6	9425522400	12099700473.4
transcript/126893.p1	13	46	8100655611.7	8520057285.59	3425641672.93	2963237763.39	32623295	69599979.056	7415373436.3	8445315288.23	2695867066.4	2754591101.54	0	0
transcript/126897.p1	2	6	8118404.65	0	311228289.08	7777528.381	1076620688	1605074540.7	0	0	0	0	1076620688	1605074540.7
transcript/126909.p1	3	3	80441821.98	0	384618466.13	502003026.88	111384668	111279908.92	0	0	0	502003026.88	0	0
transcript/126930.p1	1	1	0	0	48483743.09	61806558.6	0	0	0	0	0	61806558.6	0	0
transcript/126936.p1	21	44	58713044.996	18766202.482	270947702.45	454464363.31	11719816320	8188060545.2	0	0	0	0	11719816320	5817361305.21
transcript/126940.p1	2	8	361317954.9	224139764.3	330795937.42	828853069.7	0	11241804.49	361317954.9	224139764.3	330795937.42	828853069.7	0	0
transcript/126945.p1	3	5	74273334.67	112225866.195	606201753.9	689309862.41	0	39501865.99	0	0	606201753.9	433752045.81	0	0
transcript/126971.p1	1	1	25567601.96	48883372.18	57125829.32	102381090.7	0	0	0	48883372.18	0	0	0	0
transcript/126975.p1	4	15	0	20749420.03	32868255.79	0	1813209260	1097049765.53	0	0	0	0	1813209260	1097049765.53
transcript/127001.p1	2	4	22083634.26	92680834.45	745507338.68	960094121.15	0	45572299.68	0	92680834.45	675884120.7	960094121.15	0	0
transcript/127002.p1	2	8	2247116936.35	1629600818	327181772.4	209124117.48	0	0	2247116936.35	1629600818	327181772.4	186239769	0	0
transcript/127004.p1	4	5	0	0	174282873.29	296095349.23	0	22346691.7	0	0	106386254.03	239004206.45	0	0
transcript/127024.p1	2	2	0	9886131.693	169504061.44	92381839.44	0	22722042.19	0	0	169504061.44	0	0	0
transcript/127027.p1	1	2	73047646.99	97929889.85	61494840.12	145136106.3	80964320	174142518.4	0	97929889.85	0	145136106.3	0	0
transcript/127037.p1	7	14	1161260123.39	1430600511.75	1405966289.14	1829927315.13	267621226	487462661	680056852.32	902920146.97	317489070.82	1257433735.46	0	0
transcript/127064.p1	2	5	0	0	280070626.5	473369597.2	150068972	127281711.58	0	0	280070626.5	210413773.4	86268952	39846007.14
transcript/127071.p1	2	2	0	41762666.57	115050029.72	491300037.2	0	0	0	0	31296399.53	491300037.2	0	0
transcript/127079.p1	12	18	28445334.006	221332451.407	2379532851.35	3134646807.84	149407513	128206240.569	0	0	1775041310.75	2401676428.91	83032136	0
transcript/127096.p1	3	3	26109275.97	55211548.32	135194879.94	152621595.55	11211257	0	0	0	84515418.48	50567251	0	0
transcript/127123.p1	2	2	0	0	54061777.1	36769177.42	107918720	16322804.98	0	0	0	36769177.42	34866008	0
transcript/127142.p1	2	3	51376284.87	60318479.2	21054137	84115103.83	0	6318896.854	0	60318479.2	21054137	0	0	0
transcript/127155.p1	3	3	48398087.28	110789789.43	310088532.53	271005893.15	0	0	0	0	310088532.53	0	0	0
transcript/127167.p1	2	4	87189197.56	33304557.13	145745636.23	169316220.82	13724682	0	0	0	145745636.23	47050822.22	13724682	0
transcript/127181.p1	1	1	0	10806899.62	0	0	0	0	0	10806899.62	0	0	0	0
transcript/127184.p1	2	3	0	0	18590419.38	12442971.32	168719780	52106298.07	0	0	0	0	51086244	52106298.07
transcript/127193.p1	2	15	4699814712.1	5817934220	4746979125	4424473477	600628864	395198724.9	4699814712.1	5817934220	4746979125	4424473477	600628864	395198724.9
transcript/127195.p1	1	2	0	0	0	0	43440504	91992393.03	0	0	0	0	43440504	91992393.03
transcript/127204.p1	5	13	375267361	349017537.89	382083798.81	592359441.89	277775496	387531725.99	247640581.2	271768445.27	382083798.81	433358815	0	0
transcript/127211.p1	1	2	0	0	70269325.64	67346808.94	65216204	0	0	0	70269325.64	0	65216204	0
transcript/127218.p1	2	2	0	0	203752538.4	371603291.73	0	0	0	0	203752538.4	91467176.83	0	0
transcript/127244.p1	5	17	1385950688.88	1597938578.8	831529085.5	608051055.87	28298108	42117044.76	1123343197.08	1597938578.8	761089015.1	548084935	0	0
transcript/127367.p1	3	10	2085437569.7	1470628570	1244143398.2	1506994791.8	45946688	0	2085437569.7	1470628570	1244143398.2	1506994791.8	45946688	0
transcript/127383.p1	4	5	86090906.888	159123341.33	189944362.86	243047192.95	148163070	36252492.9	58370556.13	24136104.03	70648873.08	142288386.25	0	0
transcript/127391.p1	5	7	57105274.81	50592519.358	78320157.17	178262804.69	355863044	260401937.56	0	0	0	0	315708612	208035786.84
transcript/127430.p1	2	5	19296329.27	0	135711201.1	104589476.7	1611154080	2759905337.9	0	0	0	0	1611154080	2759905337.9
transcript/127444.p1	2	3	24405585.53	0	143933222.02	176835781.42	0	0	0	0	143933222.02	118287539.8	0	0
transcript/127455.p1	1	2	111731507.9	89023805.82	82091707.18	110922327	0	0	111731507.9	89023805.82	0	0	0	0
transcript/127462.p1	12	43	4670611858.9	6338384412.8	5324307478.1	5420354385.6	839547897	1112127407.5	3741118659.8	4994010035.1	4093066647.1	3441461376.5	0	0
transcript/127470.p1	5	12	3923710201.4	4077825928	2525593327.64	2637412573.84	86708916	56888111.283	2769706528.4	3142021674	419560878.34	1457023802.9	0	0
transcript/127475.p1	2	2	0	11169338.47	87444331.31	264232290.4	0	0	0	0	87444331.31	131625749.7	0	0
transcript/127494.p1	2	3	0	0	162195998.81	195562706.72	0	7268925.04	0	0	162195998.81	79718343.72	0	0
transcript/127496.p1	1	1	23917148.56	40357864.28	0	0	0	0	0	40357864.28	0	0	0	0
transcript/127498.p1	1	1	402956883.7	386149984.1	0	0	0	83723297.69	0	386149984.1	0	0	0	0
transcript/127508.p1	6	11	3721916.931	0	806662087.98	1102503694.02	26879194	0	0	0	534632015.98	998391423.59	0	0
transcript/127509.p1	2	4	0	0	0	0	200042704	272194100.51	0	0	0	0	200042704	272194100.51
transcript/127528.p1	9	21	1343369395.8	1311595476.38	565842063.04	371732205.4	98335046	0	1125017193	1077249119.18	81089437.39	247667283.18	0	0
transcript/127584.p1	6	23	1588024605.1	1781472023.4	2143360378.8	1413511319.3	20392398	0	1417100254	1596600172.8	2143360378.8	1299223472.9	0	0
transcript/127590.p1	3	4	168208377.4	143922481.2	159456093.5	0	31212846	0	109192507.84	89134835.8	0	0	0	0
transcript/127597.p1	36	166	36476087185.33	33833531875.61	22165667119.55	20992283618.3	17828230776	17705929689.268	32897640801.4	32583670451.14	20260118012	15612561855.7	14192905630	13512952532
transcript/127608.p1	8	20	1450905913.19	1186643499.86	773113217.45	886680640.46	3381577068	1422584239.32	1330251381.4	1186643499.86	508002366.47	323616707.2	0	0
transcript/127625.p1	3	5	0	0	210010380.56	295017595.84	53242724	4583274.575	0	0	153667175.76	295017595.84	0	0
transcript/127630.p1	2	3	0	0	0	0	114942680	137374104.38	0	0	0	0	114942680	46527481.11
transcript/127644.p1	1	1	55731603.37	39147107.46	31540985.88	65693532.14	17270900	28834579.81	0	0	0	65693532.14	0	0
transcript/127646.p1	3	6	0	0	274061624.16	757051844.8	1007089792	757966880.08	0	0	0	0	1007089792	471601005.88
transcript/127650.p2	1	2	0	0	143350618.5	182392805.2	0	0	0	0	143350618.5	182392805.2	0	0
transcript/127695.p1	5	8	0	0	586672507.3	953632944.13	757010368	763137439.2	0	0	586672507.3	616804952.03	0	0
transcript/127710.p1	1	2	11997019.1	36739558.84	0	108635341.8	0	0	0	0	0	108635341.8	0	0
transcript/127720.p1	12	23	33334010.759	62873669.15	2754115101.87	6631625764.91	1073899454	1995208659.21	0	0	2639507000.93	6281270112.5	0	483562386.4
transcript/127740.p1	11	38	3298918861.62	2620857251.09	921217244.02	946944609.08	383578450	335527226.83	3298918861.62	2535240999.7	785469192.75	392062074.14	67772464	267745946.99
transcript/127741.p1	2	5	0	0	219558075.35	269730033.3	13303826	0	0	0	219558075.35	269730033.3	0	0
transcript/127764.p1	1	3	0	70804524.81	115546556.7	110607949.3	0	0	0	70804524.81	115546556.7	110607949.3	0	0
transcript/127780.p1	27	200	174121486182.251	177660711556.65	59743622662.4	52009758396.93	2376391696	2413481863.451	172577685254.251	175071302394.65	59653457945	51864703998.9	1693481088	1765729398.54
transcript/127793.p1	1	1	14211655.37	0	0	0	29203266	38623305.77	0	0	0	0	0	38623305.77
transcript/127804.p1	1	1	0	0	38089121.62	27437206.17	0	0	0	0	38089121.62	0	0	0
transcript/127810.p1	15	26	876504761.31	456098118.1	510013271.31	1067654717.67	5252252020	6437087537.98	0	0	0	0	4218524028	6405268288.56
transcript/127815.p1	2	5	0	0	56024381.05	38966116.97	2804077920	2978496385.6	0	0	0	0	2804077920	2978496385.6
transcript/127822.p1	15	63	277495510.36	292631852.417	2399934831.74	2692032880.61	56682223051	66044502191.15	0	0	2378752597.69	2468325322.8	51005072331	66021716033.7
transcript/127833.p1	1	1	19067550.09	24911437.89	55544148.17	53300228.56	61988120	33814638.76	0	0	0	0	61988120	0
transcript/127880.p1	1	4	602963618.4	1355585600	418408053.7	399660704.3	0	0	602963618.4	1355585600	418408053.7	399660704.3	0	0
transcript/127893.p1	1	1	0	0	36109032.82	35416602.24	634774720	120756191.5	0	0	0	0	0	120756191.5
transcript/127910.p1	3	4	15999711.83	16275450.68	299555628.28	328570366.3	0	86742833.03	0	0	236641505.2	174315068.5	0	0
transcript/127922.p1	1	1	192094911.8	103801761.6	0	59194254.91	14059576	3936261.992	0	0	0	59194254.91	0	0
transcript/127926.p1	11	39	171448206.41	197787271.66	7372325066.9	7708763152.14	1369836226	850087927.052	0	25042791.29	7372325066.9	7687765662.37	1079378802	662341675.16
transcript/127936.p1	2	3	65507401.24	289578342.8	247517314.7	292856416.3	0	0	0	289578342.8	134674632.3	0	0	0
transcript/127946.p1	14	77	46753832.21	27675226.63	2506909176.35	2955885187.09	38308172058	28943235618.64	46753832.21	0	2186726440.2	2042473869.22	38260082366	28943235618.64
transcript/127949.p1	2	3	210337140.28	79723492.7	40664200.66	58706103.09	0	0	143629268.7	79723492.7	0	0	0	0
transcript/127959.p1	8	21	2082337.874	25583573.23	149159132.95	166054841.15	2879690812	2231925580.7	0	0	62534210.57	64710591.56	2243107540	2231925580.7
transcript/127975.p1	8	10	53822128.16	5130398.18	792773768.3	1073840889.5	21476254	85376968.25	0	0	468669131	942599217.1	0	0
transcript/127988.p1	9	24	3403888392.58	3339048384.04	2371306349.97	2274566708.1	189204428	104088676.29	3106438142.76	2480015739.49	1919757702.9	2070241596.2	0	0
transcript/128008.p1	2	3	14149396.41	14922028.75	61474385.94	0	72300192	47442477.34	0	0	61474385.94	0	0	0
transcript/12802.p1	1	1	0	0	0	135774438.1	20014738	0	0	0	0	135774438.1	0	0
transcript/128033.p1	1	4	30497534.49	39391374.13	135370307.9	76447317.3	0	0	30497534.49	39391374.13	135370307.9	76447317.3	0	0
transcript/128062.p1	2	2	0	24455744.73	141780759.45	174556063.52	0	0	0	0	141780759.45	0	0	0
transcript/128079.p1	13	56	432306064.33	484897724.14	36851542951.5	37803882418.46	3541505228	2032228554.43	275505411.86	381416672.48	31911717898.5	27736424870.46	2278512780	1165050017.56
transcript/128084.p1	12	52	188397095.93	39219015.92	2161320404.26	2182634930.96	38074301596	38188091549.7	0	24361207.35	1482548399	1460762915	37407490396	33688853348.4
transcript/128092.p1	10	18	2728020.529	9615007.873	2794834613.8	3367927819.1	206058656	313496233.18	0	0	2468853841.7	2519287008.8	97460848	53459837.96
transcript/128116.p1	7	14	128926357.89	77965751.56	225705205.54	293362094.18	461217556	582567463.82	47123648.78	37503244.17	45857465.98	121827209.7	252244304	223153791.97
transcript/128129.p1	6	12	105772786.8	83606289.127	577838745.6	603691819.62	536914696	606776466.18	0	76791000.37	577838745.6	399197623.2	374255344	489147682.4
transcript/128132.p1	1	1	100471792	109450721.7	118388450.7	177583442.1	0	0	0	0	118388450.7	0	0	0
transcript/128141.p1	9	61	10004180532.8	9342315308.2	8857601059.33	7608945286.11	5267905820	5632757152.7	9893103254.3	9276961430.3	8775659266	7200998225.8	5048635408	5371492170.6
transcript/128142.p1	1	6	89268882.72	13046221.89	4501049668	6974915127	138147200	66328226.41	89268882.72	0	4501049668	6974915127	138147200	0
transcript/128190.p1	1	1	0	0	104387041.8	118484870.2	17182242	0	0	0	104387041.8	0	0	0
transcript/128192.p1	1	4	125599459.5	102855194.7	0	136930781.3	0	0	125599459.5	102855194.7	0	136930781.3	0	0
transcript/128209.p1	3	6	129335204.78	204709093.19	300854257.6	330246357.41	10213123	40568467.783	97390463.76	204709093.19	300854257.6	251456080.7	0	0
transcript/128214.p1	1	2	0	0	208581975.2	232271234.4	0	0	0	0	208581975.2	232271234.4	0	0
transcript/128217.p1	4	7	68124013.227	66983036.431	233321072.08	301880536.3	579776834	531280697.82	0	0	83316470.59	120761272	431535458	443280361.6
transcript/128230.p1	5	9	160708818.62	361786085.73	325303990.55	285402895.82	19376438	23149784.08	103482915.5	213044292.83	64650332.31	160550443.07	0	0
transcript/128232.p1	2	8	1844283509	2552843898	1960416245	1541359890	488604956	705624339.9	1844283509	2552843898	1960416245	1541359890	77829120	0
transcript/128251.p1	1	2	0	0	119676667.3	154311544.9	0	0	0	0	119676667.3	154311544.9	0	0
transcript/128293.p1	13	21	23964659.71	113056602.13	184272566.89	212348264.9269	1953756916	2309150107.02	0	0	80316801.19	0	1463568876	2020853444.12
transcript/128294.p1	2	10	903689230.6	867909381.5	493376832.26	399625694.5	15741527	0	903689230.6	867909381.5	465519526.4	399625694.5	0	0
transcript/128297.p1	2	3	0	0	145136905.13	85394555.02	0	36857436.17	0	0	145136905.13	0	0	0
transcript/128308.p1	1	1	187395821.9	172390692.5	164122762.8	222254630	8694624	13517182.44	0	0	0	222254630	0	0
transcript/128319.p1	3	5	0	21682708.38	277287656.37	340885303.67	76990768	239410202.4	0	0	100671138.57	340885303.67	0	0
transcript/128333.p1	1	2	0	0	0	0	63970312	80392152.81	0	0	0	0	63970312	80392152.81
transcript/128338.p1	13	38	902857937.68	1363865377.68	5220455733.48	3205395801.32	643273408	448609043.13	580808627.5	1201762957.27	5220455733.48	1993115695.32	70147448	38790595.5
transcript/128347.p1	3	7	939988843.9	777617071.81	187718913.02	239879295.53	21484998	0	939988843.9	697116890.6	139786747.3	179348935.5	0	0
transcript/128351.p1	1	1	20124758.11	30937203.83	40128609.69	31518923.03	0	0	0	30937203.83	0	0	0	0
transcript/128353.p1	1	3	0	156243344.5	76752666.81	125415784.1	159103744	80506552.07	0	0	76752666.81	0	159103744	80506552.07
transcript/128387.p1	15	34	171440135.37	141714060.314	3823916265.57	5495221672.68	1040080796	992702685.29	0	0	2444732806.27	4808476465.23	589389872	619313974.93
transcript/128415.p1	8	12	45366874.73	35838460.89	1011661043.11	2253926108.29	202078256	127625676.214	0	0	347398786.33	2180372005.4	0	51153545.09
transcript/128437.p1	2	10	813424034.9	2606487836.4	2225654628.5	2657051185.1	58070146	126636520.7	813424034.9	2606487836.4	2225654628.5	2657051185.1	0	0
transcript/128441.p1	1	1	0	0	0	49081525.32	0	0	0	0	0	49081525.32	0	0
transcript/128451.p1	3	6	127782024.88	250015137.2	583447389.69	676268730.03	1039785160	1622690063.155	41465742.85	124750052.8	508768013.3	399324482.6	0	0
transcript/128465.p1	11	31	316216925.129	443201415.778	954682383.26	1082369388.15	2300498120	2805270582.45	0	0	931229556.69	998109200.5	2121927728	2526603560.15
transcript/128496.p1	1	1	12932954.75	14069800.1	23047960.26	49563736.35	0	0	0	0	0	49563736.35	0	0
transcript/128515.p1	1	1	0	0	59332673.65	79779567.31	0	0	0	0	0	79779567.31	0	0
transcript/128543.p1	5	8	0	40731230.28	685922312.6	780681746.79	46433752	0	0	0	552758653.7	733367036.6	0	0
transcript/128556.p1	1	1	0	0	0	0	57762784	128681790.8	0	0	0	0	0	128681790.8
transcript/128556.p2	1	2	0	0	0	0	119003906	152747773.2	0	0	0	0	119003906	152747773.2
transcript/128561.p1	2	3	8198329.369	0	125831803.4	272778757.32	37815012	5498335411	0	0	125831803.4	272778757.32	0	0
transcript/128563.p1	4	8	437510920.33	281263811.64	601180442.11	841224976.05	57738542	73929873.07	331621814.73	166641238.65	0	823854297.2	0	0
transcript/128588.p1	21	103	13977123863.58	16549473783.7	15806342683.62	16343205210.86	754559172	506538583	13388235409.03	15013397988	14665164754.2	15915209776.95	423349748	277989409.4
transcript/128607.p1	3	4	0	172112434.8	0	0	846277560	756442416.9	0	0	0	0	292812864	756442416.9
transcript/128624.p1	1	2	43924451.22	56574290.36	22517601.17	25808249.94	0	0	43924451.22	56574290.36	0	0	0	0
transcript/128630.p1	1	2	164082615.4	128037236	103261176.7	103643559.1	37413592	83530834.76	164082615.4	128037236	0	0	0	0
transcript/128658.p1	2	3	0	17516589.85	80325987.21	46206128.6	119140248	276361794.5	0	0	0	0	88602608	276361794.5
transcript/128673.p1	1	1	0	0	46503352.9	84070195.09	0	0	0	0	46503352.9	0	0	0
transcript/128692.p1	1	1	0	0	118315828.5	93220355.89	0	0	0	0	118315828.5	0	0	0
transcript/128701.p1	1	2	79299099.14	62486100.43	0	0	0	5910315.97	79299099.14	62486100.43	0	0	0	0
transcript/128719.p1	34	199	8175524436.7	8041341127.228	9250059847.927	9536374866.21	152620493846	136364248722.17	1398642875.91	166264046.375	4310503901.1	2209496279.75	152591898680	132470243271.17
transcript/128722.p1	2	2	54764109.71	0	135225309.7	136201676.8	0	9551704.769	0	0	91021446.67	51778608.81	0	0
transcript/128733.p1	2	3	2208297.859	35539407.95	53636320.77	94399022.88	17156792	25297324.86	0	0	53636320.77	94399022.88	0	0
transcript/128766.p1	3	7	241983184.13	154224780.68	651843968.06	639957591.1	19882372	0	205267333.35	154224780.68	225916645.3	443508233.6	0	0
transcript/128828.p1	3	4	0	0	274755468.1	508833662.23	0	0	0	0	274755468.1	130795383.63	0	0
transcript/128832.p1	1	3	928979274.2	764354474.7	593376860.6	11435489.08	0	0	928979274.2	764354474.7	593376860.6	0	0	0
transcript/128834.p1	4	13	18576538.89	43571217.22	2775146675	3272373120.55	149683191.5	85398515.49	0	43571217.22	2606925638.6	3272373120.55	129583884	85398515.49
transcript/128856.p1	1	1	0	0	30813435.05	70988493.01	0	0	0	0	0	70988493.01	0	0
transcript/128859.p1	2	2	98386683.79	98928120.67	349612613.58	481161672.32	0	42107324.84	0	98928120.67	0	0	0	0
transcript/128884.p1	5	9	52751750.2	0	51311566.155	52728195.33	605096711	879723547.8	0	0	0	0	393122215	879723547.8
transcript/128891.p1	6	12	43227746.11	106290523.2	300436614.13	178788583.95	1186747056	1122417719.54	0	0	110781999.4	121508128.3	1186747056	636645874.18
transcript/128893.p1	5	7	61187031.668	138296535.5	1977473772.36	1290371697.2	111899972	125348449.185	0	0	1524444974.26	888107805	0	0
transcript/128911.p1	2	4	188675287.7	739431072.6	238997049.3	353121623.06	33055486	0	188675287.7	739431072.6	0	0	0	0
transcript/128928.p1	1	2	0	9694142.059	554196011.6	631037667.9	0	170537639.4	0	0	554196011.6	631037667.9	0	0
transcript/128929.p1	1	1	0	0	52181579.93	99271622.83	45335304	46913569.47	0	0	0	99271622.83	0	0
transcript/128941.p1	3	3	0	0	167817398.97	244529630.7	408302432	109768599.883	0	0	0	130582907.3	378035680	0
transcript/128951.p1	12	79	91330815631.85	117665557742.47	82623899982.4	73588255774.24	3704812104	5630369098.14	90632655237.8	117635979906.9	82449714874	73319059415.34	2067105328	4115665543.7
transcript/128954.p1	4	7	8889508.468	10592922.6	1053101615.54	1060069100.29	146339259	90816800.1	0	0	695426789.74	1060069100.29	0	0
transcript/128973.p1	1	2	0	0	217955980.3	319530427.8	11706231	0	0	0	217955980.3	319530427.8	0	0
transcript/128992.p1	14	23	257366040.407	318944617.9	3262350257.73	3920718804.63	240373564	231212990.7	0	0	1641030489.63	3866619489.7	27368526	45829402.81
transcript/129034.p1	1	1	0	6839778.476	1351492763	1778100559	99173120	125591781.5	0	0	1351492763	0	0	0
transcript/129050.p1	1	2	97007774.04	212580811.4	81912384.47	82664808.91	16892602	14449237.22	97007774.04	0	81912384.47	0	0	0
transcript/129051.p1	8	17	811108193.12	830600447.11	855003475.13	716200299.09	96426550	85069467	655161731.93	389993022.06	388877268.03	343363092.8	0	0
transcript/129054.p1	1	2	0	0	43040914.25	59498044.52	0	0	0	0	43040914.25	59498044.52	0	0
transcript/129119.p1	1	4	1444748074	940468717	201086490.6	95824192.89	0	0	1444748074	940468717	201086490.6	95824192.89	0	0
transcript/129150.p1	2	2	18502376.91	0	207114274.63	236497543.6	0	10297021.6	0	0	207114274.63	0	0	0
transcript/129152.p1	1	2	474979208.7	530250684.5	319027530.1	386110686	154891892	189739757.5	0	530250684.5	0	0	154891892	0
transcript/129159.p1	4	5	41856548.96	0	816519692.17	1142041470.23	35146440	10271302.92	0	0	767200538.9	531719530.03	0	0
transcript/129163.p1	2	3	404039658.28	380723884.24	18323770.03	16130061.55	12952173	21514696.33	36204332.58	380723884.24	0	0	0	0
transcript/129181.p1	2	3	64759891.98	89684423.88	176827151.17	154324275.51	68182072	0	0	89684423.88	129708585.2	0	0	0
transcript/129185.p1	7	18	136808806.269	142080141.4	1860851765.38	2499234752.21	122164494	623831798.95	0	0	1860851765.38	2395489094.21	28476590	117124709
transcript/129197.p1	1	2	0	0	102335060.9	156743809.1	0	0	0	0	102335060.9	156743809.1	0	0
transcript/129202.p1	5	11	65518972.14	45919359.43	6260771505.4	5658336045.8	1166971228	206007881.08	0	0	6111536314	5658336045.8	1114114368	81247767.45
transcript/129218.p1	1	1	0	0	65594242.84	0	0	0	0	0	65594242.84	0	0	0
transcript/129230.p1	22	72	12649291656.83	14757943175.51	9413346527.68	8754672320.7	668531348.25	1261397887.07	7979232842.1	13704703652.91	6208366744.48	6433614700.9	241122572	380920625.55
transcript/129239.p1	2	4	0	0	302596893.7	362028251.26	0	0	0	0	302596893.7	362028251.26	0	0
transcript/129260.p1	5	7	243053194.61	205008934.55	537220362.65	670337261.92	115663138	174506323.07	0	120814654.45	311054202.57	422994050.8	0	0
transcript/129277.p1	13	47	4198425615.96	7060495116.67	7441883589.35	8731282584.9	485229312	676710044.01	3508965176.4	6294268154.66	5509130508.57	7209859647.5	315939312	600884616.2
transcript/129320.p1	6	9	5466665.046	17706725.56	825764040.28	924075435.91	98445130	65916875.848	0	0	418100661.68	856585229.43	0	0
transcript/129332.p1	2	4	56234997.11	10453420.18	147973484.42	405546503.86	21789256	25005604.779	0	0	147973484.42	405546503.86	0	0
transcript/129347.p1	2	9	26840718.01	50196682.31	1044571612	1128582549	18242361344	23091371933	26840718.01	0	1044571612	1128582549	18242361344	23091371933
transcript/129352.p1	8	17	1091036794.24	939575800.13	356519842.6	315991314.18	172332598	46302338.98	816117476.55	733515697.82	270661683.57	0	0	0
transcript/129381.p1	1	2	0	0	59838214.78	101840341.9	17607770	18273468.69	0	0	59838214.78	101840341.9	0	0
transcript/129382.p1	6	8	3309764.922	9407305.757	532734457.03	414534583.95	121738282	90797259.062	0	0	287632323.53	414534583.95	0	0
transcript/129397.p1	7	10	0	13389934.25	1820593704.5	1994535641.4	164102256	130173969.302	0	0	987911409.1	863781249.7	56061520	0
transcript/129441.p1	9	22	899134417.48	1027565585.18	1608456666.29	1717321485.1	101568339	122418349.489	506736442.05	715571640.36	429936728.79	1157196246.4	0	0
transcript/129451.p1	1	1	0	0	0	0	59995484	52245018.42	0	0	0	0	59995484	0
transcript/129494.p1	6	7	258603759.29	362871282.18	398543818.63	395552336.16	39745150	65364922.74	140361252.5	30546249.39	240067552	129500516	0	0
transcript/129507.p1	4	4	172660516.608	145999127.9	237102962.7	388061938.6	554942912	148103617.52	0	0	237102962.7	0	206438064	91307105.22
transcript/129524.p1	12	33	3179028578.75	2719998097.86	1541524897.72	1315078298.95	139421852	199522414.671	2805284058.1	2246339079.26	852247615.4	1148902590.5	0	0
transcript/129565.p1	41	296	2797396721.175	2211127120.69	28496970010.13	31450448045.17	585894388717	802112107783	2193663146.814	1402890008.28	27605917865.9	30610140329.3	584371872621	798051482021
transcript/129576.p1	8	13	0	78296043.15	2804440866.8	3128040061.9	102143468	199015829.24	0	0	1694680007.8	2691787463.3	0	0
transcript/129591.p1	2	8	1138409798.04	1004732082.6	1909929516.06	1968097447.89	109373756	162671948.1	1138409798.04	1004732082.6	1871903941	1947238532	0	0
transcript/129611.p1	7	18	367801648.74	523315867.1	1583961199.063	548270688.4692	775669516	1229349772.17	0	255543889.5	1575989195.3	329765792.7	745517320	927482354.69
transcript/129637.p1	8	15	412744490.66	471175639.81	1750393728.21	1655331053.5	559676088	235951164.77	74313522.91	361875757.04	460300120.9	816753922.5	159080048	45466214.4
transcript/129663.p1	6	14	739440178.75	1631717741.26	3128317505.52	3393455883.05	1056437885	93877365.12	149911078.61	1481692535.99	2742347836.5	3220734466.95	0	0
transcript/129669.p1	17	41	2410414851.39	2479367295.819	3169682781.969	2745057761.68	930783246	918149583.13	2354551258.79	1955400358.48	2140842895.669	2106244359.18	619716372	131510926.5
transcript/129699.p1	2	3	107750358.9	106832442.2	470539114.8	581034213.9	81323816	118693584.4	0	0	358571422.3	581034213.9	0	0
transcript/129707.p1	4	34	51629631.26	132880013.7	539617933.55	795828933.43	21480104904	26682180060.1	16943822.42	0	454425311.2	389920854.83	21480104904	26682180060.1
transcript/129711.p1	2	4	17495262.35	42194124.69	608170491.8	494378037.1	63594104	93993144.45	0	0	608170491.8	494378037.1	0	0
transcript/12973.p1	1	1	0	0	40929071.39	53337599.59	0	0	0	0	40929071.39	0	0	0
transcript/129743.p1	4	6	277431626.57	223677099.68	120171723.43	61430581.04	0	0	277431626.57	187889779.61	0	0	0	0
transcript/129752.p1	1	2	13341425.11	23726650.72	138649183.2	172975303.9	81551336	56096358.55	0	0	0	0	81551336	56096358.55
transcript/129756.p1	10	15	209694164.9	159931238.2	1830003817.1	1785928377.8	74522182	116955047.11	0	0	1378764086	1476315875.12	0	0
transcript/12982.p1	4	6	0	0	222732372.55	251679918.89	0	0	0	0	195594796.24	62061779.97	0	0
transcript/129833.p1	3	8	310037051.64	280636547.72	157673245.23	277759796.82	17554368	5142820.434	310037051.64	253045704.09	157673245.23	233477173.6	0	0
transcript/129840.p1	2	6	0	9060730.822	1553289816	2060245801	144076168	0	0	9060730.822	1553289816	2060245801	144076168	0
transcript/129857.p1	1	1	0	0	66336268.88	125890704.3	0	0	0	0	0	125890704.3	0	0
transcript/129866.p1	4	6	162317161.145	107137293.8	288325341.872	258201451.76	310278868	332698712.74	0	0	0	0	310278868	116942148.6
transcript/129874.p1	1	1	13791741.31	22015293.51	18198648.67	0	0	0	0	22015293.51	0	0	0	0
transcript/129876.p1	1	5	0	287509552.3	357369649.4	404152651.2	25101718	0	0	287509552.3	357369649.4	404152651.2	0	0
transcript/129878.p1	8	18	36753965.49	32998762.14	224110861.79	338523483.48	6361538818	5540713627.4	0	0	122513424.9	139992083	5445742626	3916579596.4
transcript/129881.p1	1	1	21263491.4	15298770.37	46383115.33	0	0	0	21263491.4	0	0	0	0	0
transcript/129902.p1	1	1	0	0	0	73811038.77	0	0	0	0	0	73811038.77	0	0
transcript/129923.p1	3	5	27969919.6	16618700.48	74137027.49	75076649.27	1058620224	374067644.01	0	0	0	0	1058620224	230129474.61
transcript/129953.p1	2	2	0	9979312.581	244969836.12	636841495.76	18358624	0	0	0	244969836.12	0	0	0
transcript/130000.p1	2	4	105922390.82	117579111.29	119697450.44	88251198.02	0	0	105922390.82	117579111.29	0	0	0	0
transcript/130001.p1	1	2	30787208.79	29231259.72	398627303.7	855616028.5	0	23253440.91	0	0	398627303.7	855616028.5	0	0
transcript/130002.p1	10	25	2115035745.3	1886187680.51	1572954922.31	1139722060.1	0	90171710.42	1822618895.9	1786082226.92	783360518.79	672204464	0	0
transcript/130006.p1	2	3	170650065.59	195829195.47	150685810.45	22058154.58	274913744	102512393.82	66523387.29	55126465.97	86880800.23	0	0	0
transcript/130023.p1	1	1	0	24891274.15	71821334.74	133286745.3	0	26476485.92	0	0	0	133286745.3	0	0
transcript/130066.p1	2	5	80430442.89	37243356.79	123357189.1	142985557.2	0	0	80430442.89	37243356.79	0	142985557.2	0	0
transcript/130070.p1	1	1	0	0	80795467.68	79834676.06	243104960	317788834.6	0	0	0	0	0	317788834.6
transcript/130086.p1	9	34	2163746305.57	3141290955.18	2843990774.55	2832439536.99	254128848	203572682.18	2163746305.57	3141290955.18	2374034331.2	2181157573.3	51768640	0
transcript/130095.p1	5	10	42583042.42	71396619.19	195284141.82	497529462.16	759980488	696695029.51	0	0	60767302.02	373340727.51	544706120	395110767.81
transcript/130160.p1	1	2	100398373	139090819.8	162036890.4	0	0	9104011.783	100398373	139090819.8	0	0	0	0
transcript/130165.p1	2	2	44452669.6	78765152.5	11891764.88	0	14131016	11606258.11	33876128.46	24905641.16	0	0	0	0
transcript/130181.p1	2	2	93942179.91	155794303.42	96956075.8	93300909.41	8082192	12461907.75	66691707.45	62540403.94	0	0	0	0
transcript/130187.p1	2	2	0	0	190813049.07	254422198.1	0	18727063.93	0	0	190813049.07	0	0	0
transcript/130197.p1	6	20	96359553.25	80216791.19	357525260	311383113.7	5423825504	8340668881	0	0	142442662.5	311383113.7	5423825504	7134785536
transcript/130201.p1	3	4	118562454	206141605.28	60526126.47	74431457.96	0	0	33885815.63	151635000.37	0	0	0	0
transcript/130210.p1	2	3	0	0	25348027.44	119792099.18	0	0	0	0	25348027.44	119792099.18	0	0
transcript/130211.p1	2	2	0	0	204707494.18	315320882.7	53328366	0	0	0	95631157.58	201294468.9	0	0
transcript/130213.p1	3	8	0	0	87389520.81	13121262.69	1345441092	1944350739.26	0	0	58047424.27	0	1345441092	1909263649.2
transcript/130227.p1	3	13	12500103.94	60081639.24	0	0	2115186052	2965896605.8	0	0	0	0	2115186052	2965896605.8
transcript/130234.p1	6	9	217655590.6	431038678.2	1544366783.36	2155747657.54	64894142	144252487.36	0	0	1010985042.76	1921434482.8	0	0
transcript/130268.p1	2	4	0	27552502.24	212562511.49	446701098.3	0	0	0	0	212562511.49	446701098.3	0	0
transcript/130272.p1	19	155	467479368281.18	476016997527.63	146002936412.98	131734923979.36	5606317643	8419055798.08	467479368281.18	437023206136.94	135668464340.3	127233728332.56	1306597308	2650807816
transcript/130278.p1	3	5	75224026.19	35686047.99	87028723.21	165873118.32	826226976	749085947.23	0	0	0	0	679398656	749085947.23
transcript/130289.p1	1	1	22615358.63	45546426.63	46246989	60808472.04	0	13581156.19	0	0	0	60808472.04	0	0
transcript/130312.p1	3	6	0	0	542829836.56	454086029.13	46611100	70109591.64	0	0	542829836.56	385699468.1	46611100	0
transcript/130331.p1	1	1	17753226.2	26519067.02	58755775.29	157387080.1	109049208	169536213.8	0	0	0	157387080.1	0	0
transcript/130344.p1	6	24	7620607540.4	5445809126.2	2099332966.8	1924562664.59	45441762	74165938.69	7620607540.4	5445809126.2	2099332966.8	1310392137.8	0	0
transcript/130360.p1	2	2	0	0	0	0	82162276.5	25069096.18	0	0	0	0	82162276.5	0
transcript/130363.p1	4	6	0	0	423538294.72	423861312.91	0	11417555.79	0	0	222882761.9	423861312.91	0	0
transcript/130368.p1	10	32	6400083889.3	7144316455.1	9829008212	5212184415.11	148099795	435827882.433	5965980620.4	4054148928.1	6758766529.5	4143388923.7	20810428	72841424.66
transcript/130369.p1	5	14	440096547.2	493828950.9	603553615.41	765005887.9	57277589	22027699.4	326474340.82	402018294.23	504297120.1	580017006.8	0	0
transcript/130381.p1	3	11	114024779.23	225846517.92	863392816.4	902543919	42332176	0	114024779.23	125753856.42	564146155.2	902543919	0	0
transcript/13041.p3	1	1	0	0	0	0	37849948	61522861.26	0	0	0	0	0	61522861.26
transcript/130429.p1	1	4	263088951.1	120986091.2	187849597.3	146896068.1	0	0	263088951.1	120986091.2	187849597.3	146896068.1	0	0
transcript/130454.p1	3	11	60359899.02	0	0	0	1051271636	939409770.3	0	0	0	0	1051271636	939409770.3
transcript/130476.p1	4	6	27323392.75	18717425.41	210137473.67	363724301.33	0	0	0	0	127692338.08	250610493.43	0	0
transcript/130480.p1	4	9	0	0	0	0	1340308498	910853144	0	0	0	0	1254304196	910853144
transcript/130484.p1	5	9	2305813184	972163640.5	497314550.01	607365536.07	1588392616	1673879362.39	0	0	0	492972566.3	1394736312	1519922712.99
transcript/130560.p1	2	2	0	0	123608307.023	139540761.3	23538462	53104424.87	0	0	3756264.823	139540761.3	0	0
transcript/130616.p1	3	4	0	0	707823276.5	774364969	349715275	220971907.34	0	0	503309554.7	612343739.2	0	0
transcript/130619.p1	8	25	1842851650.47	1915377052.56	2352803853.43	3172887977.6	110976600	224775433.441	1463686307.17	1754288230.36	2087957539.95	2377808231.1	0	0
transcript/130634.p1	5	9	190995920.55	132177592.3	334706152.2	190018505.22	1336200144	1907629105.3	0	0	0	0	1124634304	1302172587.7
transcript/130658.p1	5	12	892197500.06	1088847125.65	652879212.52	653696031	56087284	73196040.44	399026581.28	699819775.05	553392429.9	515085147.6	0	0
transcript/130673.p1	5	25	4807392422.1	6580197936.6	10885506665.2	13938914944.4	457107480	549174147.132	4585682255.4	6580197936.6	9846600774.2	13938914944.4	262665524	218206803.3
transcript/130692.p1	2	2	53717917.38	101053090.6	430512973.4	267215628.08	14139362	0	0	0	159576632.4	203401922.6	0	0
transcript/130693.p1	2	2	0	0	324953075.13	325382482.86	0	0	0	0	324953075.13	0	0	0
transcript/130708.p1	1	1	0	0	192042804.5	99426516.25	1302449280	611403127.3	0	0	0	0	0	611403127.3
transcript/130717.p1	2	4	20012146.25	27305853	402639277.86	547497412.4	0	10929805.41	0	0	402639277.86	434544565.8	0	0
transcript/130723.p1	1	2	0	0	133891332.8	222503023.9	64891656	99842545.83	0	0	133891332.8	222503023.9	0	0
transcript/130726.p1	9	31	2210997581.6	1419200862.5	4589576269	5176942520	154483670	277386384.045	1496390128.5	1419200862.5	2285588443.3	1929067612.4	100728748	0
transcript/130753.p1	2	3	0	0	0	0	235040536	175993260.72	0	0	0	0	235040536	158855160.2
transcript/130757.p1	1	4	328992763.2	293980701	163465342.5	170834811.4	0	0	328992763.2	293980701	163465342.5	170834811.4	0	0
transcript/130761.p1	2	2	0	16910688.31	180393938.6	222913291.58	0	0	0	0	0	222913291.58	0	0
transcript/130795.p1	1	1	0	0	12411873.54	23349708.44	17716520	24356158.79	0	0	12411873.54	0	0	0
transcript/130815.p1	2	3	6012156.492	0	0	0	348816496	223367727.63	0	0	0	0	348816496	65365570.93
transcript/130833.p1	4	6	0	0	467436394.44	587277472.52	105266136	59293408.71	0	0	456337039.7	304395910.42	0	0
transcript/130838.p1	4	6	195240531.13	129503170.17	319395030.49	291825770.59	72724112	131498947.38	162502100.22	0	160567143.79	165528735.61	0	0
transcript/130856.p1	1	3	277392239.9	294550315.2	89418409.29	67884552.06	0	0	0	294550315.2	89418409.29	67884552.06	0	0
transcript/130856.p2	6	9	1025941185.76	887185312.13	235233596.47	372508000.18	162313056	52806552.24	551570826.2	471063615.86	163253594.84	284531033.6	0	0
transcript/130865.p1	6	11	16333440.248	67864914.132	246204123.312	41499221.0718	556419828.5	978196056.7	0	0	0	0	556419828.5	943394170.51
transcript/130880.p1	2	3	0	0	514549477	383775704	15265820	0	0	0	514549477	212741774.9	0	0
transcript/130895.p1	2	4	44408907.726	96072131.24	125942621.5	297059837.2	0	115935313.73	0	0	125942621.5	297059837.2	0	0
transcript/130896.p1	2	4	0	0	523758889.3	680143426.8	0	0	0	0	523758889.3	680143426.8	0	0
transcript/130900.p1	2	3	0	0	105270010.06	176858707.34	11956490	12743377.63	0	0	72400792.79	176858707.34	0	0
transcript/130907.p1	7	18	39006033.05	55546137.9	2258783183.15	2608834786.43	458817217	480797289.98	0	0	2187892612.4	2046104939.3	449883760	457480360.71
transcript/130953.p1	19	54	195836416.36	215956886.71	14847434891.94	13679499799.54	2949416428.5	2297488203.547	87481026.13	10001044.81	11671898012.44	13576018608.1	1428680394.5	1319941872.95
transcript/130973.p1	2	5	23532619.52	64756509.92	90980839.69	96593956.28	49266420	94901527.85	23532619.52	64756509.92	90980839.69	96593956.28	49266420	0
transcript/130979.p1	1	2	0	26955712.47	83862673.88	142307958.4	0	0	0	0	83862673.88	142307958.4	0	0
transcript/131014.p1	7	18	84073572.55	107611818.02	1126896606.566	695161648.7921	527332051	648182100.49	0	107611818.02	1088903426	599442683.4	423441243	648182100.49
transcript/131023.p1	3	3	0	0	233846509.23	358061726.07	0	73304608.96	0	0	0	358061726.07	0	0
transcript/131029.p1	1	2	0	0	77020377.4	78552127.48	0	0	0	0	77020377.4	78552127.48	0	0
transcript/131040.p1	3	7	228898500.3	321063244.08	243369486.83	779784080.95	576637298	1047267050.18	0	241292757.1	211212302	762559253.8	256020304	690155389.1
transcript/131046.p1	5	7	86331573.95	158423618.3	340363163.15	635116715.37	108625636	134398637.34	0	0	162977375.35	572702610.49	0	0
transcript/131055.p1	3	5	87201485.21	142150260.2	144093094.51	246532468.96	0	44800847.25	60550125.36	0	103734961.6	246532468.96	0	0
transcript/131095.p1	5	11	387965652.19	386744092.05	113386960.59	216404526.93	0	0	387965652.19	310125459.07	73414767.97	0	0	0
transcript/131136.p1	15	33	27445985.037	44121722.172	807347652.29	1068409530.3	4804915040	3908220708.225	0	0	375750813.06	556577694.9	3655799240	3624017330.525
transcript/13114.p2	1	2	17348513.21	0	203219511.3	489504684.6	26760288	4699267.695	0	0	203219511.3	489504684.6	0	0
transcript/131144.p1	3	6	46260555.694	190216054.67	186537286.57	180595044.32	0	0	37747823.29	190216054.67	42663234.57	157202779	0	0
transcript/131144.p2	1	1	79280766.6	79957065.34	85663830.5	0	0	0	79280766.6	0	0	0	0	0
transcript/131152.p1	1	2	0	0	45220777.82	62689554.59	0	0	0	0	45220777.82	62689554.59	0	0
transcript/131162.p1	2	2	34444764.23	0	281238363.6	210081596.81	20901200	25664775.25	0	0	109958042	113322116.7	0	0
transcript/131205.p1	1	5	980867545.7	1216101763	668006488.6	900060534.9	18071059	15356771.57	0	0	668006488.6	900060534.9	18071059	15356771.57
transcript/131246.p1	4	5	45837730.23	0	26061676.13	61564909.81	323924496	50924703.986	0	0	0	0	243442968	34350401.406
transcript/131261.p1	1	2	20083509.89	32780362.32	42293552.34	0	90715800	31042851.82	20083509.89	32780362.32	0	0	0	0
transcript/131265.p1	1	3	0	0	38737249.86	46515059.37	15523704	0	0	0	38737249.86	46515059.37	15523704	0
transcript/131276.p1	2	3	0	0	275721036.3	293273645.41	0	0	0	0	275721036.3	293273645.41	0	0
transcript/131280.p1	1	1	75468357.74	90978115.43	81871047.37	158080267	34564660	29055545.17	0	0	0	158080267	0	0
transcript/131286.p1	5	9	0	11850236.83	40436693.78	29783726.29	1009172240	617998619.2	0	0	0	0	1009172240	446912184.8
transcript/131294.p1	1	3	0	0	0	0	728687104	908636930.8	0	0	0	0	728687104	908636930.8
transcript/131301.p1	1	2	98728189.9	117690882.8	212999756	123234599.6	65019340	0	98728189.9	0	212999756	0	0	0
transcript/131305.p1	1	6	911551991.7	1017018516	546074578.4	690943012	100711344	166045916.6	911551991.7	1017018516	546074578.4	690943012	0	166045916.6
transcript/131344.p1	2	5	12484756.49	28663774.82	1055964632.25	1164697325.9	0	0	0	0	964382167.5	1164697325.9	0	0
transcript/131348.p1	1	2	21758445.71	0	165301901.8	149690593.8	0	0	0	0	165301901.8	149690593.8	0	0
transcript/131350.p1	1	1	0	0	68944428.63	83811744.62	0	0	0	0	68944428.63	0	0	0
transcript/131353.p1	1	1	0	0	42966500.67	80606245.69	0	0	0	0	42966500.67	0	0	0
transcript/131359.p1	2	7	328137795.57	472645313.9	420478644.42	504048391.5	0	0	315392862.4	472645313.9	420478644.42	343529416.3	0	0
transcript/131399.p1	2	2	252548298.71	250817964.25	86516449.63	0	33904660	58891970.55	182007896.9	80013747.75	0	0	0	0
transcript/131460.p1	5	5	0	0	635772061.97	1271590138.16	2425377536	3585218039.46	0	0	379072842.17	872333022.3	0	0
transcript/131486.p1	4	7	265641195.84	279633542.59	279913831.63	280628462.49	0	0	204365097.92	178741758.24	97724331.24	99788448.51	0	0
transcript/131500.p1	3	9	109782900.38	27337268.78	4972779060.27	4207688933.77	1009457792	327485956.2	0	0	4879378612	4194317692	538369856	192001189.3
transcript/131516.p1	4	14	50891679.96	46497887.12	2370863289.9	2580266302.94	68108536	192614494.85	0	0	2370863289.9	2526919662.8	0	0
transcript/131538.p1	2	4	0	0	0	147753772.21	39027816	64441782.95	0	0	0	104937937.5	39027816	0
transcript/131541.p1	1	2	6598737.657	0	54053278.76	105944570.7	0	0	0	0	54053278.76	105944570.7	0	0
transcript/131549.p1	14	32	586882384.22	429981187.76	53353204.286	148581480.72	3483595168	4528937080.41	0	0	0	90897650.7	3444652964	4289824412.91
transcript/131584.p1	1	1	0	0	0	48040663.16	0	0	0	0	0	48040663.16	0	0
transcript/131586.p1	1	11	1328503047	2944595587	3064897773	3512749830	971549952	1188913449	1328503047	2944595587	3064897773	3512749830	971549952	1188913449
transcript/13159.p3	1	2	45397967.36	83331768.58	78631140.54	115571378.1	0	0	0	0	78631140.54	115571378.1	0	0
transcript/131603.p1	5	14	819083911.3	1027537188.84	908599140.25	1169689579.3	378387736	505004479.346	819083911.3	911681354.94	654123438.9	462146940.6	0	0
transcript/131607.p1	11	31	9683473909.498	7256075173.7	1116266702.89	1349799637.35	5179716144	5864197288.17	0	0	434759666.6	1188983570.6	5179716144	4782944767.2
transcript/131613.p1	3	8	239131624.36	341923642.69	407052745.8	383991397.8	27929320	0	239131624.36	341923642.69	386182008.76	308091767.27	0	0
transcript/131619.p1	1	3	280480247	270656065.9	149553034.6	193112032.2	0	0	280480247	270656065.9	149553034.6	0	0	0
transcript/131624.p1	6	24	197563288.998	308589961.91	9608249777.73	14623746865.54	1943221312	2888082103.59	0	237834381.2	9570600074	14596234668	1943221312	2888082103.59
transcript/131654.p1	1	1	0	0	140463779.2	71293171.62	0	0	0	0	0	71293171.62	0	0
transcript/131659.p1	1	1	0	0	20633859.48	33535312.73	11963924	24366969.69	0	0	0	33535312.73	0	0
transcript/131671.p1	2	14	51703394623.88	65095022419.61	28889259766	29645992592	1621604520	1910047335.5	51671495692	65050611150	28889259766	29645992592	464499688	1910047335.5
transcript/131675.p1	1	1	0	0	53085477.78	89310456.43	0	0	0	0	0	89310456.43	0	0
transcript/131689.p1	5	10	542625187.4	639788681.95	832709063.97	947606383.4	48536936	347219570.47	192504510.8	497561278.3	475346528.97	456781835.6	0	0
transcript/131695.p1	29	144	829002479.648	449879971.803	7739378767.032	7797563961.804	119063435590	119634528523.37	374770976.25	108733695.39	6812269324	5276671577.8	118818803558	119561404040.29
transcript/131699.p1	5	7	0	0	434361403.37	733828240.71	6061773.5	50164453.49	0	0	198896252.42	733828240.71	0	0
transcript/131753.p1	1	1	0	0	18676926.76	34001056.04	0	0	0	0	0	34001056.04	0	0
transcript/131754.p1	7	10	38685863.75	20371714.74	493531136.43	536578912.45	164751784	283712661.76	0	0	419023321.96	215038111	52072748	267467940.23
transcript/131769.p1	9	27	3112421985.96	3353260117.92	4090358586.9	3687281537.6	345142460	214631670.173	1741063709.3	2764210384.2	3677238897.6	3142666553.9	125078608	41194687.07
transcript/131770.p1	5	10	0	0	396284154.8	610911175	153830048	324813901.9	0	0	396284154.8	468525445.3	62199964	109670370.57
transcript/131773.p1	2	10	236568313.55	359245931.9	1683749609.1	1495316025.2	115850610	174126502.1	0	175686352.4	1361564685	1495316025.2	115850610	174126502.1
transcript/131782.p1	2	3	0	26158794.14	132179115.9	109766087.3	0	0	0	26158794.14	132179115.9	0	0	0
transcript/131787.p1	1	1	0	0	60565392.05	71903173.25	0	0	0	0	60565392.05	0	0	0
transcript/131795.p1	5	11	0	3007640.123	1425954442.1	2038870339.5	144154036	178117302.08	0	0	1425954442.1	2038870339.5	86346256	125247841.2
transcript/131796.p1	5	12	10998473.19	0	28542301.29	8961561.717	1635955648	1245328498.45	0	0	0	0	1635955648	1245328498.45
transcript/131805.p1	2	3	194607456.9	100905374.92	7605361.961	6813848.931	0	0	165859369.5	100905374.92	0	0	0	0
transcript/131810.p1	3	5	15721747.75	23733484.55	83511325.49	129219567.66	22052768	0	0	0	83511325.49	129219567.66	0	0
transcript/131833.p1	1	6	147464498.4	171473696.7	69161798.63	74523567.33	0	0	147464498.4	171473696.7	69161798.63	74523567.33	0	0
transcript/131852.p1	8	18	776973352.81	924780766.25	1490657024.21	1763625888.63	93700438	96530030.54	520829226.6	818633542.38	837041538.63	1734979368.4	0	0
transcript/131854.p1	3	11	0	0	0	121213308.7	630968992	869200739.7	0	0	0	121213308.7	630968992	869200739.7
transcript/131858.p1	1	2	0	0	388522678.7	280912548.2	18858106	8389512.481	0	0	388522678.7	280912548.2	0	0
transcript/131895.p1	4	10	438472819.34	768207116.4	454299024.71	461296282.8	0	0	369601952.52	647117543.1	338136172.41	191873599.8	0	0
transcript/131901.p1	3	4	0	0	177156610.56	426196765.14	0	0	0	0	148641152.06	251104543.64	0	0
transcript/131914.p1	1	1	0	0	271680595.6	286424082.4	11362827	0	0	0	271680595.6	0	0	0
transcript/131921.p1	2	3	21848301.4	68814179.28	196341956.48	262850582.84	75089024	4422107.717	0	53107118.44	0	262850582.84	0	0
transcript/131938.p1	4	9	0	0	40963939.23	51887020.1	781854036	694358752.24	0	0	0	51887020.1	723217752	694358752.24
transcript/131946.p1	1	1	17174822.5	0	29845160.76	0	0	0	0	0	29845160.76	0	0	0
transcript/131947.p1	4	4	0	134478604.5	295573347.32	265491179.33	0	44611515.75	0	0	226090551.53	64241847.27	0	0
transcript/131957.p1	7	14	656146979.72	476308611.01	757991457.67	1013315195.6	24752222	51379053.167	410081224.08	205175206.91	531808723.3	831027189.18	0	0
transcript/131964.p1	6	10	0	0	0	0	903402604	596508309.08	0	0	0	0	712100008	506513533
transcript/131969.p1	2	2	0	5320745.896	376819363.14	540361054.3	62579404	14722379.44	0	0	0	540361054.3	0	0
transcript/131980.p1	5	6	530388349.23	433758002.05	169373822.81	320444425.95	13501835	0	154261353.66	283229435.75	0	192775528.2	0	0
transcript/131989.p1	1	2	37526209.55	35400605.8	74074601.59	60468092.21	0	0	37526209.55	35400605.8	0	0	0	0
transcript/131994.p1	4	5	0	0	0	0	634852704	464585865.43	0	0	0	0	294192040	407683033.52
transcript/132018.p1	1	1	0	0	93089099.83	94981286.68	0	0	0	0	93089099.83	0	0	0
transcript/132028.p1	2	3	0	0	523443932.72	549050231.97	0	0	0	0	523443932.72	475692650.4	0	0
transcript/132031.p1	4	12	910071683.61	743298101.51	986771875.36	718741343.76	0	0	284109839.21	743298101.51	688397784.41	667103630.1	0	0
transcript/132040.p1	2	3	0	0	153547386	109967467.59	64408334.5	151100490.3	0	0	153547386	61819522.04	0	0
transcript/13206.p1	17	27	167358981.23	214335171.411	3386133587.76	4562923324.4	173712439.5	232394602.35	0	0	2583582655.8	2780833551.6	0	0
transcript/13206.p2	7	9	129395324.61	0	889861445.22	1077182236.49	34848984	151706790.838	0	0	281408381.4	1077182236.49	0	0
transcript/132060.p1	6	11	983778861.85	943492774.84	356744329.19	556484321.36	48710920	36974641.24	694014371.3	497972717.7	221499348.5	231234473.9	0	0
transcript/132075.p1	5	15	554982099.63	702027426.44	409690838.64	402321507.99	110021548	191957201.66	471439389.34	702027426.44	101556910.6	87960752.87	59138560	0
transcript/132090.p1	1	1	65507651.59	6981045.338	36570412.91	94616654.48	510289856	0	0	0	0	94616654.48	0	0
transcript/132094.p1	2	5	0	0	0	177447523.4	148558052	116593226.61	0	0	0	0	54481028	45624465.89
transcript/132110.p1	1	1	133909542.6	0	0	60851416.98	101750520	93393516.1	133909542.6	0	0	0	0	0
transcript/132112.p1	1	3	11663799.98	21238937.24	78525170.18	74055792.01	0	0	0	21238937.24	78525170.18	74055792.01	0	0
transcript/132121.p1	1	1	0	0	85541279.45	75426295.42	0	0	0	0	0	75426295.42	0	0
transcript/132136.p1	2	6	238718255.96	222852165.06	459560015.69	543854486.6	28657140	17714119.88	238718255.96	222852165.06	437223982.8	494959228.5	0	0
transcript/132137.p1	2	8	0	30606057.78	1089954844	368912699.39	31471986	77700336.1	0	30606057.78	1089954844	368912699.39	31471986	0
transcript/132147.p1	22	67	266903817.11	273308584.874	1796803259.77	1523950146.5	48811807476	38719367003.19	0	0	1701411715.6	1037655514	41790613804	28058743586.57
transcript/132165.p1	4	6	988121981.5	751302380.9	169394291.88	67520597.2	23775510	70033646.02	496415857.8	751302380.9	0	0	0	0
transcript/132167.p1	1	1	8678799.359	0	35383761.52	73375018.25	0	0	0	0	0	73375018.25	0	0
transcript/132189.p1	1	1	0	18991867.03	82751997.13	92325426.57	0	30971820.94	0	0	82751997.13	0	0	0
transcript/132196.p1	1	1	0	0	0	0	53935684	28507456.13	0	0	0	0	53935684	0
transcript/132205.p1	1	2	28961292	0	1655977121	1854873661	212618128	227016592.7	0	0	1655977121	1854873661	0	0
transcript/132213.p1	2	5	51064783.14	48293153.75	84058708.86	49623426.53	138087820	49451083.21	21924022.05	48293153.75	37143445.2	0	0	0
transcript/132240.p1	3	6	28967264.21	213699466.68	274439492.7	245631993.9	0	0	28967264.21	138178379.89	155948085.5	104465618.4	0	0
transcript/132242.p1	1	2	0	0	0	0	59747940	30650010.65	0	0	0	0	59747940	30650010.65
transcript/132246.p1	1	4	0	0	0	0	417433936	508728883.5	0	0	0	0	417433936	508728883.5
transcript/132260.p1	3	15	1762601050.1	1793931716.4	1405696500.6	1481864736.8	397534102	507369750.2	1762601050.1	1793931716.4	1405696500.6	1481864736.8	164837504	473675043.2
transcript/132281.p1	3	5	14621414.86	0	149388637.1	141821575.2	395092464	665510493.29	0	0	0	0	244196896	665510493.29
transcript/132302.p1	2	3	59990173.32	76719916.07	146328048.67	135625730.1	0	0	0	0	102329287.8	135625730.1	0	0
transcript/132309.p1	2	4	0	0	278303794.4	384073938.5	0	8095124.295	0	0	278303794.4	384073938.5	0	0
transcript/132321.p1	4	8	407362568.23	190660243.42	205086742.961	233121323.18	48569628	92597992.1	52163756.23	179364038.6	79198808.31	49975513.9	0	0
transcript/132334.p1	1	1	0	0	109255107.5	99043398.45	307781632	494909385.4	0	0	0	99043398.45	0	0
transcript/132353.p1	3	4	13764495.883	64512905.88	281621884.23	185327205.41	0	0	0	0	281621884.23	68524370.55	0	0
transcript/132367.p1	2	3	0	0	212466550.66	347696176.4	0	0	0	0	95394604.76	347696176.4	0	0
transcript/13242.p2	1	1	0	0	0	0	0	0	0	0	0	0	0	0
transcript/132433.p1	3	5	1069619949.98	1188930645.62	1537018530.49	1763734530.05	58748748	108251773.6	0	1172612554.65	1486105653.21	58551077.97	0	0
transcript/132452.p1	15	48	371052242.05	413661092.39	21497209584.9	33011590742.9	953769472	613203785.09	352583552.19	339466214.27	18938321751.9	33011590742.9	573710424	267325635.04
transcript/132462.p1	4	17	2153696737.37	1816037782.3	2051203770.8	2659401713.31	268544100	307666475.6	1861874702.1	751531412.3	2051203770.8	2659401713.31	230294832	202284616.3
transcript/132479.p1	2	2	0	0	59061732.67	156935640.76	60488656	6994310.683	0	0	0	156935640.76	0	0
transcript/132485.p1	13	61	27264231439.95	28763795340.75	34598623488.56	39897145581.2	758828555	589780512.59	27167781859.4	23354275891.31	34301011786.6	26680695708	634245845	384607810.39
transcript/132492.p1	3	4	0	0	182712411.77	61986849.75	0	3448078.725	0	0	182712411.77	35107057.64	0	0
transcript/132529.p1	5	9	0	0	124124024.57	169636849.7	1958570486	1019785824.6	0	0	0	0	1958570486	1019785824.6
transcript/132536.p1	3	5	0	0	42483343.04	43782443.99	213457731.5	231748404.58	0	0	0	0	29388335.5	231748404.58
transcript/132555.p1	2	3	16749144.185	44494084.11	268012014.81	351699632.8	15134414	31465166.2	0	0	268012014.81	129377965.4	0	0
transcript/132558.p1	1	2	146124593.7	237705436.1	0	144041626.5	0	0	146124593.7	237705436.1	0	0	0	0
transcript/132575.p1	9	26	0	32312926.559	4774223757.14	3530930531.25	662896052	447282043.89	0	0	4774223757.14	3530930531.25	224543008	286366653.3
transcript/132599.p1	1	1	16921115.72	52835358.59	56429066.95	147264406.8	0	0	0	0	0	147264406.8	0	0
transcript/132602.p1	1	1	1144006.806	0	28325217.83	41836934.62	4732410	5363005.219	0	0	0	41836934.62	0	0
transcript/132656.p1	5	12	0	0	2859448779.7	1916388578.9	1185286600	703823507.27	0	0	1384341937.3	1916388578.9	1054070780	561763649.97
transcript/132659.p1	11	28	2603881616.5	2453272207.87	913671074.93	677427302.6	166437877.5	432974820.189	2031931593.56	1185606413.57	466726690.39	534170331.51	0	0
transcript/132666.p1	1	7	1990338144	2670286054	2044114075	1506546753	613706880	1439701958	1990338144	2670286054	0	1506546753	0	1439701958
transcript/132667.p1	7	29	1222148900.52	1893369270.3	2905405777.82	4616391479.17	396991462	333346513.88	1164570406.96	1776620805.9	2905405777.82	4600763782.9	0	0
transcript/13269.p1	3	4	75893107.32	89652194.94	221029112.44	263610322.54	0	0	0	0	133939716.48	139579891.54	0	0
transcript/132693.p1	1	2	11132612.66	0	0	57440713.67	47717628	17043255.23	0	0	0	57440713.67	47717628	0
transcript/13271.p1	4	7	211533546.42	213305003.51	99656906.56	46419127.05	0	0	211533546.42	202232795.16	0	0	0	0
transcript/132713.p1	1	1	0	0	114663527	113329134.7	36463536	66342127.66	0	0	0	0	0	66342127.66
transcript/132719.p1	2	2	110448020.2	327497332.6	124192047.41	97481604.25	29499258	11005453.56	0	327497332.6	61696622.74	0	0	0
transcript/132721.p1	7	17	1196333879.94	1015668002.64	743703206.35	501912583.79	63197452	47928617.117	782065864.45	1015668002.64	406390307.96	217237197.88	0	0
transcript/132723.p1	6	8	4051423.615	2752035.819	527788320.83	602010781.58	14763303	0	0	0	427686881.23	273822620.49	0	0
transcript/132724.p1	1	1	0	0	83121246.38	135135127.6	0	20918210.44	0	0	83121246.38	0	0	0
transcript/132730.p1	4	5	107501424	195529612.06	80520311.49	104120741.8	198919084	590638670.63	0	0	0	0	150749264	590638670.63
transcript/132733.p1	4	10	97719373.33	0	2562528979.1	2432972646.7	139739460	148619634.48	0	0	2562528979.1	1287320042.7	0	0
transcript/132737.p1	2	2	0	0	153693651.34	211864023.61	0	0	0	0	64651053.95	118231302.2	0	0
transcript/132738.p1	12	41	5828119367.14	5584439386.91	3640447006.58	3732929591.64	153187004	129525565.603	2883626620.64	5584439386.91	2896381680.32	3646929265.54	0	0
transcript/132751.p1	6	19	2457722613.93	2721071759.5	1987899755.4	1867678654.57	162952522	231262112.98	2457722613.93	2600496792	1095820484.2	1157124952.2	0	0
transcript/132766.p1	3	8	14311061.941	0	0	39296096.87	969398099	1133980383.8	0	0	0	0	35823059	1133980383.8
transcript/132773.p1	9	22	1545109753.82	1406460184.11	2423410674.43	2602694831.03	205314282	172472107.28	1401603252.5	1136424482.21	1688768403.4	1776155835.2	0	0
transcript/132811.p1	9	65	80605880.54	64269419.899	396790735.9	695908841.97	22409397618	30562201534.8	56516385.93	0	280266623.3	293629996.7	20932372210	30562201534.8
transcript/132816.p1	1	1	0	0	0	88118581.41	0	0	0	0	0	88118581.41	0	0
transcript/132824.p1	1	1	0	0	52733034.2	124798322.3	0	0	0	0	52733034.2	0	0	0
transcript/13283.p1	1	1	0	0	0	36790014.89	12090526	6571698.072	0	0	0	36790014.89	0	0
transcript/132834.p1	2	2	171537822.84	110294665.5	464482759.15	186445703.6	0	16338976.45	0	0	452602131.9	169179686	0	0
transcript/132840.p1	1	1	0	0	137572211.2	146915767.3	0	0	0	0	0	146915767.3	0	0
transcript/132849.p1	5	21	2046551052.65	1986024733.9	1194317532.18	1548127996.2	580902272	112096211.331	2046551052.65	1713229773.5	331610280.08	1160169793.4	0	0
transcript/13286.p2	3	7	36151923.32	64476185.3	165472598.78	96028973.94	0	16997481.22	0	64476185.3	165472598.78	0	0	0
transcript/132876.p1	2	5	0	0	0	0	549202816	716068086.2	0	0	0	0	549202816	716068086.2
transcript/132881.p1	2	3	0	0	107476763.12	97356617.07	0	0	0	0	107476763.12	97356617.07	0	0
transcript/132887.p1	12	49	23461259386.67	15676390102.5	5982637949.9	6598654543.54	206024007	264521170.43	22535611498.07	15676390102.5	3166693490.7	4990808507.64	0	56716741.4
transcript/132889.p1	1	3	0	0	0	0	313496960	486296867.1	0	0	0	0	313496960	486296867.1
transcript/132907.p1	1	2	0	0	0	0	0	104064466.3	0	0	0	0	0	104064466.3
transcript/132910.p1	4	7	202372805.21	270750764.79	132758700.23	92039200.64	0	98650069.33	44224989.76	270750764.79	58880699.26	0	0	0
transcript/132915.p1	1	1	0	0	126458838.6	106375497.1	0	0	0	0	126458838.6	0	0	0
transcript/132916.p1	1	5	216513546.2	178616344.7	109225936.4	183354470.9	0	125904778.8	216513546.2	178616344.7	109225936.4	183354470.9	0	0
transcript/132934.p1	1	1	14961009.99	21703989.98	10844792.82	0	0	0	0	21703989.98	0	0	0	0
transcript/132940.p1	2	3	0	0	383418713.9	593111742.8	0	0	0	0	192681767.9	593111742.8	0	0
transcript/132972.p1	13	41	1807212899.79	2597936232.868	1908582066.7	1556248621.34	2096469374	2261584613.296	1735484802.87	2445587299.4	1617666864.9	1030686217.8	1758579850	1677338202.3
transcript/133006.p1	1	4	35470069.99	43626119.12	71069761.87	102428598.2	0	0	35470069.99	43626119.12	71069761.87	102428598.2	0	0
transcript/133009.p1	2	7	0	4796825.965	1488630929.79	1439844029.2	260961396	13776825.11	0	0	1488630929.79	1439844029.2	0	0
transcript/133012.p1	1	1	118522808.9	0	0	0	0	0	118522808.9	0	0	0	0	0
transcript/133029.p1	11	19	0	0	324492647.02	223608835.01	1765862972	1276805110.02	0	0	28919747.5	94038341.8	1686740500	1004939210.48
transcript/133035.p1	1	2	2425939549	896959182.2	152335143	219928829.8	0	0	0	0	0	219928829.8	0	0
transcript/133040.p1	6	9	1964390838.2	1621520586.6	274127957.53	207736188.073	20493828	44172135.22	1102208033.42	1149818028.9	59007406.09	0	0	0
transcript/133045.p1	3	4	0	0	967279126.6	1325505222.7	27355160	36105517.92	0	0	771187697.2	1191271365	0	0
transcript/133050.p1	8	20	0	0	37785452.26	19245464.3	3442918556	2648548775.72	0	0	0	0	3442918556	2648548775.72
transcript/133058.p1	7	19	30944166.01	0	2302597476.2	2189362954.7	1284543522	969214367.01	0	0	2302597476.2	2096358179.6	1284543522	936457501.39
transcript/133068.p1	1	5	311090320.6	413638676.4	190997380.8	286876730.5	22241302	53373697.68	311090320.6	0	190997380.8	286876730.5	22241302	53373697.68
transcript/133069.p1	6	13	96982877.73	189988944.15	1509794750.57	1267952285.33	545317248	291369501.08	56160984.53	140945241.33	1091595083.47	1004649364.83	0	0
transcript/133072.p1	20	57	3951377669	5283728842.55	5809469003.64	6607078231.64	1692206604	1191726390.211	2530380819.73	5160418846	4315986635.56	2368454312.31	0	149494339
transcript/133116.p1	1	2	14750165.61	19078140.66	281043495.9	240798961.7	0	0	0	0	281043495.9	240798961.7	0	0
transcript/133120.p1	8	23	59299747.3	27173881	5443491466.43	7736939888.1	350829487	206000823.99	0	0	4818381155	7675037293.7	256237732	144664321.04
transcript/133125.p1	3	5	0	0	565588938	699495443.2	71033256	0	0	0	565588938	396228552	0	0
transcript/133129.p1	14	24	18549132.96	44094794.353	4011010159.73	4557679057.67	441206088	319269796.58	0	0	3508040080.34	3253652957.24	70625584	134261767.2
transcript/133134.p1	1	1	0	0	0	0	521282688	297803730.3	0	0	0	0	0	297803730.3
transcript/133137.p1	12	25	310129752.1	120679136.351	404712118.37	296265539.15	4578446924	5446835262.69	0	0	0	0	4505105420	4875264600.3
transcript/133163.p1	1	1	0	0	81694704.6	115592732.9	23137848	40347039.48	0	0	81694704.6	0	0	0
transcript/133176.p1	3	4	0	0	270923988.23	387319795.4	29937894	20986099.24	0	0	193933096.09	191216462.2	0	0
transcript/133178.p1	5	14	156644292.91	153729866.93	167063306.77	253168624.37	398809324	320576744.26	99618388.09	72684710.42	115106540.31	96745820.51	349909300	197276438.41
transcript/133204.p1	2	5	0	0	0	0	105482696	342756350.1	0	0	0	0	105482696	342756350.1
transcript/13321.p1	13	20	68844936.772	85833202.94	1506367017.39	2295309265.68	127052224	133771252.521	0	0	1223660749.49	1625193675.78	0	0
transcript/133213.p1	2	14	2695582696.9	4283020554.4	5517256710	5013586063	918893503	180595193.8	2250929997	3610416280	5517256710	1072125331	747352671	180595193.8
transcript/133217.p1	1	1	64673504.94	91097148.49	39246165.71	58929614.35	151761504	198270876.8	0	91097148.49	0	0	0	0
transcript/133218.p1	4	30	10560154951.2	8212634783.5	2849390462	2594759401	121901576	93041036.63	10560154951.2	8212634783.5	2849390462	2404533400.6	0	0
transcript/133220.p1	2	2	0	0	0	65295266.01	0	0	0	0	0	65295266.01	0	0
transcript/133241.p1	7	16	1275015386.42	1229669012.87	920806493.113	619177700	111515962	92642852.39	621609166.71	1229669012.87	516629992.3	458262055.54	0	0
transcript/133248.p1	1	2	0	0	0	0	93202336	76868751.94	0	0	0	0	93202336	76868751.94
transcript/133255.p1	3	13	675080238.9	1463094098	718291424.37	1155142852.68	2441913456	3060555148.2	0	0	60090108.77	64254509.68	2441913456	3060555148.2
transcript/133264.p1	1	1	0	0	30716994.54	56648969.8	0	0	0	0	0	56648969.8	0	0
transcript/133272.p1	6	13	0	22290082.05	588155612.67	472353264.81	269643620	444215335.86	0	0	285876303.24	395537063.16	269643620	374749121.34
transcript/133278.p1	1	1	0	0	69838822.09	106394302.6	0	0	0	0	0	106394302.6	0	0
transcript/133283.p1	2	2	0	0	0	0	110347872	62491310.203	0	0	0	0	110347872	0
transcript/133285.p1	1	2	0	0	55497479.44	76183880.89	0	0	0	0	55497479.44	76183880.89	0	0
transcript/133290.p1	2	4	245929993.87	191240189.08	0	122060843.3	307978620	458705466.2	0	0	0	0	307978620	458705466.2
transcript/133294.p1	1	1	0	0	0	26587133.85	0	0	0	0	0	26587133.85	0	0
transcript/133305.p1	1	4	440503860.7	143715003	0	0	0	0	0	143715003	0	0	0	0
transcript/133313.p1	4	7	0	0	142714018.39	203517534.11	728262724	369973836.91	0	0	0	0	728262724	262057141.91
transcript/133314.p1	4	7	211113079.15	241247919.6	146623440.47	243061261.7	36676816	63873529.79	28854640.24	241247919.6	49491811.45	0	0	0
transcript/133315.p1	1	2	0	0	155700096.9	227540404.5	0	0	0	0	155700096.9	0	0	0
transcript/133318.p1	1	1	0	0	107751240.1	105027966.7	0	0	0	0	107751240.1	0	0	0
transcript/133345.p1	3	3	0	0	177653090.89	236471216.86	0	0	0	0	73572180.49	158773044.62	0	0
transcript/133349.p1	2	3	0	0	217756112.13	278211871.04	0	0	0	0	172822622.5	278211871.04	0	0
transcript/133367.p1	10	31	1767710502.13	3029056198.3	4101693765.5	4302548722	203185779	239093846.19	702101996.77	1437265307.6	2659455934.9	2413859545.9	59127876	0
transcript/133369.p1	5	9	54221887.53	56296809.961	488842171.6845	586795393.16	141520611.25	130147473.46	0	0	417940984.37	263964601.9	53348811.25	26054446.95
transcript/133399.p1	3	12	26574593.35	52344666.61	114365121.3	29612374.56	2428778888	3132325571.6	0	0	69505820.27	0	2428778888	2445041241
transcript/133401.p1	27	63	450617928.699	349435986.51	27658771527.76	22507637862.54	5015575528	4806817195.16	0	0	21155947354.67	13743169162.4	4049949328	3559828172.34
transcript/133405.p1	1	4	101258920.1	133239961.7	712300571.2	398936256.5	0	0	101258920.1	133239961.7	712300571.2	398936256.5	0	0
transcript/133407.p1	3	4	0	0	204061556.39	236664130.4	90750376	144298573.3	0	0	0	236664130.4	30394796	86429421.92
transcript/133410.p1	6	10	44011623.65	74592214.83	522648560.71	729449333.56	164984474	193862815.63	0	0	345204485.81	729449333.56	0	0
transcript/133448.p1	6	31	8760484628.3	8502821896.6	13572369117.2	16729828134.1	1000487740	1124733163.36	8760484628.3	8502821896.6	13572369117.2	16729828134.1	838670300	771305248.34
transcript/133453.p1	1	2	0	0	0	0	87299640	14976052.91	0	0	0	0	87299640	14976052.91
transcript/133458.p1	2	4	145345065.13	134866849.59	50427334	67561891.13	0	0	145345065.13	82301998.99	0	67561891.13	0	0
transcript/133470.p1	1	1	23826883.01	10509394.98	59607617.59	102947813.4	0	15236247.91	0	0	0	102947813.4	0	0
transcript/133485.p1	8	20	2013489422.56	2282004605.836	3521454010.03	3942503443.43	99147202	72456929.413	626566761.76	2039478609.836	497270101.41	521916168.7	0	0
transcript/133488.p1	5	8	377988915.19	508403037.22	296904363.43	672610883.96	136815764	59173537.82	139639563.25	424894033.32	0	473507039.8	0	0
transcript/133530.p1	3	4	10226887.34	32215050.74	214639096.02	501135059.24	21286084	81307316.41	0	0	88975035.12	267232443.84	0	0
transcript/133535.p1	2	2	0	0	122946040.26	67687419.25	0	0	0	0	88101361.16	67687419.25	0	0
transcript/133539.p1	2	5	152416619.75	95252339.87	101339820.7	86800442.14	0	4036448.071	152416619.75	67675859.57	101339820.7	67561933.47	0	0
transcript/133543.p1	3	7	870508591.74	998128104.7	734592959.8	516918045.2	52073238	20985966.86	811274621.5	728363979.1	734592959.8	344737951.8	0	0
transcript/133549.p1	1	1	0	0	37309553.46	65687624.27	37615776	0	0	0	37309553.46	0	0	0
transcript/133557.p1	13	28	0	0	157883969.796	186465234.62	8176726284	6065776731.39	0	0	0	0	7903763700	4888402975.69
transcript/133565.p1	4	12	55694138.77	82020768.52	201733549.1	90795495.36	10593228320	5775755770	0	0	201733549.1	0	10593228320	5537416743
transcript/133570.p1	1	1	0	0	44314604.69	60273287.75	0	0	0	0	44314604.69	0	0	0
transcript/133579.p1	1	3	285438366.8	379374835.6	1796694220	1802395073	10461734	0	285438366.8	379374835.6	1796694220	0	0	0
transcript/133583.p1	9	18	242174358.411	106944866.33	5978371797.7	3282881150.94	122346400	315546708.71	0	0	4925990062.4	2518070166.34	0	0
transcript/133593.p1	1	5	545596179.2	754216840.5	449228297.7	0	0	0	545596179.2	754216840.5	449228297.7	0	0	0
transcript/133597.p1	1	2	0	0	21858512.52	19952674.13	341975744	300508314.7	0	0	0	0	341975744	300508314.7
transcript/133603.p1	1	1	0	0	83060756.17	0	0	0	0	0	83060756.17	0	0	0
transcript/133612.p1	2	4	0	0	370658305.3	0	0	0	0	0	370658305.3	0	0	0
transcript/133613.p1	4	20	84451868.93	280109770.25	857045771.33	898426049.4	2425501344	1893392092.29	0	239612457.7	832377068.1	898426049.4	2425501344	1893392092.29
transcript/133614.p1	1	2	4077165340	2491796532	3500614297	6152402509	0	0	0	2491796532	0	0	0	0
transcript/133616.p1	3	4	25451258.99	44008453.72	153076477.11	206833787.95	0	0	0	0	41562894.23	206833787.95	0	0
transcript/133622.p1	36	112	724517796.732	1763053159.575	3391934726.73	3753158209.45	56405285856.5	58263149855.34	0	0	1560243953.3	1129599512.63	56037574056.5	57372943912.84
transcript/133630.p1	4	8	13868402.81	30746154.01	135603711.04	4082813.123	1952431688	2574882522.9	0	0	0	0	1865272448	2404403543.9
transcript/133655.p1	1	1	0	0	0	113180177.3	558646464	903910018.8	0	0	0	113180177.3	0	0
transcript/133663.p1	1	1	0	0	128073354.3	101657480.1	0	0	0	0	128073354.3	0	0	0
transcript/133665.p1	3	8	181648583.72	236278114.08	202824391.39	197729540.13	0	20237764.334	168383483.95	236278114.08	120982786.84	85979067.2	0	0
transcript/133681.p1	2	4	0	0	510992448.7	680746330.5	0	0	0	0	510992448.7	680746330.5	0	0
transcript/133690.p1	1	3	0	0	76534927.51	83277054.21	0	0	0	0	76534927.51	83277054.21	0	0
transcript/133716.p1	1	1	28016080.05	0	57765416.77	53391570.05	0	0	0	0	57765416.77	0	0	0
transcript/133719.p1	1	2	0	0	106097900.4	101413517.1	0	0	0	0	106097900.4	101413517.1	0	0
transcript/133725.p1	2	3	113338229.7	45539939.72	367096395.27	207357772.7	16264329	17101634.09	0	0	40576415.57	0	0	17101634.09
transcript/133728.p1	1	2	165083006.7	0	0	0	127973968	117284165.6	165083006.7	0	0	0	0	0
transcript/133729.p1	3	3	20294731.83	27845218.79	148021634.64	241854595.305	13553937	6288897.177	0	0	71440216.68	122971972.3	0	0
transcript/133730.p1	10	15	27288643.71	118623558.102	1354382352.53	2447237521.81	53884876	211763875.106	0	0	1354382352.53	1832867505.7	0	0
transcript/133784.p1	1	1	41456011.26	29476849.84	0	90815702.53	0	0	0	0	0	90815702.53	0	0
transcript/133785.p1	3	4	0	0	393565873.1	348633965.5627	105636078	50689110.05	0	0	133391339.8	347659826	50362240	0
transcript/133796.p1	2	3	124848903.52	81244599.48	321315231.9	397054082.7	30933863	3626155.397	48070916.07	29993465.58	0	126810920.8	0	0
transcript/133818.p1	1	2	234631682.8	293049964.1	232267650.9	0	0	0	234631682.8	293049964.1	0	0	0	0
transcript/133823.p1	2	2	15945551.1	25829494.67	164387349.18	170037079.7	642008480	592754111.93	0	0	145778156.6	0	50226848	0
transcript/133829.p1	5	9	0	0	1463758228.2	2197717547.6	135207408	73740666.34	0	0	960538530.1	2197717547.6	135207408	0
transcript/133836.p1	1	1	0	0	123210645.7	181608695.5	15011446	45060634.47	0	0	0	181608695.5	0	0
transcript/133839.p1	10	41	94555572.91	25780044.41	6563337375.1	7337947640.8	2544701650	1645401411.53	0	0	6563337375.1	7019226127.77	2346660406	1239482076.3
transcript/133841.p1	5	19	2112904678.71	4462153887.72	3427524993.8	4600221142.7	342983688	142907657.06	1998810413.5	4399113569.9	3253418077	4600221142.7	254328712	85656247.04
transcript/133861.p1	3	13	743143898.6	947388827.8	671315288.5	787750187.8	193173828	2365011360.25	743143898.6	947388827.8	671315288.5	787750187.8	193173828	0
transcript/133869.p1	9	142	1810785628.42	1427255926.29	133565494143.95	92117714005.11	10846910624	7036653058.1	1422955549.66	1198864495.32	133511293243.6	91876741401	5636210025	7036653058.1
transcript/133886.p1	12	16	81431468.136	20680795.4	420335806.82	145888959.83	4096425726	3371799056.2	0	0	0	0	3561931206	2720951795.1
transcript/133904.p1	3	7	329947088.93	187072750.75	118186986.4	381541363	111464840	24260916.36	212275895.13	80033109.35	118186986.4	381541363	0	0
transcript/133958.p1	14	26	16963112.224	22403072.866	5165904287.87	4681388325.78	396838028.5	173659204.199	0	0	5165904287.87	4478470133.53	91376744	0
transcript/133977.p1	17	64	9534443763.24	14444452925.87	14866550934.68	15909850607.97	910808565.3125	848514016.71	9507149930.7	11328966469	14577829245	14444144786.97	630337274	471792128.66
transcript/133981.p1	13	30	45331449.827	72547007.77	2938129131.3	3727852179.67	1987919560	1048126592.862	0	0	1958454884.8	2368376534	1614040624	535093815.54
transcript/1340.p2	2	9	156919495	89733358.35	52363780.7	56469363.04	0	0	156919495	89733358.35	52363780.7	0	0	0
transcript/134000.p1	2	2	0	0	290493281.53	282011703.56	0	0	0	0	290493281.53	0	0	0
transcript/134007.p1	2	2	0	0	216438096.2	195994122.3	19955314	0	0	0	109350660.8	128514259.3	0	0
transcript/134008.p1	16	25	109265180.307	96796510.58	9289434783.26	5164588368.29	726001010	708612124.26	0	0	6819775627.66	3846711461.01	155386272	364800141.84
transcript/134011.p1	8	16	933880351.286	852315143.91	869995157.78	640607788.42	39981052	92464696.598	471919790.8	832370408.51	511272664.86	257205481.93	0	0
transcript/134017.p1	6	17	1004306580.3	1407393189.75	963938275.4	914326567.16	50769737	97559987.5	956612345.4	1332724806.1	543603975.5	697480558.7	0	0
transcript/134021.p1	7	10	61674475.79	60848729.55	1470239485.21	2469643944.3	170519772	91996534.8	0	0	778143766.31	2340845627.5	0	0
transcript/13403.p1	1	3	0	0	852048808.5	1057728756	22366110	6447578.898	0	0	852048808.5	1057728756	22366110	0
transcript/134030.p1	7	24	11163827.44	58512188.6	2883456886.98	4037340437.2	57553340	0	11163827.44	58512188.6	2342649953.48	3135166484.3	22534844	0
transcript/134032.p1	1	4	334597189.8	357805387.4	175788561.7	219584235.4	29790658	0	334597189.8	357805387.4	0	219584235.4	0	0
transcript/134045.p1	3	12	192346059.53	427174479.7	823118287.3	1004779006.4	557460800	599072316.7	121571816.9	427174479.7	823118287.3	1004779006.4	251917344	314602636.3
transcript/134058.p1	3	6	105585673.78	168887901.4	139692314.61	122267341.23	34197124	9181333.683	63934227.16	148481380.58	102380838.2	122267341.23	0	0
transcript/134111.p1	4	11	19247196.85	0	327418548.04	467066653.1	0	0	0	0	327418548.04	467066653.1	0	0
transcript/134123.p1	1	1	145624818.1	232102012.8	118926036.8	108923275.2	0	0	0	232102012.8	0	0	0	0
transcript/134141.p1	1	1	0	0	154297148.4	133978831.5	0	0	0	0	0	133978831.5	0	0
transcript/134144.p1	1	2	25969661.98	30928242.57	69770797.13	20956365.16	0	0	0	30928242.57	69770797.13	0	0	0
transcript/134155.p1	6	13	843672794.07	764019874.21	737860770.67	717411498.22	327800336	267864655.41	756367503.89	439022454.26	725145585.4	347265014.8	135262108	18139708.72
transcript/134174.p1	1	2	46483100.19	33312622.62	109466445.5	0	17583880	6424043.698	46483100.19	33312622.62	0	0	0	0
transcript/134200.p1	3	4	0	0	218689310.982	294910123.177	42354588	71641869.72	0	0	129386853.6	294910123.177	0	0
transcript/134206.p1	1	3	311680902.9	383967461.7	291154878.9	316027663.3	0	0	311680902.9	383967461.7	0	316027663.3	0	0
transcript/134213.p1	1	2	0	0	35998367.57	52672230.51	0	0	0	0	35998367.57	52672230.51	0	0
transcript/134217.p1	1	2	0	0	73289315.51	133493196.2	0	0	0	0	0	133493196.2	0	0
transcript/134218.p1	9	76	272495787889	259101879741	76764881644.62	72540519025.1	1948717767.75	2225373873.17	272495787889	256735003485	76753835326	72147036559.9	1165603215	1455677169.6
transcript/134223.p1	2	3	33052145.46	27919619.96	121538178.28	83896841.93	0	0	0	0	121538178.28	50651480.47	0	0
transcript/134225.p1	4	7	265960060.77	192427848.89	341344836.6	482175530.5	146482058	21068086.714	66293802.53	165407985.08	144585433.9	482175530.5	0	0
transcript/134227.p1	3	5	0	0	78569981.75	83525871.48	62488456	109409997.53	0	0	20323028.92	83525871.48	34227092	54957423.77
transcript/134230.p1	9	18	36429996.43	68445651.84	664688426.28	1286307186.58	892065554	750959140.59	0	0	273953482.44	599483229.48	859712542	598471288.5
transcript/134239.p1	9	34	7590354870.5	7673513265	4528520375.8	3779550486.5	102652812	115196082.5	6759600658.9	7673513265	4019028237.3	2287465285.1	0	0
transcript/134255.p1	3	6	421425745.1	329337455.1	129276196.9	81636830.23	238208459	292549958.5	0	0	0	0	124449115	292549958.5
transcript/134286.p1	1	2	171097323	193562277.2	60092511.4	64154442.79	0	0	0	193562277.2	0	64154442.79	0	0
transcript/134299.p1	5	15	628961143.58	682934026.7	1344673622.2	1321315936.4	164467568	89863013.2	377339744.5	603407975.28	965318798	884745761.6	0	0
transcript/134302.p1	6	18	2439305539.7	2819509375.4	745757150.5	837031696.51	132483844	191090808.06	2439305539.7	1868801759.5	681895385.6	402797820.6	0	0
transcript/134321.p1	1	1	0	0	49036322.26	62525366.62	0	0	0	0	49036322.26	0	0	0
transcript/134325.p1	4	6	0	0	104601011.6	93558891.86	451216064	225750480.38	0	0	104601011.6	0	306321672	124325888.28
transcript/134352.p1	4	6	39532132.49	0	260299223.77	428130957.35	0	10905674.51	0	0	260299223.77	428130957.35	0	0
transcript/134355.p1	1	1	0	0	113042482.6	116586111.1	0	0	0	0	113042482.6	0	0	0
transcript/134369.p2	8	19	252950056.739	544556.0428	1796685653.607	2985712517	8913464.875	5340013.988	10300915.06	0	1790916882.8	2510869771.9	0	0
transcript/134377.p1	1	1	11324461.26	15231355.38	109292607.2	129202601.3	43041304	77905642.77	0	0	0	129202601.3	0	0
transcript/134396.p1	14	23	36545987.09	46957105.036	1155122233.55	1576159799.08	2111245194	1893726324.41	0	0	368062163	1036848473.53	784592000	1690561976.28
transcript/134415.p1	4	24	0	30711186.39	665829653.7	688300110.7	14549449272	21100532685	0	0	197832868.4	167162416.7	14549449272	21100532685
transcript/134432.p1	1	1	0	0	47565102.61	54095227.4	7115447.5	0	0	0	0	54095227.4	0	0
transcript/134439.p1	1	2	10434990.93	0	65197138.38	167383698.4	0	0	0	0	0	167383698.4	0	0
transcript/134468.p1	8	18	112181486.91	16195575.376	89688651.97	364906919.35	3143150493	3750551987.65	0	0	0	0	2527011112	3046690872.74
transcript/134476.p1	1	1	0	14029851.67	210135330	365612599.3	0	0	0	0	210135330	0	0	0
transcript/134477.p1	7	9	0	14994752.208	1939099527.37	2530967967.3	0	0	0	0	1544758004.17	913981686	0	0
transcript/134499.p1	2	5	277307991	245188101.49	176797937.55	124840441.78	0	0	277307991	245188101.49	0	98214819.76	0	0
transcript/134515.p1	1	2	39535960.51	59511132.99	41901418.69	0	0	0	39535960.51	59511132.99	0	0	0	0
transcript/134521.p1	2	2	0	0	0	0	89422002	39972248.94	0	0	0	0	0	39972248.94
transcript/134523.p1	2	2	0	0	40535935.94	180943349.92	0	0	0	0	0	180943349.92	0	0
transcript/134542.p1	1	2	0	0	82201149.9	89452301.74	10309468	0	0	0	82201149.9	89452301.74	0	0
transcript/134568.p1	15	29	176507360.07	150967913.8	262705420.52	375536252.37	2581902320	2649969435.33	0	0	0	0	2035952780	2597277155.29
transcript/134571.p1	1	2	0	0	0	0	89576152	78764184.96	0	0	0	0	89576152	78764184.96
transcript/134577.p1	1	4	0	0	64218058.63	32453913.92	1322943744	455680593.1	0	0	0	0	1322943744	455680593.1
transcript/134585.p1	2	5	0	0	0	0	763024812	626616928.78	0	0	0	0	763024812	607061043.9
transcript/134626.p1	2	5	0	0	499566055.2	414190394.1	127154144	97534153.17	0	0	313310818.6	180660313.1	56289608	97534153.17
transcript/134648.p1	1	3	65987847	70308522.52	103196212.4	123531112.6	0	0	65987847	70308522.52	0	123531112.6	0	0
transcript/134665.p1	8	12	33340119.76	53926537.183	121516462.29	234557170.68	1157054068	1253008458.26	0	0	0	0	1157054068	600542812.2
transcript/134679.p1	4	8	428869983.25	528690361.7	869299106.4	795383696.1	44245430	10949973.334	181782479.34	132591109.6	608765978.6	217139525.2	0	0
transcript/134679.p2	3	7	129926526.1	164302845.14	223502877.8	250685270.79	0	7739747.722	129926526.1	164302845.14	223502877.8	0	0	0
transcript/134695.p1	5	20	263355354.39	42162465.7	447273500.1	121291365.7	9109715336	5569285444.16	0	0	307725614.9	121291365.7	9109715336	5479531152.4
transcript/134698.p1	9	18	13437225.75	0	14832105.06	161837093.35	1880788592	1312553185.02	0	0	0	0	1768964232	1225763657.42
transcript/134700.p1	22	115	672541279.29	294859184.29	5099006179.56	5634202064.47	125438863316.25	113600773498.96	29750923.69	0	4762260838.5	3982451428	125295732428.25	113327157177
transcript/134704.p1	4	6	334668605.92	423310356.6	313773033.89	155207239.73	0	0	208857474.32	265067402.5	124533220.71	0	0	0
transcript/134710.p1	3	5	98582442.18	3469102.482	258433690.147	64596046.62	2722117888	4468027143	98582442.18	0	0	64596046.62	0	0
transcript/134745.p1	1	1	0	0	38930979.86	47036908.62	0	0	0	0	38930979.86	0	0	0
transcript/134752.p1	4	6	0	22863367.35	332579290.9	495964598.83	44344576	175899693.6	0	0	332579290.9	495964598.83	0	0
transcript/134759.p1	3	4	432244504.92	867920806.09	218605112.46	380920930.79	91746776	93471811.06	0	0	195593473.92	191847585.89	0	0
transcript/134770.p1	2	2	0	0	54742098.87	55568483.51	77719886	86867755.6	0	0	0	0	49919952	68069400.6
transcript/134772.p1	6	15	17744319.63	20764284.48	1512470356.7	2117649030.9	170762368	99170541.51	0	0	1512470356.7	2117649030.9	83043112	61956557.14
transcript/134797.p1	4	13	507630299.6	857629215.24	781911436.35	762723639.24	100175974	150968878.8	507630299.6	821191225.9	620291669.45	717609478.7	0	0
transcript/134824.p1	13	20	353208985.49	162310460.31	176028650.62	198120201.54	2461408776	4149622688.43	0	0	0	0	2379848592	3476409131.39
transcript/134840.p1	1	2	7069396.811	0	61539373.65	78844242.46	31408586	36644939.98	7069396.811	0	0	0	0	36644939.98
transcript/134844.p1	8	14	45674718.02	0	1244220350.19	1890118659.45	50425534	111395917.25	0	0	962222182.83	1724561193.55	0	0
transcript/134853.p1	1	1	0	0	47154516.26	23118356.09	0	5508644.627	0	0	47154516.26	0	0	0
transcript/134871.p1	1	1	140279437.5	135870554.1	155874835.1	175173558.2	25288098	0	140279437.5	0	0	0	0	0
transcript/134879.p1	5	8	456067920.29	1045157007.62	133566221.27	17234890.75	389156060	5651229.062	407099875.8	596407132.42	119382943.8	0	0	0
transcript/134889.p1	1	1	0	0	172055071.8	178258293.9	0	0	0	0	0	178258293.9	0	0
transcript/134905.p1	6	8	32916809.74	13382278.09	1233114618.52	1193339838.85	0	74780868.16	0	0	986620577.6	1030739153.4	0	0
transcript/134913.p1	3	8	73637793.21	0	238782459.7	248608694.6	6013015088	7320742484.9	0	0	0	0	6013015088	7320742484.9
transcript/134919.p1	10	21	2291695879.35	1983132324.47	2906694964.81	3045427501.5	280127660	84690067.559	1446209740.9	973090005.1	1655315239	2477745749.8	0	0
transcript/134953.p1	7	38	12519375462.32	10732647699.26	3690103201.49	3185636799.53	361193354	73215253.56	12519375462.32	9359824890.26	2682973215.05	892081543.3	0	0
transcript/134960.p1	3	4	8379504.012	0	95309056.74	0	323832312	427121777.2	0	0	0	0	72808688	427121777.2
transcript/134979.p1	3	5	0	0	42288539.08	49858165.56	245154924	201704398.84	0	0	0	0	235082136	133719385.65
transcript/134981.p1	2	5	0	0	511344718.27	510938255.99	22780140	40601440.27	0	0	511344718.27	473519043.6	22780140	0
transcript/135006.p1	1	1	0	0	90685851.2	122613210.3	0	23857783.15	0	0	0	122613210.3	0	0
transcript/135007.p1	1	1	126471652.2	76224007.4	0	0	0	0	126471652.2	0	0	0	0	0
transcript/135017.p1	1	2	206298009.7	245414287.8	55216685.99	0	0	0	206298009.7	245414287.8	0	0	0	0
transcript/135022.p1	5	8	54639123.894	93293700.15	782790323.1	868969102.25	11158367	0	0	0	547922297.7	868969102.25	0	0
transcript/135040.p1	4	8	578374479.29	382469159.13	157169444.55	238809961.74	0	297931568.3	578374479.29	382469159.13	0	44095038.96	0	0
transcript/135041.p1	7	9	0	39825020.26	89434217.41	35651877.5	1907629008	1378525770.03	0	0	0	0	1342011680	934516262.4
transcript/135042.p1	7	16	62691452.665	208634261.92	1056899085.1	1560949839	1242274616	1393634408.48	0	56103860.32	961910983.07	1481276698.01	0	0
transcript/135069.p1	1	3	522716815.8	1102786042	0	41885006.62	117533120	188848215.1	522716815.8	1102786042	0	0	0	188848215.1
transcript/135084.p1	1	1	0	0	148446399	0	19747108	0	0	0	0	0	19747108	0
transcript/135087.p1	3	3	44253916.01	0	45402282.42	162763979.73	205949034	147986951.09	0	0	0	0	93543792	130497370.79
transcript/135090.p1	5	8	0	12969232.57	120115979.05	139762440.47	1774802288	1018669096.03	0	0	0	0	1774802288	909910149
transcript/135096.p1	3	5	19424598.49	21327758.65	0	0	547780564	427844511.38	0	0	0	0	547780564	0
transcript/135101.p1	10	17	0	0	136916450.57	97000583.27	3804418016	3923400381.52	0	0	0	0	3119135968	3866414148.2
transcript/135104.p1	1	2	0	0	32838076.48	68402120.93	0	0	0	0	32838076.48	68402120.93	0	0
transcript/135112.p1	4	26	0	159812014.2	631096930.29	585784578.34	14951332632	16465867240	0	0	547958874	585784578.34	14951332632	16465867240
transcript/135115.p1	9	35	4244074456.71	4772400267.42	3406870604.3	3668380362.62	689701609	1024495652.25	4208919145.1	4697192813.5	2160945924.2	2731493726	463017232	843023383.28
transcript/135119.p1	1	1	0	0	41328527.54	42263886.37	0	0	0	0	41328527.54	0	0	0
transcript/135132.p1	8	14	1274097483.7	1189062748.41	136015867.98	0	26772690	4219959527.8	786864450.9	971107592.91	37728621.17	0	0	0
transcript/135163.p1	1	1	54797794.74	66648057.71	95101781.18	94565073.52	0	0	54797794.74	0	0	0	0	0
transcript/135167.p1	1	3	178900507.4	222109050.9	223030502.3	212724371.2	0	0	0	222109050.9	223030502.3	212724371.2	0	0
transcript/135171.p1	4	4	0	0	241778232.3	225015756.96	0	25349004.15	0	0	241778232.3	37827353.97	0	0
transcript/135186.p1	2	7	1728338165.3	412489510.241	697068107.9	680262449.7	9215766	220606704.4	1728338165.3	412489510.241	697068107.9	168109289.2	0	0
transcript/13520.p1	2	2	0	0	17458653.84	74962619.39	0	0	0	0	0	74962619.39	0	0
transcript/135203.p1	4	6	0	0	933023895.99	745975356.42	0	0	0	0	933023895.99	587543293.7	0	0
transcript/135212.p1	4	7	43349479.82	0	103631989.972	34834721.79	449342480	455259538.69	43349479.82	0	0	0	307885408	455259538.69
transcript/135213.p1	3	3	50960506.73	133699731.62	54919311.85	71245607.63	0	0	11648219.34	58796673.99	0	71245607.63	0	0
transcript/135224.p1	10	71	39127099476.15	45017172195.57	53897512836.69	38779639493.95	11939766984	10721563798.704	38963257013	44537179483.1	53851127916.2	38768803009.2	10662258880	10494908071.7
transcript/135247.p1	1	1	164612966.8	57913573.8	0	64598694.82	27737906	200791945.2	164612966.8	0	0	0	0	0
transcript/135249.p1	2	4	0	0	138738615.31	177205644.17	0	0	0	0	138738615.31	177205644.17	0	0
transcript/135261.p1	1	2	0	0	0	0	246683680	305834733.3	0	0	0	0	246683680	305834733.3
transcript/135291.p1	6	11	49624881.37	38840842.56	914690386.13	894200643.52	0	52696105.32	0	0	557208280.03	642373232.45	0	0
transcript/135298.p1	4	7	378442233.65	344597424.19	337806392.45	118351317.53	378624512	675492662.1	302741827.96	172906289.53	81076396.97	16610553.37	0	0
transcript/135299.p1	1	1	0	0	75450068.42	93439981.88	0	0	0	0	0	93439981.88	0	0
transcript/135306.p1	1	2	0	0	76216396.66	46532453.72	253684080	77155985.6	0	0	0	46532453.72	253684080	0
transcript/135316.p1	4	7	50160997.08	15054611.07	429011321.89	547766427.49	14387371	10794728.51	0	0	299852726.49	547766427.49	0	0
transcript/135321.p1	3	4	9398223.287	135540228.53	351565874.4	492514791.1	21557780	3355062.761	0	0	351565874.4	363311691.2	3910528	0
transcript/135342.p1	3	13	28767265.403	2096004.391	44404652.34	37753931.29	2741742832	1771749439.8	0	0	0	0	2741742832	1771749439.8
transcript/135361.p1	8	12	0	52767215.332	64683071.32	148998627.57	1542804216	1802650817.7	0	0	0	0	1266431584	1327374635.3
transcript/135380.p1	1	2	0	30858021	124207235.8	139880012.2	51296708	30208152.96	0	0	124207235.8	0	0	30208152.96
transcript/135382.p1	1	2	0	0	48306398.51	55525999.54	0	0	0	0	48306398.51	55525999.54	0	0
transcript/135394.p1	1	2	79700770.76	95329077.72	57559826.45	46121268.83	26110018	36798410.63	79700770.76	95329077.72	0	0	0	0
transcript/135397.p1	18	75	28268990358.7	34829593188.82	33131637004.93	30206459788.72	1725965720.375	1049901807.32	15779001622.4	34257628810.82	28005456937.82	22872107046.52	783150980	242234756.57
transcript/135409.p1	7	47	17531100110	16496745411.598	14522263651.99	14721487197.248	380381164	265373379.79	13131230344	16489846121.64	14522263651.99	14721487197.248	236810276	185560478.19
transcript/135415.p1	8	23	5671341572.72	4843143062.99	2721186520.13	2163874040.2	17833482	35304669.12	5577297411	4111254906.49	1783894042	1155490448	0	0
transcript/135423.p1	2	2	150833714.13	308512921.67	74198349.71	40789373.776	0	0	0	308512921.67	0	0	0	0
transcript/135424.p1	1	1	0	0	54519210.47	44249772.45	0	0	0	0	0	44249772.45	0	0
transcript/135433.p1	2	6	0	0	1412362881	1481443369.1	61771400	35207310.92	0	0	1412362881	1481443369.1	0	0
transcript/135434.p1	7	20	13937894.84	131189306.6	646823755.7	695470556.73	19244544996	12560881363.23	0	0	416188449.1	154843535.4	14885191796	12451647859.53
transcript/135485.p1	5	10	2205919528.8	1395116587.7	481352226.68	367800201.95	0	0	2205919528.8	486865300.4	274324845.7	244659265.1	0	0
transcript/135496.p1	2	2	0	0	144326989.96	175672754.32	158954864	0	0	0	74350224.72	91191887.05	0	0
transcript/135497.p1	2	4	293179351.83	325092983.42	114914122	103686830.92	0	16144447.2	293179351.83	325092983.42	0	0	0	0
transcript/135498.p1	1	2	24704456.38	38846011.53	174650539.2	177877537.3	50117720	35857909.51	0	0	0	177877537.3	50117720	0
transcript/135514.p1	4	8	0	0	714026961.9	857661214.37	82875480	41358729.74	0	0	683797000.6	821969011.9	82875480	41358729.74
transcript/135525.p1	2	3	0	0	165610444.28	247332397.33	48330012	7593468.866	0	0	0	247332397.33	0	0
transcript/135546.p1	2	3	0	0	144327911.12	161818833.55	13830748	26889472.95	0	0	98441070.24	161818833.55	0	0
transcript/135572.p1	8	25	314257356.52	352304573.392	2403924953.398	3554613918.8	164839581	145948826.37	147832968.3	293134032.292	2363898417.228	3354641984.8	126826484	71242707.86
transcript/135574.p1	2	3	0	0	39190688.76	22457970.59	80344112	105233032.49	0	0	0	0	80344112	60867147.08
transcript/135577.p1	4	5	0	0	230198747.591	288787521.8	49350442	56145085.962	0	0	200315276.37	128485237.4	33701412	8276179.862
transcript/135580.p1	1	5	167999569.2	316903930	91520471.84	85854315.2	0	0	167999569.2	316903930	91520471.84	85854315.2	0	0
transcript/135586.p1	2	3	0	0	353065055.46	277603717.97	0	0	0	0	353065055.46	245575812.7	0	0
transcript/135592.p1	5	9	0	0	85820610.52	47582168.28	1053186656	1062141162.68	0	0	0	0	1053186656	789883264.91
transcript/135617.p1	1	1	0	0	27325932.23	32311560.61	680687616	164289782.2	0	0	0	0	0	164289782.2
transcript/135652.p1	3	6	0	0	580780768.9	639162305.4	440412120	318013141.3	0	0	580780768.9	639162305.4	271577320	197551712.3
transcript/135660.p1	2	2	0	7644966.048	345524935.3	453386435.8	0	0	0	0	0	453386435.8	0	0
transcript/135668.p1	2	10	5230291636	4282882420.9	1420232891.6	747815812.9	39123116	119141315.41	5230291636	3349744531	1420232891.6	747815812.9	0	0
transcript/135672.p1	1	2	6959433.38	95270802.03	134886123	156011148.6	0	10169949.78	0	95270802.03	134886123	0	0	0
transcript/135674.p1	7	17	556167647.618	399796589.78	3756654704.85	5144704667.22	177591764	120870896.6	330539867.96	231039549.89	2269644776.65	5144704667.22	0	0
transcript/135683.p1	1	1	0	0	0	61740306.73	0	0	0	0	0	61740306.73	0	0
transcript/135693.p1	12	28	329154283.37	326649457.04	959542322.07	843694808.93	11975569212	14545749431.235	0	0	697471138.3	672200409.3	11746153084	14538916469.24
transcript/135694.p1	8	14	116423038.68	85417277.41	2543577267.7	2597896977.9	111700064	55327029.114	0	0	2478182986.4	2432865105.4	0	0
transcript/1357.p1	4	5	0	0	260202812.99	241279999.13	472701292	632597418.924	0	0	152304876.67	165033605.83	0	0
transcript/135700.p1	2	3	0	0	0	0	254828128	183037170	0	0	0	0	254828128	40055301.9
transcript/135703.p1	7	38	44995671163	43001081610	20770807042.4	15602861797.2	761484460	472430007.96	41726369462	43001081610	16907464036.4	13819565323.2	261561808	392797159.2
transcript/135711.p1	2	4	526968066.9	454757718.6	0	247442276.2	18029626	0	526968066.9	454757718.6	0	0	0	0
transcript/135727.p1	1	1	0	0	131883303.9	153011465.5	13913865	14903979.73	0	0	131883303.9	0	0	0
transcript/135728.p1	4	8	93334563.26	47587698.22	638071021.18	705692031.53	95304209	107200890.17	0	0	638071021.18	705692031.53	0	0
transcript/135738.p1	36	161	1721114985.58	2015585876.44	8426380129.16	9081783844.34	167766610462	141955726162.91	164918744.72	172253964.58	8404883819.3	8536756063.59	167316566926	141955726162.91
transcript/135740.p1	2	2	0	0	167590172.29	173136519.16	0	14522929.36	0	0	97505556.18	93098604.86	0	0
transcript/135741.p1	4	16	1606460137.976	1629261198.29	1106853818.53	946284024.92	144339184	206468183.5	1597805307.2	1629261198.29	1084005656.38	882505065.8	0	0
transcript/135743.p1	6	8	13504968.314	9416814.011	757964196.72	752278874.36	53729124	22331987.053	0	0	594898403.82	285135941.07	0	0
transcript/135758.p1	2	6	194347181.26	203517852.18	102001910.6	124856704.9	0	43263359.25	194347181.26	203517852.18	102001910.6	124856704.9	0	0
transcript/135763.p1	6	19	3589421893.4	3618733730	2115588676.06	2314289754.39	54158532	693104146.1	2884576589.7	3618733730	1710756990.9	1670469526.7	0	0
transcript/135783.p1	2	2	24371942.9	6055296.136	158280800.46	171781039.44	0	0	0	0	158280800.46	0	0	0
transcript/135793.p1	4	7	0	0	0	0	700388036	761152001	0	0	0	0	700388036	683158678.1
transcript/135801.p1	1	2	0	0	276918173.7	246044604.1	0	0	0	0	276918173.7	246044604.1	0	0
transcript/135805.p1	4	11	559649418.7	749380127.63	1021276045.4	823979566.6	15416906	43859581.527	333405558.7	619774139.83	683651947.1	473602195.9	0	0
transcript/135812.p1	3	5	537543793.33	471103603.7	463810468.8	683444096.05	0	0	0	364501018.9	260960724.6	168125112.5	0	0
transcript/135814.p1	3	10	180636249.5	63243574.18	15235890644.3	172915014	8597413352	9005372748.1	0	0	179086420.3	0	8443979488	8298428751
transcript/135837.p1	3	7	16100896.14	36658118.26	48978782.27	119310297.38	676345192	778482419.93	0	0	0	0	639725640	778482419.93
transcript/135840.p1	1	1	0	0	11473811.46	32961687.3	0	0	0	0	11473811.46	0	0	0
transcript/135877.p1	13	37	523417836.602	578397124.7	5795380462.46	6694086997.25	2212815819	2082068409.88	48309969.95	345104896.96	5678561134.3	6574992026.66	1571780228	1707582928.12
transcript/135887.p1	3	5	30901976.94	12704112.9	9018059.448	17030344.88	254748596	71624739.65	0	0	0	0	254748596	71624739.65
transcript/135922.p1	8	16	112514648.994	114728412.88	298075761.7	341387420.83	2143858420	1813318085.28	0	0	0	148440420.93	1497578676	1735816643.87
transcript/135923.p1	4	14	4510871656.9	54031346.41	33813526.82	443053929.77	1494361452	2280767140	0	0	0	0	1494361452	2280767140
transcript/135937.p1	2	2	0	0	196171535.41	321631710.22	21051872	235346314.3	0	0	0	321631710.22	0	0
transcript/135945.p1	1	1	0	0	189264041.1	204703253.1	0	0	0	0	189264041.1	0	0	0
transcript/135956.p1	4	13	0	12897741.7	4181892634	6639410296.1	368805352	95254423.47	0	0	4181892634	6639410296.1	311916448	35788521.94
transcript/135957.p1	1	3	0	0	362545761	350136502.7	60612380	58938792.93	0	0	362545761	350136502.7	0	58938792.93
transcript/135964.p1	1	2	0	0	0	167321717.5	0	0	0	0	0	167321717.5	0	0
transcript/135974.p1	2	2	0	6707181.012	437036866.3	602367398.6	0	0	0	0	251602242.1	322231076.7	0	0
transcript/135986.p1	7	19	0	0	98780605	69301189.52	3396174503	3474275965.28	0	0	0	0	3396174503	3458405485
transcript/135991.p1	3	7	11255964.6	13954560.25	1833070292.9	2194864056.1	130549290	209861232.8	0	0	1532711766.4	2194864056.1	109531200	209861232.8
transcript/136004.p1	3	4	14623552.98	36156666.17	401580448.69	716919560.97	75983748	191037546.35	0	0	71407148.69	568458467.2	0	26919965.62
transcript/136009.p1	2	2	0	0	0	39839863.1	143318500	199588647.15	0	0	0	0	49097788	126451699.2
transcript/136014.p1	8	14	278502532.51	1019871364.85	1622449547.11	406306805.71	136726586	114368282.53	62147596.11	929975655.81	1252245542.42	123431356.1	0	0
transcript/136015.p1	1	1	0	9349443.994	189342640.2	180179649.6	26587666	45135983.63	0	0	189342640.2	0	0	0
transcript/136017.p1	2	4	0	24503622.822	91685552.82	145661008.26	111500509	108914541.8	0	0	78028819.32	145661008.26	0	0
transcript/136018.p1	4	5	0	0	443301984.28	429363674.81	40066524	8094294.268	0	0	443301984.28	104091306	0	0
transcript/136023.p1	1	3	325021693.1	511506112.8	2916099351	639428121.9	15575839	11161854.04	325021693.1	511506112.8	2916099351	0	0	0
transcript/136026.p1	2	6	657591782.61	754642604.7	410509122.67	132070432.12	0	52482605.64	657591782.61	754642604.7	0	103060476.8	0	0
transcript/136031.p1	2	3	3692603.798	12365421.507	324499670.19	308397433.61	329398096	21700382.47	0	0	324499670.19	264007405.7	0	0
transcript/136050.p1	1	1	0	0	69143036.05	99210079.39	0	0	0	0	0	99210079.39	0	0
transcript/136053.p1	4	18	0	0	0	11429924.58	3238676800	4318149099	0	0	0	0	3238676800	4318149099
transcript/136084.p1	5	11	22310465.1	0	441240261.37	457087179.78	17355242	5092905.801	0	0	441240261.37	212697418.88	0	0
transcript/136091.p1	4	12	1155424541.7	935107768.85	369543031.33	275425569.87	123011690	138488206.76	1155424541.7	935107768.85	310840304.9	0	0	0
transcript/136098.p1	10	26	1959973459.69	1750501195.7	1049486406.22	1524776156.99	4268842388	6551602767.48	1210747967.5	1243500335.9	0	289663081.2	3348266172	6551602767.48
transcript/136115.p1	2	6	142085791.4	261265339.9	762081767.8	749912920.8	182513632	238840409.32	0	261265339.9	762081767.8	749912920.8	0	28563356.32
transcript/136116.p1	1	1	19947645.19	0	90156466.32	69345507.95	0	0	0	0	0	69345507.95	0	0
transcript/136120.p1	2	2	0	0	195604582.88	233916877.05	0	0	0	0	0	233916877.05	0	0
transcript/136130.p1	9	22	0	696001427.42	6714605626.2	7128735289.5	927618132	1064057174.735	0	0	6224165366.7	7128735289.5	598518720	1007308195.78
transcript/136139.p1	4	6	30227149.74	6621244.202	792062208.01	647298740.91	0	4835369.014	0	0	585308183.41	633088375.9	0	0
transcript/136141.p1	1	3	0	0	0	0	230971360	363163561.8	0	0	0	0	230971360	363163561.8
transcript/136163.p1	7	15	0	0	23410199.01	79882195.37	1365095320	1114243004.05	0	0	0	0	978145400	1028551956.71
transcript/136173.p1	2	2	0	0	402654687	144670751.05	51902315	0	0	0	402654687	0	0	0
transcript/136194.p1	2	3	0	0	0	71783397.78	116030460	60261541.92	0	0	0	0	116030460	60261541.92
transcript/136226.p1	4	7	141987303.23	75657851.46	148288148.145	91648362.276	0	5763740.784	76089079.73	75657851.46	76345926.37	0	0	0
transcript/136229.p1	1	3	400781788.5	360100114.5	340111693.6	372820877.3	74142544	0	0	360100114.5	340111693.6	372820877.3	0	0
transcript/136231.p1	1	1	0	0	32605397.16	0	0	0	0	0	32605397.16	0	0	0
transcript/136234.p1	7	11	86261875.99	84172481.78	1501586821.6	1598951588.1	137345924	115070695.84	0	29923174.25	1054057513.7	1099690480.5	0	0
transcript/136236.p1	1	1	371534072.8	277082470.7	0	119590817.7	0	0	0	0	0	119590817.7	0	0
transcript/136257.p1	10	19	81896167.7	59248551	16552721.613	51238890.724	2353913480	2764063050.14	0	0	0	0	1649262024	2563330276.54
transcript/136262.p1	1	1	0	0	105739373.8	98129353.21	20420518	19887865.48	0	0	0	98129353.21	0	0
transcript/136269.p1	1	2	0	0	119992540.8	167972260.5	0	25868059.73	0	0	119992540.8	167972260.5	0	0
transcript/136276.p1	1	1	2664327803	3735157893	84238799.91	75015754.94	0	0	0	0	0	75015754.94	0	0
transcript/136278.p1	1	1	268507564.9	111554439.4	23768570.64	0	0	0	268507564.9	0	0	0	0	0
transcript/136281.p1	11	48	95276586.807	14215752.72	125562042.52	175387506.77	17720326878	14438159628.9	0	0	0	0	17417494526	13553822959.8
transcript/136285.p1	2	6	32711383.342	31257404.37	92012662.67	196309483.07	92819864	71528245.717	0	31257404.37	92012662.67	129859936.5	92819864	65181008.1
transcript/136307.p1	7	27	0	0	416925863.63	266493247.041	14862133988	5385430139.68	0	0	331084439.66	0	14491244516	5299797605.1
transcript/136309.p1	1	2	0	0	227256548.2	284665174.2	0	0	0	0	227256548.2	284665174.2	0	0
transcript/136313.p1	2	4	0	0	255805637.1	207488098.61	0	36141333.11	0	0	255805637.1	207488098.61	0	0
transcript/136318.p1	1	2	0	1090136.735	195827114.7	109965440.3	0	1394839.565	0	0	195827114.7	109965440.3	0	0
transcript/136332.p1	1	3	5477701.921	0	311272846	285182357.3	53068656	0	0	0	311272846	285182357.3	53068656	0
transcript/136336.p1	1	1	0	0	43383157.27	0	0	0	0	0	43383157.27	0	0	0
transcript/136349.p1	5	6	0	10615108.22	286501496.14	496809767.41	36280942	43379512.892	0	0	286501496.14	248645435.35	0	0
transcript/136356.p1	1	1	212436567.3	62638320.6	364159410.7	637395890	45230744	82425667.12	0	0	0	0	45230744	0
transcript/136368.p1	4	4	752449995.9	334680998.32	440307362.21	341616498.92	44168572	112797950.998	0	0	221283697.75	232062060.12	0	0
transcript/13637.p1	1	1	22166962.51	0	17670230.57	18859846.47	45885296	95373135.67	0	0	0	0	0	95373135.67
transcript/136372.p1	1	2	0	0	175054944.9	208193656.2	0	38404997.1	0	0	175054944.9	208193656.2	0	0
transcript/13638.p1	1	2	13986509.38	19119343.71	24250851.69	22692274.52	0	0	13986509.38	19119343.71	0	0	0	0
transcript/136380.p1	3	3	139091852.41	175266926.48	154208527.07	189918697.07	0	59921076.93	86017102.27	28510890.18	0	73012784.95	0	0
transcript/136382.p1	1	1	0	21750444.59	49557280.96	133406012.8	0	0	0	0	49557280.96	0	0	0
transcript/136393.p1	4	6	95180181.48	0	643279483.38	765527779.44	75242220	31071844.21	0	0	487336865.28	725154185.5	0	0
transcript/136409.p1	8	27	174737256.53	158363116.06	7851681472.1	4893411330.1	3060067320	1418601436.87	0	141800037.03	7568609104.7	4893411330.1	3060067320	1335190339.1
transcript/136422.p1	1	1	0	0	103610678.6	80165798.97	0	0	0	0	103610678.6	0	0	0
transcript/136459.p1	2	4	63380897.44	149172729.7	0	501597227.8	14202006	145835699.18	0	149172729.7	0	501597227.8	14202006	20307982.68
transcript/136462.p1	13	36	184032154.39	499298327.04	1633074044.37	2281291345.52	10028782786	10893616473.98	0	0	185494180.54	166997739.58	10028782786	10893616473.98
transcript/136470.p1	3	3	9089911.581	9678617.724	569355097.03	905464196.3	0	0	0	0	76530563.73	877857162.4	0	0
transcript/136503.p1	5	7	0	18727820.25	435157760.1	317434771.09	0	0	0	0	435157760.1	130085776.09	0	0
transcript/136511.p1	24	61	7149931002.63	4266798053.359	5020983370.866	5076889411.959	16425378526	24534094041.98	0	0	326766055.99	376839315.06	12654409876	15450649347.7
transcript/136524.p1	1	1	97011537.46	80732681.88	141458977	179699136.7	114970264	0	0	0	0	179699136.7	0	0
transcript/136539.p1	6	11	0	0	340788436.99	427891940.31	716410888	797083972.38	0	0	207998560.92	391528738.41	383347720	570433078.74
transcript/136566.p1	2	3	308638751.5	419411060.2	152530528.51	22751753.03	0	0	161054710	419411060.2	0	0	0	0
transcript/136582.p1	1	2	0	0	83038139.2	52842970.75	18536792	13878420.18	0	0	83038139.2	52842970.75	0	0
transcript/136584.p1	28	76	597495636.68	193857957.734	1431411673.97	1815124797.98	34424650514	30930317245.71	0	0	621950663.5	941543486.6	33961163570	29242788444.48
transcript/136615.p1	2	4	0	0	479508043.5	527759804.05	17494236	13363215.75	0	0	479508043.5	435243726.4	0	0
transcript/136630.p1	4	7	107091292	60458342.31	41871810.32	92141605.28	422006876	519726786.84	0	60458342.31	0	0	229840816	332986278.84
transcript/136641.p1	11	29	664990270.22	109572310.76	2260214637.2906	3559445356.7	248016473	253263608.705	264941009.92	96592596.17	2171462039.74	3559445356.7	147998365	107723682.78
transcript/136654.p1	2	10	2925531748	1537530847.1	181702552	254141150.9	57178286	51642422.96	2925531748	1537530847.1	181702552	254141150.9	0	0
transcript/136658.p1	7	15	282703553.82	408196049.09	1480332606.3	978867697.98	212138550	221950347.08	144790917.72	221814871.44	1153902211.6	73107922.35	119293280	94114810.82
transcript/136669.p1	2	5	508515163.59	630392018	641460086.3	327541103.6	0	0	438209240.6	476818886.7	641460086.3	0	0	0
transcript/136679.p1	14	36	4778545078.86	4363973110.48	2019181098.16	2754934411.88	168814236	208127655.921	3931121211.26	4107494570.68	1294117442	1426505226.6	0	0
transcript/136680.p1	1	1	0	0	24833890.33	46152722.59	0	0	0	0	0	46152722.59	0	0
transcript/136682.p1	1	1	287074727.5	226978378.3	73850189.27	73938293.15	0	0	0	0	73850189.27	0	0	0
transcript/136697.p1	2	7	170380829.69	41003412.3	63437079.02	88513940.64	22676104	28921681.73	170380829.69	41003412.3	25017286.05	0	0	0
transcript/136699.p1	12	112	104472542168.11	118924311053.66	95000162109	97572827998	6130984670	7139335233.38	104454975435.1	118924311053.66	93112047504	94212674220	6005706950	4284302022.91
transcript/136708.p1	16	46	353439029.049	234766764.291	14414466893.88	13508110253	3253925042	1606899192.37	7345048.13	0	9500210328.8	13348316097.11	2666289688	1335820893.9
transcript/136712.p1	5	9	432881595	462690693.4	1097937178.58	859621074.78	879367932	835522986.26	0	0	0	0	620034500	835522986.26
transcript/136732.p1	3	13	384606859.6	1450817318.7	1830723900.9	1161071220.5	240602697	326186169.51	384606859.6	1194399316	1498451773	1042099318	177535649	326186169.51
transcript/136739.p1	1	2	25442763.02	0	61596327.84	63822205.1	0	347126607.4	0	0	61596327.84	63822205.1	0	0
transcript/136741.p1	6	8	0	5692461.261	776330588	656869913.9	221784124	278254969.49	0	0	645116080.9	253754161.96	0	0
transcript/136750.p1	6	24	1781211851.91	1751404905.67	1173463167.93	1549439251.6	207645612	226651267.98	1726320173.57	1751404905.67	1173463167.93	1018063744.4	119782868	168430988.3
transcript/136762.p1	13	26	586699418.3	706566831.17	7032208745.12	7738539759.2	784535898	464085843.4	0	0	4195447400.2	7263015050.3	157482234	11051977.71
transcript/136785.p1	1	1	0	0	164166163	143716458.5	29701838	90298284.68	0	0	164166163	0	0	0
transcript/136787.p1	11	22	139276571.406	6338500845.3651	3864045461.18	6149951013.62	201040186	113125501.856	0	0	3864045461.18	6115787611.12	0	0
transcript/136790.p1	2	4	96103939.52	147159872.8	367645204.89	439623240.3	10266685	0	0	147159872.8	367645204.89	368784447.8	0	0
transcript/136803.p1	1	2	765951934.7	495277439.8	0	826580769.5	29624202	0	765951934.7	495277439.8	0	0	0	0
transcript/136804.p1	6	11	19832576.21	14524201.94	1151894369.63	1533852883.35	23342406	64994964.76	0	0	1151894369.63	1064544574.8	0	0
transcript/136813.p1	12	24	162206671.79	121004201.81	204135793.74	192086365.41	4218906550	2050171741.31	0	0	0	0	4128278656	1985432639.59
transcript/136814.p1	11	24	62479560.42	91456990.01	5775507645.8	5798898079.3	559918472	1510439867.626	0	0	5514269401.6	5333618556.7	0	0
transcript/136818.p1	1	1	291617029.9	384056508.9	0	0	104418424	26293639.44	291617029.9	0	0	0	0	0
transcript/136825.p1	1	2	0	0	225309569.8	314267400.5	0	0	0	0	225309569.8	314267400.5	0	0
transcript/136840.p1	1	1	0	0	64330561.94	62767236.49	0	0	0	0	64330561.94	0	0	0
transcript/136844.p1	1	2	84423964.3	119152870.5	25247184.95	26858093.86	0	27349303.66	84423964.3	119152870.5	0	0	0	0
transcript/136847.p1	1	1	183184975.1	53502742.56	50390390.4	16754095.55	133738672	35725957.18	0	0	0	16754095.55	0	0
transcript/136848.p1	3	5	0	0	226331056.37	172617953.11	0	0	0	0	226331056.37	120850195.77	0	0
transcript/136880.p1	6	14	0	0	2621402012	2923005995.9	0	0	0	0	2621402012	2808602391	0	0
transcript/1369.p1	2	3	0	0	115746781.48	41362785.77	0	0	0	0	65427510.59	41362785.77	0	0
transcript/136900.p1	1	1	9798171.438	19943077.88	15701495.89	0	0	0	9798171.438	0	0	0	0	0
transcript/136948.p1	6	21	695442447.8	1353595350.04	2443989256.36	2520637629.22	108955376	176051332.992	394074982.8	1353595350.04	2347239085	2520637629.22	0	168795311.8
transcript/136966.p1	1	1	2794454.024	0	97382580.64	102016872.4	0	10433748.68	0	0	97382580.64	0	0	0
transcript/136967.p1	2	3	0	0	53968558.5	145473165.3	0	4780559.044	0	0	0	145473165.3	0	0
transcript/136969.p1	5	11	804682038.8	553865464.56	521480641.07	570167647.63	36112912	35705536.68	701567672	413156112.36	396455301.7	472185549	0	0
transcript/136971.p1	1	1	0	0	0	140753276.2	0	0	0	0	0	140753276.2	0	0
transcript/136974.p1	3	6	0	163903720.56	206736527.05	196050637.48	0	45348297.22	0	149758023.3	157749687.91	151974756.76	0	0
transcript/136977.p1	3	6	37641777.22	243565956.61	464170917.36	504189366.59	44852496	68086819.76	0	0	390565329.3	504189366.59	0	0
transcript/136983.p1	1	2	26183149.24	38446800.7	49572261.31	52453375.93	36684580	15026741.65	26183149.24	38446800.7	0	0	0	0
transcript/1370.p1	16	25	14196191.83	39263869	1950401156.08	1953310801.49	766224722	433598863.573	0	0	983805906.32	1570050794.19	520769636	9676154.889
transcript/137000.p1	1	2	0	0	0	0	44053652	54015060.22	0	0	0	0	44053652	54015060.22
transcript/137030.p1	2	9	0	0	65992056.21	117477117.5	937560592	1677243805.6	0	0	0	0	937560592	1677243805.6
transcript/137061.p1	13	31	20147575.856	119943744.3	5488358747.83	7452071175.49	183895899	252815348.569	0	0	5488358747.83	6329850012.4	0	0
transcript/137062.p1	1	1	21235082.03	0	0	15021452.92	0	0	0	0	0	15021452.92	0	0
transcript/137081.p1	1	1	8547847.897	58669729.62	92634994.48	80570497.44	24059194	0	0	0	92634994.48	0	0	0
transcript/137084.p1	2	7	277530654.58	261589949.47	29954887.88	69573431.29	27994432	105709427.2	277530654.58	65069687.57	29954887.88	0	0	0
transcript/137092.p1	2	5	59579437.64	99675932	146017116.32	26646264.29	0	21198531.52	59579437.64	99675932	101176968.4	0	0	0
transcript/137094.p1	1	1	0	0	162840098.6	0	0	0	0	0	162840098.6	0	0	0
transcript/137097.p1	3	5	132933211.78	37208128.53	232831402.71	130186369.79	0	80805827.6	97085554.08	20164357.71	232831402.71	56834460.9	0	0
transcript/137106.p1	2	4	84893220.75	92736936.82	149729343.42	92936401.86	0	0	0	92736936.82	149729343.42	92936401.86	0	0
transcript/137110.p1	2	6	297843414.1	362280191.87	778181894.2	898705506.7	67233992	109493394.39	193817895.9	362280191.87	778181894.2	683443856.1	0	0
transcript/137113.p1	4	7	30114677.2	30252066.22	797728969.48	920472190.74	35501586	7768977.474	0	0	797728969.48	772614828.5	0	0
transcript/137119.p1	8	12	0	0	1030073050.35	1273406892.69	99422543	33707103.786	0	0	134481203.65	982234943.59	68655912	14599651
transcript/137121.p1	1	2	0	0	0	0	135939280	92335134.31	0	0	0	0	135939280	92335134.31
transcript/137133.p1	6	10	81253127.66	44497839.69	1609171389	1779103044.68	187398262	125278102.6	0	0	815709539.3	1693803692.9	101778760	0
transcript/137135.p1	3	4	0	0	41654283.27	82991717.29	123245856	198144123.79	0	0	0	0	82092592	75570897.69
transcript/137156.p1	1	2	0	0	96657988.52	106333728.1	0	0	0	0	96657988.52	106333728.1	0	0
transcript/137164.p1	1	2	0	0	112214526.5	185247265.7	0	0	0	0	112214526.5	185247265.7	0	0
transcript/137167.p1	3	12	18997313.05	62828923.913	3091185886.94	3269402779.5	641992892	590483231.02	18997313.05	59033515.78	3091185886.94	3269402779.5	573753540	564311388.8
transcript/13719.p1	4	6	23824357.24	49503677.45	379998877.34	353799852.1	237339696	549675493.46	0	0	186099044.49	353799852.1	0	0
transcript/137194.p1	3	4	0	0	473490188.23	533013753.3	295303888	141983370	0	0	448117841.6	422626511.8	0	0
transcript/137197.p1	3	5	0	56578666.36	84293601.92	128265982.97	1113969712	1117764550.1	0	0	0	85332851.65	652360304	764578312.3
transcript/137211.p1	11	108	26725056434.1	33047607050.45	46258092008.55	29558849522.51	5915355564	7225190778.5	26596987719	33047607050.45	46236238506.1	29389118199.8	5798196740	5358658099.18
transcript/137225.p1	1	1	76534915.76	87537845.63	19089607.98	42743849.02	0	0	0	87537845.63	0	0	0	0
transcript/137226.p1	2	2	1654624821	1072473942	303566672.8	775843385.1	186490840	126161848.42	0	0	0	0	0	126161848.42
transcript/137242.p1	5	25	3764115496.2	3855672404.2	1659961239.8	961935622	136108193	143110040.76	3764115496.2	3436032000.5	1429187361.8	849140660.3	0	0
transcript/137252.p1	17	58	629517758.28	800277538.812	27894259847.4	29688913470.53	5432520324	4320614747.797	123147680.3	210892820.97	20159562757.4	23330178830.03	3446555608	4029021157.557
transcript/137258.p1	2	4	317611786	388631858.64	160289805.72	72652404.92	13331888	0	0	388631858.64	103732007.1	0	0	0
transcript/137272.p1	10	104	46883498878.86	61253121898.69	24562584568.98	24707974178.404	195611536	525008616.84	46826600235.78	61253121898.69	24562584568.98	24666322295.38	0	0
transcript/137273.p1	1	2	94005445.33	41322504.16	55275949.42	45586192.72	87756544	134709991.3	94005445.33	41322504.16	0	0	0	0
transcript/137275.p1	1	1	52981120.94	106175403.5	117171990.4	77116040.14	225542016	361337215.1	0	0	117171990.4	0	0	0
transcript/137279.p1	4	5	0	0	243018196.8	415630804.19	85748180	17520432.07	0	0	54330459.78	415630804.19	0	0
transcript/137292.p1	3	4	0	0	120030963.77	169717410.3	99493224	375107897.53	0	0	92998080.1	136338484.43	0	0
transcript/137294.p1	2	3	18775832.56	0	300309577.18	522827095.28	433545300	557784569.2	0	0	300309577.18	78232152.38	0	0
transcript/137296.p1	2	17	29489449159	39863543783.53	26110076624	25864822611	905930736	534182754.1	29489449159	39842915669	26110076624	25864822611	905930736	534182754.1
transcript/137342.p1	1	1	0	0	36754894.27	66707489.04	0	0	0	0	0	66707489.04	0	0
transcript/137349.p1	2	5	513957157.5	453813156.13	448211009.29	542508141.53	115231986	36042986.64	171033377.2	453813156.13	379733573.6	487471926	0	0
transcript/137351.p1	1	1	0	0	261559754.9	371595389.5	0	0	0	0	261559754.9	0	0	0
transcript/137358.p1	3	8	0	0	530489709.81	553010781.06	5105249906	2954717481.6	0	0	473737387.4	0	5079853248	2954717481.6
transcript/137363.p1	3	4	0	0	1135964422.2	1374944936.1	0	0	0	0	735860257.4	1126446233.2	0	0
transcript/137376.p1	4	14	540700305.2	711901865.6	498538175.7	638165230.1	558262115	944667510.3	316260496.2	244730927	498538175.7	638165230.1	0	0
transcript/137378.p1	9	21	575946195.27	387800364.57	1002987280.18	1101312298.81	16636230690	9772415650.22	0	0	482537053.8	434466597	7893683234	9729140617.33
transcript/137380.p1	6	24	2640241423.32	2631218474.01	1370859819	1721899552.5	175415404	1151102567.24	1928252300.82	2561941218.9	1370859819	1721899552.5	0	0
transcript/137388.p1	1	2	320532046.3	194764663.8	231972772.8	241729206.5	0	0	0	0	231972772.8	241729206.5	0	0
transcript/137390.p1	1	2	0	0	0	0	272040992	291699377.3	0	0	0	0	272040992	291699377.3
transcript/137393.p1	8	14	0	0	28096233.72	47113346.38	4231910928	2994778407.3	0	0	0	0	2841889344	1530828030.8
transcript/137432.p1	3	4	74281410.67	78240623.61	257679844.67	393406095.62	9672379	27627331.71	58503248.98	0	145458292.8	141645609.12	0	0
transcript/137433.p1	4	9	48173198.72	0	3047332285.47	3535347787.68	42114520	286652669.71	0	0	3014754144.99	2560838408.78	0	151656485.51
transcript/137445.p1	1	1	346062569.3	278770167.4	261655707.3	298957947.1	76308312	104180484.5	0	0	0	298957947.1	0	0
transcript/13745.p1	1	3	109033249	113145489.6	330008053.5	344809899.9	0	0	109033249	113145489.6	330008053.5	0	0	0
transcript/137451.p1	8	17	88620384.32	246334057.13	663625339.965	595198819.99	547323640	650723500.99	14011773.16	195182371.67	231580787.71	0	308454636	611730427.45
transcript/137454.p1	3	6	0	105075955.71	172555268.04	222492469.956	0	0	0	105075955.71	32832670.04	128585644.096	0	0
transcript/137465.p1	1	1	0	0	0	0	37081756	12468569.27	0	0	0	0	37081756	0
transcript/137466.p1	4	5	0	0	662528789.8	765290716.74	118112132	50796729.1	0	0	500907817.3	542327791.5	0	0
transcript/137470.p1	6	16	813556158.47	610340850.67	459913376.07	469717720.02	23482380	17666605.18	641730088.77	506262101.57	283219449.86	360382131.05	0	0
transcript/137481.p1	4	5	0	25659388.71	0	0	303587872	165643465.08	0	0	0	0	303587872	0
transcript/137491.p1	3	6	1160337041.939	454022352.4	256317923.4	48690538.2	161025170	40121872.243	1156407933	454022352.4	122281982.9	0	44667196	0
transcript/137504.p1	1	3	431269946.8	559697673.2	1683091951	1772100422	18996592	0	431269946.8	559697673.2	0	1772100422	0	0
transcript/137512.p1	6	8	30419966.45	26567841.79	605673769.78	714552918.34	78135556	75456484.741	0	0	190195318.7	714552918.34	0	0
transcript/137515.p1	1	2	0	0	38257106.13	40818297.52	0	33551120.6	0	0	38257106.13	40818297.52	0	0
transcript/137552.p1	6	11	0	0	548533974.67	842659722.9	24468062	0	0	0	378099641.64	842659722.9	0	0
transcript/137573.p1	6	17	2650838584.57	2507767847.01	1511131487.68	944832335.34	0	0	2408964785.9	2142783390.21	974104137.7	821017419.24	0	0
transcript/137580.p1	2	4	0	30700507.05	237957076.1	637003458.9	24691894	21039557.27	0	0	237957076.1	637003458.9	0	0
transcript/137581.p1	8	16	0	0	26026230.99	74400812.06	2370963516	2791196249.114	0	0	0	45792422.52	2324963680	2781680952.2
transcript/137592.p1	11	21	119695735.99	314722079.38	129337782.28	209801047.11	2454266740	2777350950.37	0	0	0	0	1803766080	2216366391.27
transcript/137598.p1	2	5	109748652.04	171100066.38	211801642.3	182699163.11	0	0	109748652.04	111140195.2	110006858.7	104135737.3	0	0
transcript/137606.p1	5	13	86463430.94	0	2233502251.2	2785499578.4	118983486	66822953.282	0	0	2233502251.2	2785499578.4	31001642	0
transcript/137637.p1	2	2	0	0	120218600.17	98875485.13	25579500	6614854.941	0	0	24029107.3	98875485.13	0	0
transcript/137643.p1	1	2	0	0	87973580.36	94072904.72	0	0	0	0	87973580.36	94072904.72	0	0
transcript/137651.p1	1	1	0	0	75257094.02	84398599.25	0	0	0	0	75257094.02	0	0	0
transcript/137663.p1	4	9	344686340.83	311984003.36	490499495.42	515362318.85	15407634	0	225915618.7	179097601.9	381340917.52	515362318.85	0	0
transcript/137664.p1	1	1	0	0	81493588.43	75219360.06	20796764	20642942.56	0	0	81493588.43	0	0	0
transcript/137675.p1	1	3	61307998.15	20004283.14	42860436.92	107023697.6	27322956	31364491.69	0	0	42860436.92	107023697.6	0	0
transcript/137679.p1	1	1	23312498133	10696065756	28512701687	69666424394	44647132	36686768.5	0	0	28512701687	0	0	0
transcript/137682.p1	3	4	8840598.144	0	360972718.32	255821591.67	14013869	31201173.305	0	0	360972718.32	108791975.6	0	0
transcript/137684.p1	3	5	9474502.193	0	530212690.1	666401346.2	8432083	21334051.97	0	0	163565709.5	666401346.2	0	0
transcript/137694.p1	13	52	13743606512.6	17566397406	10815177369.7	15396933814.7	1806275379	2038157603.4	12304388081.2	14298020091.2	8409975653	9904422197.8	1682955978	1969854640.2
transcript/137700.p1	21	87	22941079676.85	26680191637.62	21634155984.23	26459497272.2	1251374159	2337492440.09	21017335197.6	23430661605.62	15592284028.6	23931086476.1	971699440	746939756.07
transcript/137704.p1	1	2	41649342.82	34668473.92	59228125.33	31581259.05	0	0	0	0	59228125.33	31581259.05	0	0
transcript/137716.p1	2	4	84450405.15	119587478.45	24879926.57	0	0	0	84450405.15	119587478.45	0	0	0	0
transcript/137720.p1	9	21	1404601315.09	1300865944.17	599084789.32	875851558.39	0	3914605.957	1404601315.09	1157723444.48	180442402.9	464304394.9	0	0
transcript/137722.p1	3	3	0	313817899.5	276088893.26	790010418.3	43950320	0	0	0	118784536.4	518083871.1	0	0
transcript/137723.p1	2	3	270006132.8	163497516.2	362461261.48	409946163.8	59300056	172750652.7	0	0	277034484.7	409946163.8	0	0
transcript/137734.p1	1	1	0	0	182158202.5	197443610.5	0	20465797.48	0	0	0	197443610.5	0	0
transcript/137742.p1	2	4	53288788.58	0	45402762.1	0	275700976	276387332.9	0	0	0	0	275700976	276387332.9
transcript/137743.p1	4	5	0	0	226678040.94	287461894.18	104276508	54678084.88	0	0	210377235.6	110706351.1	40332444	0
transcript/137756.p1	5	15	35776683.72	13268632.43	1712920231.5	1805647072.1	790588616	217106863.8	35776683.72	13268632.43	1712920231.5	1805647072.1	459422272	59119582.22
transcript/137757.p1	1	3	1327825211	1075384657	1097404114	1516882270	236858088	95808706.15	1327825211	0	0	1516882270	0	95808706.15
transcript/137761.p1	10	38	167044178.432	166273964.9	16389462346.02	17728766893.43	2392145358	1883259250.85	48995160.692	50851452.24	15878915275.1	17331217401.1	2140238438	955575512.16
transcript/137769.p1	4	9	1109999745.9	983466487.39	579246227.7	521687811.42	178463072	134635374.713	1109999745.9	625136714.29	226811272.3	208242763.1	0	0
transcript/137783.p1	1	4	0	216307415.5	242168196.8	269005444.4	0	0	0	216307415.5	242168196.8	269005444.4	0	0
transcript/137784.p1	3	4	33699744.4	26797205.47	469342817.82	610167789.99	0	0	0	0	405319227.8	370685568.19	0	0
transcript/137785.p1	1	2	0	0	54895536.01	99110332.35	0	0	0	0	54895536.01	99110332.35	0	0
transcript/137786.p1	10	20	73566640.55	45832370.842	4316056966.66	4265549589.2	438810668	400733910.24	21226456.85	0	3730171078.36	2894753463.9	140039856	286986950.9
transcript/137787.p1	3	9	0	0	212161213	201087392.5	5855140776	7526228221.94	0	0	0	0	5855140776	7526228221.94
transcript/13779.p1	3	3	0	0	56257486.99	220249369.34	39167728	12973727.399	0	0	0	220249369.34	0	0
transcript/137796.p1	7	18	1160352802.52	1345218297.59	1305721137.54	2420697180.3	0	0	626695800.14	909823583.6	801600903.58	798149213.8	0	0
transcript/137799.p1	7	12	1621246033.74	1557728540.35	1066002658.46	1261225181.13	82635533	60334249.6	1016649745.3	1390116233.65	667441333.7	278191259.4	0	0
transcript/137808.p1	1	3	20310827.31	0	0	0	5710958.5	5108928.148	0	0	0	0	5710958.5	0
transcript/137819.p1	2	4	16421228.98	18113014.35	226276105.8	195024864.82	0	0	0	0	226276105.8	114720588.4	0	0
transcript/137823.p1	7	18	42564678.59	36706927.91	60036928.32	88180002.55	1822242108	2225084489.44	0	0	0	0	1749124828	2225084489.44
transcript/137832.p1	1	2	0	0	53080222.56	118706434.1	0	0	0	0	53080222.56	118706434.1	0	0
transcript/137849.p1	2	3	9958356.03	0	363093916.9	538630707.1	0	63722308.05	0	0	223033066.2	538630707.1	0	0
transcript/137854.p1	1	1	462589417	294358740.4	0	0	0	0	0	294358740.4	0	0	0	0
transcript/137858.p1	1	1	19804094.15	15244638.48	140908274.1	190103045.2	66473276	22825680.76	0	0	140908274.1	0	0	0
transcript/137867.p1	4	5	301989014.81	375105210.14	185739410.03	192084316.92	0	125156302.3	155352692.9	113094944.44	114031958.2	42060793.95	0	0
transcript/137868.p1	5	8	450310969.16	562807500.05	177373244.06	291791974.34	25261954	64541508.746	407355404.71	443090037.55	0	0	0	0
transcript/137896.p1	2	5	222457423.5	170017593.88	150003306.79	178642408.88	34464668	80312973.814	222457423.5	100018688	95062592.01	129754262.8	0	0
transcript/137907.p1	1	5	24024313.15	0	9897196.632	359693215.2	2106504379	4150587788	0	0	0	0	2106504379	4150587788
transcript/137914.p1	1	2	127363120.3	69483147.35	61261284.22	60156635.55	4724467200	6834785140	0	69483147.35	61261284.22	0	0	0
transcript/137935.p1	1	2	0	0	149995814.5	69926421.79	0	0	0	0	149995814.5	69926421.79	0	0
transcript/137941.p1	9	15	93175189.3	11300019.14	38280215.52	130403690.96	2730385364	2225576145.64	0	0	0	0	2228451204	1345288818.23
transcript/137955.p1	1	2	0	0	200717738	173872020.7	0	0	0	0	200717738	173872020.7	0	0
transcript/137963.p1	1	5	1785381725	919469969.6	1879771455	1921247256	117352528	0	1785381725	0	1879771455	1921247256	117352528	0
transcript/137968.p1	6	12	224231318.7	298589546.27	1374267536.1	1980721579.8	183797840	147746905	0	0	1187718194	1980721579.8	0	0
transcript/137975.p1	4	15	0	48053114.39	904474840.9	688833366.5	319255226	20670985.47	0	0	904474840.9	688833366.5	0	20670985.47
transcript/137993.p1	1	3	127901784	237502965.3	570140671.8	634489143	0	0	127901784	0	570140671.8	634489143	0	0
transcript/137995.p1	9	107	220760860424.46	207022984385.89	77049882991.75	46170612360	3009879764	3270462823.52	158658016092.66	205634693236.2	76963425016	42705949036	3009879764	3218348515.8
transcript/138000.p1	3	4	0	16142162.58	381929126.43	446889858.56	85062308	32130615.52	0	0	146874935.43	271157630.46	0	0
transcript/138014.p1	1	1	0	0	0	0	260837344	374136931.1	0	0	0	0	260837344	0
transcript/138027.p1	10	32	4235074454.36	2925231768.45	1175329129.66	997269980.87	391213464	418646865.5	4235074454.36	2425377062.55	806370429.65	550031442.8	158118260	0
transcript/138028.p1	1	1	103799793.8	71157106.65	60426897.06	81324305.82	0	0	103799793.8	0	0	0	0	0
transcript/138034.p1	1	14	1171330781	2325926607	701943627.7	527678138.1	0	53971932.26	1171330781	2325926607	701943627.7	527678138.1	0	53971932.26
transcript/138049.p1	1	13	12054100880	29633221394	8289653555	6296473092	109878488	85018871.07	12054100880	29633221394	8289653555	6296473092	109878488	85018871.07
transcript/138051.p1	1	1	0	0	0	0	146442384	138176113.4	0	0	0	0	0	138176113.4
transcript/138061.p1	3	6	0	0	484600631.92	935622343.2	44829188	34176755.98	0	0	484600631.92	249470114.7	44829188	0
transcript/138078.p1	1	2	0	0	20904494.82	21833079.34	371842560	350890291.7	0	0	0	0	371842560	350890291.7
transcript/138079.p1	14	80	242375778.56	207335542.76	3055723912.25	3511911063.2198	70851685754	69059338161.97	66214198.83	46940777.18	1447836303.9	1137097378.45	70851685754	69059338161.97
transcript/138107.p1	2	6	0	0	1523932318.5	1913982364.1	0	0	0	0	1523932318.5	1913982364.1	0	0
transcript/138110.p1	1	2	0	0	0	105250574.8	376969792	0	0	0	0	0	376969792	0
transcript/138114.p1	2	9	2751335015.8	4404704459.7	2487561100.91	897293601.2	46816584	0	2751335015.8	4404704459.7	2410997639	897293601.2	0	0
transcript/138119.p1	3	8	0	0	0	0	1663830064	800410412.52	0	0	0	0	1611026516	800410412.52
transcript/138123.p1	1	1	0	13587470.98	0	0	200991424	44453273.39	0	0	0	0	0	44453273.39
transcript/138125.p1	1	2	0	0	87488605.9	118467325.3	0	0	0	0	87488605.9	0	0	0
transcript/138151.p1	2	4	394380813.19	546802483.9	179399657.78	115924044	0	29285682.68	81778885.89	546802483.9	36023501.78	0	0	0
transcript/138153.p1	7	34	27224117899.831	24171145255.71	7431707006.395	6923754258	127464705	186656020.22	27215043060.1	24171145255.71	5507427683	6923754258	0	0
transcript/138158.p1	2	6	209110566.31	383474517.49	1894179349.4	1539946723.4	80475056	48193622.63	187726712.1	354938784.7	1894179349.4	1539946723.4	0	0
transcript/138160.p1	1	4	1247497875	1249680774	884733662.2	937483895.9	32743622	36987577.8	1247497875	1249680774	884733662.2	937483895.9	0	0
transcript/138161.p1	1	1	0	0	0	43683167.33	50688236	23654311.52	0	0	0	0	0	23654311.52
transcript/138163.p1	2	2	159070725.5	49975301.53	132290354.21	169314894.36	100197992	85115991.15	159070725.5	0	72792429.78	0	0	0
transcript/138174.p1	10	24	167058156	63911185.77	402644074.65	706276205.04	17111510696	18195062470.5	0	0	0	202952868.1	16311379816	18195062470.5
transcript/138177.p1	3	5	0	0	452824566.2	591810948.6	11912090	16695129.03	0	0	350768430.9	591810948.6	0	0
transcript/138201.p1	1	1	0	0	0	98813396.06	0	0	0	0	0	98813396.06	0	0
transcript/138202.p1	6	11	0	0	1164380339.32	1407831335.64	116688916	46038262.019	0	0	1023074086.32	1407831335.64	0	0
transcript/138222.p1	1	1	7293499.98	0	62450530.32	101836146.1	10600009	0	0	0	62450530.32	0	0	0
transcript/138235.p1	2	15	325798863.5	470638719.9	9225710490	10933429512.816	3244713244	2116115384.82	325798863.5	470638719.9	9225710490	10927044122	3244713244	2104057260
transcript/138239.p1	1	1	0	0	49765787.55	37321567.92	34228044	0	0	0	49765787.55	0	0	0
transcript/138242.p1	1	2	145219628.6	158835902	0	0	0	0	145219628.6	158835902	0	0	0	0
transcript/138253.p1	6	11	255653410.77	514679497.98	1911245740.6	2890438386.2	0	30707724.58	0	0	1475730001.5	2890438386.2	0	0
transcript/138261.p1	4	7	29988117.06	186920717.83	100766587.88	161371138.37	80180296	0	29988117.06	66154001.13	100766587.88	85494311.47	0	0
transcript/138268.p1	3	7	0	0	61795041.38	120737266.56	1429012976	1579966655.66	0	0	61795041.38	0	1429012976	1501609204
transcript/138279.p1	4	13	0	814780.7208	2101347679.57	3056015598.07	105904880	26654761.54	0	0	2030428128.7	3056015598.07	105904880	26654761.54
transcript/138289.p1	7	10	222953812.85	301305680.83	662014346.99	667447250.839	12759804	142452343.959	153672550.56	133533024.22	369062030.09	115183857.56	0	0
transcript/138290.p1	4	4	44011954.77	129826248.89	453492845.09	459362302.17	78505022	15496083.82	0	0	209515069.69	220806336.5	0	0
transcript/138301.p1	7	16	805991012.44	957246489.85	1109862355.5	1124072483.2	1405095688	1934165648.105	401274384.7	814240648.35	642739473.4	792313904.1	0	0
transcript/138304.p1	1	1	26936037.12	0	52361416.28	20528258.65	45416044	11828672.78	0	0	52361416.28	0	0	0
transcript/138307.p1	2	7	0	29507247.34	730277329	1408771571.2	0	0	0	23785928.62	730277329	1408771571.2	0	0
transcript/138311.p1	5	7	1205796082	7529116.326	815403632.8	1075520248.5	84034930	105820530.73	0	0	223393350.2	1075520248.5	0	0
transcript/138315.p1	11	60	17602604109.27	20259222645.8	26077882015.6	25420903949.1	1616506338	1419989407.42	14638894299.47	16296692049.8	17717624927.6	21079389846.6	1091535512	721711616.37
transcript/138318.p1	9	21	5199043948.77	5304631175.14	2463911464.434	2495414851.34	674608040	951398224.54	3981988865.31	5042989943.5	2108647850.8	844275195.9	0	0
transcript/138328.p1	1	2	0	0	0	170148256.7	0	0	0	0	0	170148256.7	0	0
transcript/138330.p1	1	3	122561814.4	144141339.9	500008461.5	624307400.5	0	0	122561814.4	0	500008461.5	624307400.5	0	0
transcript/138347.p1	2	2	0	0	106956988.7	229515476.74	0	0	0	0	0	229515476.74	0	0
transcript/138354.p1	11	20	160254143.38	55514414.65	2298912421.15	3606429748.39	358237774	379714631.21	0	0	2258735712.19	2716493627.19	106267920	198624019.69
transcript/138361.p1	3	4	58490739.25	99691431.54	74057205.88	61911971.26	62872828	54753719.33	58490739.25	17369615.74	27944870.22	39998580.64	0	0
transcript/138364.p1	9	20	637569959.3	357319387.1	467490297.63	379158356.1	3456401552	2964062295.52	0	0	0	0	2970534800	2243937436.15
transcript/138368.p1	1	2	20427232.88	7205197.375	255498847.7	427274123.5	24920130	21736250.93	0	0	255498847.7	427274123.5	0	0
transcript/138372.p1	19	52	125097153.95	191435884.75	471332132.02	515513359.92	20335304172	14835097813.4	0	0	214818490.9	238413024.39	19219867452	14653172358.44
transcript/138398.p1	2	12	34854893140	28104708608	7925560501	5509557080	306068320	403460898.11	34854893140	28104708608	7925560501	0	306068320	398356025
transcript/138404.p1	2	9	55337546.67	0	135555573.5	0	6818968748	8753620375.26	0	0	135555573.5	0	6818968748	8705015062
transcript/138412.p1	1	1	0	0	64078362.32	95451357.41	0	0	0	0	64078362.32	0	0	0
transcript/138431.p1	15	56	18117280723.6	18713879286.1	21561450056.5	18819417224.3	880019824	1115994908.062	16290240945.6	16894740260.4	9994475721.8	17900955143.8	57474744	73332953.14
transcript/138439.p2	1	2	0	0	0	0	0	0	0	0	0	0	0	0
transcript/138449.p1	5	8	43477695.53	70267736.15	637651584.19	1010021149.15	441419960	490044568.65	30703834.1	0	426477715.79	920366898	213487696	0
transcript/138458.p1	5	11	297684094.63	492699447.42	1309728357.4	1276819557.48	188072408	143659241.134	192397172.59	423307961.11	284131383.4	1213078477.4	0	0
transcript/138462.p1	3	5	0	0	285138602.81	390039475.58	91303752	52211099.13	0	0	185831737.19	390039475.58	0	0
transcript/138465.p1	1	2	60704320.58	0	50220041.46	0	134600272	189613136.9	0	0	0	0	0	189613136.9
transcript/138480.p1	2	3	0	0	287325648.8	426501773	65620740	46482840.69	0	0	221543962.7	426501773	0	0
transcript/138488.p1	2	3	0	0	249812096.9	258095500.5	95736656	54549801.87	0	0	145610872.5	258095500.5	0	0
transcript/138491.p1	3	5	12367075.93	0	361001227.2	452741603.1	304905728	109675130.1	0	0	220345874.4	452741603.1	0	0
transcript/138508.p1	1	1	0	0	1180958478	0	2143241.25	0	0	0	1180958478	0	0	0
transcript/138514.p1	8	13	0	45887784.87	2309113389.06	2560127070.23	362793910	151327087.822	0	0	2026750331.96	1807161260.33	21096972	0
transcript/138522.p1	1	2	29835634.96	27467289.56	52340098.25	164113462.2	89190408	0	0	0	52340098.25	164113462.2	0	0
transcript/138546.p1	5	12	0	0	87298207.64	174631751.05	4860294748	4716176813.25	0	0	0	75736529.12	4823814256	4716176813.25
transcript/138552.p1	3	9	605119371.4	539442607.2	889556816.6	834825751.6	23862798	0	0	400212313.4	889556816.6	834825751.6	0	0
transcript/138554.p1	3	4	29758517.16	45410722.92	503445672.5	606604140.6	166154142	252226820.988	0	0	413635974.3	336700511.9	0	0
transcript/138560.p1	2	7	44654356.8	12558806.4	919365768	1584401380.4	313047372	139034212.75	0	0	919365768	1584401380.4	0	0
transcript/138565.p1	3	6	0	0	468695415.45	439118611.5	74182328	42268325.083	0	0	468695415.45	439118611.5	0	0
transcript/138579.p1	3	6	200808997.25	324408295.55	345885473.97	278360565.03	82045228	180531707.03	124504255.8	324408295.55	182251794.7	197387862.1	0	0
transcript/138580.p1	2	4	0	0	89924962.84	33289397.66	196896648	220140123.9	0	0	70622244.65	0	196896648	220140123.9
transcript/138583.p1	3	4	0	0	886110529.9	866295518.4	0	0	0	0	762625814.7	382998913.3	0	0
transcript/138586.p1	1	1	0	0	34583821.95	58200171.22	872443520	896399838	0	0	0	58200171.22	0	0
transcript/138606.p1	6	11	0	5487176.133	918609684.93	1321071728.87	73602916	140759670.45	0	0	701762055.13	1321071728.87	20611830	0
transcript/138621.p1	4	5	0	34540501.64	374455923.32	384190628.44	0	0	0	0	166534501.32	210821595.1	0	0
transcript/138623.p1	42	250	15355588825.058	683232138.8159	13633669456.7227	15750684299.712	260482304125	286877653736	15055127356.15	275171513.58	10699166750.4	12022421568.4	250171159181	266916299891.9
transcript/138646.p1	1	1	0	0	0	34482782.58	0	0	0	0	0	34482782.58	0	0
transcript/138651.p1	4	8	0	0	334369631.46	690196993.1	0	36696305.83	0	0	334369631.46	690196993.1	0	0
transcript/138667.p1	2	4	483009817.61	588029443	436165043.2	296400554.65	0	8428150.988	43590532.51	65522185	123092823.5	209285633.7	0	0
transcript/138679.p1	2	3	0	0	118848549.9	179203614.07	15105487	23027959.47	0	0	118848549.9	43611228.67	0	0
transcript/138693.p1	31	92	80297859.57	156043003.91	2696694960.95	3323470280.91	53434459400	48210392029	0	0	1125832757.02	1391925356.9	49768012680	43320502978.1
transcript/138710.p1	1	1	0	0	0	417284066.9	0	0	0	0	0	417284066.9	0	0
transcript/138712.p1	1	2	0	0	0	32739401.36	0	0	0	0	0	32739401.36	0	0
transcript/138719.p1	3	14	0	0	227007778.4	182598188.4	5803557024	5937489822	0	0	227007778.4	182598188.4	5803557024	5937489822
transcript/138722.p1	1	3	0	0	263503626	297338701.7	63961164	0	0	0	263503626	0	63961164	0
transcript/138730.p1	8	25	5660670320.22	6556429070.73	4172672128.14	3408997441.59	141523022	45077779.75	4631300500.7	6479720076.3	3829106988.7	2181066847.5	0	20456509.69
transcript/138742.p1	5	14	2311754069	2390300966.3	859011991.88	827327461.28	57755744	36869873.65	1341845779.4	2390300966.3	859011991.88	298255907.9	0	0
transcript/13875.p1	2	4	158320973.14	162761768.28	67367890.22	51577868.26	0	0	158320973.14	162761768.28	0	0	0	0
transcript/138769.p1	5	6	0	0	670380928.91	620007318.3	0	64613138.38	0	0	321472090.41	440677969.1	0	0
transcript/138771.p1	3	7	136465883.88	240498801.38	117348409.5	74016666.49	0	0	136465883.88	240498801.38	117348409.5	74016666.49	0	0
transcript/138779.p1	8	24	47625265.8	34528865.04	4878923072.5	4811376363.6	803833012	527920628.584	0	15114346.95	4382380611.1	4811376363.6	714630100	265565434.88
transcript/138790.p1	2	3	0	0	298319212.5	136661596.9	0	0	0	0	298319212.5	136661596.9	0	0
transcript/138791.p1	3	3	0	0	499405028.12	511693776.61	0	0	0	0	346704413.82	83107005.41	0	0
transcript/138793.p1	2	8	2139685472.6	1100838972.2	262154392.82	259694425.88	166690760	140082921.8	2139685472.6	1100838972.2	170837677.5	188174709.1	0	0
transcript/138799.p1	8	22	597476785.48	191195683.86	6656343217.33	7922611190.17	1223406168	524648698.23	0	0	6537375716.1	7800832916.8	1012225946	470769584.5
transcript/138804.p1	2	4	0	30293743.76	194206027.9	352364428	123846296	0	0	0	130059241.6	352364428	0	0
transcript/138814.p1	1	1	0	0	119651851.4	487787790	0	0	0	0	0	487787790	0	0
transcript/138821.p1	2	4	0	0	202326938.94	265542031.2	0	15948738.72	0	0	129225682.2	265542031.2	0	0
transcript/138841.p1	2	9	355248891.3	515579052.2	515672616.9	521036865.1	67801968	0	355248891.3	515579052.2	515672616.9	521036865.1	0	0
transcript/138850.p1	3	5	72108924.11	0	283192452.22	412843710.3	173712984	39725068.09	0	0	283192452.22	296571807.6	0	0
transcript/138857.p1	3	7	400916100.59	582682470.98	320105886	660704015.3	35066072	65889584.61	176556857.89	499554068.9	320105886	139205809.6	0	0
transcript/138860.p1	1	1	0	0	49500224.89	54270723.11	0	0	0	0	0	54270723.11	0	0
transcript/138865.p1	1	2	0	0	42493454.46	77723384.16	64724876	28709970.69	0	0	42493454.46	0	64724876	0
transcript/138871.p1	1	1	0	0	45878682.13	104869169.2	0	0	0	0	45878682.13	0	0	0
transcript/138872.p1	2	8	257671811.11	298877569.2	292663080.36	284015467.3	26093064	36110277.45	257671811.11	298877569.2	292663080.36	284015467.3	0	0
transcript/138874.p1	3	12	2772061789.81	2968112028.29	2313112926	2573010934	512366112	704274336.2	2772061789.81	2968112028.29	2313112926	2573010934	512366112	704274336.2
transcript/138881.p1	1	3	152887992.1	157907911.2	200318511	254346515.2	0	0	152887992.1	0	200318511	254346515.2	0	0
transcript/138890.p1	9	21	202450454	9463209.885	6849226237.3	10564548069.5	375590740	331692196.58	0	0	6849226237.3	7921904954.5	99694104	223234947.48
transcript/138892.p1	2	11	8336891509	7317315163	2265190047.5	2665592328	0	0	8336891509	7317315163	2265190047.5	2665592328	0	0
transcript/138903.p1	3	8	212917707.63	227397622.54	229468235.98	226183984.04	37144040	52791515.124	212917707.63	198607253.94	129175723.68	83978256.22	0	0
transcript/138909.p1	1	1	0	0	53763749.25	57006132.49	0	0	0	0	53763749.25	0	0	0
transcript/138916.p1	1	1	0	0	10117473.34	0	90021256	129473809.1	0	0	0	0	90021256	0
transcript/138917.p1	2	4	0	0	233330266.55	295651600.47	0	0	0	0	192828438.6	295651600.47	0	0
transcript/138933.p1	3	6	15961059.05	24960284.25	1793843667	2168434985.98	46946924	106164303.66	15961059.05	0	422518332	466049078.98	0	76130348.45
transcript/138939.p1	11	65	27304007087.3	30161044607.441	34241024242.089	35834973380.62	692079511	622743470.78	27304007087.3	29857273009.4	26097841531.089	27694688207.93	553964403	257696274.39
transcript/138977.p1	5	13	2726078729.26	1152197944.97	653680094.5	577518260.2	116056516	193765987.698	2554983748.26	1152197944.97	418364602.7	196416525.6	0	0
transcript/138990.p1	2	2	7280805.505	34703546.167	465970630.7	444775565.7	16136994	8863299.221	0	0	172599254.5	309412354.8	0	0
transcript/139008.p1	6	8	43618265.52	0	1399144266.39	1384826586.1	89709355	66222635.64	0	0	755312042.5	517306671.1	0	45060257.11
transcript/139030.p1	2	2	0	0	116553708.2	142867766.67	0	17964012.2	0	0	62458472.58	57519976.01	0	0
transcript/139035.p1	1	2	0	0	47563009.86	72117738.04	0	0	0	0	47563009.86	72117738.04	0	0
transcript/139040.p1	1	1	15254292.25	22677956.4	0	13672945.27	0	0	0	22677956.4	0	0	0	0
transcript/139041.p1	2	2	111897873.7	92577734.14	326883073.8	684181417.8	375482592	0	0	0	326883073.8	262100236.3	0	0
transcript/139043.p1	1	1	0	0	54901877.94	87469882.3	0	0	0	0	0	87469882.3	0	0
transcript/139067.p1	2	7	6457132.931	8215596.653	361306123.3	410319516.7	87331648	183137290.65	0	8215596.653	361306123.3	191550567.3	46748824	183137290.65
transcript/139068.p1	2	3	0	0	183557449.45	221825152.3	0	0	0	0	96784657.15	221825152.3	0	0
transcript/139070.p1	1	1	0	0	100490877.7	92050851.75	42858220	4328488.823	0	0	100490877.7	0	0	0
transcript/139072.p1	3	3	14147082.64	20051796.87	183109675.42	287047569.57	22755570	48773531.17	0	0	154960248.52	65005105.43	0	0
transcript/139079.p1	2	2	51923834.18	23314304.55	100640676.97	85522740.74	0	0	0	0	39397616.23	85522740.74	0	0
transcript/139086.p1	7	45	102847741131.56	85363490788.16	35560260761	35108814845.84	522624033	1555675856.43	102812371834	85278853819	35560260761	35090694873	171171696	0
transcript/139097.p1	3	4	89404131.63	0	870909631.8	1002161914.3	0	0	0	0	300782951.3	863161469	0	0
transcript/1391.p1	1	1	0	0	67333079.69	86133433.81	0	0	0	0	0	86133433.81	0	0
transcript/139100.p1	3	6	3118052972.53	2394126239.4	1047138702.44	1227712935.62	8351265280	3002069960	3118052972.53	2394126239.4	0	0	0	0
transcript/139111.p1	4	12	311266926.79	496118509.16	803224857.76	758282894.77	0	0	290313634.86	467811646.29	521692719.76	474371028	0	0
transcript/139127.p1	3	7	377624356.12	256115074.93	85864723.82	78500720.55	110806718	266738471.56	349934122.81	256115074.93	0	78500720.55	0	0
transcript/139137.p1	8	11	23304928.59	27775667.2	856364880.68	1784415629.27	424902000	568272511.273	0	0	722736589.08	1226844419.92	0	0
transcript/139138.p1	1	2	0	0	307532453.7	59213469.6	0	0	0	0	307532453.7	59213469.6	0	0
transcript/139142.p1	1	2	0	0	0	0	253541792	93157188.76	0	0	0	0	253541792	93157188.76
transcript/139144.p1	13	24	665332515.27	543600347.22	1568450781.61	2127970087.05	1203245324	1243947974.54	103654712.35	66577256.1	870507722.08	1013262932.63	1084106012	633359707.61
transcript/139154.p1	5	7	31303096.11	65198696.041	921646412.6	1003902167.6	11144914	19768321.73	0	0	763224689	538381438.3	0	0
transcript/139163.p1	2	3	8473808.064	14853554.64	0	0	624210300	768429774.14	0	0	0	0	624210300	745204485.7
transcript/139177.p1	1	2	0	0	121039221	134202465.1	0	42796933.96	0	0	0	134202465.1	0	0
transcript/139199.p1	11	18	7155184.713	14053335.96	4296202074.63	4483021948.11	135167340	88925155.075	0	0	3919818334.5	3451650484.47	47589884	0
transcript/139202.p1	1	1	12056117.31	9506218.213	120473406.2	157016859.9	0	0	0	0	120473406.2	0	0	0
transcript/139225.p1	5	8	0	0	3102566103.6	1888186292.2	234348550	185417902.08	0	0	1824231573.2	577223939.2	118079676	67626636.04
transcript/139226.p1	9	31	226848676.813	147309661.26	437953840.274	258898923.17	2556485857	2143255841.28	6719020.713	14646796.47	0	15758420.23	2556485857	2143255841.28
transcript/139228.p1	4	11	495010256.9	523394111.82	898668162.5	750924291.215	176003024	142333602.08	152248566.1	0	898668162.5	743065156.86	137864752	118846886.14
transcript/139231.p1	4	8	103153527.4	294799570.9	69520970.42	89093266.97	347770032	1210581943.29	0	0	0	0	347770032	1122583110.4
transcript/139245.p1	3	4	217979277	0	565637551.1	577071200.07	0	0	0	0	392738299.1	393839458.57	0	0
transcript/139253.p1	1	2	136631585.4	124858204.6	0	0	0	0	136631585.4	124858204.6	0	0	0	0
transcript/139261.p1	1	2	0	17377517.87	35407399.4	32207535.54	0	0	0	17377517.87	0	0	0	0
transcript/139263.p1	4	8	0	0	504455651.18	606824124.1	0	0	0	0	504455651.18	606824124.1	0	0
transcript/139264.p1	1	4	1216875073	1302704026	1089920612	1082923373	0	0	1216875073	1302704026	1089920612	1082923373	0	0
transcript/139281.p1	2	2	0	0	294505196.3	257413743.7	0	0	0	0	151948056.6	98834581.6	0	0
transcript/139287.p1	3	15	46235482.21	71059207.65	1129443077.792	1789829661.51	0	0	0	0	5280572.792	1789829661.51	0	0
transcript/139292.p1	10	30	2681871509	2989849398.4	2077947434.84	1996454581.85	74647588	13287335.94	2219570986.9	2135470100.5	1515351947.28	1498733156.32	0	0
transcript/139293.p1	1	1	0	0	57869026.95	64934751.92	0	0	0	0	57869026.95	0	0	0
transcript/139300.p1	11	21	4207790.527	0	5302117149.71	5878401003.9	318105436	139751721.04	0	0	4450657435.21	5716544954.54	0	72196460.52
transcript/139304.p1	1	2	0	140797635.8	152628144.9	409263061.7	0	0	0	140797635.8	0	0	0	0
transcript/139312.p1	1	2	0	0	0	0	119535912	132199951.4	0	0	0	0	119535912	132199951.4
transcript/139316.p1	7	21	1601885897.99	2218487215.65	1416942348.94	1546171162.55	338045440	582447626.77	1561004979.27	2159081150.7	1302958536.74	671733301.85	0	0
transcript/139318.p1	5	16	125497879.4	0	247483822.14	279018248.2	2442378528	2489482821.8	0	0	0	279018248.2	2191868880	2489482821.8
transcript/139319.p1	9	20	31714493.52	57648565.18	2383866712.1	3396294547.92	343054664	134783934.47	0	26626614.91	1650988431.2	3396294547.92	146797738	38333104.99
transcript/139326.p1	8	14	76216028.013	40156656.41	252364917.63	318422457.73	1761729128	972691210.38	0	0	95505202.1	271143632.2	953331960	789858414.3
transcript/139330.p1	11	26	2285272935	2689271382.39	2413479460.87	2253146631.63	46228598	0	1752719698.7	2689271382.39	1827822841.27	1030077641.4	0	0
transcript/139332.p1	2	4	53537287.35	272321489.78	121127600.41	88259391.9	0	0	53537287.35	272321489.78	87915611.63	0	0	0
transcript/139341.p1	8	17	0	0	143389626.708	140979741.43	3399161647	4569507964.07	0	0	52141104.55	68896900.28	2955622848	3713348812.47
transcript/139388.p1	2	2	0	0	80031117.58	218545099.54	24969190	34651726.52	0	0	80031117.58	126885343.1	0	0
transcript/139391.p1	2	2	0	0	0	0	119488628	91463993.37	0	0	0	0	119488628	0
transcript/139394.p1	1	1	0	0	157624339.4	192392194.1	0	0	0	0	157624339.4	0	0	0
transcript/139397.p1	1	3	696125282.4	1668844194	2445191157	2522308319	136044032	29732436.85	696125282.4	1668844194	2445191157	0	0	0
transcript/139403.p1	9	22	1137747880.07	1856354056.42	2367144797.1	2648985433.55	213304530	22284254.761	766230960.7	1811562827.44	1782937616.3	1545748533.5	0	0
transcript/139404.p1	1	1	26287392.33	27260584.16	0	0	108349592	0	0	27260584.16	0	0	0	0
transcript/139413.p1	1	2	0	0	516626842.6	366219567	0	0	0	0	516626842.6	366219567	0	0
transcript/139447.p1	5	10	953484507.58	645420841.08	393488551.76	257481947.6	210797784	18245176.24	953484507.58	252990200.13	64620889.5	0	165219392	0
transcript/139453.p1	9	38	4235946601	5631191075.3	4482815692.7	4805001847.5	224116520	624170366.6	3709666359.6	4767374134.4	4290244870.2	4616336390.1	0	0
transcript/139472.p1	2	2	0	0	310556336.2	1364947297	64237116	28088248.84	0	0	0	1364947297	0	0
transcript/139475.p1	2	3	29429504.63	0	322119467.3	381315923.1	51254284	80676038.98	0	0	322119467.3	219923467.5	0	0
transcript/139484.p1	1	4	121792865.3	110839183.7	72358937.81	113116837.1	0	0	121792865.3	110839183.7	0	0	0	0
transcript/139485.p1	4	5	49905805.31	0	663981790.17	225438016.75	339331984	354167803.58	0	0	36586926.74	121397280.46	95121376	226030285.6
transcript/139486.p1	2	10	2323451201.4	1600006088	1091011851.6	1542375904.5	122647384	144850686.97	1533355362	1600006088	1091011851.6	1542375904.5	95690104	118133862.8
transcript/139502.p1	13	58	7129015239.12	9472653381.12	8325621660.01	9924292102.3	643452674	596350928.73	6095773149.32	8755628262.8	6781079909.61	9730377597.1	140131220	98415827.33
transcript/139507.p1	1	4	23105865.08	49730697.11	74263432.94	64813414.82	0	0	23105865.08	49730697.11	74263432.94	64813414.82	0	0
transcript/139509.p1	2	3	0	83469230.76	529252597.9	677879188.8	25866172	37086809.84	0	0	168322252.5	677879188.8	0	0
transcript/139518.p1	2	7	366142659	539613480.4	446950469.6	457806970.89	0	0	366142659	539613480.4	446950469.6	457806970.89	0	0
transcript/139522.p1	2	15	25906196.67	124678162.65	9577722485	11774281573	2233752699	2804351952.37	25906196.67	124678162.65	9577722485	11774281573	2233752699	2804351952.37
transcript/139540.p1	11	25	122714485.752	275247396.04	4369572733.37	5167734444.8	64326560	38996938.38	0	0	3616618847.72	5167734444.8	0	0
transcript/139544.p1	1	2	0	0	112363506.5	281589281.5	0	0	0	0	112363506.5	281589281.5	0	0
transcript/139558.p1	3	8	86332514.81	81425282.92	562460036.1	727166737	631677352	145155336.77	86332514.81	81425282.92	247434470.6	727166737	31520552	0
transcript/139564.p1	1	1	0	0	77590360.77	339540193.3	0	0	0	0	0	339540193.3	0	0
transcript/139577.p1	2	4	0	0	336072390.6	429115233.8	20497178	0	0	0	336072390.6	429115233.8	0	0
transcript/139587.p1	11	18	12042755.053	27550286.71	6215077222.9	9091041526.7	317500770	273334683.948	0	0	4330520851.5	6724314802.9	0	0
transcript/139592.p1	1	2	162785463.1	151139473.5	200955759.5	133345889.9	25522436	0	162785463.1	151139473.5	0	0	0	0
transcript/139598.p1	3	11	547133980.3	727401655.7	102796437.84	90748415.85	2471725560	812396044.3	0	0	37547986.78	70872047.78	2471725560	812396044.3
transcript/1396.p1	1	1	0	0	31034723.11	79848222.77	14599331	0	0	0	0	79848222.77	0	0
transcript/139602.p1	2	2	52378691.11	22806998.82	122970934.6	200320479.49	73623904	20067907.67	0	0	0	200320479.49	0	0
transcript/139603.p1	2	5	150915978.3	141807595.9	936479275.3	1436084817.9	0	16611272.66	0	0	936479275.3	1436084817.9	0	0
transcript/139604.p1	3	3	199646926.32	118896540.44	762119462.7	1014723653.24	1189750860	260634368.1	0	0	100941663.5	930290143	0	0
transcript/139606.p1	1	2	23429505.05	47857710.6	50371984.39	151708234.7	0	0	23429505.05	47857710.6	0	0	0	0
transcript/139610.p1	18	63	308659115.12	265779328.38	32780688728.6	32668483331.28	4835796402	4406743346.15	0	0	22879737916.6	32654875605.4	3360282469	3865971282.69
transcript/139612.p1	1	2	0	0	37469969.26	45792723.56	0	13772593.56	0	0	37469969.26	45792723.56	0	0
transcript/139622.p1	1	4	201838470.3	218071339.7	312620016.1	384730050.8	22231198	0	201838470.3	218071339.7	312620016.1	384730050.8	0	0
transcript/139631.p1	9	32	1250495349.93	1799905414.58	1937590791.08	2333242866.15	2935654271.5	4363860237.38	1250495349.93	967195772.38	1937590791.08	2192953748.09	2045369662	3390835479.29
transcript/139638.p1	2	16	13123709864	11102041382	3351894865	2788878715	52664480	60002719.39	13123709864	11102041382	3351894865	2788878715	0	0
transcript/139648.p1	1	6	454312930.1	145439862.7	1044015187	224321234.2	94829680	52020504.71	454312930.1	145439862.7	1044015187	224321234.2	0	0
transcript/139660.p1	1	1	21042085.62	11312291.76	153011682.5	107908673.9	274120224	28289543.84	0	0	0	107908673.9	0	0
transcript/139663.p1	3	3	31928420.412	0	63386048.63	167717436.59	457721316	334639488.45	0	0	0	0	0	334639488.45
transcript/139672.p1	3	6	4145807.165	19645585.18	1004432560.19	1295151154.2	108630032	132311879.55	0	0	1004432560.19	1295151154.2	0	0
transcript/139683.p1	2	2	195713738.8	0	318095335.6	367837533	25984680	41796868.66	0	0	198769231.4	189062225.3	0	0
transcript/139689.p1	3	6	583723724.3	790827333	510667151.4	393864106.1	0	0	583723724.3	790827333	0	212691219.4	0	0
transcript/139702.p1	6	15	734887480.58	1201959119.7	1399215076.19	1434098513.17	121542750	109393937.16	550609183.6	978536813.7	1045554228.2	880886337.77	107450600	0
transcript/139712.p1	1	1	2823934.482	71330311.05	97096795.15	217822730.8	0	0	0	0	0	217822730.8	0	0
transcript/139720.p1	2	2	46430218.49	37802166.79	70286475.14	221291421.5	9550494	0	46430218.49	0	0	0	0	0
transcript/139731.p1	1	1	0	0	19458076.16	14414325.26	64182244	10681818.13	0	0	0	0	64182244	0
transcript/139740.p1	1	1	0	0	0	80417720.69	0	0	0	0	0	80417720.69	0	0
transcript/139741.p1	1	1	0	0	149990058.4	179619549.8	0	23966990.74	0	0	0	179619549.8	0	0
transcript/139796.p1	4	10	362125723.24	431864708.65	177749263.96	182632617.19	26157468	16049041.96	202262135.65	431864708.65	177749263.96	0	0	0
transcript/139802.p1	1	1	1301855741	1104313714	117671907	93526774.88	238795664	245913796.3	0	0	0	0	0	245913796.3
transcript/139804.p1	1	1	0	0	0	0	0	0	0	0	0	0	0	0
transcript/139808.p1	3	4	0	0	616938015.6	1124179229.4	310802976	295092730.9	0	0	105647623.9	948528676.6	0	295092730.9
transcript/139829.p1	8	25	1516006453.37	1989688351.75	1893200605.59	2787457576.1	372133289	401833210.7	1320910254.67	1660524145.15	1383767946.9	2266456068.9	68476128	174850348.56
transcript/139833.p1	6	18	174574983.33	167347984.59	1270296098.3	1637017062.9	932268760	1088634343.37	72886369.11	126787502.73	941118658.3	591979670.8	456962208	754120832.06
transcript/139863.p1	6	28	6800993979.9	7609452796.4	4165435857.3	4503065036.1	0	29195653.22	5834345361	7609452796.4	3831764941	3786444165.9	0	29195653.22
transcript/139872.p1	2	5	347271955.55	504828411.09	413111887.2	357774926.3	0	84180291.4	324384601	421206725.2	129198209.1	163941362.6	0	0
transcript/139892.p1	1	1	103561527.3	199547895.5	1373303403	1896719137	0	3238819.719	0	0	0	1896719137	0	0
transcript/139895.p1	3	8	23989535.84	28921724.3	345787743.08	521208151	90710068	36504265.9	0	0	345787743.08	250983201.9	26165296	0
transcript/139896.p1	2	3	588551626.5	232567381.3	91845302.16	154373878.55	10359715	239618804.75	0	0	0	154373878.55	0	0
transcript/139910.p1	1	5	2647063494	3377035965	2236662124	1985827268	158452128	194353268.4	2647063494	3377035965	2236662124	1985827268	0	194353268.4
transcript/139916.p1	1	2	0	0	0	0	123015208	114355834.4	0	0	0	0	123015208	114355834.4
transcript/139943.p1	1	2	0	0	36237654.12	40557880.9	0	0	0	0	36237654.12	40557880.9	0	0
transcript/139947.p1	3	4	0	0	942154352.6	763485552.2	0	0	0	0	942154352.6	763485552.2	0	0
transcript/139958.p1	1	2	0	0	183831773.6	241894175.3	12590040	0	0	0	183831773.6	241894175.3	0	0
transcript/139960.p1	1	2	49527795.64	0	53442085.63	58042968.27	47752612	42836741.81	49527795.64	0	0	0	0	0
transcript/139965.p1	29	112	708694321.134	452533661.373	5117256031.68	5913384019.77	108136002632	98960091142.23	59196130.1	108431080.75	3287237425.41	4309646368.39	101664118764	98592662203.33
transcript/139980.p1	1	3	17059012.55	0	578643770.6	0	53082452	0	0	0	578643770.6	0	53082452	0
transcript/139987.p1	2	2	0	0	74467219.16	179013057.14	66704768	92604394.96	0	0	0	179013057.14	0	0
transcript/139998.p1	16	46	154738477.128	253701162.34	328917044.51	479322364.66	16838718086	19067553485.55	0	0	93527940.41	51790941.96	16673869974	19006610131.13
transcript/139999.p1	1	1	0	120413576.8	0	0	0	63844552.62	0	120413576.8	0	0	0	0
transcript/140004.p1	5	21	1728925446.638	2483653303.8	2314445024.37	2094310399.03	967791894	1403779399	1354470740	2483653303.8	2314445024.37	2094310399.03	0	0
transcript/140012.p1	2	4	106843766.44	98587435.17	38603560.12	50550698.62	0	0	106843766.44	98587435.17	0	0	0	0
transcript/140019.p1	2	5	282481578.7	295978388.8	210001614.8	220878049.36	0	0	282481578.7	295978388.8	210001614.8	220878049.36	0	0
transcript/140022.p1	1	1	0	0	144172181.7	155799923.5	0	0	0	0	144172181.7	0	0	0
transcript/140028.p1	2	2	24852114.07	14094445.39	144126947.78	77082342.71	184877720	216967747.87	0	0	0	0	184877720	0
transcript/140046.p1	2	2	299055873.3	0	315700124.8	323860557.4	74249120	87179803.36	0	0	293637991.6	0	0	87179803.36
transcript/140091.p1	5	8	0	0	3064201333.8	3695226379.9	102792225	48948501.9	0	0	2395658220.6	3121492448.7	54451156	17769670.1
transcript/140094.p1	11	26	230277431.267	111615830.914	5845440883.9	5730835089.98	328420978	249166983.66	0	10701945.38	5845440883.9	4336548589.14	190564060	86880628.26
transcript/140108.p1	1	2	0	0	0	147986756.8	0	102941130.8	0	0	0	147986756.8	0	0
transcript/140112.p1	5	13	87090549.12	69437790.41	1355670280.5	2076757280.1	442311448	251699808.28	0	31649801.57	953563392.9	2076757280.1	318823344	62504518.37
transcript/140114.p1	4	6	0	0	896380978.7	1154487145.1	242009694	51522950.73	0	0	431191958.1	1154487145.1	0	0
transcript/140120.p1	3	7	0	0	1128200416.2	1195240606.4	55663638	0	0	0	1128200416.2	1195240606.4	34225372	0
transcript/140133.p1	1	3	86284531.21	29157152.24	160974962.4	141909196.1	0	0	86284531.21	29157152.24	0	141909196.1	0	0
transcript/140151.p1	1	1	0	0	52088318.88	167421304.6	0	0	0	0	0	167421304.6	0	0
transcript/140165.p1	3	5	0	0	668457323.21	387872458.75	14443445	38637316.57	0	0	668457323.21	347354234.9	0	0
transcript/140171.p1	2	3	0	0	129760848.71	194097296.44	0	9429833.745	0	0	129760848.71	126983669.6	0	0
transcript/140191.p2	14	72	11562330098.1	17776380814.3	22752324528.5	20968842069.32	1077687278	553087463.78	11388573232.6	17045938397	22627359997.7	12811833323.1	733007384	389063377.18
transcript/140197.p1	1	1	0	0	21854851.27	38528135	0	0	0	0	0	38528135	0	0
transcript/140207.p1	2	3	0	24600628.12	98352495.59	125280792.07	58260772	0	0	0	98352495.59	125280792.07	0	0
transcript/140226.p1	1	1	0	0	54665673.2	128390777.3	0	0	0	0	0	128390777.3	0	0
transcript/140231.p1	4	19	3263876909	3152502023.5	4690648430.3	4732676637.4	153097424	41666635.73	3263876909	3152502023.5	4690648430.3	4732676637.4	153097424	0
transcript/140233.p1	1	2	491371857.7	390136916.1	0	918697398.1	0	0	491371857.7	390136916.1	0	0	0	0
transcript/140238.p1	2	6	0	0	2008225426.6	2324022659.2	128917312	164617325.8	0	0	2008225426.6	2324022659.2	0	164617325.8
transcript/140246.p1	2	14	103084263.51	156524935.58	13648238694	17104825949	3210095776	3922846565	29806934.85	156524935.58	13648238694	17104825949	3065319168	3922846565
transcript/140258.p1	1	2	0	0	78203277.34	93341570.7	0	0	0	0	78203277.34	93341570.7	0	0
transcript/140263.p1	3	23	8438490318.8	14138746533.95	4120511084.63	822747664.12	581655075.875	201480489.976	8438490318.8	14138746533.95	4107401691	800734886.3	581130128	198686624
transcript/140268.p1	2	3	18091617	0	385301067.5	425342786.45	0	17363084.4	0	0	109432426.6	425342786.45	0	0
transcript/140282.p1	8	19	803826878.4	1101664196.85	1323517218.54	1160670564.16	177546788	78405036.359	803826878.4	516472806.1	776703415.71	933278791.2	36678476	0
transcript/140283.p1	6	19	2789520494.3	2934378832.6	2645163043.8	1643961335.4	66664415	73687562.84	2789520494.3	2818424927.9	487787010.1	1514211851.6	0	0
transcript/140285.p1	1	4	496100194.9	298526920.3	19306572.58	0	65900380	23166559.62	496100194.9	298526920.3	0	0	0	0
transcript/140322.p1	6	17	1473469813.58	1726401166.08	1518158690.08	1318302940.08	100696320	115160567.05	472307517.88	1664181030.6	1142862016.38	1190985018.45	0	0
transcript/140324.p1	19	71	149602094.069	234780788.043	6115014243.17	6404697261.87	53159422100	71429010562.21	52922202.43	52974465.45	4715657437.6	4778384863.5	47501186708	70946048607.51
transcript/140328.p1	5	7	0	0	0	202759086.68	760950384	544922915.4	0	0	0	91078583.9	627416136	320730494.9
transcript/140334.p1	2	10	3784788713.2	2637292949	1049302550	741778685.4	57309128	84963698.21	3784788713.2	2637292949	1049302550	741778685.4	0	0
transcript/140335.p1	1	1	40461790.05	0	0	0	0	0	40461790.05	0	0	0	0	0
transcript/14037.p1	1	2	0	0	0	0	4685025280	1209852822	0	0	0	0	4685025280	1209852822
transcript/140390.p1	7	10	89829640.34	228354703.5	1191257381.13	1096997642.07	62210858	14742525.29	0	0	680957042.33	799165139.36	0	0
transcript/140392.p1	1	1	0	0	236563840	268435542	54784936	11446524.59	0	0	236563840	0	0	0
transcript/140401.p1	16	37	601304882.59	722921564.74	28611268218.75	29360590605.294	5726703460	3498688669.19	0	386659971.59	21953144761.28	19825345139.99	4276515756	504067628.14
transcript/140408.p1	1	2	0	0	46188324.1	45021266.82	0	0	0	0	46188324.1	45021266.82	0	0
transcript/140411.p1	2	5	0	0	158134053.33	206122280.04	327826048	20927577.35	0	0	158134053.33	206122280.04	0	0
transcript/140416.p1	4	5	96602156.53	122581936	443061373.4	424648734	37698912	0	0	0	48058919.25	424648734	0	0
transcript/140420.p1	2	10	1111555431.4	1578891465.1	657658032.8	969068250.1	0	3357247.765	1111555431.4	1578891465.1	657658032.8	969068250.1	0	0
transcript/140435.p1	6	8	52557013.41	0	271724292.86	365967452.52	336487290	340860844.04	0	0	162460534.2	365967452.52	160897484	121279229.08
transcript/140457.p1	2	2	3554806905.2	2359328713.6	8590707740.8	7905919708.9	304024224	782567102	0	0	0	7905919708.9	0	0
transcript/140485.p1	2	3	0	0	114864757.74	203081044.37	0	0	0	0	114864757.74	123705639.3	0	0
transcript/140495.p1	1	1	0	0	62904410.69	112240252.2	0	0	0	0	0	112240252.2	0	0
transcript/140499.p1	8	30	8494859520.4	6608420871.6	3514644142.8	3528544787.3	19917404	45196856.37	8494859520.4	6608420871.6	3514644142.8	2757020543.9	0	0
transcript/140507.p1	5	12	1197289857.21	1037579391.86	513622002.83	790396569.98	0	25302473.92	1197289857.21	941392522.8	267384992.3	152477057.4	0	0
transcript/140514.p1	2	4	0	0	411716401.3	462418425.16	39809356	0	0	0	411716401.3	462418425.16	0	0
transcript/140517.p1	5	10	0	0	1365039463.2	1414119693.4	70606800	36416867.27	0	0	1170444880.1	1414119693.4	0	0
transcript/140519.p1	2	4	0	15070553	249831258.51	272787261.7	178384816	97671466.06	0	0	249831258.51	272787261.7	0	0
transcript/140531.p1	2	3	34844781.02	154740664.11	367212243.6	488142789	52768232	306984337.47	0	0	150816902.3	488142789	0	0
transcript/140541.p1	2	3	0	0	206027777.01	132927033.22	14921321	31574169.9	0	0	206027777.01	63891669.6	0	0
transcript/140551.p1	1	5	0	0	546198279.8	578815620.8	0	0	0	0	546198279.8	578815620.8	0	0
transcript/140554.p1	2	3	29974184.94	51206686.48	87286703.37	100861223.049	30057300	0	0	0	16307995.19	5470139.079	30057300	0
transcript/140562.p1	1	2	0	0	86285058.64	145622376.6	29963554	32184072.03	0	0	86285058.64	145622376.6	0	0
transcript/140568.p1	2	4	143316678.8	92636696.32	164966089.76	140626661.6	0	0	0	40966282.39	116653081.9	140626661.6	0	0
transcript/140573.p1	11	21	11524564.553	58210603.94	179867018.944	415772484.8	3793888366	5201519390.75	0	0	0	0	3231968686	4677310993.6
transcript/140579.p1	3	10	0	0	817563630.1	999939332.4	3577668304	4793335593.3	0	0	473867044.4	999939332.4	3577668304	4793335593.3
transcript/140583.p1	3	4	0	18812829.18	154546359.6	326540472.3	19585059.5	109621296.24	0	0	85259713.42	326540472.3	0	0
transcript/140585.p1	1	1	0	0	32858343.89	48658369.47	22978806	11742283.73	0	0	32858343.89	0	0	0
transcript/140589.p1	3	5	228365685.73	163308889.34	350947863.95	545671283.47	645945344	839675531.2	0	0	350947863.95	483964589.5	0	0
transcript/140598.p1	10	18	46114599.009	55262382.601	1961906290.87	1655406202.44	136156334	179799184.467	0	0	1824447270.7	1078248740.92	115828928	15681828.93
transcript/140599.p1	3	18	31584130372.4	37500179753.9	11975079109.1	14243167673.2	385305584	86805683.84	31584130372.4	37312513990	11829785078	14243167673.2	107794480	0
transcript/140606.p1	2	5	372858473.6	378259983.6	208932729.09	242027854.94	0	0	372858473.6	0	70430309.99	87908720.34	0	0
transcript/140607.p1	18	69	148111392.669	140051040.99	784541437.837	1001652831.56	20532960553	16746006569.98	0	0	261354130.7	710659463.2	18056186225	16416700853.98
transcript/140612.p1	2	3	0	0	278187882.4	458423477.8	27870624	32716190.46	0	0	278187882.4	458423477.8	0	0
transcript/140616.p1	4	16	3508392959.8	4981320687	4978876631.7	5312846101.5	94973384	77208912.61	3508392959.8	4981320687	4978876631.7	1662462858.5	0	0
transcript/140618.p1	1	2	0	0	113777313.5	0	7993410.5	0	0	0	113777313.5	0	0	0
transcript/140626.p1	2	24	29757967838.3	33037719546.1	22705587585	26027862627.9	697523584	433484684.9	29757967838.3	32772719298	22705587585	25893453425	697523584	433484684.9
transcript/140638.p1	7	17	0	0	234076066.41	316321705.67	4330821800	5693359018.95	0	0	82607330.01	302438387.8	3308800448	5693359018.95
transcript/140644.p1	2	3	63169037.5	27493030.229	0	0	0	0	63169037.5	21827933.19	0	0	0	0
transcript/140660.p1	17	77	18763717306.81	21597315632.33	21733842273.3	20563172321.6	882611236	1476635235.095	15952589255.21	18409746742.73	20222673733.8	19388447624.1	401327094	0
transcript/140665.p1	6	13	632150457.17	820587216.95	978781279.37	821815595.45	98007034	167917144.2	295629574.4	627545580.85	708245663.8	107535546.8	0	0
transcript/140670.p1	9	16	312740004.78	322136149.55	475181506.34	580617090.67	357360932.5	375240856.429	65708433.27	69236938.64	139271468.3	308758660.37	158472426.5	118779046.809
transcript/140673.p1	2	5	362970080	394755475.1	168735199	282373504.1	61212416	48152539.69	362970080	394755475.1	0	199435804.3	0	0
transcript/140684.p1	4	12	31038330.25	92827257.89	149384621.37	153440265.85	423999412	116708197.98	0	38186311.26	0	98114809.32	423999412	47736883.79
transcript/140686.p1	2	2	0	0	148905040.08	188230419.89	0	0	0	0	0	188230419.89	0	0
transcript/140688.p1	2	2	0	0	81958736.95	224938533.7	0	17756318.15	0	0	0	224938533.7	0	0
transcript/140698.p1	3	15	9610913594	6481925456	702358509.9	887293422.1	0	0	7686289311	6481925456	702358509.9	887293422.1	0	0
transcript/140699.p1	3	9	74471826.8	109519658.3	0	0	1476575408	2112982885.3	0	0	0	0	1476575408	2112982885.3
transcript/140702.p1	2	5	283155957.7	404132448.95	178179941.6	0	0	0	283155957.7	305667703.3	178179941.6	0	0	0
transcript/140703.p1	4	12	0	0	0	0	2102144288	1512979379.5	0	0	0	0	2102144288	1512979379.5
transcript/140705.p1	10	40	3228851240.86	4556023739.01	4069898724.37	3952857952.7	48502976	76937573.469	3042838322.31	4404693542.41	3980602636.9	3952857952.7	0	0
transcript/140743.p1	1	1	0	0	147955481.7	166110115.1	0	0	0	0	147955481.7	0	0	0
transcript/140749.p1	2	2	0	0	225119770.56	248266715.56	0	0	0	0	146732076.6	63207880.76	0	0
transcript/140764.p1	8	19	0	0	3309273849.6	3740272755.2	451813200	737733083.346	0	0	3066521007.5	3740272755.2	451813200	0
transcript/140771.p1	3	11	3300974254.4	2804260162.8	1155916531.52	495207796.49	77863128	79102550.15	873193117.4	2804260162.8	1111326303.7	0	77863128	79102550.15
transcript/140777.p1	1	6	0	0	0	0	443475440	1134516281	0	0	0	0	443475440	1134516281
transcript/140779.p1	4	4	0	0	409305562.68	570485534.34	108473144	8582568.831	0	0	220369238.47	261234470.04	0	0
transcript/140789.p1	3	5	0	0	311898870.84	438947443.09	17216508	0	0	0	228539577.42	438947443.09	0	0
transcript/140792.p1	5	9	0	1253808.626	2122287583.3	2914461721.26	165939032	175599168.83	0	0	1313925291.6	2856873108.6	45281488	124145467.2
transcript/140797.p1	1	2	28670091.34	61100325.66	18698032.54	13136346.34	0	0	28670091.34	61100325.66	0	0	0	0
transcript/140801.p1	7	15	375535702.6	391143311.48	7699525048.5	10466689288.1	5537709256	5636729952.07	0	0	0	199226300.7	4256902456	5636729952.07
transcript/140817.p1	1	3	0	0	46423467.61	83323423.46	0	0	0	0	46423467.61	83323423.46	0	0
transcript/140818.p1	5	9	172708890.4	120068827.4	628644727.06	912197245.94	28851400	17186788.37	0	0	628644727.06	596439848.84	0	0
transcript/140839.p1	1	2	0	16001042.1	426202793.1	229685205.7	16458075	0	0	0	426202793.1	229685205.7	0	0
transcript/140845.p1	1	1	36670516.11	0	65459309.34	62605978.93	0	0	0	0	0	62605978.93	0	0
transcript/140853.p1	1	1	38037432.98	0	127801262.9	212727249.9	24512816	0	0	0	127801262.9	0	0	0
transcript/140861.p1	2	4	0	0	34222264.51	32980673.86	383236256	367648017.46	0	0	0	0	383236256	367648017.46
transcript/140884.p1	2	3	34929704.29	102919594.78	283473470.6	227655448.05	16260115	0	0	89951627.84	283473470.6	0	0	0
transcript/140907.p1	18	93	16041741979.2	23129330419.84	30548662043.2	33957247270.5	2855318452	3173460547.03	14326729226.4	18541403185.04	28689864603.6	30055815476	996481140	461738989.85
transcript/140946.p1	1	1	0	0	71922635.69	103576728.7	24908908	12057906.47	0	0	71922635.69	0	0	0
transcript/140950.p1	1	2	480888262.4	973348038.5	620759019	447048364.4	0	0	0	973348038.5	0	447048364.4	0	0
transcript/140951.p1	1	6	0	0	0	10653259.95	0	0	0	0	0	10653259.95	0	0
transcript/140953.p1	2	2	58442796.02	17437522.66	49232460.19	39625999.17	729644608	364088573.14	0	0	0	0	298436736	319811576
transcript/140987.p1	5	16	1217791231.9	1355579461.4	962112286	980343870.4	691460956	842850901.83	1217791231.9	1355579461.4	962112286	980343870.4	253064088	192834130.73
transcript/141004.p1	5	10	12004399.57	0	897083278.5	1760406923	0	0	0	0	897083278.5	987560972.6	0	0
transcript/141019.p1	2	4	13088822.72	14990266.08	922100318.3	857566773.1	0	33010262.16	0	0	297826716	857566773.1	0	0
transcript/141021.p1	2	3	0	0	26025106.08	96248197.172	152530784	170191136.77	0	0	0	0	0	170191136.77
transcript/141025.p1	2	4	0	0	74164668.34	107067007.11	12063880	11153559.85	0	0	34318533.09	107067007.11	0	11153559.85
transcript/141050.p1	4	10	1355223933.04	1048477260.4	448864668.68	637061060.6	27627150	21773936.16	578393647.74	689406210.6	68157839.36	499926994.1	0	0
transcript/141078.p1	7	17	1595206134.63	2172042989.63	580165403.04	846947787.11	1074505984	1599628944.8	469722555.2	2172042989.63	580165403.04	388999841.1	0	0
transcript/141086.p1	3	37	109236517351.66	95034149604.8	42318852848.97	21631643470	1847228916	395872028.62	109236517351.66	95016067953	42210554824	21631643470	1847228916	395872028.62
transcript/141089.p1	1	1	118962345.6	181471097	221852161.4	266313243.4	0	22010392.83	0	181471097	0	0	0	0
transcript/141090.p1	1	2	0	0	40501059.62	0	0	0	0	0	40501059.62	0	0	0
transcript/141106.p1	12	53	5561077845.86	7383572749.62	9024696822.08	9030002653.4	94089400	65605178.82	5508521329.12	7312936695.29	7565429845.8	9030002653.4	0	0
transcript/141129.p1	4	9	544524985.5	762950636.1	2210626252.75	1735221719.3	106650944	30141842.05	410268869.1	762950636.1	2180271859.9	1735221719.3	23388394	30141842.05
transcript/141133.p1	3	4	13723119.47	215775606.77	285871116	331180736.88	0	42861918.05	0	152631270.85	285871116	0	0	0
transcript/141135.p1	4	10	15717390.74	26859519.41	712881612.57	1154763432.05	88820192	137098535.21	0	0	712881612.57	1154763432.05	88820192	26320812.01
transcript/141136.p1	2	2	0	0	88549260.43	137909135.73	29828444	9412515.003	0	0	0	137909135.73	0	0
transcript/141139.p1	1	8	486903566	1114958964	317636539.6	347416888.4	0	0	486903566	1114958964	317636539.6	347416888.4	0	0
transcript/141163.p1	3	3	0	0	146655583.05	181248087.35	13260233	10559644.31	0	0	110709496.01	24835805.7	0	0
transcript/141167.p1	4	6	34216358.57	8504836.634	0	252999323.44	666095512	958000851.3	0	0	0	0	666095512	391524957.5
transcript/141169.p1	1	13	712499356.6	199177235.2	7883791622	7831863070	2326828864	779811781.8	712499356.6	199177235.2	7883791622	7831863070	2326828864	779811781.8
transcript/141203.p1	1	1	12792373.66	14063695	159315858.1	140818498	0	0	0	0	0	140818498	0	0
transcript/141205.p1	4	10	0	0	1701415506.3	1907133038.67	0	7268046.322	0	0	1701415506.3	1907133038.67	0	0
transcript/141208.p1	13	35	178620984.65	56001671.37	2284814406.31	2679251067.6	2123837748	1666327242.08	69519037.13	0	1930030070.41	1946982650.2	1850920060	1552131909.6
transcript/141213.p1	2	31	140332335129	154479421881	38809200983	37478256555	1545321548	1943538769.9	140332335129	154479421881	38809200983	23197744153	916959820	1229102206
transcript/141219.p1	1	3	0	0	312549652.2	367962764.8	69436568	76064889.63	0	0	312549652.2	367962764.8	69436568	0
transcript/141252.p1	3	7	0	0	54031905.55	4917985.243	344417824	0	0	0	0	0	344417824	0
transcript/141269.p1	2	3	24081313.61	38765378.6	417075723.9	294107981.5	0	0	24081313.61	38765378.6	417075723.9	0	0	0
transcript/141270.p1	1	2	0	17828682.68	211226225.4	302362102.9	0	0	0	0	211226225.4	302362102.9	0	0
transcript/141284.p1	2	4	0	0	635224852.7	760634628.9	0	21324966.56	0	0	635224852.7	760634628.9	0	0
transcript/141300.p1	8	22	1095946316.7	1213061162.64	1189109944.63	1425783149.47	38007244	0	897480597.4	1065688734.54	849335179.3	760695716.13	0	0
transcript/141304.p1	7	17	2681448.4612	2260023.376	155760605.117	186753659.671	636631741	591173400.05	0	0	146858032.1	0	636631741	591173400.05
transcript/141307.p1	1	1	0	0	56746973.8	74237299.07	0	18923601.68	0	0	0	74237299.07	0	0
transcript/141312.p1	2	10	44882645.35	14903608.803	2873468072	4166448053	700449952	758389066.7	0	0	2873468072	4166448053	700449952	758389066.7
transcript/141318.p1	10	18	0	0	1969050121.57	2922763570.99	41719306	25762761.871	0	0	1366716430.37	2402181536.66	0	0
transcript/141327.p1	14	481	201589918321.8	250367902811.992	132996192986.41	119173852486.3	3287267369.9	2104337022.05	201589918321.8	250360270884	132996192986.41	118812082516.2	3176531221.9	2104337022.05
transcript/141331.p1	2	14	64259385498	26298305465	10711200161	3539191372	0	154814117.4	64259385498	26298305465	10711200161	0	0	0
transcript/141336.p1	1	2	0	0	0	0	286705664	111348027.5	0	0	0	0	286705664	111348027.5
transcript/141341.p1	8	18	33421822.71	45123773.73	2779487800.8	2569353860.57	251904517.5	134915726.272	0	0	1949908717.1	2220825446.1	97746984	42610508.7
transcript/141342.p1	4	17	7183843784.5	6697301583	1598946367.1	1352580146.09	72212494	85844440.39	7183843784.5	4613374985	603665070.2	979299852	0	0
transcript/141343.p1	1	4	0	0	0	0	482904816	532676671.7	0	0	0	0	482904816	532676671.7
transcript/141379.p1	3	5	0	9844047.574	499114827.9	347519739.9	218791112	303329282.4	0	0	362608076.5	347519739.9	109847728	152800447.6
transcript/141382.p1	6	22	3063461736.19	3006405235.7	2274173693.53	3408774028.69	308091732	229099665.953	2381595591.06	3006405235.7	1296260073.13	1856913860.69	187161002	198810773.6
transcript/141385.p1	1	1	0	0	56233116.86	97934562.86	103654760	113401444.2	0	0	0	0	0	113401444.2
transcript/141389.p1	8	24	866930415.32	1020383547.68	538467520.119	276597350.56	115494840	0	866930415.32	724814975.58	397597170.229	31698047.66	0	0
transcript/141397.p1	4	5	0	0	376782386.016	693483725.19	0	15533861.87	0	0	6658733.616	693483725.19	0	0
transcript/141411.p1	6	11	0	0	1374911228.66	1968893423.2	45866976	26138093.34	0	0	1229021362.56	1968893423.2	0	0
transcript/141422.p1	1	1	59447689.68	141091885	43158719.47	50928374.22	0	0	0	141091885	0	0	0	0
transcript/141433.p1	2	3	0	0	0	0	300624504	417622460.84	0	0	0	0	102323144	417622460.84
transcript/141456.p1	1	1	0	0	0	0	44513064	53841118.09	0	0	0	0	0	53841118.09
transcript/141479.p1	2	4	10536072.26	17389915.31	249120751	195954432.35	24267018	0	0	0	125313421.4	195954432.35	0	0
transcript/141480.p1	1	1	0	0	0	88179795.59	0	0	0	0	0	88179795.59	0	0
transcript/141482.p1	6	10	29361647.985	40290748.49	4398159964.86	5577635457.97	742280416	210545088.782	0	0	4165169691.5	5270539514.77	592041504	139821953.84
transcript/141486.p1	1	2	601065045.8	462824411	0	0	0	0	601065045.8	462824411	0	0	0	0
transcript/141494.p1	24	69	12172471938.456	11376889272.368	577574766.27	5265078635.008	11598420325	11517481118.98	0	0	141063334.91	536413360.5	11495499205	10998808005.33
transcript/141496.p1	3	5	252811269.65	346514170.69	161895361.36	19466901.21	73855366	144423288.94	252811269.65	167916754.39	145225399.1	0	0	0
transcript/141501.p1	4	5	320040185.1	7935342.706	1246200209.9	1588031042	122638773	52359314.21	0	0	402431930.2	1408534936.6	0	0
transcript/141512.p1	3	8	0	0	0	0	3762805360	7146007788.8	0	0	0	0	3762805360	400529537.8
transcript/141545.p1	15	56	7582797769.9	6217783064.71	3696531489.64	4122795836.01	1197880440	284383512.77	7016481400.59	6119404811.13	2603284352.54	3671008203.21	0	0
transcript/141564.p1	8	14	0	0	119446140.13	88335977.83	2587887248	1995667501.22	0	0	0	36092230.14	2132262280	1985024184.66
transcript/141584.p1	2	5	42022773.39	52741138.77	1132460863	1679614231.5	147485120	0	0	0	1132460863	1679614231.5	147485120	0
transcript/141587.p1	2	5	0	4111524.075	58680716.49	48947742.19	591309888	806897060.57	0	0	0	0	556499616	806897060.57
transcript/141596.p1	2	4	72679057.98	115888830.1	140319536.61	60785602.56	0	0	0	115888830.1	95659700.47	60785602.56	0	0
transcript/141602.p1	2	3	16287676.04	19189201.84	163796514.68	125318459.4	17876380	0	0	0	163796514.68	125318459.4	0	0
transcript/141607.p1	5	16	165113840.87	179175857.74	3060144676.9	3451534801.7	800813248	786179823.37	41377694.17	110121321.55	2551972778.7	3451534801.7	512215200	482500949.4
transcript/141623.p1	1	3	0	0	0	0	407260640	431021832.6	0	0	0	0	407260640	431021832.6
transcript/141624.p1	1	1	33539940.39	11190138.23	56206785.58	52611275.03	0	22759366.81	0	0	0	52611275.03	0	0
transcript/141640.p1	1	1	0	0	71500851.22	118078516	0	0	0	0	0	118078516	0	0
transcript/141643.p1	2	2	12232283.32	14045792.68	286546984.76	436892454.8	32730278	0	0	0	89287640.06	254102467.6	0	0
transcript/141644.p1	9	24	498864744.69	655294251.41	972810903.63	1059676640.96	1334003394	1152748927.811	272087650.18	526068156.9	603896597.03	879663446.46	1176573554	862160803.3
transcript/141652.p1	3	9	758180602	618064038.21	644054984.8	913087744.4	53911725	97378107.99	429131532.9	618064038.21	508627871.3	688974167.5	0	0
transcript/141653.p1	2	4	495949419.9	567748924.9	295602552.39	262303105.37	56710624	0	495949419.9	350978299.6	0	229474366.3	0	0
transcript/141659.p1	1	1	37643473.19	13876704.54	0	37830441.96	37971524	0	0	13876704.54	0	0	0	0
transcript/141669.p1	2	5	641003595.32	483788054.94	166763634	178145084.8	0	42940818.59	641003595.32	483788054.94	0	178145084.8	0	0
transcript/141677.p1	3	9	372607241.01	195553415.71	292633140.9	244363984.6	145829472	0	372607241.01	161281953.6	292633140.9	119866587.3	0	0
transcript/141692.p1	3	3	10349636.61	0	363537303.88	302071109.78	54758560	8866489.996	0	0	319977825.06	98685774.79	0	0
transcript/141702.p1	2	4	0	0	575687891.9	640260153.1	0	0	0	0	458428787.1	640260153.1	0	0
transcript/141722.p1	4	8	96437775.45	171522240.2	700353562.8	892168449.17	90047555	0	0	0	544915055.3	677660654.07	0	0
transcript/141731.p1	2	3	0	0	190348348.36	242527328.64	0	0	0	0	71361150.66	242527328.64	0	0
transcript/141742.p1	1	1	46162724.95	97901937.79	744674356.6	652592435.3	27913952	0	0	0	0	652592435.3	0	0
transcript/141747.p1	1	2	24060067.65	0	120154162.2	144044853.2	18759438	10583462.52	0	0	120154162.2	144044853.2	0	0
transcript/141762.p1	4	14	905217254.63	801956491	251536513.66	160225479.72	0	67051566.16	905217254.63	801956491	158367668.62	109439576.41	0	0
transcript/141764.p1	18	62	179726149.988	136033713.793	19427153364.3	22276622936.36	1895654061	1907663084.02	0	66181969.72	18941107555.4	20255134345.86	1711920236	1711925535.08
transcript/141784.p1	3	7	501084259	808052500.5	185264164.9	525675295.1	15372313	4665564.467	501084259	808052500.5	0	162772225.3	0	0
transcript/141785.p1	2	5	268232391.05	91250470.01	195192226.41	66932270.3	27077382	0	192536653.3	0	195192226.41	0	0	0
transcript/141789.p1	1	1	0	0	68733315.66	46608931.46	0	0	0	0	68733315.66	0	0	0
transcript/141791.p1	8	30	1591060909.56	1844579657.27	1374180906.9	1562305118.76	870298474	331876433.852	1136671146.37	1765023884.29	1374180906.9	1364531765.9	778839648	304734790.76
transcript/141813.p1	2	2	0	6188928.862	126589289.46	64445939.23	14564718	4251952.064	0	0	126589289.46	0	0	0
transcript/141843.p1	6	15	130337322.3	173780777.2	403860142.31	836950764.27	3436520520	3170712333.19	0	0	0	0	3436520520	2994564273.39
transcript/141855.p1	4	5	0	0	423578663.87	486978054.38	66228826	82570662.51	0	0	382878882.23	146083275.1	0	82570662.51
transcript/141868.p1	6	20	2301225366.9	2541080606.7	560174017.5	587800248.41	64905534	63942918.88	2301225366.9	2541080606.7	560174017.5	453379380.3	41906300	0
transcript/141880.p1	5	10	29189861.2	13869362.26	2878763845.8	3408981735.5	468604392	454636678.6	0	0	769316737	3408981735.5	348306208	349656385.3
transcript/141883.p1	1	2	0	0	0	0	232246448	328850310	0	0	0	0	232246448	328850310
transcript/141886.p1	1	2	4287643168	5629730237	4289686654	2439277091	139694544	134490322.3	4287643168	5629730237	0	0	0	0
transcript/141887.p1	1	2	0	0	486757462.4	695239952.2	0	0	0	0	486757462.4	695239952.2	0	0
transcript/141888.p1	1	2	241243688.3	166808561.9	258892870.9	283296166.5	0	0	0	166808561.9	0	283296166.5	0	0
transcript/141890.p1	7	13	35855477.29	14996517.11	105217213.78	147261208.421	901575656	1030101303.94	0	0	0	0	504568368	1030101303.94
transcript/141892.p1	6	13	0	6597935.213	69878635.26	69762269.09	1335020724	1741643197.28	0	0	0	26016899.8	1099579364	1741643197.28
transcript/141908.p1	16	68	69557442.586	63769592.635	1141905463.149	1392184746.3	30271157202.8	22514601744.93	32952865.07	53824653.86	951547532.08	1250033555.14	30094736930.8	21227247244.56
transcript/141913.p1	6	10	31671742.8593	66933383.565	1244833920.63	1527402585.84	0	101751429.906	0	0	1085122265.53	1415074609.24	0	0
transcript/141916.p1	2	8	258777877.05	510004976.11	407895818.1	419889926.4	26169182	51572469.37	258777877.05	441351903	245412853.7	419889926.4	0	0
transcript/141920.p1	3	6	12635909.08	63626309.86	609076845.8	946990617.4	73017248	14051586.3	0	35116642.17	433399458.7	946990617.4	0	0
transcript/141938.p1	13	63	10942811497.3	14953229741.8	11205926649.1	10929710427.81	154374888	225789241.36	10218368635.3	14782969735.2	10556489469.9	9698312249.7	67582008	94895204.12
transcript/141941.p1	4	11	18882639192	12784330408.3	6992345455.7	7028648177.7	168167484	163768110.926	18882639192	1042976915.5	6992345455.7	6678398259	0	0
transcript/141955.p1	1	2	694357088.9	771099505.2	0	28242557.9	11792199	58717766.71	694357088.9	771099505.2	0	0	0	0
transcript/141957.p1	5	12	1184606211.89	1237854650.46	825376300.01	1154417680.5	0	51161846.89	1152992944.57	707143913.36	208741601.5	912024723	0	0
transcript/141963.p1	1	3	0	0	0	0	827870944	1057570835	0	0	0	0	827870944	1057570835
transcript/141973.p1	2	4	0	7732575.521	331974966	275956720.7	0	0	0	0	331974966	275956720.7	0	0
transcript/142018.p1	4	75	15849127958.68	20133913034.44	10404351955.4	7993894968	131987784	402334783.11	15836764097	20133913034.44	10404351955.4	7993894968	0	57368201.21
transcript/142019.p1	1	1	725078223.8	217123098.8	0	0	8673531	30070680.31	0	217123098.8	0	0	0	0
transcript/142037.p1	11	21	447176710.8	333658651.7	222307251.6	330234226.5	5773731544	8987039342.72	0	0	0	0	4572947808	5814364525.82
transcript/142053.p1	1	1	13750130.68	10583889.76	0	0	39991784	10037294.49	0	0	0	0	39991784	0
transcript/142060.p1	7	10	225042205.007	198931518.424	716914057.87	1146770698.55	12075246	135671052.1	0	0	376759462.88	1048613640.44	0	0
transcript/142061.p1	1	1	0	0	47270895.19	41165196.7	0	0	0	0	0	41165196.7	0	0
transcript/142078.p1	4	10	1992659467	1924198003.39	695499581.7	797126794.97	41114327	7883159.902	1992659467	1432733703.79	298817482.1	615719917.2	0	0
transcript/142094.p1	6	15	91028899.277	224227484.39	1081258379.72	1541893498.3	228578490	522262678.71	28234285.71	40602097.91	461516886.8	1541893498.3	113708932	207126423.59
transcript/142096.p1	9	25	1069228036.97	961281419.178	863697101.22	908836049.33	1681958848	1128197003.14	738959743	632113937.878	218408964.99	405773072.55	1366708620	911258156.43
transcript/142108.p1	4	10	481643042.04	623966512.53	468639569.19	386880439.97	0	5280146.632	434316200.9	611033690.33	468639569.19	343249225.2	0	0
transcript/142109.p1	1	1	124708893.8	119702653.1	513683002.5	331941168.1	0	0	124708893.8	0	0	0	0	0
transcript/14211.p1	1	1	0	0	34764006.38	108027527.4	0	26070397.78	0	0	0	108027527.4	0	0
transcript/142120.p1	3	9	753961525.77	801161857.87	392029582.9	217120108.2	0	0	753961525.77	92806842.67	392029582.9	217120108.2	0	0
transcript/142150.p1	10	19	465569795.14	145641338.5	2513678717.55	2943657818.79	108090738.5	78134712.12	0	0	2031029224.05	2943657818.79	0	0
transcript/142157.p1	6	8	0	0	459555019.33	466913629.37	23577874	36985048.92	0	0	334662497.37	295677553.27	0	0
transcript/142159.p1	2	2	0	0	311006077.8	232472722.84	0	0	0	0	311006077.8	0	0	0
transcript/142161.p1	3	5	0	0	402781198.51	528117935.76	0	0	0	0	287142637.21	528117935.76	0	0
transcript/142162.p1	3	5	0	0	0	0	396458216	424997490.98	0	0	0	0	0	424997490.98
transcript/142171.p1	1	1	0	0	0	0	96734096	62562296.2	0	0	0	0	96734096	0
transcript/142183.p1	1	1	0	0	16358006.8	21359807.73	22397580	28314704.1	0	0	16358006.8	0	0	0
transcript/142200.p1	9	22	2850377919.2	2412378595.8	1266723610.06	1245682554.7	663699432	62760232.3	1782985879.9	2412378595.8	222490700.38	299343652.03	0	0
transcript/142201.p1	4	9	59984756.082	1823716.131	475231194.3	482869770.97	344223278.1875	5358628.745	4483536.992	0	264894060.5	482869770.97	942606.1875	5358628.745
transcript/142202.p1	2	8	429613234.5	313670503.3	735561847.5	1212564135.7	0	0	429613234.5	117150667.2	581451747.6	1088896192	0	0
transcript/142205.p1	1	2	0	0	0	0	35192684	45644958.67	0	0	0	0	35192684	45644958.67
transcript/142209.p1	1	2	0	0	116037652.4	107339589.9	61230580	74591746.64	0	0	116037652.4	107339589.9	0	0
transcript/142210.p1	1	16	3285649254	3611660874	1152577625	1014635327	0	0	3285649254	3611660874	1152577625	1014635327	0	0
transcript/142217.p1	3	13	52074615.28	26630880.78	2687027060.7	3887648075.6	171052420	220904726.1	0	0	2687027060.7	3887648075.6	171052420	220904726.1
transcript/142218.p1	12	31	1162256144.395	768618919.672	1956666327.2	2493351885.9	13555134099	10285706716.586	0	0	1267803018.6	1784877102.1	12942498820	10280956732.76
transcript/142232.p1	1	9	0	0	5658168.96	14073085.24	0	0	0	0	5658168.96	14073085.24	0	0
transcript/142234.p1	2	2	266796178	579419274.9	25517608891.4	26319176225.3	0	0	0	0	0	26319176225.3	0	0
transcript/142236.p1	10	40	6719190779	10086963389.43	8243754702.1	11076887356	356671116	414304669.48	5019027738.2	10086963389.43	7138819951.1	9322358519	0	0
transcript/142240.p1	2	2	0	0	36210762.51	241127337.6	0	0	0	0	0	241127337.6	0	0
transcript/142249.p1	11	47	12465789600.6	14178949973.6	11964788777.4	12765436369.09	368711098.5	360718490.82	9737223436.1	10491975446.9	11964788777.4	12245287547.1	191859986	296687150.8
transcript/142256.p1	5	10	141209615.9	60295127.07	100435230.98	69673037.22	1777575256	970681292.04	0	0	0	0	1777575256	921724178.7
transcript/142260.p1	2	3	0	28641683.74	600205148.8	468322592.8	96792496	0	0	0	249336639.5	468322592.8	0	0
transcript/142261.p1	1	2	0	0	0	0	140766800	0	0	0	0	0	140766800	0
transcript/142271.p1	1	1	0	0	0	21021876.19	21358080	0	0	0	0	21021876.19	0	0
transcript/142282.p1	5	12	9620541.658	14756821.01	1355747198.7	1787582934	31884588	90858143.227	0	14756821.01	1182212888.6	1787582934	0	0
transcript/142309.p1	5	14	2218059848.66	1445402463.95	466410982.36	530860841.65	11818877	15320790.52	2218059848.66	1445402463.95	122545745.7	410298133.6	0	0
transcript/142320.p1	1	3	0	0	0	0	796520436	2062666397	0	0	0	0	796520436	2062666397
transcript/142331.p1	7	17	71712040.291	64756877.49	804285081.45	889771312.33	4018083752	5042164938.8	0	0	488987594.39	377648415.6	3323986856	3258453503.3
transcript/142338.p1	1	1	0	0	24424827.91	36937911.54	0	0	0	0	0	36937911.54	0	0
transcript/142340.p1	2	6	0	0	1035110314.5	1289238327	17082246	0	0	0	1035110314.5	1289238327	17082246	0
transcript/142350.p1	3	5	0	65761616.79	180437461.83	168093056.66	0	0	0	0	125814467.13	168093056.66	0	0
transcript/142355.p1	1	3	0	0	1325433527	1418135356	100294824	88949705.17	0	0	1325433527	1418135356	100294824	0
transcript/142360.p1	8	26	159716497.295	98325895.321	8261577732.94	7869540622.36	1622152684.75	1265041021.91	0	0	8215260117.9	7807604962	1482565924.75	1148791823.86
transcript/142370.p1	1	2	0	0	129016373.4	100546593.7	0	18476009.12	0	0	129016373.4	100546593.7	0	0
transcript/142373.p1	1	1	0	0	62468066.12	97142880.14	0	0	0	0	0	97142880.14	0	0
transcript/142391.p1	1	1	0	0	77416038.59	53147009.66	73713912	29253604.51	0	0	77416038.59	0	0	0
transcript/1424.p1	4	17	76572654.94	0	87371615.71	66880002.59	6558538552	7948684278.5	0	0	87371615.71	66880002.59	6558538552	7948684278.5
transcript/142405.p1	7	25	130653534.36	79737330.141	9974698238.1	12092583325.1	1417359394	954786619.198	0	0	9974698238.1	11685021127.7	854630242	916223145.41
transcript/142410.p1	5	20	0	0	4556127396.7	4249934083.96	804108938	434858447.55	0	0	4556127396.7	4194933635.5	709789410	123853578.25
transcript/142414.p1	2	3	0	0	77166385.92	102857069.26	13669654	0	0	0	77166385.92	68209263.8	0	0
transcript/142419.p1	1	1	0	0	41171970.38	41325240.7	0	0	0	0	0	41325240.7	0	0
transcript/142437.p1	1	2	0	0	79101554.9	123199274.7	0	0	0	0	79101554.9	123199274.7	0	0
transcript/142462.p1	3	20	58042016306.93	85573971876.9	18461537859.77	21995832692	673208676	141165487.75	58042016306.93	85573971876.9	18418881901	21995832692	305225928	0
transcript/142465.p1	24	115	29543605566.73	36448716031.47	36812826945.92	39824002110.81	9940744660	9911982896.63	23039206126.81	34113773154.55	33132290344.4	39613227788.1	1693134648	1760093972.4
transcript/142468.p1	2	2	4746086.249	7704327.93	223527719.1	268528666.14	47411352	13438752.06	0	0	0	268528666.14	0	0
transcript/142473.p1	4	7	17022848.18	17961871.66	852517516.4	1196086579.5	53449661	23196907.74	0	0	616055096.2	1196086579.5	0	0
transcript/142475.p1	8	35	5099852361	6865080097.1	6591512845.6	7415922319.2	945438944	1817609239.47	4827809927.3	6865080097.1	6387897044.8	4890703207.2	120217384	0
transcript/142495.p1	2	5	40069732.16	37976740.53	320933222.31	310015032.75	89724648	0	0	0	320933222.31	215264811.5	0	0
transcript/142496.p1	2	4	0	0	290085267.6	454312974.2	0	0	0	0	290085267.6	454312974.2	0	0
transcript/142517.p1	2	2	280519464	10328304.96	136375975.78	183846870.2	23658642	0	0	0	62367783.95	132754293.9	0	0
transcript/142518.p1	2	4	146392200.3	144163704.5	579272936.8	689779284.1	214514070	84484768.49	0	0	579272936.8	581375628.6	0	84484768.49
transcript/142519.p1	5	22	1978908242.2	1567803434.8	792763253.55	742238116.28	37952872	58069508.32	1978908242.2	1567803434.8	297147824.85	279186754.16	0	0
transcript/142521.p1	1	2	0	0	42453815.33	26780470.76	0	0	0	0	42453815.33	26780470.76	0	0
transcript/142525.p1	1	3	460840832	395088051.1	162994240.4	216751844.8	11959127	0	460840832	395088051.1	0	216751844.8	0	0
transcript/142527.p1	1	1	1062794206	9022114.095	131724034.2	167653028.6	20624626	0	0	0	0	167653028.6	0	0
transcript/142531.p1	16	95	616529712.08	581394028.93	9724567515.77	10438917988.2375	98803862699	67434626112.4	185310505.78	94372967.72	9441682455.7	10279763447.3	98803862699	67434626112.4
transcript/142541.p1	6	13	740719735.43	784121466.34	1189995920.24	1286188680.523	19396578	5758954.621	370683313.85	500113066.03	311331867.41	341118394.08	0	0
transcript/142544.p1	11	49	3252239809.46	4593283489.9	4144879370.84	3770997655.578	122782956	145883318.86	3157261762.39	4474396909.3	2543048148.92	2843901042.908	40022776	0
transcript/142556.p1	2	4	433966687.4	486420534.3	1117254446.6	1142950863.5	17722712	7753771.46	253102805.5	285890917.1	716135744.1	0	0	0
transcript/142569.p1	10	37	20320137449.54	15099406232.7	8601037168.6	8359830225.5	163538146	294534285.12	19241661436.43	10725697997.6	6306574144.5	8349660362.2	29588174	0
transcript/142572.p1	19	70	241692859.71	243651382.25	2446756697.39	2641973201.92	55966176512	67218877503.8	0	28053377.97	1749641832.71	639558922.8	55506645960	63979157432.4
transcript/142573.p1	1	4	443364059.7	497477774.6	163966447.6	263630129.9	0	0	443364059.7	497477774.6	163966447.6	263630129.9	0	0
transcript/142578.p1	3	6	243262302.72	314365406.14	184575756.57	144543061.6	0	0	24025138.92	314365406.14	86725724.54	144543061.6	0	0
transcript/142579.p1	1	1	0	0	0	0	77659504	88308744.34	0	0	0	0	77659504	0
transcript/142589.p1	3	42	110354384913	96855073701.5	51078735355.2	52028212185	1465485584	256161671.3	110354384913	96315907043	50447822470	52028212185	1274798384	256161671.3
transcript/142592.p1	7	14	0	0	3763669260	5008424335.2	410675150	355069291.13	0	0	3763669260	4088655994.7	0	0
transcript/14260.p1	1	1	661737445.9	632064721.7	467854223.7	543826076.2	0	0	661737445.9	0	0	0	0	0
transcript/142624.p1	2	4	812574891.1	791496038.7	1599656307.9	1952005656.2	0	0	0	0	1599656307.9	1952005656.2	0	0
transcript/142636.p1	1	1	0	0	71230381.43	59910094.89	0	0	0	0	0	59910094.89	0	0
transcript/142639.p1	3	8	22016270.26	0	481578837.9	462956958.5	180228712	160186716.19	0	0	130793249	462956958.5	75541144	0
transcript/142640.p1	2	7	0	71298535.5	311738208.9	65753189.39	49828772	0	0	53437135.61	311738208.9	65753189.39	0	0
transcript/142646.p1	4	24	1633035578.3	1640613156.8	813680277.2	1082339051.5	27353640	0	1633035578.3	1640613156.8	582584973.3	776246472.5	0	0
transcript/142653.p1	1	2	0	0	109930747.1	184779960.8	0	0	0	0	109930747.1	184779960.8	0	0
transcript/142656.p1	2	6	36333625.43	50354754.28	1047354052	1263134999	62667712	85782575.57	0	0	1047354052	1263134999	62667712	85782575.57
transcript/142677.p1	3	6	0	0	592398209.57	1036852584.7	0	20685760.11	0	0	592398209.57	935710594.4	0	0
transcript/142690.p1	6	14	1885672904.8	2277042985.68	1431244628.5	1513661543.21	910375768	1188814576.327	1185898155.1	2013521201.3	1234865393	1290519895.5	0	0
transcript/142696.p1	3	6	0	26461336.5	183689088.89	248770695.39	58469284	24088533.86	0	0	111053144.11	175145072.47	58469284	0
transcript/142698.p1	2	6	72268045.7	143972731.8	341012492.7	278192971.6	102795000	91842680.7	0	0	341012492.7	168443911.7	102795000	91842680.7
transcript/142714.p1	1	4	0	0	0	0	516467248	710288489.3	0	0	0	0	516467248	710288489.3
transcript/142721.p1	8	23	2417711467.14	3316196366.7	3803849712.9	3948023942.6	748205468	716194139.39	2417711467.14	3088545852.2	2729676082.8	2266457216.6	84533944	0
transcript/142728.p1	5	6	139677203.5	38135899.8985	79012271.35	97832344.605	297695467	469469641.13	0	0	0	0	159795888	469469641.13
transcript/142734.p1	12	21	0	0	2963878433.84	3484687469.11	699314510	217914402.28	0	0	1323036270.34	2633829759.01	0	58378032.08
transcript/142762.p1	1	1	63069329.09	60799589.5	2097253141	2919188299	84455408	118318323.7	0	0	0	2919188299	0	0
transcript/142773.p1	3	18	0	0	648866143.1	1207922300	15870926080	8489826923.4	0	0	648866143.1	1207922300	15870926080	8489826923.4
transcript/142776.p1	2	3	38391638.62	0	1962341845.9	1401050588	869363492	248226285.13	0	0	887319705.9	336018200	0	0
transcript/142782.p1	1	1	404007733.8	719756755.2	384539001.2	0	0	25758033.53	404007733.8	0	0	0	0	0
transcript/142791.p1	1	2	0	0	266980170.6	271995654.2	25357508	35932598.29	0	0	266980170.6	271995654.2	0	0
transcript/142794.p1	2	3	0	0	209270922.65	153632309.2	0	0	0	0	209270922.65	153632309.2	0	0
transcript/142804.p1	4	7	0	132675404.479	1860890120.4	2212601850.7	188705607	312615000.34	0	0	1155289708.5	2212601850.7	61233884	0
transcript/142805.p1	6	12	30179358.453	37413028.65	4994636845.8	5732760657.1	1049269168	1059558034.54	0	0	4361468715.6	5732760657.1	345684640	632894487.34
transcript/142807.p1	14	67	58132227619.38	58443992362.28	32001177649.41	35044711986.64	4422765496	5572113663.09	58105512196.6	49335446527	31728084289	34697464035.8	3208852820	2784156506.4
transcript/142809.p1	1	3	32774918.31	13932783.96	1976974178	2151413483	291940992	68789094.61	32774918.31	0	0	0	291940992	68789094.61
transcript/142817.p1	10	68	26523530836	24594749133.76	33356098491	32894969864.6	983597464	650017046.45	26523530836	18449140044.76	33356098491	32151198467	693999384	205610622.75
transcript/142822.p1	6	8	16413540.62	9562404.101	929591329	1039392074.94	156520880	47892413.15	0	0	695541487.8	543484652.14	0	0
transcript/142834.p1	1	1	0	12925482.67	42843100.64	56179877.44	0	0	0	0	0	56179877.44	0	0
transcript/142843.p1	2	5	0	0	232510392.85	280311027.43	29538764	35201446.71	0	0	232510392.85	280311027.43	0	35201446.71
transcript/142857.p2	4	13	0	0	91902795.46	62919956.79	4711618608	5786846095.1	0	0	91902795.46	0	4711618608	5786846095.1
transcript/142868.p1	1	8	7487435507	9141036668	2319313236	2581391680	128454274	0	7487435507	9141036668	2319313236	2581391680	0	0
transcript/142871.p1	9	22	318893811.9	165135920.53	1935186129	2714737654.15	131041772	268808721.548	0	0	1641390056.3	2120038020.93	131041772	109203230.1
transcript/142872.p1	2	7	0	0	479697672.9	628103902.7	213092080	254363054	0	0	479697672.9	628103902.7	0	254363054
transcript/142873.p1	2	5	0	90145486.09	97517824.02	108421969.43	487167712	542092821.1	0	0	68482797.03	0	487167712	314951847.5
transcript/142890.p1	8	25	4599230.603	0	49737809.23	169983379.68	6046756436	7158315564.8	0	0	0	0	6003780936	7052619539.7
transcript/142909.p1	1	10	4172361366	5053672845	1366584693	1567727219	69540554	48010970.91	4172361366	5053672845	1366584693	1567727219	0	0
transcript/142912.p1	5	32	27499636123.6	28801720617.4	25329299451	24122804872	439019286	306194377.85	27499636123.6	28801720617.4	22145227415	21694312766	257787176	306194377.85
transcript/142921.p1	1	4	847752981.1	0	456949990.3	0	0	0	847752981.1	0	456949990.3	0	0	0
transcript/142938.p1	6	18	2136936536.7	3533152925.19	7307278312.1	6304364345.887	509686905	291533513.37	1593686147.2	3533152925.19	4509334815	4384197517.9	0	118407537.6
transcript/142942.p1	5	9	392010852.02	380601244.3	146462965.2	75165765.9	578501080	327439327.05	48589452.33	96942468.7	146462965.2	0	501469472	274824836.04
transcript/142957.p1	2	3	44975055.08	0	390970596.71	349552500.84	0	141654323	0	0	390970596.71	327593916.9	0	0
transcript/142962.p1	4	14	540005687.83	713831211.34	1278038896.7	1520984880.5	168734202	101291979.4	439407764.73	433444369.14	1045533428	1036705348.9	147769456	58797315.46
transcript/142967.p1	13	29	124080507.7	56932313.75	795093098.88	542053784.59	4741943973.5	3378960244.78	0	0	536707840.66	369036162.5	3453149281.5	2365516935.49
transcript/142972.p1	1	1	0	0	301388685.5	119069918.6	0	0	0	0	301388685.5	0	0	0
transcript/142975.p1	2	3	0	0	17068773.18	102031171.7	0	0	0	0	17068773.18	102031171.7	0	0
transcript/142979.p1	2	3	0	0	137950019.23	251081787.1	101531368	0	0	0	127586452.6	251081787.1	0	0
transcript/142985.p1	1	2	0	0	0	0	57325744	85706794.28	0	0	0	0	57325744	85706794.28
transcript/142986.p1	2	5	73956803.61	98769090.54	154197375.6	137704674.5	0	0	73956803.61	98769090.54	154197375.6	137704674.5	0	0
transcript/143000.p1	2	3	0	0	212269174.24	198201464.16	0	0	0	0	212269174.24	138527627.6	0	0
transcript/143039.p1	5	8	0	15260550.12	2526084801.1	3353226180.1	1112059017	1628445048.18	0	0	2023360808.6	1786643752.1	16756089	296753899.9
transcript/143061.p1	3	6	38479174.47	11478209.414	1232003483.7	2159529450.95	500014820	591872698.7	0	0	107898844.7	2082147062.8	169499300	377524624.4
transcript/143065.p1	1	1	0	0	0	0	249694208	53267515.02	0	0	0	0	249694208	0
transcript/143066.p1	5	8	11642837.69	0	834935989.89	1047303064.7	323951416	60742577.52	0	0	662160553.99	897447219.9	0	0
transcript/143067.p1	2	3	0	0	106522951.29	131547489.28	0	0	0	0	84528261.5	131547489.28	0	0
transcript/143076.p1	3	5	38083801.38	37709640.395	530187765	653937864.53	98454753	38121928.02	0	0	530187765	411996294.53	0	0
transcript/143081.p1	1	2	0	0	0	0	0	0	0	0	0	0	0	0
transcript/143082.p1	1	1	8561789.106	0	0	0	174610624	42502600.55	0	0	0	0	0	42502600.55
transcript/143087.p1	2	3	202119127.7	0	130325952.54	243030198.36	0	0	0	0	30603211.39	243030198.36	0	0
transcript/143099.p1	1	1	0	0	194411949.4	169399631.8	0	0	0	0	194411949.4	0	0	0
transcript/143105.p1	4	9	1298661744.5	1179568290.6	169024813.4	215434460.48	62734192	83848974.97	1298661744.5	1012585672.6	0	66272423.38	0	0
transcript/143109.p1	3	12	409042285.02	488943386.1	842600007.8	899408411.5	130277034	136623046.54	409042285.02	488943386.1	842600007.8	899408411.5	0	0
transcript/143110.p1	7	27	222324928.56	79139149.93	11307501679.91	12539613475.08	1597879180	1264983657.94	222324928.56	79139149.93	5680604566.01	12349675285.78	1597879180	1249394539.51
transcript/143111.p1	3	4	5196645.734	0	263760664.91	301685491.95	44865428	35704636.66	0	0	69227153.53	301685491.95	0	0
transcript/143120.p1	1	1	0	0	58579937.67	121942573	30196986	36588236.39	0	0	58579937.67	0	0	0
transcript/143121.p1	2	4	11733107.27	0	179851687.28	248023100.65	0	0	0	0	179851687.28	248023100.65	0	0
transcript/143134.p1	12	29	36207121.83	39852660.28	380285441.81	414494013.23	4795499388	2911359215.99	0	0	0	0	4400135772	2680874791.68
transcript/143135.p1	2	2	0	0	134934710.5	331259843.98	21535364	0	0	0	134934710.5	240567181.3	0	0
transcript/143140.p1	4	69	15272721072	15086240558.08	7957167083.9	7033128309	169016822	94046943.33	15272721072	15034175375.4	6853107909	7033128309	0	34465319.52
transcript/143141.p1	4	7	0	0	2273228828	2542064535.8	74433234	44980589.68	0	0	1571897760.3	2542064535.8	0	0
transcript/143155.p1	9	36	7427242015.27	10182100214.7	7489973316.99	6725773056.7	1389774060	1347050637.41	4435728430.98	10182100214.7	4416122417.3	6388931630.8	226931868	0
transcript/143175.p1	2	2	0	0	186123032.56	179770948.3	16066402	0	0	0	84826204.46	137844215	0	0
transcript/143194.p1	2	3	246796105.4	125915770.19	505103206.3	810787567.1	166457640	220909634.74	0	0	505103206.3	329995785.7	0	0
transcript/143203.p1	4	6	0	0	445491322.58	478198403.14	65166430	58349812.666	0	0	445491322.58	250193941.6	0	0
transcript/143222.p1	1	1	0	0	145845498.1	219245135	29590160	69664739.47	0	0	145845498.1	0	0	0
transcript/143230.p1	1	1	0	12529473.07	60691122.56	58466034.75	0	0	0	12529473.07	0	0	0	0
transcript/143238.p1	1	1	16050391.81	0	843789266.6	787048092.1	0	0	0	0	843789266.6	0	0	0
transcript/143239.p1	2	14	0	0	1218313819.8	1543446087.4	281009528	311475656.94	0	0	1218313819.8	1543446087.4	281009528	311475656.94
transcript/143240.p1	2	2	0	0	56712267.28	131265172.1	40604880	39427419.14	0	0	0	131265172.1	40604880	0
transcript/143250.p1	4	11	14560363011.96	5615115110.96	5404258752.44	5680551530.43	49700845	124902202.11	14560363011.96	5587665237.29	5360430926.3	5471266861	0	0
transcript/143256.p1	1	2	1614558.574	0	359386176.7	462236142	0	0	0	0	359386176.7	462236142	0	0
transcript/143268.p1	2	3	0	0	40071175.83	43724354.25	544925884	0	0	0	0	0	544925884	0
transcript/143273.p1	3	4	496652751.39	386004485.77	716542017.62	419761129.25	0	0	419582057.1	0	405241953.2	236932552.75	0	0
transcript/143281.p1	4	5	0	38846510.81	415803595.57	843185955.98	111422812	123662088.37	0	0	282977009.4	805852031.4	0	123662088.37
transcript/143283.p1	3	6	0	0	563930275.2	589135191.7	34390364	66534660.59	0	0	563930275.2	298847682.6	0	25743341.05
transcript/143285.p1	1	1	0	0	85138070.78	115484999	0	44225631.29	0	0	85138070.78	0	0	0
transcript/143292.p1	2	4	13915228.52	0	142011394.8	143249153.5	33134966	0	0	0	116947730.8	0	33134966	0
transcript/143294.p1	6	27	6252573783.1	10899549437	26184323371.7	27631512630.258	697433040	1031800819.99	998717801.1	10899549437	26184323371.7	27631512630.258	76460240	0
transcript/143316.p1	6	21	12700613418	11988106293.18	3475408852.56	3808297890.36	100126315	206065759.38	12700613418	11442546945.58	2552705869.11	2523996322	0	0
transcript/143318.p1	1	1	12436891	0	84361495.29	77427209.88	0	68377157.48	0	0	0	77427209.88	0	0
transcript/143326.p1	4	11	279248469.96	482093669.47	882604831.2	857582304.9	0	0	279248469.96	303632276.24	767638785.2	734789215	0	0
transcript/143329.p1	1	3	0	204904750.3	84733138.68	116057836.5	0	0	0	204904750.3	0	116057836.5	0	0
transcript/143334.p1	20	52	103076353.06	178631756.644	1197733775.46	1517539466.085	22613126696	23643782014.26	0	0	375827748.06	673565098.85	20956997288	22874803152.92
transcript/143350.p1	2	3	505950021.5	363834545.5	0	0	1624983432	799463968.08	0	0	0	0	1624983432	722351706.9
transcript/143359.p1	7	15	266241596.5	85477190.42	3075025456.8	3227885716.3	803378406	490711066.29	0	0	3075025456.8	2102250630.3	163820206	156466786.7
transcript/143365.p1	1	3	0	0	223953604.2	266580677.9	57939280	82107910.35	0	0	223953604.2	266580677.9	0	82107910.35
transcript/143366.p1	8	23	6169262.611	0	5442261167.19	5067194136.0671	1266698638	759564159.13	0	0	5380090619.54	3424271127	1206202430	683922985.27
transcript/14337.p1	4	7	0	0	168683894.79	305571773.98	78925902	109060931	0	0	97654028.88	305571773.98	60503240	0
transcript/143382.p1	8	23	175184857.22	15108305.17	8597497349.1	12024405052.8	4078244812	3095959179.07	0	0	4957519166.6	5458759422.3	3950341320	2129837566.3
transcript/143388.p1	2	15	45223141520	38030945360	6246894664	6366963414	242319276	148883082.6	45223141520	38030945360	6246894664	6366963414	0	0
transcript/143400.p1	1	4	0	0	0	0	295828560	415350632	0	0	0	0	295828560	415350632
transcript/143415.p1	2	5	0	0	828433305.65	849984431.98	277512232	387989782.45	0	0	54383916.15	849984431.98	237148000	354508146.8
transcript/143416.p1	1	1	0	0	78916654.36	81745354.41	19026690	23343681.87	0	0	78916654.36	0	0	0
transcript/143420.p1	7	73	33987630160	64933236099.82	174694357737.34	171767094067.81	1661700396	2196419850.5	33987630160	64933236099.82	174628803821.3	171767094067.81	0	0
transcript/143425.p1	9	17	29318545.32	15633641.71	22438139.836	59181646.6	2645305328	2803681538.45	0	0	0	0	2145996528	2753932060.7
transcript/143426.p1	14	68	191440434.153	203049444.03	4351297190.31	3388561178.1	51594093524	59282779792.4	0	157418204.88	4078713308.2	3134830052.6	51594093524	59261961328.3
transcript/143428.p1	4	5	0	0	221638792.24	518318925.3	0	24131171.87	0	0	196399628.08	337590445.9	0	0
transcript/143440.p1	8	25	45032161.539	80347525.092	18036301140.8	16358163591.8	278690658	306266147.487	0	30956268.06	18036301140.8	16358163591.8	196706384	146330912.9
transcript/143441.p1	3	5	0	0	244826285.4	337738565.96	45828079	101847527.27	0	0	73430111.26	245810904.57	0	61471334.12
transcript/143447.p1	2	6	26941489.43	13417838.59	2206288005.2	1632493930	153932272	290063339	0	0	2206288005.2	1632493930	153932272	0
transcript/143448.p1	3	4	0	3452994.895	98510770.89	209745304.51	41939144	14750361.49	0	0	84462524.56	144251953.19	0	0
transcript/143452.p1	4	10	1066573988.3	1335575982.8	1008541009.89	1162624764.8	0	19163103.05	1066573988.3	1235576487.5	568500737.49	253543703.5	0	0
transcript/143456.p1	1	8	607564746.3	1066824321	1258399129	823632357	0	68220689.29	607564746.3	1066824321	1258399129	823632357	0	0
transcript/143465.p1	1	1	379810559.8	362991945.3	250809187.8	230316632.8	0	0	0	0	0	230316632.8	0	0
transcript/143470.p1	5	13	153723198.7	242052609.7	1753233325.71	2406230581.2	1814386450	39534768.86	0	0	1753233325.71	2406230581.2	1792203770	0
transcript/143474.p1	7	36	1206221487.7	2109379562.82	49723030813.5	53515892124.2	6201420688	8419420234.5	356429377.5	544076177.92	49583414534	53380719348	6201420688	8419420234.5
transcript/143483.p1	11	33	34073440.986	104951254.866	16386228177.94	12141330739.8	3604235672.5	2099888026.22	0	27336196.81	12706767107.3	8779148512.1	2739854912.5	1341442231.6
transcript/143490.p1	1	4	15641562.07	56789654.14	129047115.1	151121050.8	33412778	6492586.781	15641562.07	56789654.14	129047115.1	151121050.8	0	0
transcript/143502.p1	3	6	25965210.08	108411902.72	99323962.07	61763430.21	0	0	0	108411902.72	71907218.11	32871994.46	0	0
transcript/143506.p1	1	1	0	0	0	0	65393648	101429808.1	0	0	0	0	65393648	0
transcript/143513.p1	5	20	1664408547.9	2030242493.6	1485113907.98	1633891983.49	2847813142	1257165679.45	1664408547.9	1762222453.4	814024653.38	774858534.69	0	0
transcript/143515.p1	1	3	25272139.18	110035886.8	191433963	247717264.9	39379668	65865285.57	0	110035886.8	191433963	247717264.9	0	0
transcript/143520.p1	3	9	0	0	1001498494	1285465128.1	776850432	510419501.31	0	0	1001498494	1285465128.1	459178820	0
transcript/143522.p1	1	1	0	0	0	0	0	0	0	0	0	0	0	0
transcript/143526.p1	4	9	170388491.8	0	173782799.59	275909970.41	926030268	945941659.72	0	0	0	245844564.34	880271960	814263735.62
transcript/143533.p1	9	24	2997713072.31	2550917627.52	1492663491.93	1753763711.97	134969752	293466915.35	1840482777.6	2258547235.6	939939396.2	1026879781.3	0	0
transcript/143539.p1	1	1	171541535.7	69924587.31	44486982.7	80096456.77	0	27198456.23	0	0	0	80096456.77	0	0
transcript/143545.p1	3	27	7460095554	10831944767.9	10146741257	3685385939.4	504798472	381110806.1	7460095554	10831944767.9	10146741257	3685385939.4	480073808	363300529.31
transcript/143550.p1	5	20	4150635111.5	4532442619.6	1991371089.3	1983260712.4	5903791.5	282730998.55	4150635111.5	4532442619.6	1991371089.3	1492659026.8	0	0
transcript/143564.p1	2	7	401454265.6	441914461.2	37478437.89	40067311.37	0	0	401454265.6	441914461.2	37478437.89	40067311.37	0	0
transcript/143566.p1	3	7	0	0	684353557.2	925550479.6	0	0	0	0	684353557.2	809847162.3	0	0
transcript/143569.p1	1	1	24723156.38	68035741.47	51471085.22	35394560.62	0	0	0	68035741.47	0	0	0	0
transcript/143580.p1	2	3	10103902.86	0	87595773.34	126436768.3	661055184	182297278.35	0	0	0	0	661055184	154253371.7
transcript/143582.p1	1	1	0	0	0	0	73735880	6350098.968	0	0	0	0	73735880	0
transcript/143589.p1	9	22	1264076.352	119713668.8056	4698432743.762	5335724740.1	428414213.75	94753066.277	0	49167511.12	4670943376	5335724740.1	418280640	57848488.19
transcript/143610.p1	1	1	25701924.14	71539962.54	12953500.8	32133110.97	0	0	0	71539962.54	0	0	0	0
transcript/143617.p1	1	1	20152281.14	31674137.56	520788127.9	872502525.5	0	0	0	0	0	872502525.5	0	0
transcript/143622.p1	1	1	0	0	78820846.35	0	0	0	0	0	78820846.35	0	0	0
transcript/143629.p1	2	3	9648715.822	0	266188686.9	230322681.77	38685130	25332459.9	0	0	156844444.4	230322681.77	0	0
transcript/143630.p1	8	21	4668322761.15	4241605287.79	482271264.01	1259041343.93	1558641792	2226980488.85	4639190940.2	3751096865.09	361158667.29	585548447.1	0	0
transcript/143640.p1	2	2	0	0	157925334.48	185411152.65	0	0	0	0	157925334.48	0	0	0
transcript/143642.p1	3	4	0	0	304140909.57	426326070.31	15035201	62092234.31	0	0	304140909.57	244223870.2	0	0
transcript/143647.p1	1	1	0	0	27356368.35	25783562.48	0	0	0	0	27356368.35	0	0	0
transcript/143649.p1	4	12	0	0	1927010615.3	1722430221.2	91291960	70772620.11	0	0	1927010615.3	1722430221.2	0	50313538.93
transcript/143654.p1	3	9	2273691612.5	2123822892.8	659646300.48	577221323.9	0	0	2273691612.5	2123822892.8	645786091.7	577221323.9	0	0
transcript/143657.p1	7	23	38104736.915	29108318.73	9814936265.9	9823437537.3	1974698872	1708841281.19	0	0	9814936265.9	9823437537.3	1682570752	1354744188.2
transcript/143685.p1	22	65	20965945.6464	30696840.259	2708508066.9474	2968263619.574	42405252518	42672109221.21	0	0	1262125487.78	1281888584.8	38755758978	40919373265.71
transcript/14369.p1	1	1	0	0	112471573.8	165417934.8	0	0	0	0	112471573.8	0	0	0
transcript/143712.p1	1	1	18811480.06	55425054.51	55179033.49	45200596.06	0	0	0	55425054.51	0	0	0	0
transcript/143718.p1	7	27	5619630350.1	7866691644	8017838151.38	7958320223.8	189309232	194947333.8	5485473835.1	5617043068	4525435043.9	7958320223.8	189309232	0
transcript/143721.p1	1	2	0	0	38257267.44	60284924.74	0	0	0	0	38257267.44	60284924.74	0	0
transcript/143722.p1	3	6	24993272.6	28505093.45	321883975.7	485009661.5	124502020	148880993.845	0	0	0	485009661.5	80429000	142955355.84
transcript/143737.p1	15	39	757069036.4	405650511.457	1056976716.31	965915435.06	8099375296	7579950852.54	0	0	509076220.56	698937986.82	7318484472	7287577544.51
transcript/143755.p1	8	40	6750135064.5	7616887830.3	5235244912.1	6726871149.6	123077128	219573541.43	6750135064.5	7616887830.3	4540916208.6	5610180612.7	0	51704403.43
transcript/143764.p1	1	2	0	0	191652661.7	200028491.5	0	0	0	0	191652661.7	200028491.5	0	0
transcript/143784.p1	5	13	76157075.68	114162479.96	5923322360	8258989898.4	640144835.5	1665533487.7	0	0	3742992730	6481304179.3	640144835.5	867977867.9
transcript/143794.p1	6	13	168864524.78	43265670.03	3395360399.1	3648014280.9	246965770	393534016.385	0	0	2215716014.1	3448353695.3	0	0
transcript/143795.p1	1	1	0	0	50331402.89	62321526.31	113342552	175200145.5	0	0	50331402.89	0	0	0
transcript/143797.p1	4	7	19000381.93	10015680.73	2797355591.2	3644391158.3	65967489	104760286.52	0	0	2797355591.2	2703842169.4	0	0
transcript/143799.p1	5	16	5935481009.3	6603481101.6	3562451953.2	3471139162.8	20064754	8518045.028	5411959306.2	6090304003.1	3114953005	1642586904.8	0	0
transcript/143801.p1	1	2	0	0	839756178.1	944146467.4	0	43470365.54	0	0	0	944146467.4	0	43470365.54
transcript/143802.p1	1	1	0	0	27757061.9	46802799.89	0	0	0	0	0	46802799.89	0	0
transcript/143807.p1	11	44	9790865746.6	9376659396.2	7240152393.6	7247760030.86	116254121	31819802.53	8778245065.6	5685036001.7	6323066102.7	3684339872.56	0	0
transcript/143810.p1	4	6	127223625.4	46924249.71	1185598523.6	2131131710.8	82269585	40889647.75	0	0	565917325.6	2131131710.8	0	0
transcript/143812.p1	1	3	44331821.22	78719303.62	0	0	0	0	44331821.22	78719303.62	0	0	0	0
transcript/143835.p1	1	4	21782372.91	30554377.3	21055777.66	23369950.89	0	0	21782372.91	30554377.3	21055777.66	23369950.89	0	0
transcript/143836.p1	4	21	101399240.75	23821351.46	3005370382.8	3279204706.3	1435140090	1935433166.8	0	0	3005370382.8	3279204706.3	1417657306	1935433166.8
transcript/143839.p1	1	4	64889679.49	103903782.6	160816779.5	179002572.5	73632168	29346771.49	64889679.49	103903782.6	160816779.5	179002572.5	0	0
transcript/143843.p1	1	1	0	0	86208539.58	227316451.1	11268337	5241896.512	0	0	0	227316451.1	0	0
transcript/143857.p1	1	2	0	0	54259764.76	64718479.69	0	24986187	0	0	54259764.76	0	0	0
transcript/143865.p1	1	1	0	0	304473898.7	372960032.1	104991520	111415610.4	0	0	304473898.7	0	0	0
transcript/143866.p1	1	2	0	0	317383503.8	492859376	0	0	0	0	317383503.8	492859376	0	0
transcript/143870.p1	1	4	0	0	424053149.1	490610272.3	63559220	76332665.2	0	0	424053149.1	490610272.3	63559220	0
transcript/143873.p1	2	9	973061480.14	1583236105.3	376852286.8	472951737.7	0	0	973061480.14	1583236105.3	376852286.8	472951737.7	0	0
transcript/143876.p1	3	4	0	0	0	0	708649440	330279406.05	0	0	0	0	311486112	259927400.71
transcript/143879.p1	3	11	562418601	207866259.4	3564933851.82	4253535805.5	846946690	1137250295.48	0	0	3206145658	4253535805.5	0	1112801061
transcript/143883.p1	2	8	2322427479	1983932682.6	852104429.7	563962466.9	0	0	2281883455	1983932682.6	852104429.7	0	0	0
transcript/143886.p1	2	6	0	0	30679397.22	20983369.21	942526424	263275200.8	0	0	0	0	942526424	263275200.8
transcript/143888.p1	9	16	175768898.726	204240386.0717	3451073455.22	3106868790.5	272479248	190613546.04	0	0	3415177560.2	2238323834.3	0	44852027.46
transcript/143889.p1	4	16	3265412037.2	3798076579.1	2365141824	2410064680.5	281945346	134557162.75	1973584372.2	3798076579.1	576167649.3	2258224760.5	200498328	0
transcript/143893.p1	1	1	12924550.66	0	44237172.97	0	35715148	0	0	0	44237172.97	0	0	0
transcript/143913.p1	15	85	42897873849.49	63602779183.1231	25418441788.037	22715184296.479	981682650	889020023.32	42897873849.49	63597509547.59	19926469906.7	17394254133.4	66096512	431473061.8
transcript/143929.p1	1	2	0	0	71689122.23	72199610.94	41009888	0	0	0	71689122.23	72199610.94	0	0
transcript/143934.p1	5	12	505455874.78	608882890.29	1261197206.9	1167912277.28	23123848	137780586.66	505455874.78	462971517.29	223445970.3	924046110.69	0	0
transcript/143940.p1	1	1	0	0	51082249.88	45554955.33	14984283	16400167.21	0	0	51082249.88	0	0	0
transcript/143941.p1	9	106	190532703747.5	136817053391.019	68963632122.1722	58668360060.12	1590076280	1691300045.88	190532703747.5	136816523903	68940076561.56	58668360060.12	1225991544	954418397.4
transcript/143945.p1	1	1	0	0	0	0	167929792	157727028.8	0	0	0	0	0	157727028.8
transcript/143963.p1	1	5	305826354.3	195739906	0	0	105860428	27086874.96	305826354.3	195739906	0	0	0	0
transcript/143975.p1	7	34	12457336741	13922579462.06	16686514668.4	13751270573.95	315921320	493051185.65	12457336741	13922579462.06	16499885199	13648130228	196023936	294233141.91
transcript/143976.p1	1	1	508920086.6	953397886.4	56281436.87	781773907.6	13141241	7697470.332	0	0	56281436.87	0	0	0
transcript/143977.p1	1	1	0	0	0	0	90631432	77297670.02	0	0	0	0	0	77297670.02
transcript/143988.p1	5	31	41126212584.5	35088339281.2	11812499759.2	11599187012.3	182421574	273070291.68	27587341874.5	35088339281.2	11812499759.2	11599187012.3	97916022	139317782.5
transcript/143991.p1	5	17	1266447289.01	2633000203.5	6068992565.3	5220687906.1	152979016	0	979403349.2	1232044167.5	3851157712.8	5220687906.1	84743752	0
transcript/143993.p1	1	7	0	0	4848960041	5655750958	860635680	1038302984	0	0	4848960041	5655750958	860635680	1038302984
transcript/144002.p1	2	2	0	0	350264558	411051942	10825248	0	0	0	0	411051942	0	0
transcript/144012.p1	1	2	0	0	69164838	52019330.97	0	0	0	0	69164838	52019330.97	0	0
transcript/144015.p1	2	6	0	0	144681640.9	29503876.25	484437514	279382124.54	0	0	144681640.9	0	484437514	188861519.9
transcript/144034.p1	2	4	0	0	170576576.32	60852254.24	0	0	0	0	170576576.32	0	0	0
transcript/144035.p1	3	3	10205568.7	0	248830516.84	485909106.4	14000763	35757615.4	0	0	158585229.66	155456109.9	0	0
transcript/144036.p1	4	6	177051119.72	511594095.34	79181399.86	0	178339296	33615718.2	74375310.42	511594095.34	0	0	0	0
transcript/144038.p1	3	4	9477091.563	21379745.67	82352906.05	205496361.09	0	0	0	0	29058225.52	188880638.34	0	0
transcript/144042.p1	2	4	0	0	319528669.3	500600246.6	18719958	30395405.97	0	0	319528669.3	500600246.6	0	0
transcript/144044.p1	4	12	782189699.95	862966176.14	1376083558.7	1349868476.4	83426772	88092982.06	708608885	862966176.14	1376083558.7	1349868476.4	0	0
transcript/144045.p1	2	6	0	0	0	0	717438760	291288815.73	0	0	0	0	717438760	291288815.73
transcript/144047.p1	1	2	0	0	1128686783	1737358688	0	0	0	0	1128686783	1737358688	0	0
transcript/144050.p1	2	4	0	0	39498348.35	63509252.65	565024416	643650132.3	0	0	0	0	565024416	643650132.3
transcript/144053.p1	3	5	10011474.96	0	312157743.6	680687571.7	214933104	26808764.75	0	0	127347667	424131438	214933104	0
transcript/144056.p1	2	5	0	25280574.73	747130047	915532925	0	29919312.5	0	0	747130047	915532925	0	0
transcript/144071.p1	12	117	113107848244.4	244503655324	114417250652.04	103264274594	5170588298	6862681280.4	113107848244.4	244503655324	114329087680	103089611455	4878856166	6489144554.3
transcript/144083.p1	1	2	11903946.14	0	236325376.9	315487620.1	0	0	0	0	236325376.9	315487620.1	0	0
transcript/144102.p1	1	2	0	0	176014773.9	224519583	0	0	0	0	176014773.9	224519583	0	0
transcript/144105.p1	3	5	0	0	312264291.16	294365186.631	43086724	52664291.14	0	0	222898773.66	82067860.1	43086724	20297899.1
transcript/144151.p1	2	19	43685901153	34594578742	7440707771.8	6885644639	41752068	145129879.06	43685901153	34594578742	7367408659	6885644639	0	0
transcript/144172.p1	1	4	194249316.2	277886303.7	0	207221341.4	0	0	194249316.2	277886303.7	0	0	0	0
transcript/144173.p1	3	3	0	0	374505147.6	710118074.6	15402369	0	0	0	114737796.2	484341564.2	0	0
transcript/144175.p1	1	2	14854453.12	25472617.6	0	0	0	0	14854453.12	25472617.6	0	0	0	0
transcript/144199.p1	12	50	1856165178	3875261539.918	9809887384.2	8389794006.1	2384814308	2316399707.8	990678510.6	3132506463.02	7492131798.5	5886507596.2	1430015780	2121145356.6
transcript/144202.p1	3	5	0	4190220.937	351472995.48	309309047.05	0	0	0	0	351472995.48	128664124.45	0	0
transcript/144212.p1	1	4	0	0	685336589	894356900.9	0	153497336	0	0	685336589	894356900.9	0	153497336
transcript/144225.p1	1	1	0	0	24919436.23	54338390.79	15750675	0	0	0	0	54338390.79	0	0
transcript/144239.p1	6	9	44368329.83	58539873.12	1486574131.03	1444074145.872	40897112	59699484.298	0	14506154.61	810421459.23	1317215023.7	25228802	0
transcript/144260.p1	3	11	0	6782501.342	3675248603.8	4256589138.9	123713012	55344779.99	0	0	3675248603.8	4256589138.9	88591512	0
transcript/144267.p1	2	3	0	0	260927787.2	361711843.9	0	0	0	0	136284571.9	361711843.9	0	0
transcript/144272.p1	3	7	267391395.93	228188683.55	927323493.4	1140728639.1	235001666	146806562.11	0	21715660.53	218957579.4	834582376.5	200277262	0
transcript/144274.p1	6	8	0	0	840790751.74	985902253.5	281086939	333027097.419	0	0	840790751.74	320535781.6	40241360	36500547.14
transcript/144285.p1	2	5	69208385.41	82092105.2	2472921467	3123002079	155306260	323518629.85	0	0	921207572	3123002079	0	232209260.5
transcript/144298.p1	1	1	17854483.19	0	93473834.57	69654410.5	0	11407027.9	0	0	0	69654410.5	0	0
transcript/144310.p1	1	1	0	0	20672048.97	0	84995832	156474942.4	0	0	0	0	84995832	0
transcript/144314.p1	11	28	162628299.96	47550364.56	2199609257.1	2240683522.56	3979439688	2775684813.34	0	0	1907700232.9	1824580589.8	3846142872	2561453791.97
transcript/144315.p1	1	2	0	0	134365304.4	49915193.43	47556496	11113207.27	0	0	134365304.4	49915193.43	0	0
transcript/144319.p1	1	3	0	0	410791499.5	0	25103556	21413147.29	0	0	410791499.5	0	0	0
transcript/144328.p1	3	7	615943548.2	773072978.12	189509839.4	193477668.65	0	0	511623853.3	773072978.12	189509839.4	154639488.1	0	0
transcript/144342.p1	4	10	0	0	0	0	1688391664	2107374388.1	0	0	0	0	1688391664	1398147214.2
transcript/144343.p1	4	13	13762766.61	85141090.17	300927627.01	226123100.1127	10171302768	10086415004	0	0	0	226123100.1127	10171302768	10086415004
transcript/144351.p1	5	11	112486047.31	166080121.36	82949489.19	55177407.02	1988102360	1449075308.2	0	0	36269881.61	33982577.48	613392376	1449075308.2
transcript/144352.p1	2	3	0	0	561601440.1	1033025734.1	0	0	0	0	364346323.3	1033025734.1	0	0
transcript/144360.p1	1	1	0	0	60954083.07	91378841.02	0	22912457.06	0	0	0	91378841.02	0	0
transcript/144362.p1	3	4	0	241733528.9	432544222.06	1482443191.7	16099506.5	13558767.51	0	0	94035769.56	1241231469.4	0	0
transcript/144364.p1	1	2	0	0	143217361.7	178271897	0	0	0	0	143217361.7	178271897	0	0
transcript/144395.p1	6	18	12996404.92	275621092.5	625085109.36	670567522.564	2868937766	2226143694.57	0	0	0	0	2868937766	2226143694.57
transcript/144404.p1	10	20	0	110676853.2	78563559.18	103607058.81	3324965224	3275945204.71	0	0	0	0	2986440968	3143647883.71
transcript/144434.p1	1	8	502860411.4	896234168.7	1250375716	1375585084	0	11903716.86	502860411.4	896234168.7	1250375716	1375585084	0	0
transcript/144441.p1	2	3	0	0	0	0	320000368	115710396.8	0	0	0	0	320000368	45751546.08
transcript/144450.p1	4	16	1064956288.07	1743136697.11	2927417583.8	3660458009.1	103726982	155359987.92	1031117421.3	1641065364.3	2927417583.8	621881378.1	41787980	140767518.83
transcript/144452.p1	11	42	35521822.06	48906188.32	12606937962.06	14573350766.71	622241334	641187098.9	0	0	12606937962.06	14573350766.71	333350696	201879018.1
transcript/144458.p1	3	3	114028324.6	0	185432586.7	582264932.2	231249280	305357221.7	0	0	0	582264932.2	0	102316609.3
transcript/144475.p1	3	5	0	0	251762742.9	1312273316.8	0	0	0	0	251762742.9	1166453139.4	0	0
transcript/144476.p1	3	6	0	0	527462482.35	958962839.4	38380468	0	0	0	482947215.7	958962839.4	38380468	0
transcript/144485.p1	4	6	0	0	3418481610.2	2187143637.2	0	61866080.703	0	0	3418481610.2	1690663113.5	0	0
transcript/144504.p1	2	3	0	15078919.53	260623858.83	334195838.67	71814584	89002869.54	0	0	187308538.9	334195838.67	0	0
transcript/144507.p1	1	1	0	0	59487885.17	72628627.63	0	0	0	0	59487885.17	0	0	0
transcript/144528.p1	1	1	28930076.21	55737413.5	89833478.29	100042176.4	0	0	0	55737413.5	0	0	0	0
transcript/144536.p1	3	7	33368799.68	47826596.77	1135993559.49	1853863556	46859528	32429032.87	0	0	545157678.39	1853863556	0	0
transcript/144539.p1	7	12	88126684.81	34557410.91	29003215.51	41057526.25	2394537232	2084421118.67	0	0	0	0	1972058160	1561756024.97
transcript/144545.p1	8	33	10836851046.2	14589068050.18	14048645632	12096972343.9	226451864	389590763.41	10269159554.9	14589068050.18	11062489631	9527754995.4	0	59478160.22
transcript/144556.p1	1	2	0	12154869.9	48540540.21	70797475.04	0	0	0	0	48540540.21	70797475.04	0	0
transcript/144572.p1	3	8	14208037.32	79723764.37	1174488305.11	1275097004.38	111720284	41390559.123	0	0	1174488305.11	1275097004.38	0	0
transcript/144574.p1	1	2	0	0	31000810.38	22713786.98	179694080	173838626.3	0	0	0	0	179694080	173838626.3
transcript/144579.p1	3	19	920798928.15	1549421230.75	304308830.46	977576616.8	0	0	920798928.15	1549421230.75	304308830.46	977576616.8	0	0
transcript/144592.p2	8	23	311607689.87	240260828.86	2341632928.3	2790876299.31	866325264	1554970320.96	53685510.37	40445490.73	1907499796	2274070607.11	657547088	1051625335.66
transcript/144595.p1	1	2	0	0	0	176684128.9	0	0	0	0	0	176684128.9	0	0
transcript/144604.p1	4	12	0	0	1020367384.8	1352496862.08	120298484	134060424.32	0	0	1020367384.8	724342248.6	74737616	64262040.52
transcript/144607.p1	1	1	0	0	0	0	119145008	155002493.3	0	0	0	0	119145008	0
transcript/144609.p1	5	24	2573556379	3292570915.94	3268759049.5	3950105873.1	878457216	904506457.9	1334028167	3172819113.6	3268759049.5	2660972044.1	878457216	742446243.9
transcript/144618.p1	4	19	1149167753.39	1605927404.94	1465251551	1548358569.6	69683849	655508495.21	1074350216.91	1605927404.94	1465251551	1402165124	0	13955966.51
transcript/144621.p1	1	1	0	0	44714646.64	0	0	0	0	0	44714646.64	0	0	0
transcript/144625.p1	2	3	0	0	0	209875837.4	22991288	0	0	0	0	209875837.4	22991288	0
transcript/144627.p1	4	8	22743847.92	0	1504804385.3	1990417607.1	0	112378956.73	0	0	1504804385.3	620967497.6	0	0
transcript/144628.p1	1	1	0	0	0	0	35218080	0	0	0	0	0	35218080	0
transcript/144633.p1	1	1	0	0	118236915.3	219473923.8	0	14268548.36	0	0	118236915.3	0	0	0
transcript/144635.p1	1	1	7845394.69	0	41690997.64	75346510.96	0	0	0	0	0	75346510.96	0	0
transcript/144641.p1	6	9	0	0	1117295147	1295370516.7	352457842	394286609.457	0	0	681325115.7	1062699033.5	0	0
transcript/144653.p1	2	7	1558080198.6	1406742531.4	676009380	616093787.5	9324499	9392973.978	1558080198.6	1406742531.4	676009380	499788102.7	0	0
transcript/144658.p1	18	74	171565150.5	118483597.71	2254499381.92	2149182791.67	53921317616	55996824121.2	0	0	1533201554.66	1268887109.1	53410112112	48996009290.6
transcript/144659.p1	4	9	21010520.54	0	335618849.78	425579576.25	82862559	89503192.82	0	0	335618849.78	283342789.78	70829331	0
transcript/144663.p1	2	3	0	0	689007602.12	818750321.4	0	0	0	0	689007602.12	818750321.4	0	0
transcript/144671.p1	1	1	0	0	137476479.6	50713371.98	0	0	0	0	137476479.6	0	0	0
transcript/144674.p1	3	5	27595572.4	26748562.86	1362617498.63	1256456139.87	395623246	72753794.75	0	0	1352611929	0	395623246	0
transcript/144676.p1	4	16	263235126.8	392008610.3	4039432713	7672909304.4	872513216	604650354.64	0	0	4039432713	5107871218.4	243716152	570749152.6
transcript/144679.p1	1	1	0	14762647.11	74967547.53	19760633.09	106318144	40200988.1	0	0	74967547.53	0	0	0
transcript/144683.p1	1	1	0	0	121635404.1	183719460.6	18442904	29115203.69	0	0	0	183719460.6	0	0
transcript/144687.p1	6	12	25424380.01	113812172.39	637317389.54	302103755.84	718599998	564745364.58	0	0	163472045.24	209311071.37	659965542	521427340.67
transcript/144695.p1	7	15	360065273.597	310170289.26	5500513429.9	7636869089	343352792	334497321.65	0	204142860.2	4536728150.2	7636869089	75291016	0
transcript/144698.p1	2	3	0	0	49442576.66	174846645.1	0	0	0	0	0	174846645.1	0	0
transcript/144721.p1	3	6	642839910	479572286.1	319339328.5	525654429.5	29456396	3343208.43	250076079.2	479572286.1	0	525654429.5	0	0
transcript/144727.p1	5	15	360218810.16	423507601.52	262354528.44	324623742.62	30716044	43503755.32	245301276.66	423507601.52	141964416.24	148689988.42	0	0
transcript/144744.p1	3	3	64227180.32	0	124983654.22	117763211.71	200782130	208429143.88	0	0	0	0	122939880	50689126.78
transcript/144773.p1	1	2	0	0	19141599.85	24973744.58	385342592	446836476.6	0	0	0	0	385342592	446836476.6
transcript/144781.p1	3	27	126569063.2	30981597.09	152913706.402	180679577.629	1495967301	2918310016.3	116015827.4	0	151370900.3	179116082.6	1495967301	2918310016.3
transcript/144796.p1	6	18	2382775279.9	3844982109.1	6463072452.5	8090306615.9	454179282	232493919.6	2345091454.94	3829120651.1	2583341590.5	7471455012.8	315407936	0
transcript/144801.p1	5	8	0	0	757698438.85	633384766.65	20210320	98662363.78	0	0	408852934.55	357243462.65	0	53799250.01
transcript/144818.p1	12	55	13792780486.16	13280872398.93	15200055231.55	18979612111.3	1087717714	749447373.65	13733762714.7	13125209195.62	15168833595.8	18979612111.3	256583004	380585662.6
transcript/144827.p1	15	27	41457047	88845698.61	5638396805.69	8100955739.8	610885423	501669536.24	15867373.32	0	2850772693.39	7067015527.8	169375432	102325264.1
transcript/144854.p1	6	17	0	0	94931296.41	142058539.08	5064713606	4016153093.33	0	0	94931296.41	0	5064713606	4016153093.33
transcript/144857.p1	6	15	19427326.16	8050589.901	5241549291.3	6737814266.7	335350872	185363152.224	0	0	4917418764.2	5883387187.5	71726252	45861703.14
transcript/144859.p1	2	4	73564632.65	134249349.1	323753543.6	428328828.7	0	24818541.21	0	0	323753543.6	428328828.7	0	0
transcript/144861.p1	4	7	37974453.24	54714371.28	627766284	694441851.2	628341612	434999808.62	0	0	0	0	314876328	434999808.62
transcript/144869.p1	1	1	0	0	18222252.59	45314553.02	0	0	0	0	0	45314553.02	0	0
transcript/144873.p1	2	3	567152316.81	523761943.63	0	10725897.99	32996572	0	522689583.5	26120524.33	0	0	0	0
transcript/144881.p1	10	17	52826844.96	209610008.87	1885767175.78	2266288034.72	4781145946	3223966549.62	0	0	46334842.02	79725164.11	2580166184	2021321386.33
transcript/144888.p1	1	4	25988452.84	0	1161950373	1217312425	18545860	21200876.29	0	0	1161950373	1217312425	0	0
transcript/144894.p1	1	1	0	0	0	0	58642884	0	0	0	0	0	58642884	0
transcript/144905.p1	1	2	0	0	207458801.4	216374738.3	0	0	0	0	207458801.4	216374738.3	0	0
transcript/144911.p1	8	18	1370351618.67	1180208673.39	946839576.51	689313493.7	0	29390827.62	691018109.7	890709498.79	689988299.2	0	0	0
transcript/144936.p2	5	20	0	0	72379491.74	91470629.36	9153087880	11126228263.3	0	0	72379491.74	91470629.36	9153087880	11126228263.3
transcript/144947.p1	1	1	13001953.14	14263205.88	318095327.1	444717465.4	148938352	51584027.37	0	0	318095327.1	0	0	0
transcript/144952.p1	2	4	381121837.03	272338424.73	856460476.6	267751734.3	31364126	12864681.86	288174098.4	77616287.43	479100326.7	267751734.3	0	0
transcript/144953.p1	1	1	0	0	0	0	70204744	25902277.26	0	0	0	0	0	25902277.26
transcript/144955.p1	1	1	0	0	0	91931631.33	0	0	0	0	0	91931631.33	0	0
transcript/144958.p1	1	1	0	0	50064205.94	0	0	0	0	0	50064205.94	0	0	0
transcript/144966.p1	2	8	0	82067595.75	2796973615.7	3048686428.1	40373469	86693880.42	0	0	2457708870	3048686428.1	0	0
transcript/144986.p1	2	6	0	62349974.54	2912851250.9	3242453629	20075208	0	0	0	954174271.9	3242453629	0	0
transcript/144988.p1	3	4	0	0	87189788.49	86016656.96	0	23494836.663	0	0	64260355.09	86016656.96	0	0
transcript/144991.p1	1	1	8398838.985	0	635674946.5	1037842416	0	0	0	0	0	1037842416	0	0
transcript/144996.p1	2	3	0	0	158566598.7	113517866.6	0	0	0	0	158566598.7	113517866.6	0	0
transcript/145006.p1	12	26	122399518.9	154233074.745	13570627517.778	15217920941.707	1892687010	1959723691.05	0	0	11890702901.7	14686362600.5	596918186	1348655277.05
transcript/145009.p1	4	72	140389348277	114364538028	141438115439.58	133751180852	5059790925.5	6801941769.1	140389348277	114364538028	141386297790	133751180852	5059790925.5	6801941769.1
transcript/145013.p1	7	57	106587072145.94	103041418877.27	96654090803.845	100685134059	5366740896	6454931265	106558115429	103015079039	96461954031	100685134059	5110117120	6454931265
transcript/145015.p1	3	6	0	0	0	0	125702966.5	103577885.98	0	0	0	0	125702966.5	83685951.77
transcript/145024.p1	2	5	0	0	544432950.4	586090597.5	208417284	238754250.84	0	0	544432950.4	586090597.5	156074592	238754250.84
transcript/145043.p1	2	9	0	30211448.72	0	13097557.13	1216769920	1514383697.9	0	0	0	0	1216769920	1514383697.9
transcript/145072.p1	1	1	0	0	39864443.62	72111599.68	0	0	0	0	39864443.62	0	0	0
transcript/145083.p1	7	12	261798045.59	184724608.54	124483357.66	181721254.3	1672496878	1209792332.23	0	0	0	0	1672496878	787759830.67
transcript/145095.p1	1	1	0	0	213009315.6	0	0	47605135.36	0	0	213009315.6	0	0	0
transcript/145102.p1	12	36	2047859330.13	3584237436.5	7376248399.37	5671488570.77	368935296	315889772.52	1310679191.94	3108732304.1	4896695693.37	5118713805.8	116394888	61595518.73
transcript/145103.p1	3	7	21073134.339	15332224.55	1986016009.3	2407955937.9	273610592	299488057.9	0	15332224.55	1986016009.3	1897694123.5	0	107086503.1
transcript/145109.p1	3	3	0	0	1643466615.3	1143927402.62	124800944	349953649.4	0	0	1510630945	0	0	349953649.4
transcript/145111.p1	2	4	0	0	569317733.2	618618686.7	18245370	29691521.28	0	0	569317733.2	618618686.7	18245370	29691521.28
transcript/145146.p1	1	19	113017000000	108356000000	45582161030	29744939338	447833598	758600671.2	113017000000	108356000000	45582161030	29744939338	447833598	0
transcript/145155.p1	3	4	21314303.63	21625483.096	559749013.29	739266768.5	126380040	25486139.01	0	0	49933699.89	739266768.5	0	0
transcript/145169.p1	1	17	96197977875	99537276027	44445246700	30362459221	796861056	1203178469	96197977875	99537276027	44445246700	30362459221	0	0
transcript/145171.p1	6	8	0	0	1437838956.59	790270085.83	146592886	204458634.27	0	0	1129497351.79	413309067.9	82791720	83992235.76
transcript/145177.p1	5	8	0	0	730294217.35	655105321.23	71030280	14470445.15	0	0	378066142.75	597369994.91	0	0
transcript/145181.p1	1	4	0	0	113004388.6	47407618.02	262120224	115682223	0	0	113004388.6	47407618.02	262120224	115682223
transcript/145189.p1	3	40	712695013	313918129.001	6947772870	7708173999.09	37024807112	58275435139	0	0	6947772870	7694847298	37024807112	58275435139
transcript/145199.p1	2	3	157481302.5	153085119.2	276056852.5	277398212.63	33369544	51198079	0	0	276056852.5	87718031.63	0	0
transcript/145201.p1	2	3	0	0	90861268.58	368380932.33	0	0	0	0	90861268.58	368380932.33	0	0
transcript/145205.p1	2	2	17467563.66	0	128420945.9	48058777.17	116794848	125201913.5	0	0	128420945.9	0	116794848	0
transcript/145211.p1	1	3	23688363.73	33303968.83	204642326.1	2315025943	1527386656	1636860711	0	0	0	2315025943	1527386656	1636860711
transcript/145212.p1	1	1	0	0	16296647.43	183364762.7	0	0	0	0	0	183364762.7	0	0
transcript/145213.p1	8	23	28007820.31	18854615.93	4469452161.6	5403528311.81	416736130	316501118.71	0	0	3297485016.5	4555543369.11	319433792	255968240.7
transcript/145232.p1	1	2	0	0	256031586.1	526495548.2	0	0	0	0	256031586.1	526495548.2	0	0
transcript/145239.p1	2	4	18037114.04	0	1119509453.9	1123423323.1	34904017	0	0	0	1119509453.9	1123423323.1	0	0
transcript/145240.p1	1	2	0	0	0	0	102046752	46172761.87	0	0	0	0	102046752	46172761.87
transcript/145250.p1	2	3	0	0	134156929.4	253390569.3	155469968	313523183.57	0	0	134156929.4	253390569.3	0	272828807.6
transcript/145259.p1	1	1	0	0	13892671.87	0	0	0	0	0	13892671.87	0	0	0
transcript/145265.p1	5	9	133246179.3	7196493.56	1538172920.55	1578635351.7	51970552	33434411.57	0	0	1130424218.95	644778511.3	0	0
transcript/145268.p1	16	40	428388895.49	731413396.26	21642914283.7	25626418487.36	3086791012	2041624834.66	0	0	21198409096	21195817109.6	2557112940	1222905301.13
transcript/145276.p1	1	4	114180738.1	226806253.2	541063310.1	689708869.4	17084064	0	0	226806253.2	541063310.1	0	0	0
transcript/145281.p1	2	2	0	25440871.41	219805648	270390266	0	0	0	0	101089183.3	114321967.2	0	0
transcript/145282.p1	5	13	1729231541.8	1827803813.5	709751118.78	761399126.6	71549910	114001024.991	1610293771.5	1827803813.5	456006478.78	346494395.3	0	0
transcript/145285.p1	1	1	0	0	0	0	57547596	62985334.86	0	0	0	0	0	62985334.86
transcript/145291.p1	3	9	261647773.27	316092149.06	162330911.09	211716691.41	0	26304884	261647773.27	316092149.06	88472597.04	115824080.6	0	0
transcript/145292.p1	1	2	289361982.3	346532254.8	194240726	196346515.4	0	0	289361982.3	346532254.8	0	0	0	0
transcript/145293.p1	1	1	0	0	127259907.3	140897275.9	0	41049496.91	0	0	0	140897275.9	0	0
transcript/145296.p1	4	7	69654803.914	86195129.67	778561713.3	1164946218.8	129243574	59544869.79	0	25480607.84	327438072.6	360178018	0	28209501.34
transcript/145305.p1	5	11	0	0	423543556.19	368422835.4	8690496840	10483024523.55	0	0	91199860.96	108998214.8	8690496840	10419495494
transcript/145312.p1	10	32	23948729.785	7232196.778	4179806449.7	3468863049.03	1279793148	1072467499.96	0	0	3007595138.45	2901876313.9	1027085784	551199138.07
transcript/145324.p1	1	1	0	0	36132630.38	12959466.56	89705320	76067409.38	0	0	0	0	0	76067409.38
transcript/145329.p1	1	1	0	0	0	0	17064880	74793759.07	0	0	0	0	0	74793759.07
transcript/145337.p1	2	3	0	0	0	346932443.1	0	0	0	0	0	346932443.1	0	0
transcript/145351.p1	12	41	38608925.638	54188232.594	2899525123.4	2551042403.76	42348174508	22242678767.99	0	0	1191999627.9	1746295534.4	37155575228	22242678767.99
transcript/145354.p1	2	2	23197677.18	568778195.2	572505864.58	699197871.95	1611382912	2256746960	0	0	69966611.38	650391246	0	0
transcript/145358.p1	3	6	0	0	597124401.3	573655473.2	0	0	0	0	364310674.4	573655473.2	0	0
transcript/145363.p1	3	4	83370126	153460662.24	372974401.3	334495117.49	179735696	238001911.09	0	0	0	281887055.1	0	218880928.7
transcript/145370.p1	1	1	217217951.7	113974983.8	115574598.7	198289489.5	0	0	0	0	0	198289489.5	0	0
transcript/145381.p1	4	7	230417129.08	444943680.75	979277091.1	479855920.25	0	8710947.698	100150520.3	340314231.15	122802436.5	370388528.45	0	0
transcript/145415.p1	5	11	1709272109.22	921744204.43	317599767.95	429150796.28	1577593516	998662686.4	0	0	0	0	1577593516	998662686.4
transcript/145416.p1	3	34	18943962.94	31531767.06	1178701807	1068186513	37801559164	49270792632	0	0	1178701807	1068186513	37801559164	49270792632
transcript/145439.p1	18	60	192337055.78	220292583.52	2060767715.27	1767222191.29	34823786121	41202411347.05	0	0	1373967886.96	819751460.7	34621468569	38436818840.05
transcript/145467.p1	4	14	2840883461.48	4274683782.8	3570489672.6	2448965921.5	171667934	246630218.891	1873920330.48	4274683782.8	2691161806.5	2448965921.5	0	0
transcript/145471.p1	1	1	0	0	0	510384675.5	0	3989955.495	0	0	0	510384675.5	0	0
transcript/145475.p1	8	61	34569393655.7	92812499148	106055262939	113828928524.95	2629767694	2104395153.24	26426538402.7	92796975635	106055262939	113779911878	2504880136	1973055846.9
transcript/145489.p1	4	6	0	74608962.57	656343582.52	1761303573.93	23764358	0	0	0	620826630.04	1700212638.94	0	0
transcript/145497.p1	2	3	0	0	0	33321392.35	243854344	364541603.86	0	0	0	0	243854344	346549157.7
transcript/145507.p1	2	10	920257504.4	856490336.6	2635177056	1667814217	219981688	143536353.89	764655699	680620709.8	2635177056	1667814217	118386248	26910476.99
transcript/145510.p1	8	24	3065728090.25	2965519254.12	966131128.47	1298898540.1	0	0	2036885260.55	2942153588.48	891500339.52	916499501.3	0	0
transcript/145515.p1	2	11	167311443.84	103898633.8	574437245	613385330.5	98285600	25854907.1	167311443.84	103898633.8	471380981.5	613385330.5	98285600	25854907.1
transcript/145516.p1	2	4	0	0	385385032.1	475083791.8	22597794	161982752.83	0	0	385385032.1	475083791.8	0	132284137.9
transcript/145517.p1	4	23	0	0	2091046573.8	1950735040.9	50023866.25	215892750.28	0	0	2091046573.8	1950735040.9	50023866.25	215892750.28
transcript/145518.p1	5	19	79068028.39	78014398.75	7657683377.4	10128192854	1167246192	1632300674.58	0	44187891.72	7556503174.4	10128192854	1167246192	1394696974.4
transcript/145521.p1	3	4	0	0	447839943.19	648489918.6	50384272	12561770.105	0	0	140294007.6	452323743.7	50384272	0
transcript/145544.p1	3	16	0	1746834255	1538208845	1526435558	1376664120	2349231490.7	0	1746834255	1538208845	1526435558	1376664120	2349231490.7
transcript/145546.p1	1	6	923702838.5	1449293076	1422638305	1307427274	26775756	41034034.51	923702838.5	1449293076	1422638305	1307427274	0	0
transcript/145550.p1	6	12	37808632.6	16767499.14	421991977.92	665072925.86	1241253872	1014811238.793	0	0	341511475.36	391571523.45	435785848	674832170.1
transcript/145562.p1	3	6	499444130.63	389434186.32	146890798.73	101873766.5	0	0	499444130.63	389434186.32	0	0	0	0
transcript/145571.p1	2	3	0	0	160883781.41	322547364.13	86994204	10769877.13	0	0	56183243.21	322547364.13	0	0
transcript/145573.p1	8	37	260696377.15	231092863.97	21733490116.3	22280761301.82	5076425624	3762166354	147221953.65	128122410.17	21733490116.3	22175689106.1	4368522312	3266885311.1
transcript/145576.p1	13	36	170974383.93	238278333.11	20341088400.54	23422194408.72	4373439900	3246288225.272	111636001	127163475.2	20327699767.1	22350157174.1	2265553896	2787444383.6
transcript/145581.p1	2	3	0	0	200883375.01	263230370.38	45751128	15100998.3	0	0	200883375.01	192025943.8	0	0
transcript/145589.p1	11	48	25306886.21	519765257.139	1652037973.61	2037979201.32	33134618372	42646547767.1	0	0	631049411.62	1915091124.62	28658773032	42646547767.1
transcript/145591.p1	5	9	124591757.37	297840609.74	5803454043.97	9426781060.85	177728698	221546663.83	0	0	4458351591	9211761707.6	153870096	121791140.8
transcript/145592.p1	4	6	26381536.38	57809346.45	264237480.56	1211173464.64	107195896	138091707.72	0	0	264237480.56	1180629391.8	0	65667813.56
transcript/145594.p1	2	4	19137534.76	22596796.66	1593640770.7	2153275026	262256300	155048554.87	0	0	1280572728	1723657247	0	92525807.85
transcript/145616.p1	8	24	3500265794.3	4611503665.8	2975132264.7	2500873318.1	0	169598480.33	3123869447.7	3751154183.2	2053200915.6	2060644958.5	0	0
transcript/145622.p1	9	20	153281326	162295261.8	14669804320.7	8323304773.9	466360766	491742541.85	0	0	12171375390.7	5408409501.8	62288730	52798706.92
transcript/145623.p1	1	3	74952648.09	144084833.7	169730430.7	68060917.95	38066924	50378106.09	74952648.09	144084833.7	169730430.7	0	0	0
transcript/145626.p1	13	44	145761974.404	243251369.327	24081965996.4	23924036281.07	3382087360	2670774983.4	50848372.37	127010322.6	24081965996.4	22658659579.53	2614398128	1687862300.75
transcript/145634.p1	1	1	0	0	41832748.5	74532415.02	0	0	0	0	0	74532415.02	0	0
transcript/145635.p1	1	6	15251502.99	46023591.37	3081253920	3596382607	39550112	65622823.18	0	0	3081253920	3596382607	0	65622823.18
transcript/145636.p1	2	5	19760207.1	104834614.93	303739891.3	446322971.2	243433280	383345620.7	0	0	100467624	446322971.2	110633464	166950897.7
transcript/145646.p1	1	2	952841552.4	559836001.8	304941689.7	425152257.6	0	0	0	0	304941689.7	425152257.6	0	0
transcript/145649.p1	6	13	866266373.66	1183422121.7	711993713.79	591203613.9	15394471	26532696.52	730955522.5	1183422121.7	406196161.9	304171905.3	0	0
transcript/145660.p1	7	12	15722854.16	27678104.81	129558617.24	121192593.48	2418167812	1432895823.4	0	0	0	0	1383675076	1358263824.6
transcript/145665.p1	2	2	13291038.9	16937256.35	181353839.8	524352562.65	0	0	0	0	0	524352562.65	0	0
transcript/145666.p1	2	5	943422730.2	657117729.8	8535790.071	0	1565063659	24043114.39	943422730.2	657117729.8	0	0	0	0
transcript/145681.p1	3	15	29715365.03	42092566.26	486477891.54	813207888.6	4786194886	3141276808.6	0	0	405877622.6	705500025.8	4786194886	3009128287
transcript/145693.p1	5	14	81883613.54	27490243.37	6012643572.4	13840296043.6	63860452	80486299.7	0	0	4512939540	13840296043.6	0	0
transcript/145707.p1	4	15	3932488788.26	4835220911.5	6359275468.81	5191352724.6	750918942	710138603.48	3913790021	4835220911.5	6265941997	5089363670	194168928	454046484.1
transcript/145721.p1	3	4	0	0	0	253219993.7	1454600440	1681544142.76	0	0	0	0	182544552	1470002569
transcript/145722.p1	2	8	861180535.8	1808262010	1617836480.46	1845900623	532197748	701586489.36	148317823.5	1808262010	0	0	532197748	687849972.7
transcript/145727.p1	1	1	0	4346637.679	136408286	246670593.6	0	0	0	0	0	246670593.6	0	0
transcript/145735.p1	4	5	45610632.88	24869394.15	528766265.03	830685139.48	68525632	0	0	0	484773621.1	486259815.58	0	0
transcript/145738.p1	2	4	12571220.25	8048222.933	1186872740.5	1041118292.2	38718476	50907516.09	0	0	1186872740.5	1041118292.2	0	0
transcript/145740.p1	4	5	7200288.208	0	1275762316.7	394743959.9	0	31621563.068	0	0	1275762316.7	350565039.54	0	0
transcript/145745.p1	14	97	172380666830.72	169308913016.36	59891938716.11	47470166230.5	2081159820	2628392493.1	172084815226.7	169308913016.36	36097329857.4	19851868641.2	661233424	152533025.1
transcript/145752.p1	6	13	187540398.6	265832106.52	1591802496.3	1880327960.4	773319598	955713133.95	0	43097331.72	1375187267.8	1361209196.1	237015224	233082309.51
transcript/145755.p1	9	30	113275688.598	72444924.14	16221863209.89	19328641761.6848	3201571824	1739551489.84	0	22620269.93	10719079399.9	19300883741.9	2424345004	510503873.52
transcript/145759.p1	2	6	663152911.7	868000139.4	577652631	682954368.5	26751346	0	176417942.5	868000139.4	577652631	494032408	0	0
transcript/145774.p1	2	7	6775826772.2	5774312539.1	1852126900.8	1823699689.8	158142656	207216344.97	6775826772.2	5774312539.1	0	1495992044	158142656	0
transcript/145778.p1	6	10	266144698.58	171825410.3	2022354366.28	2099418639.36	306479168	249351807.06	0	0	2022354366.28	1931268206.7	158105872	155075024.46
transcript/145781.p1	9	42	414715442.41	504301264.72	36559375861.9	46804644611.5	3400021482	3065319206.49	305228362.21	446877975.4	36559375861.9	38324034800.2	2116534098	1270662011.16
transcript/145788.p1	1	4	0	0	0	0	437801888	286064063.7	0	0	0	0	437801888	286064063.7
transcript/145791.p1	5	10	394404146.224	357397894.49	1321681325.64	1947874465.67	100133084	190175064.805	0	0	1281693965.9	1417024328.5	59437232	102458920.6
transcript/145802.p1	4	7	128069627.7	41520573.21	737146843.95	1673297408.9	36845376	11917319.12	0	0	523146511.85	1673297408.9	0	0
transcript/145803.p1	2	2	0	0	208840508.29	303672116.5	31099283	46463752.34	0	0	89445695.69	187205818.5	0	0
transcript/145826.p1	1	5	1336789063	1427699692	1240431659	1196308802	65189376	71773895.08	0	1427699692	1240431659	1196308802	0	0
transcript/145833.p1	2	5	0	0	310055422	194083413.36	0	13457189.17	0	0	310055422	194083413.36	0	0
transcript/145840.p1	3	13	19229637.59	10498678.92	2962935258.5	3019753146.66	1129630208	542607654.2	0	0	2962935258.5	3019753146.66	376448192	0
transcript/145854.p1	4	4	25863894.54	37560980.2	694383743.17	645121068.95	283194624	105428712.1	0	0	569275555.57	156942127.2	0	0
transcript/145865.p1	1	7	1718878657	1795358538	1493896304	1642242969	18105174	0	1718878657	1795358538	1493896304	1642242969	0	0
transcript/145873.p1	1	2	0	0	319972875.5	423178765.8	69693112	76478999.59	0	0	319972875.5	423178765.8	0	0
transcript/145878.p1	3	6	138969936.99	239783863.26	392356467.82	428466694.7	0	0	61966273.57	194623625.92	243687515.72	133692234	0	0
transcript/145885.p1	4	56	97233539759.81	90896716136.7	83928171365.713	77440404469.53	7120229268.5	8024926406.8	97143641590	90882430580	83920498602	77396689792	7120229268.5	8024926406.8
transcript/145902.p1	1	1	15863282.82	0	202669368.8	148452076.7	2673952000	0	0	0	202669368.8	0	0	0
transcript/145928.p1	51	221	919311455.196	521523712.379	12693103320.51	13564942266.241	294267243062	279795999747.14	296987587.4	224774401.72	6178795803.37	10661300997.09	286583793806	277801979894.06
transcript/145935.p1	7	19	3720152077.27	2739071625.59	1479832116.68	1313561660.38	296242511	261496992.68	2990544456.67	2541906700.4	1193517792.12	710409629.9	0	0
transcript/145937.p1	3	3	0	0	285354529.54	0	0	0	0	0	285354529.54	0	0	0
transcript/145958.p1	1	2	0	0	46069691.12	63837939.04	0	0	0	0	46069691.12	63837939.04	0	0
transcript/145968.p1	3	6	0	30763111	656018047.54	809161821.1	119124778	148303919.72	0	0	318412873.14	484292937.2	119124778	108179297.2
transcript/145976.p1	1	2	0	0	0	0	65202812	0	0	0	0	0	65202812	0
transcript/145997.p1	3	4	0	23712320.42	222857143.69	217674502.51	17020924	5294302.369	0	0	147026857.13	134631975.66	0	0
transcript/146003.p1	4	9	15782432.89	30091690.61	649582568	1653458776	729665524	698199289.06	0	0	649582568	1653458776	377763744	206727724.26
transcript/146005.p1	1	13	8454044.053	0	9847361.716	165186286	0	0	8454044.053	0	9847361.716	165186286	0	0
transcript/146009.p1	5	16	1578538762.09	1996067304.3	925537563.37	1020124645.34	390900512	81987592.11	1578538762.09	1996067304.3	672964451.2	745592306.8	82181496	0
transcript/146016.p1	2	2	0	0	235920767.48	245612595.82	61369260	157941329.6	0	0	0	245612595.82	0	0
transcript/146025.p1	2	5	0	0	163009700.4	261337236.9	76586801	90071391.2	0	0	163009700.4	104397122.9	66029236	90071391.2
transcript/146029.p1	9	40	12635860223.94	12823058164.74	13516881905.2	14696324634.85	2155157492	2515114795.816	12635860223.94	5172816347.14	10270089029.7	10171749013.36	1303642708	1689626599.54
transcript/146031.p1	3	6	0	0	470037364.34	691256637.1	125157842	0	0	0	470037364.34	691256637.1	0	0
transcript/146033.p1	2	8	0	0	1254839163.3	1583608324.7	216937812	211705010.9	0	0	1254839163.3	1583608324.7	216937812	211705010.9
transcript/146039.p1	1	1	0	0	294046727.1	365781820.3	41886896	53489192.48	0	0	294046727.1	0	0	0
transcript/146043.p1	2	2	26393101.22	21991871.64	151270069.5	0	0	0	0	0	151270069.5	0	0	0
transcript/14605.p1	1	1	10887394.77	0	6371737.794	32683530.6	0	0	0	0	0	32683530.6	0	0
transcript/146056.p1	4	13	999196904.18	1917458644.25	2955584579	2482494604.8	1952345588	3135750546.2	0	739403994.25	2955584579	1873664919	1919423180	3135750546.2
transcript/146060.p1	4	4	7063600.761	0	497589167.01	612525015.75	41729096	242673478.2	0	0	441492180.72	0	0	119721327.4
transcript/146066.p1	9	24	72202858.18	150321626.01	12043176493.9	14744960387.6	2038883954	1001547921.57	0	0	12043176493.9	14744960387.6	1459714752	744037492.72
transcript/146070.p1	9	36	82877576.319	193956682.501	13686756020.4	15281923810.34	2223070106	1625094789.551	0	0	11029806154.4	15281923810.34	1960592076	1266962965.512
transcript/146073.p1	2	5	127332764.6	105799390.7	79390863.68	88005581.65	0	0	127332764.6	105799390.7	79390863.68	0	0	0
transcript/146088.p1	4	6	18812235.17	12713938.71	344550189.71	535985675	25567584	11589733.64	0	0	344550189.71	451242867.1	0	0
transcript/146093.p1	3	8	0	24040599.31	19341172.99	0	1443982172	1020141839.55	0	0	0	0	1142722492	1020141839.55
transcript/146107.p1	1	4	13002897.02	27619999.83	450707353.4	341590146.4	547671592	746471398.4	0	0	450707353.4	341590146.4	547671592	0
transcript/146116.p1	1	4	18481233.92	67398761.89	235767169	298247939.8	185121024	74871755.8	0	0	235767169	298247939.8	185121024	74871755.8
transcript/146119.p1	13	45	250837179.363	501847655.2	1183744091.07	1725622803.81	30074152156	36736540862.43	23993470.87	0	931227638	595918959.2	30074152156	31539921105.43
transcript/146121.p2	5	19	142274075.17	165426208.6	38090921.47	124009758.19	7968508456	8945593491.3	0	0	38090921.47	0	7968508456	8117238909.3
transcript/146128.p1	5	23	1950374837.1	1805293525	10935703542.2	5338317721	4652835466	9839763780.91	1950374837.1	1805293525	10935703542.2	5338317721	4557430884	9839763780.91
transcript/146131.p1	1	2	100218924.1	62438779.43	0	0	0	0	100218924.1	62438779.43	0	0	0	0
transcript/146144.p1	2	4	0	21942494.8	232551475.26	373269781.3	21830966	22467854.43	0	0	232551475.26	373269781.3	0	0
transcript/146150.p1	2	3	0	0	82775730.52	180734471.99	0	0	0	0	32492800.46	180734471.99	0	0
transcript/146152.p1	1	2	0	0	29149115.78	48280990.21	328489824	267817029.6	0	0	29149115.78	48280990.21	0	0
transcript/146153.p1	2	4	0	0	251060500.3	246258082.3	0	0	0	0	144772257.4	246258082.3	0	0
transcript/146158.p1	5	11	113160999.203	104794685.77	1332535375.5	1516908083.74	80749984	162886352.41	0	0	1332535375.5	1194714759.09	0	162886352.41
transcript/146159.p1	1	4	86480689.37	161571709.4	131313770.5	141146648.2	0	0	86480689.37	161571709.4	131313770.5	141146648.2	0	0
transcript/146167.p1	3	36	61918985808	53766598069	44646567581.676	47820810547	2342362624	3052825462.8	61918985808	53766598069	44643186535	47820810547	2342362624	3052825462.8
transcript/146189.p1	1	2	0	0	38760261.61	64567814.91	0	0	0	0	38760261.61	64567814.91	0	0
transcript/14619.p1	15	26	396658437.26	307267464.27	1655042317.65	2576438025.34	297173292	349372938.98	0	0	1306523040.26	1728641250.01	111788270	128065230.24
transcript/146206.p1	2	4	100432041.87	118684106.25	83102178.17	81240438.54	0	11160271.59	100432041.87	118684106.25	0	0	0	0
transcript/146208.p1	2	4	0	0	558021336.4	782197166.9	59633040	17490963.43	0	0	379991936.9	782197166.9	0	17490963.43
transcript/146212.p1	9	34	33332257.77	59281374.67	438282701.6	466447693.17	30871092864	32590808991.9	0	0	216941731.3	197151544.9	30645664208	32590808991.9
transcript/146214.p1	4	14	722457333	1052034151.84	1186156658.984	2631188019.8	1009376176	1082539232.52	620003930.9	1052034151.84	1180716280	2631188019.8	811075904	995404796.9
transcript/146218.p1	5	17	39522699.71	80125886.41	773701084.69	560562462.16	13097550328	6961593723.5	0	0	651835894.2	422260362.6	13097550328	6961593723.5
transcript/146240.p1	4	6	0	14152820.19	365260209.46	556263477.06	0	348485378.44	0	0	133159435.16	556263477.06	0	0
transcript/146258.p1	9	28	266451.7363	20381911.33	121346000.86	0	3801294445.3	4141698097.25	0	0	0	0	3801294445.3	2420731294.38
transcript/146268.p1	2	3	0	23208994.21	1615012247.4	1697954741.7	0	0	0	0	379552977.4	1697954741.7	0	0
transcript/146277.p1	1	6	3007702483	1303069612	170906173.7	0	0	0	3007702483	1303069612	170906173.7	0	0	0
transcript/146292.p1	6	19	460656725.28	180379592.54	2579258931.24	4419508510.103	1256347870	1082859643.05	0	0	2504972482.3	4418077098.7	1037840462	387943154.85
transcript/146304.p1	2	3	485695393.1	1002814429.3	159555041.711	61100826.91	96353744	151630259.4	248734492.7	599821241.7	0	0	0	0
transcript/146308.p1	6	21	7870425817.4	8191033705.2	8120070406.6	6802165639.4	337839228	381071512.52	5309773801.4	6286207778.2	6582819216.6	6802165639.4	191262704	28713671.19
transcript/146309.p1	1	1	0	0	851232356.1	1139844378	81138120	0	0	0	851232356.1	0	0	0
transcript/146318.p1	1	1	15562928	11597018.99	403292818.4	527611194.8	15467131	86182486.05	0	0	403292818.4	0	0	0
transcript/146322.p1	2	3	0	0	110288127.55	87918285.35	17864538	15913717.79	0	0	110288127.55	65541517.39	0	0
transcript/146337.p1	1	3	21454422.37	33103191.4	101300453.3	172729751.1	0	6498243.294	0	33103191.4	101300453.3	172729751.1	0	0
transcript/146342.p1	8	29	4828152693.29	5853941226.99	3525056669.62	3444648201.28	26499180	103422067.521	4781251053.98	5853941226.99	2175236544.22	2847059883.3	0	0
transcript/146349.p1	2	3	303783334.26	239371887.87	181240636	177002344.8	0	0	303783334.26	194749626.8	0	0	0	0
transcript/146354.p1	8	57	218540506.049	22903840.062	1754796388.02	1539120066.32	51152836991	54646333022.84	199760775.8	0	1740766944.6	1498080355.4	51152836991	54012140518.4
transcript/146365.p1	4	7	0	0	29232804.52	0	2371989936	3297569903.98	0	0	0	0	671621808	3261995308.52
transcript/146389.p1	3	10	29231914.99	15108042.69	2362230480.97	1847400535.13	838024672	198483102.15	0	0	2362230480.97	1847400535.13	336965696	198483102.15
transcript/146393.p1	5	14	49457116.43	171924151.14	3401013673.9	4163267493.5	1044051588	1393020960.93	0	0	2680910756.5	3973491262.6	652782648	1213472277.4
transcript/146412.p1	3	6	0	0	467874463.53	367668490.84	102070368	109461617.49	0	0	0	367668490.84	0	0
transcript/146431.p1	4	7	4703684912.9	4422873625	1852024437	1557075199	29382878	51007798.03	4703684912.9	4219947766.2	0	0	0	0
transcript/146440.p1	4	11	261999554.665	154787327.98	238766418.17	151999561.82	329761460	306780415.46	255674287.3	154787327.98	144505340.6	91512511.27	211675008	295177416.6
transcript/146443.p1	2	3	32343088.1	0	113486268.53	220655841.1	60008540	99578720.31	0	0	33701042.61	180364284.7	60008540	0
transcript/146453.p1	4	7	0	15988090.32	419032822.12	509009929.33	56084476	9342185.572	0	0	346560502.3	509009929.33	56084476	0
transcript/146469.p1	1	1	0	0	27181825.43	33262078.47	0	0	0	0	27181825.43	0	0	0
transcript/146480.p1	2	8	2476380616	3279440428.4	1733459134.1	1814454764.8	11697694	0	2476380616	3279440428.4	1733459134.1	1814454764.8	0	0
transcript/146481.p1	2	4	0	0	453884312.2	482985266.04	0	83403410.69	0	0	453884312.2	482985266.04	0	0
transcript/146487.p1	1	2	23812529.93	0	100142318.3	188608862.2	0	0	0	0	100142318.3	188608862.2	0	0
transcript/146491.p1	3	4	5132438.062	8706516.243	200363227.06	345424552.32	7380241.5	7490283.162	0	0	185688290.44	173469371.82	0	0
transcript/14650.p1	8	10	0	0	759274775.58	1021987357.45	2254941139	2415170845.591	0	0	286669501.86	984916716.41	0	0
transcript/146513.p1	8	48	25447343549	33564128566.3	14047284133.6	13838851202.4	784140668	780768023.66	25447343549	33564128566.3	11292738158.6	9991417274.4	460517472	459489674.08
transcript/146517.p1	5	13	223763704.78	404204932	346825842.13	361571755.364	5364325104	8681171639.77	213101190.5	0	332309024.8	198354457.2	5226375264	6752655056.77
transcript/146554.p1	3	7	5311634.461	0	5064456892.23	5021637736.51	796906272	821176293.55	0	0	5022714289	4963751228	607764832	821176293.55
transcript/146558.p1	11	28	161738166.896	22375781.387	1237668701.94	1346803270.6	11231105352	12018091738.02	0	0	329604276	268862846.5	11207903949	7633310034.35
transcript/146576.p1	4	5	0	0	794110296.3	1037757852.83	80997299	56872390.21	0	0	528616096.5	491329943.43	0	0
transcript/146581.p1	2	4	0	0	397212214.68	416181938.7	75588601	148365936.67	0	0	397212214.68	416181938.7	0	0
transcript/146613.p1	1	3	0	0	148048955	187124876.9	309119968	7642859.691	0	0	0	0	309119968	7642859.691
transcript/146615.p1	1	2	0	0	238704726.6	288721942.5	0	0	0	0	0	288721942.5	0	0
transcript/146617.p1	2	3	0	0	193101565.76	252231338.1	23049240	15780277.35	0	0	108443893.4	252231338.1	0	0
transcript/146618.p1	1	1	341914602.3	53035020.91	95103428.21	82081905.41	0	0	0	0	0	82081905.41	0	0
transcript/146623.p1	7	7	0	0	114677432.28	1213063679.44	96671824	222111230.16	0	0	0	1213063679.44	0	0
transcript/146630.p1	1	1	7647328.067	5366270.792	287152252	287127476.3	125047248	202775867.9	0	0	0	287127476.3	0	0
transcript/146635.p1	7	17	35578836.909	17441254.38	4030965668.9	5209325046.3	256920846	93033516.55	0	0	3737348426.5	5209325046.3	117305906	27630998.74
transcript/146636.p1	6	10	0	12142661.52	1205253369.17	1160523614.1	51416568	102285374.04	0	0	1205253369.17	1021385331.1	0	0
transcript/146647.p1	4	8	49523232.69	133750863.24	391987460.54	452755754.29	387342648	697345847.3	49523232.69	0	61513254.61	0	344498296	559171389.4
transcript/146670.p1	2	6	43714725.36	20152114.46	162456713.76	127092146.71	701648612	205529529.6	0	0	88523850.29	86136114.93	701648612	176105199.6
transcript/146681.p1	6	7	0	0	496178403.63	2491783299.1	248945504	169888967.1	0	0	196896700.57	1643389603.3	0	0
transcript/146687.p1	7	17	332937990.1	130274129.81	1253682083.2	1206090399.32	10338590336	3686665725	0	0	996857338.8	0	10338590336	3574977007.3
transcript/146692.p1	12	39	182249739.04	174489374.33	1281309604.59	1478695500.1	25587001096	29905614125.64	0	0	1086661391.1	1322650113.1	25570100936	26374438548.2
transcript/146695.p1	1	2	0	0	70733406.56	77859928.39	45725576	24905529.02	0	0	70733406.56	77859928.39	0	0
transcript/146711.p1	3	5	46402206.85	40059334.47	301975648.56	85505233.5	107710415	54833184.39	0	40059334.47	301975648.56	0	92094800	0
transcript/146722.p1	5	14	638096008.28	835791002.93	554108067.35	814099572.27	84530494	47443919.81	571815109.19	754705340.89	534491415.56	814099572.27	0	0
transcript/146728.p1	5	7	2361555.508	8219254.944	437783750.66	763978132.58	29420312	52374487.51	0	0	411454268.43	763978132.58	0	0
transcript/146730.p1	1	3	0	9168849.58	0	0	226121152	259179855.5	0	0	0	0	226121152	259179855.5
transcript/146736.p1	2	5	0	0	0	0	302970036	277908433.35	0	0	0	0	302970036	277908433.35
transcript/146750.p1	1	2	248985317.4	92569349.25	104445019	123817155.1	81434016	0	248985317.4	0	0	123817155.1	0	0
transcript/146759.p1	5	8	19472394.32	87614602.288	6352184580.37	7307730838.42	1011665554	307956802.6	0	0	735537413.7	6774253891.3	962045984	117123336.5
transcript/146764.p1	3	10	20376030.99	137349627.2	41258176.36	0	4544229632	4087814812.24	0	0	0	0	4544229632	4033252813.3
transcript/146766.p1	3	13	1890976621.5	2699472890.7	3357506250.7	3026555123.6	130946698	101014712.904	1309457518.3	2040521793.4	2875691276	3026555123.6	0	0
transcript/146772.p1	1	3	0	0	26364209.98	564759125	97431816	78740831.59	0	0	26364209.98	564759125	0	78740831.59
transcript/146777.p1	7	20	57901089.7	137022782.83	1970565647.6	2143925211.35	666252234	702150062.05	26112294.38	38440328.48	1693512967.01	2143925211.35	481947954	329773495.4
transcript/146831.p1	4	6	0	0	304300344.79	311592673.73	0	7112526.847	0	0	261033460.33	311592673.73	0	0
transcript/146839.p1	4	10	518892099.2	617725749.95	345267122.3485	180474342.3	0	0	518892099.2	617725749.95	88946874.28	107991506.4	0	0
transcript/146870.p1	9	18	7421682.381	32944763.33	121531605	211568743.01	3958111596	2830218664.21	0	0	0	0	3836820500	2592053524.5
transcript/146875.p1	6	11	0	34423417.95	2367189173.7	2506469095.9	116269764	164625950.21	0	0	1649330532.4	2210377218	0	0
transcript/146877.p1	2	2	0	0	0	0	156357668	24305218.99	0	0	0	0	156357668	0
transcript/146897.p1	2	2	0	0	168451811.87	293513116.41	0	0	0	0	0	293513116.41	0	0
transcript/146898.p1	1	2	0	10868612.41	229389522.3	140446443.3	38208816	12721892.77	0	0	229389522.3	140446443.3	0	0
transcript/146902.p1	2	2	0	14325090.29	286374360.6	304861691.42	18735646	21265563.67	0	0	105082445.8	262827638.1	0	0
transcript/146905.p1	2	2	0	0	254140267.22	94728170.22	0	0	0	0	158954750.6	94728170.22	0	0
transcript/146910.p1	4	10	0	0	895196508.1	1271389863.3	203844252	49721020.21	0	0	895196508.1	1271389863.3	147992128	0
transcript/146912.p1	2	4	0	147793375.8	835553801.9	1239293914.1	270332896	197114373.77	0	0	835553801.9	1239293914.1	0	0
transcript/146915.p1	2	3	9205278.367	14053025.74	0	8407355.002	247897072	449813255.2	0	0	0	0	178154528	174568162
transcript/146924.p1	2	2	5626820792	5979521671	3846363016.8	4010715788	0	0	0	0	0	4010715788	0	0
transcript/146926.p1	1	2	7542821.494	0	185986328.9	248203253	0	0	0	0	185986328.9	248203253	0	0
transcript/146933.p1	2	4	16723436.24	8539301.301	2624230780.6	3546765235	195045056	245069277.1	0	0	1648334893	3546765235	195045056	0
transcript/14694.p1	2	2	0	0	61122776.48	156349971.49	14583759	0	0	0	0	156349971.49	0	0
transcript/146960.p1	3	5	35148128	0	59768440.91	51411490.71	1085197964	330036645.38	0	0	0	0	1085197964	269962271.25
transcript/146968.p1	2	2	8221738.184	0	328633936.6	393911387.8	419072672	597067481.4	0	0	0	0	199626384	322562124.6
transcript/146976.p1	1	5	42654293	16127182.49	2408800583	2996663044	131891792	17443987.37	0	0	2408800583	2996663044	131891792	0
transcript/146982.p1	14	88	11613473770.2	11649958007.4	16902315385.96	13437736137.7	17231274280	13860228610.02	11057039959.6	11649958007.4	14509480828	13437736137.7	16381840568	13377390881
transcript/146988.p1	4	6	860277513.05	768093289.1	400578128	474729564.23	0	26522185.37	537464317.45	611330436	0	0	0	0
transcript/147037.p1	5	7	0	0	33667947.04	48077734.33	793037212	684663643.65	0	0	0	0	793037212	109980972.8
transcript/147038.p1	1	2	4699125.272	5750570.826	176533656.9	149960944.7	21647178	0	0	0	176533656.9	149960944.7	0	0
transcript/147051.p1	1	3	3305145.446	23612131.33	170764121.4	193530399.7	160095680	281977096.2	0	0	170764121.4	0	160095680	281977096.2
transcript/147054.p1	2	4	35032176.72	152445569.79	44472647.58	35873749.5	37944512	59777517.92	35032176.72	152445569.79	0	0	37944512	0
transcript/147073.p1	1	1	1892995.233	6937315.172	0	0	20184382	54014232.47	0	0	0	0	0	54014232.47
transcript/147079.p1	7	25	72187170.53	96169185.174	15215115597	12771862961	2523760536	1246238655.29	0	47268007.96	15215115597	12771862961	2523760536	1167407542.41
transcript/147080.p1	5	37	64617296427.256	56358952353.238	31615435083.91	22292316726.09	1221331288	323662468.83	64610927077	56351826592	31596774035.3	22279594927.8	1221331288	323662468.83
transcript/147098.p1	1	4	51023993.24	83838591.55	158056116.5	103250008.4	0	3736648.349	51023993.24	83838591.55	158056116.5	103250008.4	0	0
transcript/147101.p1	1	2	0	0	0	0	30655318	64192126.48	0	0	0	0	30655318	64192126.48
transcript/147120.p1	1	2	0	10709024.26	229458358	245662850.3	0	0	0	0	229458358	245662850.3	0	0
transcript/147124.p1	7	14	1962137276.735	1276789125.698	777218050.542	752535656.17	1315121461	2325578998.86	0	0	0	51278824.7	1308272055	1634035325.8
transcript/147130.p1	2	3	77595901.33	250907914.6	450499093.1	913514202.2	182795136	231816784.5	0	250907914.6	450499093.1	0	0	231816784.5
transcript/147132.p1	3	9	0	0	0	0	548402148	495564938.26	0	0	0	0	548402148	495564938.26
transcript/14717.p1	1	1	0	0	20684425.05	29880604.06	522829504	32190121.87	0	0	0	0	522829504	0
transcript/147176.p1	1	4	2207630706	2401818465	2273925930	2233111414	93045104	51590314.58	2207630706	2401818465	2273925930	2233111414	0	0
transcript/147183.p1	1	4	0	0	186984769.8	266015215.8	91847208	377874882.3	0	0	186984769.8	266015215.8	91847208	377874882.3
transcript/147184.p1	1	3	0	0	49531951.48	75664068.35	238911672	564521258.7	0	0	0	0	238911672	564521258.7
transcript/147192.p1	2	37	1405039599.05	567416918.6	616644272.44	852649762.439	6589061400	7381379556	1405039599.05	567416918.6	0	0	6589061400	6137689193
transcript/147196.p1	4	8	40013729.837	25716211.998	887533444.2	1210318218.29	11733045	0	0	0	887533444.2	1102019596.79	0	0
transcript/147200.p1	6	19	149334015.5	0	4447852715.7	8449059120.8	825886376	1337782797.6	0	0	4133911474.5	8162485817.7	0	0
transcript/147201.p1	4	6	145940310.38	26569191.86	1695414669.4	1884251876.6	263388224	88121327	0	0	483789205.4	211977251.5	155730000	53516824.56
transcript/147203.p1	5	9	0	0	5367610.317	136872009.48	1588757688	2023287199.2	0	0	0	0	1588757688	1159086941.3
transcript/147219.p1	1	1	0	0	72939304.27	103973609.5	41642652	46381676.23	0	0	0	103973609.5	0	0
transcript/147236.p1	1	1	0	0	78847317.71	153818783.4	0	0	0	0	0	153818783.4	0	0
transcript/147237.p1	7	10	127707043.18	107535737.3	131150489.34	128861083.2	1254147608	1259319062.79	0	0	0	0	1254147608	895604240.95
transcript/147246.p1	6	20	942061228.24	2358667049.7	5087591440.6	5541938699.8	296424384	0	882276122.94	2231227056.8	5087591440.6	3884158335.8	0	0
transcript/147248.p1	1	5	1278167453	510038596.4	1140783046	1386614091	251253992	70098411	1278167453	510038596.4	1140783046	1386614091	0	70098411
transcript/147261.p1	1	6	49273005.66	1090368053	881446560.2	75881102.58	329241472	148116943.6	0	1090368053	881446560.2	0	329241472	148116943.6
transcript/147268.p1	2	6	205448817.4	386068207.58	283018456.9	435889227	809314432	1177562132.303	205448817.4	386068207.58	283018456.9	435889227	809314432	0
transcript/147277.p1	3	4	23451887.71	24305378.48	357572412.68	367376785.09	69534029	269325619.57	0	0	0	34776644.99	0	269325619.57
transcript/147298.p1	1	1	61612088.12	34485434.53	45970049.94	44059996.26	0	0	0	0	45970049.94	0	0	0
transcript/147313.p1	2	4	6399318.807	9336629.878	449448142.5	562811560.1	0	8087438.742	0	0	449448142.5	562811560.1	0	0
transcript/147362.p1	8	40	73711334773.32	65229252176.271	47619570954.79	30335407048.56	1264840454	283239256.184	73457403434.02	64949210948.9	47183374671	30098483962	724490696	154443034.9
transcript/147372.p1	9	28	3173005924.4	4020414378.62	5301913210.5	6012626947.1	613046720	113907357.79	2880954469.9	3801226835.92	3613042861.5	3537380056.9	432317584	93416629.05
transcript/147386.p1	4	6	965202819.6	392549853.9	821652728.3	1123683907.95	625519880	691593384.92	0	0	0	0	359494680	691593384.92
transcript/147394.p1	10	32	13651599.35	46178025.24	5161438679.2	5184107513.6	1642715000	1356282163.12	0	0	5140221216.5	3104909822.6	1627061920	577588595.12
transcript/147400.p1	4	8	70826813.4	58807379.03	18795126.76	22765838.32	990191912	1137644658.41	0	0	0	0	990191912	1051303890.44
transcript/147402.p1	2	4	0	0	105969533.75	67359092.109	34194400	10364437.19	0	0	105969533.75	58123829.88	34194400	0
transcript/147416.p1	3	23	10081591909	9932933129	7993392606	7986207654	413856092	523738172.45	10081591909	9932933129	7993392606	7986207654	413856092	354039204.8
transcript/147425.p1	4	9	2421870209.6	3505460301.7	256943260.6	1214340371.96	19792668	27749430.21	2421870209.6	3273564504.2	256943260.6	651798748.8	0	0
transcript/147427.p1	1	1	0	0	84912232.16	65045392.77	26083080	0	0	0	84912232.16	0	0	0
transcript/147433.p1	8	19	225458964.83	120841965.89	530718772.45	844829561.9	9421846560	17040793055.01	0	0	293550630.94	291648576.8	2463986336	16456098002.71
transcript/147462.p1	6	19	49814417.2	22477617.675	4185130630	3538782268.06	14097044	157002928.19	0	0	4185130630	3538782268.06	0	0
transcript/147477.p1	3	9	0	0	582592873.2	443910269.74	40845760	26804613.85	0	0	582592873.2	443910269.74	40845760	0
transcript/147507.p1	2	3	0	0	146335379.7	203852397.69	1661129152	2259924089.6	0	0	0	0	1661129152	1871017701
transcript/147529.p1	19	62	438097230.429	777539168.873	1475090078.72	997424442.73	33048274984	22366732114.95	0	7089392.167	1175113570.11	704081349.25	24040586416	21874370678.4
transcript/147542.p1	3	8	0	0	0	0	1821407360	1762761722.28	0	0	0	0	1821407360	1762761722.28
transcript/147557.p1	6	58	41174226315	50859898893.6	74489017329	64808400248.36	3472335506	5172506960.89	41066446301	50536816034	74489017329	64739278167	3472335506	3998211425.29
transcript/147567.p1	2	3	21339944.95	14234325.02	0	62857039.87	323239904	408860135.9	0	0	0	0	99493600	408860135.9
transcript/147597.p1	8	32	8068044791.9	10868214887.19	13997478747.36	14985451133.42	489478832	622260101.09	5561993826.9	7592229105.1	6583241136.36	14985451133.42	35572832	196788153.9
transcript/147598.p1	3	7	260086145.9	507172147.85	1440726908	1274343609.9	78042036	9247327.342	205130646.91	385132233.75	1189986488	908121860.3	0	0
transcript/147604.p1	1	2	30886087.4	0	0	0	16769200	34227951.41	0	0	0	0	16769200	34227951.41
transcript/147611.p1	3	4	0	1412226.483	96388902.58	431942591.5	92967679	90971008.72	0	0	96388902.58	431942591.5	61037144	0
transcript/147615.p1	5	8	57901898.82	90998556.35	839544179.5	838375435.7	2986369072	2286609572.29	0	0	0	0	2986369072	1936463326.1
transcript/147622.p1	1	4	38507440.5	87011198.5	65151356.84	42044298.02	0	0	0	87011198.5	65151356.84	42044298.02	0	0
transcript/147675.p1	1	1	0	0	128030633.3	108797121.5	0	0	0	0	0	108797121.5	0	0
transcript/147685.p1	1	1	0	0	106237575.4	162769196.2	9616987	0	0	0	0	162769196.2	0	0
transcript/147691.p1	1	2	0	0	81349345.8	0	0	0	0	0	81349345.8	0	0	0
transcript/147699.p1	8	20	132212022.2	39666449.02	4366710147.03	5222451170.63	872307476	765584689.902	0	0	4366710147.03	5161554654.4	783222560	676868342.68
transcript/147705.p1	1	1	30468353.86	0	0	0	0	0	30468353.86	0	0	0	0	0
transcript/147706.p1	7	25	487025049.32	398278294.14	12045580144.51	12956398035.43	2725440467	3330968991.1	0	0	11982468263	12871927601	2436141483	2963637245.4
transcript/147733.p1	1	1	25809427.93	25984062.54	17908945.12	17977186.79	54508376	103716715.9	0	0	0	0	0	103716715.9
transcript/147737.p1	3	9	0	0	5108483639.6	5733890819	1070325352	986057204.41	0	0	5108483639.6	5630423433	473433096	933116192.27
transcript/147742.p1	5	10	266564828.66	351729549.411	419318726.47	585036127.48	218997750	252193044.709	26946663.12	163503507.53	259433903.81	298797794.93	81875528	110171886.77
transcript/147752.p1	6	12	0	15114081.713	86983065.83	102449675.57	1510934608	1306680250.7	0	0	0	85795462.29	861719568	1112564739.9
transcript/147758.p1	3	4	433468333.1	303658238.5	347695850.58	491712492.01	0	15421696.31	0	0	347695850.58	240043563.4	0	0
transcript/147759.p1	2	3	0	13473344.4	483147956.19	523571322.23	0	0	0	0	483147956.19	495185308	0	0
transcript/147761.p1	4	16	156453925.24	147143143.4	397075460.1	392127568.75	18116253727	11706316153	0	0	202042783.5	0	18116253727	11706316153
transcript/147772.p1	1	1	0	0	51325114.91	47674318.81	0	40390733.47	0	0	0	47674318.81	0	0
transcript/147779.p1	15	44	286369168.122	366933207.42	15767140110.08	17264185428.96	7890105358.5	5800214543.558	58513582.23	179275079.52	11920660604.23	17166734203.67	7890105358.5	4161650906.2
transcript/147780.p1	4	12	38058769.79	161782933.48	1439443411.6	1401771677.02	1301554748	750926633.39	0	0	1384811129	1306038915	1301554748	750926633.39
transcript/147782.p1	4	13	322381839.9	517328835.3	759290150.7	1082690783.8	384472478	683488884.47	0	236795404.4	759290150.7	1082690783.8	249096398	683488884.47
transcript/147783.p1	10	42	138447098.25	179847786.59	39082737307.9	45808989125.13	4848796478	2537273681.05	62519770.87	56271406.58	39082737307.9	45710051014.7	4817952908	2307689396.89
transcript/147788.p1	2	4	0	0	0	0	1309602592	221156375.85	0	0	0	0	1309602592	221156375.85
transcript/147794.p1	6	11	0	0	1376746803.1	1635486877.8	37999123.5	22664481.95	0	0	1376746803.1	1166246279.3	0	0
transcript/147823.p1	19	126	19526039607.65	30303492385.95	78094385947.76	94592636819.34	79575800782	118518435509	18699904687	29137289130.14	77723538448.2	94390536020.3	79475020930	118390943747.9
transcript/147825.p1	3	8	346421341.93	113943500.11	213483338.14	314662583.3	10818441	0	310068867.1	113943500.11	181610496.58	75707742.36	0	0
transcript/147836.p1	1	1	0	0	43847484.4	41069560.71	0	0	0	0	43847484.4	0	0	0
transcript/147858.p1	1	2	0	0	85494245.66	231491320.4	0	27916628.65	0	0	85494245.66	231491320.4	0	0
transcript/147868.p1	3	7	0	0	1102760261.1	922952945.5	99123520	46662838.75	0	0	821163770	922952945.5	99123520	13934936.61
transcript/147879.p1	1	8	0	0	54901973.45	205871951.2	0	2422960.241	0	0	54901973.45	205871951.2	0	0
transcript/147908.p1	5	7	0	134476504.6	28228448.35	82917774.85	1312914440	1160345618.98	0	0	0	0	1051311128	1122082927.1
transcript/147914.p1	2	6	740590519.801	729384053.22	469988420.4	416908402.05	59026048	117904384.12	740590519.801	729384053.22	0	0	0	0
transcript/147924.p1	2	10	512920880.4	505076851.8	134514319.4	402935989.9	0	0	512920880.4	505076851.8	134514319.4	402935989.9	0	0
transcript/147930.p1	1	1	0	7289176.55	69988884.51	100937472.7	13746442	30597098.86	0	0	69988884.51	0	0	0
transcript/147973.p1	1	1	0	0	45060591.24	38718306.3	41232928	0	0	0	45060591.24	0	0	0
transcript/147977.p1	3	7	4776417911	4181825850	8570664857.6	10812673861.3	184652304	41640348.73	4776417911	0	8570664857.6	10420046118	0	41640348.73
transcript/147988.p1	2	5	0	0	66295780.76	0	560962432	884598942.6	0	0	0	0	491672720	884598942.6
transcript/148002.p1	2	15	64727303.27	70279276.38	554354951.2	471936327.3	385776864	561740120.11	0	0	554354951.2	471936327.3	385776864	500392174.8
transcript/148007.p1	2	13	65993799.02	0	5542071435	5518799838.1	1789215588	1597930044.04	65993799.02	0	5542071435	5518799838.1	1789215588	94186429.04
transcript/148018.p1	4	6	0	0	954613214.4	987315494.9	0	31029426.83	0	0	708811682.4	728311678.3	0	0
transcript/148027.p1	2	2	0	0	47380567.13	86558400.59	183213072	160970560.43	0	0	0	0	127074008	40592465.93
transcript/148040.p1	2	4	0	0	1044089015	1145129888.9	0	0	0	0	576296359.7	1145129888.9	0	0
transcript/148050.p1	4	48	403551182	384543083.24	2652698049.1	1779900439.7	506017286	1574717638.6	101005601	384543083.24	2652698049.1	1779900439.7	178848246	1574717638.6
transcript/148100.p1	6	9	0	13158845.14	315014520.1	503456908.39	2493296276	803229472.2	0	0	0	0	1341630964	579605514.9
transcript/148109.p2	4	10	19402968.92	0	184884804.31	81569143.73	2808196088	2378421175.78	0	0	78979869.81	0	2808196088	2297173110.1
transcript/148127.p1	3	7	0	5417157.388	21799898.57	42750104.96	246318160	318971939.59	0	0	0	0	246318160	318971939.59
transcript/148135.p1	7	31	0	0	0	41559659.87	9232398224	10179278191.1	0	0	0	0	9232398224	9301212130
transcript/148147.p1	21	61	257964893.55	591903407.168	3203599950.08	4055734914.08	70382240847	63877688034.2	0	0	1640484078.4	1842247461.8	70195187180	59844279677.3
transcript/148160.p1	1	2	0	0	127449154.7	179128556.9	0	19635925.1	0	0	127449154.7	179128556.9	0	0
transcript/148167.p1	4	6	215854856.83	18516971.96	838963582.24	861308768.67	84441336	59876911.25	0	0	763945002.2	388219193.27	0	0
transcript/148188.p1	1	2	0	0	0	137873491	55045880	96825585.03	0	0	0	0	55045880	96825585.03
transcript/148211.p1	6	11	0	0	0	19494400.32	2748448632	2780552219.78	0	0	0	0	2639637752	1734248372.88
transcript/148221.p1	3	11	649660502.6	911680881.4	2908297446.5	1041580695.8	17687582	9024622.803	110424890.5	911680881.4	2908297446.5	60866624.1	0	0
transcript/148232.p1	1	2	0	0	58360440.96	41700912.51	0	0	0	0	58360440.96	41700912.51	0	0
transcript/148234.p1	2	3	86034764.5	0	268824328.34	421362679.3	195927152	185989475.4	0	0	268824328.34	421362679.3	0	0
transcript/148244.p1	2	3	109446676	82089149.93	1806481868.2	1562715069	77306544	44788178.49	0	0	658141411.2	773294045.4	77306544	0
transcript/148252.p1	6	16	167094705.974	383509507.1	1250665996.45	1990125939.07	1162909554	1595071570.15	163509897.2	244734157.6	907876836.15	1245846738.6	1086360922	1261371733.83
transcript/148257.p1	4	17	3847637645.2	4992734584.8	4582992217.3	2872445715.7	6206589.5	56125181.28	2994722285.9	4992734584.8	2684975317.3	1355944108.7	0	0
transcript/148259.p1	2	7	1037074931	846578682.2	587383227	588833655.2	21421776	32178734.29	1037074931	846578682.2	587383227	588833655.2	0	0
transcript/14827.p1	1	1	0	0	133026437.3	88015861.62	0	0	0	0	133026437.3	0	0	0
transcript/148281.p1	2	7	0	24315654	1211365996.6	1257611996.9	427639600	376828834.58	0	0	1211365996.6	1257611996.9	125203880	347496828.6
transcript/148283.p1	1	2	21673000.03	58624592.95	756949531.8	879641188.5	18394098	1203580.689	0	58624592.95	756949531.8	0	0	0
transcript/148286.p1	4	9	80335041	475229356.3	605890668.7	834378874.9	429302524	683413483.69	0	245216817.1	301356593.9	323347193.6	334827328	576489121.29
transcript/148297.p1	2	4	0	0	429790979.2	660771673.5	0	63823347.74	0	0	429790979.2	660771673.5	0	0
transcript/148302.p1	4	18	58310454.48	8689082.915	1888882088.1	1851935718.5	393465256	299255777.9	0	0	1888882088.1	1851935718.5	376451536	196418054.4
transcript/148340.p1	1	4	0	23372236.98	35398949.87	49320845.77	28375594	50120260.42	0	23372236.98	35398949.87	0	28375594	50120260.42
transcript/148344.p1	3	7	727552930.73	1162027273	1829802276.2	864164405.07	51757536	54696276.25	644153327.3	846303757.9	671251852.2	291972098.5	0	0
transcript/14835.p1	1	1	0	0	23474823.79	29644616.19	0	0	0	0	0	29644616.19	0	0
transcript/148388.p1	3	9	4265857199	2745298378.7	469832818.33	857694928.36	74025872	0	4265857199	2745298378.7	411132180.4	842926000.4	0	0
transcript/148391.p1	10	41	6881540450.82	6199530268.97	7794019692.43	6839227472.895	868664456	1186725672.61	6693446307.62	6182511300.37	7665287625.2	6800299008.6	192045064	274774255.31
transcript/148405.p1	1	4	0	0	580189476	848542530.8	113416200	34061416.38	0	0	580189476	848542530.8	0	34061416.38
transcript/148409.p1	5	10	0	0	25184822.72	0	2201678340	2263470576.33	0	0	0	0	2081657972	1929636777.73
transcript/148416.p1	4	5	10686592.9	45484965.32	0	48509661.44	811732192	621974796.82	0	0	0	0	469178208	532956711.37
transcript/148441.p1	2	5	42722874.46	12463933.12	979049087.6	1011082844.1	207107696	50619008.86	0	0	979049087.6	1011082844.1	0	28683240.91
transcript/148459.p1	5	13	0	0	900754272.57	1176354897.9	138611004	450846869.344	0	0	900754272.57	968561490.4	138611004	146924470.944
transcript/148504.p1	4	11	8009431.034	0	9491283268.3	3373535948.3	126030480	82215740.9	0	0	9491283268.3	3373535948.3	0	0
transcript/148527.p1	2	3	11659720.59	0	197030118.7	204435743.3	66264304	43528301.62	0	0	197030118.7	204435743.3	66264304	0
transcript/148536.p1	7	15	169567945.1	56352992.17	6350154274.8	19152127036.47	124958292	33181422.82	110461184.1	36612493.33	6333196656.1	18701837848.17	0	0
transcript/148564.p1	5	15	2288544004.99	5210609665.91	8753757963.6	7765242959.92	655797824	649809159.13	1750259617.5	5165588972.3	8753757963.6	7729260190	174433656	207987022.9
transcript/148599.p1	3	9	34409334.78	35035470.5	307558385.95	396977906.03	6996547456	4807357583.8	0	0	267108180.56	349056849	6996547456	3092602203.8
transcript/148610.p1	4	13	559517407.25	658741541.31	705423720.94	633851229.65	195025552	373125499.5	559517407.25	618230597.82	705423720.94	271710895.85	0	0
transcript/148622.p1	1	2	0	0	0	0	148040320	0	0	0	0	0	148040320	0
transcript/148625.p1	1	1	0	0	57464192.48	82486820.24	31312440	0	0	0	57464192.48	0	0	0
transcript/148651.p1	5	12	0	24720632.2	3393302560.6	2623916156.3	510108816	264533589.69	0	0	3165146970.8	2623916156.3	0	195915722.7
transcript/148673.p1	9	24	56051478.907	196986395.84	563355647.776	769001959.44	5447560517	5314877810.71	0	0	350965285.1	616720562.63	4843025432	4398001832.92
transcript/148691.p1	9	18	133906102.2	265544505.7	962919815.5	375786460.82	2774829216	2489093294.77	0	0	0	0	2774829216	2217336490.2
transcript/1487.p1	1	2	0	0	73155209.76	27445541.16	70622928	96059482.51	0	0	73155209.76	0	70622928	0
transcript/148704.p1	1	2	79503494.83	0	126320564.3	179101576.4	0	0	0	0	126320564.3	179101576.4	0	0
transcript/148710.p1	1	3	233891710.4	203760381.5	87401037.3	21252974.55	35970288	70888986.78	233891710.4	0	0	0	0	70888986.78
transcript/148718.p1	2	6	0	0	76660067.97	0	1054122008	1416787999.4	0	0	0	0	1054122008	1416787999.4
transcript/148732.p1	2	3	64193475.1	62008914.57	3033394911	3909131497.5	108306736	160020662	64193475.1	33128085.4	0	0	0	160020662
transcript/148735.p1	1	2	0	0	142899382.7	140580913.2	0	0	0	0	142899382.7	140580913.2	0	0
transcript/148748.p1	1	4	17354782.21	8317163.343	650007111.6	645722072.4	273163360	88777954.13	0	0	650007111.6	645722072.4	273163360	88777954.13
transcript/148790.p1	1	2	0	3764758.24	365947136.4	182641105.1	0	0	0	0	365947136.4	182641105.1	0	0
transcript/148799.p1	6	12	980212694.5	1642969996	1052083560.98	644104630.83	1710990960	1811644810.73	0	0	0	0	1710990960	1770930736.25
transcript/148808.p1	3	5	10859074.23	6601705.933	407350722.67	482802056.2	182803616	20054649.287	0	0	359949308.7	382589755.7	119031248	0
transcript/148815.p1	2	5	75192949.71	59440502.08	1961413701.2	1892884365.4	53967592	136354960.59	0	42264232.46	1961413701.2	993662766.8	53967592	0
transcript/148827.p1	1	2	0	0	87549053.67	28801613.56	0	0	0	0	87549053.67	28801613.56	0	0
transcript/148844.p1	6	13	12313681.91	15401528.342	4626268878.3	4946902436.1	3650880300	3959650325.46	0	0	4626268878.3	4067956570	281521228	647676510.16
transcript/148847.p1	1	2	0	0	146607428.6	143150093.2	33386838	27547977.73	0	0	146607428.6	143150093.2	0	0
transcript/148860.p1	1	1	0	4732664.984	109725445.5	68564018.18	28878676	0	0	0	109725445.5	0	0	0
transcript/148904.p1	2	3	23716177.09	0	1023669093.52	648152502.1	76829944	24278066.21	0	0	994965391.6	648152502.1	28192608	0
transcript/148908.p2	4	18	4401064838.4	5347632664.38	722771042.6748	1225457304.427	1025579476	1077621297.64	4401064838.4	5202600397.38	648882681.3	1222594643.9	0	0
transcript/14894.p1	2	3	59011423.72	131588447.7	77165316.2	106842150.59	162081456	137167396.3	0	0	77165316.2	34412485.52	0	0
transcript/148949.p2	5	16	0	0	467878382.673	452413287.26	7033172487	10540906334.3	0	0	0	187226006.9	7033172487	6714489929.4
transcript/148954.p1	6	28	3096540202.01	3140539442.17	1772641349.71	1207290482.32	543630826	456233727.7	2733173073.11	2962424443.07	1772641349.71	1207290482.32	304656972	216981740.36
transcript/148964.p1	4	19	2273937244.2	2983849214.2	5556560109.8	3437448521.9	848236800	905103682.18	2273937244.2	1956661639.2	5556560109.8	2945874784.8	848236800	872084284.4
transcript/149011.p1	1	1	0	0	243465548.5	199817313.4	104304112	56549488.18	0	0	243465548.5	0	0	0
transcript/149045.p1	5	27	2570180825.2	2952352354.7	3463766477.1	3307255656.2	2983707642	2720184795.68	2570180825.2	2389630953.9	2928100286.4	2265258013.2	153883516	99697723.9
transcript/149049.p1	7	19	11328571650.69	12449530552.98	2679872568.81	3050045988	155055476	293996946.89	11328571650.69	2372303720.98	2620722773	3050045988	66098616	21393185.54
transcript/14906.p1	9	12	0	0	924708698.81	1118508573.17	44056604	81740580.16	0	0	607474115.57	744865471.83	0	0
transcript/149080.p1	4	7	99574813.99	52193055.85	358550224.547	523639384.99	18086076	14341616.65	0	0	356011618.72	453932857.3	0	0
transcript/149092.p1	6	37	30106954.51	86173022.98	786589817.52	753389316.23	28728419160	22494119834.6	0	0	754767490.6	730231430.1	28728419160	22494119834.6
transcript/149149.p1	1	4	37043126.97	10930439.92	519980640.8	1720702108	105323600	147655341.8	0	0	519980640.8	1720702108	105323600	147655341.8
transcript/149161.p1	5	63	339861611.92	206902178.444	0	85240376.56	19231910994	25653161666	63301341.22	0	0	0	19231910994	25653161666
transcript/149163.p1	2	9	49475446984	20936629352	14293673424.38	12244503508	624881824	507993407.5	49475446984	20936629352	0	12244503508	409725536	507993407.5
transcript/149175.p1	3	7	25567765.246	162188123.21	2516715146.4	3760491930.39	148938540	226187216.34	0	0	2359418498.4	2219755866.39	0	0
transcript/149201.p1	18	62	130287927.413	104674182.425	5163520436.98	7314233814.85	96484934528	81534144866.48	0	0	3355549002.7	2236392372.5	72616695922	81016907541.46
transcript/149208.p1	2	5	120076245.2	192374733	1766205191.1	932175981.1	0	0	0	0	1766205191.1	625165946.6	0	0
transcript/149230.p1	6	13	621170619.34	1349075963.2	469416331.56	329071528.65	422388756.5	309210001.17	512902301.6	1349075963.2	312274334.69	72791413.89	4190807.5	51462172.32
transcript/149249.p1	9	28	22875712.99	0	220140997.202	379475297.825	6249609053	4966290244.8	0	0	146815192.3	203971655.7	5887575862	4966290244.8
transcript/149257.p1	8	20	0	0	24011702.032	68569654.42	2548312164	2498619675.71	0	0	0	0	2548312164	2498619675.71
transcript/149264.p2	1	1	0	0	43404670.56	32425091.89	0	0	0	0	0	32425091.89	0	0
transcript/149297.p1	2	4	0	0	189905127	505296889.9	0	0	0	0	189905127	505296889.9	0	0
transcript/149302.p1	1	4	234593144.1	296343006.5	1017842383	275019914.2	0	0	234593144.1	296343006.5	1017842383	275019914.2	0	0
transcript/149305.p2	2	6	0	0	1478825215.9	1347573212.44	0	0	0	0	1478825215.9	1347573212.44	0	0
transcript/149358.p1	2	7	928562339.23	1491441334.19	2803690457.6	644373497.7	714302944	234642566.53	914356595.5	1473949631	2803690457.6	644373497.7	0	139726930.5
transcript/149381.p1	3	5	0	23843523.31	614616303.5	727352176.4	283210984	355893299.3	0	0	614616303.5	595652503	236346788	0
transcript/149398.p1	1	2	0	0	959904669.1	853312110	25419024	0	0	0	959904669.1	853312110	0	0
transcript/149400.p1	1	2	0	0	263537980.2	0	47417176	0	0	0	263537980.2	0	0	0
transcript/149494.p1	1	2	0	0	0	0	71666640	9683875.439	0	0	0	0	71666640	9683875.439
transcript/149546.p1	2	11	1247338866.3	1317808360.3	493965472.12	1045454969.3	75885216	89632804.94	1247338866.3	1317808360.3	442373673.9	552935465.1	0	0
transcript/149549.p1	2	2	0	0	219828859.2	0	661310192	814781618	0	0	0	0	0	814781618
transcript/14956.p1	1	1	0	0	0	40108666.45	0	0	0	0	0	40108666.45	0	0
transcript/149564.p1	11	63	52545197665.33	48595138463.67	17001059631.88	16464894836.81	1719986033.5	1751177101.17	51428272689.53	35742955158.67	16954128190.8	10158140597	1719986033.5	1751177101.17
transcript/149576.p1	2	3	210015557.7	36632758.02	167382451.02	91704997.98	0	0	0	0	167382451.02	73748484.03	0	0
transcript/149596.p1	1	1	0	0	43901636.94	214476487.2	0	0	0	0	0	214476487.2	0	0
transcript/149611.p1	4	8	0	0	0	0	1025500444	1265075983.21	0	0	0	0	1025500444	1157028662.71
transcript/149623.p1	1	7	0	0	0	0	333291976	354779431.2	0	0	0	0	333291976	354779431.2
transcript/149629.p1	9	23	219435143.053	179355393.037	14404525433.7	16094504182.42	2206875480	2010606310.08	46741669.74	91578009.16	9998565497	15961174685	1881743448	1277699528.2
transcript/149643.p1	1	1	12741294.93	0	515004023.9	655636831.9	0	0	0	0	515004023.9	0	0	0
transcript/14966.p1	1	1	0	0	77505080.18	92146337.22	15003502	0	0	0	0	92146337.22	0	0
transcript/149710.p2	2	3	0	4543791.689	334303461.5	320539698.62	0	33635574.96	0	0	334303461.5	302741316.6	0	0
transcript/149725.p1	11	40	974393843.79	1274461480.123	2587625777.01	1087577438.5	9401914408	8910512381.29	957422611.9	1156870803.8	642131939.4	701330344.7	7279580748	4800769815.11
transcript/149734.p1	2	8	467615924.5	660673009.1	623206881.8	468137576.7	0	0	467615924.5	660673009.1	623206881.8	468137576.7	0	0
transcript/149760.p1	1	2	0	0	72538150.15	78121539.75	314086656	144970696.3	0	0	72538150.15	78121539.75	0	0
transcript/149842.p1	2	5	334351253.1	352517447.3	173707502	207723190.4	153174422	100180022.4	232101342.2	352517447.3	173707502	207723190.4	0	0
transcript/149928.p1	1	3	7062452.454	11229998.56	0	596829476.6	0	0	0	0	0	596829476.6	0	0
transcript/14996.p1	16	26	9470040.199	15365051.89	2355908340.92	3349182902.07	137431406	107922712.9	0	0	2036879995.72	2261694053.41	0	0
transcript/149981.p1	7	19	4747488.951	12730122.01	389352859.1	415081160.65	3063593459	3523867353.69	0	0	0	0	1994112179	3523867353.69
transcript/149987.p1	2	6	9728833.86	17281677.24	312642318.93	78866015.97	12979495520	25322313912.5	0	0	235822387	0	12979495520	25322313912.5
transcript/149998.p1	4	11	149843870.1	95933191.418	1612785608.205	1299253234.56	4004300984	6495004384.8	0	0	868927035.4	0	3749131292	6495004384.8
transcript/15.p1	1	1	0	0	79647758.19	101552606	77820496	0	0	0	0	101552606	0	0
transcript/150034.p1	2	2	0	0	119335358.1	460223816.3	0	0	0	0	0	460223816.3	0	0
transcript/150038.p1	3	7	1218876954.3	2475908393.9	1922405637.6	1491408534.1	0	0	396577483.3	2103380235.3	1922405637.6	434256021	0	0
transcript/150144.p1	8	14	73826384.15	40755852.62	2915951396.08	2321089119.2	613690879.5	1130881137.25	0	40755852.62	956072892	2271496723.1	492563252	1095832619.51
transcript/150188.p1	11	32	162650088.986	267415663.105	6522674297.94	4782209143.9	372105248	414436315.95	0	0	6444815246	4750744823.97	230225948	245213402.2
transcript/150273.p1	1	2	350348733	325859211	1421477283	449748298.4	0	0	350348733	325859211	0	0	0	0
transcript/150474.p1	1	1	0	5646701.871	134800197.2	286637555.9	0	0	0	0	0	286637555.9	0	0
transcript/150555.p1	3	18	2461284811.8	2534328240.09	3867633592.3	4498851873.69	294826352	76837044.28	2461284811.8	2534328240.09	3132911382.9	4498851873.69	139036064	27170178.24
transcript/150557.p1	1	1	0	125095756.8	22368101.19	0	38901228	0	0	125095756.8	0	0	0	0
transcript/15060.p1	1	2	29305768.07	33468550.64	14836040.11	21981298.19	40153060	125669309.6	29305768.07	33468550.64	0	0	0	0
transcript/1508.p1	7	14	0	0	842632039.96	909400808.23	62389908	23242120.28	0	0	669302691.96	909400808.23	0	0
transcript/15090.p1	1	4	11072500.91	15539421.89	49321768.15	67273271.02	106221936	49836416.86	0	15539421.89	49321768.15	0	106221936	49836416.86
transcript/15107.p1	1	1	0	0	335589623.5	296148228.4	0	0	0	0	335589623.5	0	0	0
transcript/15120.p2	1	2	59927271.31	67091803.15	0	0	0	0	59927271.31	67091803.15	0	0	0	0
transcript/151237.p1	6	21	9532244.137	61766211.35	2547292759	2672399373.44	1827022264	1019160193.86	0	0	2547292759	2672399373.44	1391940048	490249689.63
transcript/15152.p1	3	5	170978930.73	133694036.304	55179831.53	166438039.51	0	0	170978930.73	127333085.6	0	0	0	0
transcript/15184.p1	2	2	0	0	57352345.01	27436331.28	0	0	0	0	35102575.41	27436331.28	0	0
transcript/15226.p1	1	2	89904634.15	129856939.6	79090305.84	102372981.4	115927392	28105418.46	89904634.15	129856939.6	0	0	0	0
transcript/15245.p1	1	4	131855426.1	84095270.35	158070464.3	182644642.3	0	0	131855426.1	84095270.35	158070464.3	182644642.3	0	0
transcript/15264.p1	2	3	10434568.95	0	26824608.43	43068904.13	19872128	171690539.32	0	0	0	0	0	171690539.32
transcript/1544.p1	10	15	0	19674957.97	694949137.84	1053853217.36	215596661	214891189.263	0	0	463962928.62	710397254.43	51670461	8771790.773
transcript/15451.p1	1	1	0	0	115318773.9	183540982.7	31314064	31450285.05	0	0	0	183540982.7	0	0
transcript/15500.p1	1	2	1768559594	847126122.7	57845259.6	65360198.48	669384256	743310409.9	0	0	0	0	0	743310409.9
transcript/15503.p2	1	1	0	0	0	16023035.51	0	0	0	0	0	16023035.51	0	0
transcript/15512.p1	1	2	14191592.54	4569715.448	72873304.14	68619465.61	0	0	0	0	72873304.14	68619465.61	0	0
transcript/15580.p1	1	3	36114208.36	100250241.5	100921585	0	0	0	36114208.36	100250241.5	100921585	0	0	0
transcript/15601.p1	1	1	0	84493361.48	73965914.47	0	0	0	0	84493361.48	0	0	0	0
transcript/15686.p1	6	15	295275576.63	525676949.99	560306446.48	305472412.66	79542636	92642568.62	195976701.67	354837725.49	356365936.37	154107398.83	0	0
transcript/15773.p1	2	3	40153777.15	38246444.54	0	0	0	0	40153777.15	0	0	0	0	0
transcript/15837.p1	5	5	15890867.43	0	1004768940.9	825263596.92	259546040	169750656.857	0	0	655412338.8	331407804.1	0	0
transcript/15886.p1	7	10	51755853.22	47942301.02	1398630978.36	1277413999.21	161249819	0	0	0	520244068.3	1175585332.01	0	0
transcript/15904.p1	2	3	118071941.49	120938480.18	20042538.98	35454241.39	0	0	57621663.86	120938480.18	0	0	0	0
transcript/15940.p1	1	1	41374391.08	28949879.65	97575903.12	65622402.52	21063028	0	0	0	0	65622402.52	0	0
transcript/15984.p1	8	12	43301750.61	54391918.48	773724164.38	878247298.1	284251493	61038252.97	0	0	435928197.49	664023880.36	0	0
transcript/16033.p1	2	3	267870795.9	301117647.8	347824488.9	431623444.3	172550016	178309384.59	0	301117647.8	0	0	78248176	0
transcript/16087.p1	1	1	0	0	61718297.34	54084775.74	0	0	0	0	61718297.34	0	0	0
transcript/16131.p1	6	7	42079269.11	50028808.4	347012629.55	370168509.73	0	0	0	0	235011843.62	250590864.8	0	0
transcript/16155.p1	1	2	0	0	0	0	58724516	79374543.57	0	0	0	0	58724516	79374543.57
transcript/16224.p1	3	8	176398172.45	231869908.67	345795243.81	310367035.47	91275964	11437012.37	176398172.45	231869908.67	253882124.69	198844984.47	0	0
transcript/1624.p1	1	1	0	0	0	0	9484737	27208200.5	0	0	0	0	9484737	0
transcript/16273.p1	3	8	0	0	1632075378.2	1973678035.5	202081260	238763867.23	0	0	1632075378.2	1973678035.5	139524212	0
transcript/16275.p1	4	6	0	0	409270864.71	646093456.8	72016720	60087137.23	0	0	201557562.9	504151880.4	0	60087137.23
transcript/1634.p1	2	3	0	0	70350868.56	77194516.96	0	95461314.88	0	0	70350868.56	43271756.66	0	0
transcript/16379.p1	2	2	46954290.85	24890716.13	54683357.57	50258696.52	0	0	0	0	54683357.57	0	0	0
transcript/16394.p1	2	6	32661488.762	112630615.83	249513381.33	325060132.4	18410918	16514831.22	27485151.16	112630615.83	249513381.33	280753496.7	0	0
transcript/16416.p1	2	3	28700941.69	51398125.44	68966483.15	120630059.43	0	0	0	0	50779081.41	120630059.43	0	0
transcript/16429.p2	3	4	495744798.08	398324903.02	210702902.22	148846229.47	0	30474196.96	294925221.2	398324903.02	0	0	0	0
transcript/16476.p1	1	1	159686585.7	85031183.56	69386058.14	69848010.81	8563813	8289797.335	0	0	0	69848010.81	0	0
transcript/16516.p1	1	1	21878067.55	49460791.19	19881106.52	33798038.88	0	0	0	0	0	33798038.88	0	0
transcript/16541.p2	1	4	0	0	0	0	254041472	362197583.2	0	0	0	0	254041472	362197583.2
transcript/16604.p1	3	5	39491041.76	33070955.12	10263419.25	58619635.83	341453844	248786948.61	0	0	0	0	341453844	179263777.92
transcript/16612.p1	1	1	24540109.61	0	36865139.28	60286034.82	0	0	0	0	0	60286034.82	0	0
transcript/16644.p1	1	1	0	0	57389889.27	99606160.64	13801309	9430955.918	0	0	57389889.27	0	0	0
transcript/16712.p1	1	1	32138288.61	32883778.35	108911565.5	95008333.06	0	0	0	0	108911565.5	0	0	0
transcript/16742.p1	1	2	0	0	8047406.938	0	0	0	0	0	8047406.938	0	0	0
transcript/16764.p1	16	29	35098577.66	51512263.96	481746833.483	389957104.05	5265870584	4595431017.57	0	0	0	0	3878254712	3886865565.06
transcript/16821.p2	1	5	26754520.76	108194758.4	779591057.2	959342278.9	38125304	73234987.07	26754520.76	108194758.4	779591057.2	959342278.9	0	0
transcript/16855.p1	6	7	80538409.02	110445094.1	306782967.24	294711920.01	11455809	0	0	0	276290115.47	164151919.81	0	0
transcript/16897.p1	3	3	0	10482702.12	149121308.53	106150259.59	470179936	92032982.97	0	0	0	106150259.59	0	0
transcript/16912.p1	1	2	0	0	67039967.46	39540763.1	0	0	0	0	67039967.46	39540763.1	0	0
transcript/16955.p1	1	1	0	0	52145048.09	52890704.08	159858160	217253411.2	0	0	52145048.09	0	0	0
transcript/17.p1	1	1	0	0	38885941.18	38403608.78	0	0	0	0	0	38403608.78	0	0
transcript/17052.p1	2	5	0	0	62788112.41	26954263.72	281559168	59095528.92	0	0	0	0	281559168	59095528.92
transcript/17145.p1	9	26	0	0	159901705.79	42594894.04	9271717528	10094740447.17	0	0	0	0	9115687368	10001283279.9
transcript/1734.p2	1	2	10932893.99	0	156420053.5	169542267.4	17157430	0	0	0	156420053.5	169542267.4	0	0
transcript/17345.p2	1	1	0	28411376.57	57777850.16	67083725.31	17777442	13933147.22	0	0	57777850.16	0	0	0
transcript/1750.p1	5	6	0	8434997.775	280400211.17	276375883.07	40656375	43596142.103	0	0	177636225.8	164616896.41	0	0
transcript/17689.p1	1	1	0	0	119411333.8	0	21733000	0	0	0	119411333.8	0	0	0
transcript/1772.p1	3	3	0	0	97734489.36	100402424.78	436667840	29142269.74	0	0	25653757.72	100402424.78	0	0
transcript/17720.p1	2	2	114442954.93	89020097.97	118823685.21	66850726.65	68500488	104833733.7	72987965.29	0	0	24144742.56	0	0
transcript/17765.p1	25	47	157538503.343	182919792.349	6360604105.38	7183294162.95	1064087663	1408451704.48	0	0	4859299265.6	5457348419.6	390544000	802236838.32
transcript/17802.p4	1	2	0	0	144514373.8	181323405.6	72467640	16981367.58	0	0	144514373.8	181323405.6	0	0
transcript/17824.p1	1	3	14178306.5	98211848.13	1001638349	2599415272	89212168	143385527.7	0	0	1001638349	2599415272	0	0
transcript/1788.p1	1	2	0	0	201478666.7	203969078.1	0	0	0	0	201478666.7	203969078.1	0	0
transcript/17943.p1	1	4	0	0	91604563.85	73956990.42	0	0	0	0	91604563.85	73956990.42	0	0
transcript/18058.p1	1	1	71753087.11	65858982.78	83786027.47	95528488.97	0	0	0	0	0	95528488.97	0	0
transcript/18188.p1	2	2	77433632.11	47479282.09	65347164.73	30551695.22	37219876	11254006.12	55577133.56	26500496.55	0	0	0	0
transcript/18270.p1	21	43	38263077.65	25523752.91	3423892501.83	4182760098.89	2150560033	907888222.303	0	0	2909726358.63	3767301850.65	0	0
transcript/18290.p2	3	3	6607718.683	0	0	0	381748436	306480767.07	0	0	0	0	224296912	270338365.8
transcript/18317.p1	1	1	156320263.3	146755911.5	79012801.96	53285397.73	14113975	0	0	0	79012801.96	0	0	0
transcript/18348.p1	5	6	0	0	108344205.5	20673067.3	209918688	386762598.5	0	0	0	0	47236972	386762598.5
transcript/18545.p1	6	7	0	88617359.18	686539159.88	918938477.68	39165465.5	93343099.72	0	0	445408673.81	601838653.7	0	0
transcript/18731.p1	1	1	0	0	91275548.02	85117976.42	0	0	0	0	0	85117976.42	0	0
transcript/18837.p1	4	6	0	0	218814313.12	322794624.45	103696320	105258598.3	0	0	85379335.48	322794624.45	0	0
transcript/18838.p1	1	1	0	0	204727292.6	200719749.9	0	0	0	0	0	200719749.9	0	0
transcript/18894.p1	3	3	0	0	94084879.13	192594872.54	0	0	0	0	54042878.69	105805994.49	0	0
transcript/1901.p1	10	13	79851691.92	59628275.42	1157350463.8	1419463065.15	117280037	75403798.915	0	0	659186686.3	1020150247.85	0	0
transcript/19025.p1	3	4	29403946.08	10501421.26	180268883.02	176043840.02	136098336	257389120	0	0	180268883.02	98761184.79	0	0
transcript/19036.p1	2	3	70981222.64	126792601.9	84103424.93	36355139.73	0	13366922.34	0	0	84103424.93	0	0	0
transcript/19059.p1	1	1	12516877.81	0	39803741.16	85066433.08	0	0	0	0	0	85066433.08	0	0
transcript/19105.p1	3	5	178567953.6	118053316.18	210711808.08	206603620.97	0	9025356.97	0	0	210711808.08	206603620.97	0	0
transcript/19256.p1	2	2	0	0	202057827.6	239822817.9	39342756	0	0	0	0	239822817.9	0	0
transcript/19506.p4	2	5	951354129.3	1067906250.2	1414894211.85	2351643615.575	8273300448	8766538060.5	951354129.3	376230254.1	0	0	0	0
transcript/19525.p1	5	5	104058016.1	166712936	244351519.99	316968693.78	0	9775436.382	0	0	72839293.78	239896191.25	0	0
transcript/19538.p1	2	2	0	42570229.37	78935469.99	40264246.62	0	0	0	42570229.37	0	40264246.62	0	0
transcript/19553.p1	3	4	7188083.468	23640821.28	133490603.17	946335102.62	10725112	49276564.024	0	0	70223183.28	253217016.22	0	31281714.13
transcript/19846.p1	1	1	0	0	0	59721668.66	0	0	0	0	0	59721668.66	0	0
transcript/19888.p1	2	2	0	0	170930598.99	206557759.65	0	0	0	0	84286164.81	115234667.1	0	0
transcript/1989.p1	2	2	0	0	65677863.67	80475228.33	0	0	0	0	65677863.67	0	0	0
transcript/19947.p1	1	1	0	0	325119255.6	332863096.7	0	0	0	0	0	332863096.7	0	0
transcript/19954.p1	1	1	0	0	90875174.96	83576210.66	0	0	0	0	90875174.96	0	0	0
transcript/19978.p1	1	2	0	0	0	0	93660016	158980283.7	0	0	0	0	93660016	158980283.7
transcript/20072.p1	3	3	15539305.68	17478973.51	26166506.74	0	104150738	48341353.84	0	0	0	0	80176472	48341353.84
transcript/20319.p1	2	2	355444338.7	473515888.2	389638475.884	531017036.81	65188800	0	0	0	381981653.2	10709248.01	0	0
transcript/20324.p1	6	6	0	0	334807024.46	442402175.61	84793248	0	0	0	229662908.33	249181809.72	0	0
transcript/20335.p1	5	9	0	0	489021723.69	388151861.85	420718280	300154321.288	0	0	489021723.69	218769445.65	0	88891403.91
transcript/20399.p1	1	1	0	7273280.97	13291667.63	65858820.78	164943040	338258242.8	0	0	0	0	0	338258242.8
transcript/2041.p1	5	6	0	0	284400399.34	331040820.08	31682720	36012308.33	0	0	127310971.69	250934861.8	0	0
transcript/20433.p1	3	3	0	7365181.548	113079927.109	155858792.83	28782236	25301396.63	0	0	76206319.2	60838211.29	0	0
transcript/20447.p1	1	2	0	0	59580785.41	95550398.89	0	0	0	0	59580785.41	95550398.89	0	0
transcript/2046.p1	1	1	0	0	21037789.79	33232315.7	0	0	0	0	0	33232315.7	0	0
transcript/20519.p1	8	14	67666760.25	91282192.33	3513546108.07	4229207789.52	652365048	199073140.71	0	0	2937578012.8	3077955007.8	80009120	0
transcript/20524.p1	12	50	507465319.9	291016594.655	3105287089.7	3889647651.99	52891140926	56227890144.3	50332304.35	0	2055199584.7	1457891940	52891140926	56227890144.3
transcript/20613.p1	1	1	0	0	0	76602817.5	0	0	0	0	0	76602817.5	0	0
transcript/2067.p1	1	1	0	0	12468581.52	0	26225968	118956600.4	0	0	0	0	0	118956600.4
transcript/2067.p2	29	211	80678927128.69	104896935336.14	94626777911.8	83455308183.8	7444543058	7410430216.38	80545312818.7	104723122671.39	91415787678.9	82778986160.7	4582941204	6618322424.3
transcript/20686.p1	13	20	54358445.76	134768404.3	1509312517.18	2061978650.69	136876379	57106996.624	0	0	1292355308.78	1751730736.95	0	0
transcript/20730.p1	1	1	0	0	63278634.99	67630631.26	0	20928476.61	0	0	63278634.99	0	0	0
transcript/20745.p1	1	1	303174669.7	502749884.7	354352270.2	694611535.5	23900604	0	0	502749884.7	0	0	0	0
transcript/20788.p1	1	1	0	0	161774859.6	176861026.3	384640864	0	0	0	0	176861026.3	0	0
transcript/20825.p1	1	1	0	0	27848459.43	27578783.37	0	94875301.72	0	0	0	0	0	94875301.72
transcript/20851.p1	1	2	0	0	0	0	562299520	115645984.8	0	0	0	0	562299520	115645984.8
transcript/20894.p1	1	2	24915502.66	50196697	26837977.83	33934409.06	0	0	0	50196697	0	33934409.06	0	0
transcript/20965.p1	6	20	24922587.34	79386388.39	314967571.36	41260903.24	5873881800	6043624135.52	0	0	0	0	5873881800	5937040986.72
transcript/2098.p1	1	2	0	0	0	29637715.84	0	0	0	0	0	29637715.84	0	0
transcript/21013.p1	1	1	0	0	108139447.2	0	0	0	0	0	108139447.2	0	0	0
transcript/2105.p1	1	5	0	40772930.76	604763182	703834058.3	17895532163	22317326954	0	0	604763182	703834058.3	17895532163	22317326954
transcript/21062.p1	5	7	829989.9052	26364403.7	109415003.3	252405808.37	0	0	0	0	56917978.58	252405808.37	0	0
transcript/21077.p1	1	1	0	0	86153780.02	115772631.3	0	0	0	0	0	115772631.3	0	0
transcript/21084.p1	1	1	33357672.96	35988256.27	30914190.52	0	0	89363054.34	0	35988256.27	0	0	0	0
transcript/21094.p1	3	4	10999337.33	37919301.87	424828790.77	426136896.24	10342156	124821175.1	0	0	260598801.07	299867994.24	0	0
transcript/21138.p1	1	1	0	0	23854536.78	25752532.06	0	0	0	0	23854536.78	0	0	0
transcript/21141.p1	1	1	0	0	0	68505315.79	0	105600213.6	0	0	0	68505315.79	0	0
transcript/21156.p1	3	11	5525633804.7	7124377170.5	2127070385.54	1197075413.9	358624664	595234305.7	4841849535	7124377170.5	2076787523.4	0	358624664	252541625.1
transcript/21165.p3	3	10	0	0	41717430.81	62411527.25	2318399040	2118178151.3	0	0	0	62411527.25	2318399040	2118178151.3
transcript/212.p1	2	2	0	121652131.5	114166327.12	106113711.7	37970956	63668772.41	0	0	114166327.12	0	0	0
transcript/21218.p1	1	1	0	0	41048256.22	0	11096823	0	0	0	41048256.22	0	0	0
transcript/21219.p1	2	2	0	0	47827010.38	88906155.44	0	0	0	0	0	88906155.44	0	0
transcript/21271.p1	2	2	0	0	68855063.37	111027930.15	74186528	23181985.5	0	0	53711430.52	29529878.4	0	0
transcript/21463.p1	1	2	9816459.558	16995678.88	29328669.84	39039518.48	0	0	9816459.558	16995678.88	0	0	0	0
transcript/21508.p1	1	1	0	0	149903886.3	116203115.6	34515480	15805123.4	0	0	0	116203115.6	0	0
transcript/21820.p1	3	4	0	0	208211673.23	199611431.71	0	0	0	0	130618892.85	162694487	0	0
transcript/2188.p3	2	4	797008813.5	425055710.34	1900864431.1	1979774524	0	0	797008813.5	68567675.04	320317971.1	0	0	0
transcript/21912.p1	1	1	0	0	12877965.5	213898795.4	312253600	0	0	0	0	0	312253600	0
transcript/2196.p1	1	1	0	0	71959345.82	0	0	12101647.63	0	0	71959345.82	0	0	0
transcript/22016.p1	10	15	61064179.43	77377198.9	2517690554.6	3080855369.01	42071122	60256638.605	0	0	2220317859	2748855411.51	0	0
transcript/22040.p1	1	1	0	0	19515845.38	88757233.38	0	0	0	0	0	88757233.38	0	0
transcript/22044.p1	1	1	0	0	112147465.1	0	595712000	1078973647	0	0	0	0	0	1078973647
transcript/22046.p1	5	8	0	26605996.87	357659938.77	383809387.36	9743193	16122717.36	0	0	295422380.7	318056828.27	0	0
transcript/22188.p1	23	68	1304012641.0918	1651298723.39	1791152654.35	1848797169.98	1928530180	1728748589.378	894273541.85	1226484621.76	1226748997.62	1318256448.05	1438279268	791247685.53
transcript/22213.p1	1	1	28980860.17	20396522.47	70116436.09	60662590.94	0	0	0	0	70116436.09	0	0	0
transcript/22226.p1	2	2	0	0	105511765.04	115704888.37	183614496	29317738.028	0	0	58271407.86	74158732.87	0	0
transcript/2228.p1	2	3	0	0	93986314.04	108135106.15	77970896	113446994.5	0	0	71247276.24	108135106.15	0	0
transcript/22320.p1	1	2	0	0	0	0	67484880	68792034.32	0	0	0	0	67484880	68792034.32
transcript/22374.p2	1	1	0	0	76360792.1	85700371.93	29104592	58452303.96	0	0	0	85700371.93	0	0
transcript/22492.p1	1	2	433530292.2	71791083.24	13704367.95	0	0	0	433530292.2	71791083.24	0	0	0	0
transcript/22592.p1	13	57	157633152.652	111324128.517	2990259099.5	1367923068.2	47205812144	40971322617.9	0	29988164.45	2618755839.3	774357913.4	47205812144	37545025846.9
transcript/22646.p1	1	1	0	0	0	28910659.84	87183936	41184480.24	0	0	0	0	0	41184480.24
transcript/2273.p1	5	18	2961101703.2	3424286642.7	1702948561.81	2099509435.27	174195284	116898436.34	2961101703.2	3424286642.7	1702948561.81	1184084197.2	0	0
transcript/22732.p1	3	4	68841314.69	5818722.337	60614527.09	195524999.37	67465596	108704740.38	0	0	60614527.09	80257399.17	42218548	0
transcript/22775.p1	1	3	0	11693424.06	294632119.6	274470562.3	339807584	608550814.8	0	0	294632119.6	0	339807584	608550814.8
transcript/2287.p1	1	1	0	0	77532451.47	318165333.7	0	193315848	0	0	0	318165333.7	0	0
transcript/2288.p1	1	2	0	0	59254414.17	107746687.3	15095066	21316208.28	0	0	59254414.17	107746687.3	0	0
transcript/22934.p1	8	13	79922688.1	121611389.21	1018416513.93	1107526904.6	865488788	434640460.76	0	0	375493196.9	713692801.2	371214412	369380625.15
transcript/22983.p1	2	4	0	0	77367996.63	110845646.98	0	0	0	0	77367996.63	110845646.98	0	0
transcript/23026.p1	1	1	12859630.66	12654773.69	18029305.79	0	38939752	30743192.85	0	0	0	0	0	30743192.85
transcript/23081.p1	1	2	13193168.78	23408124.21	164254627.3	220507970.3	67329904	114808842.3	0	0	0	220507970.3	0	114808842.3
transcript/23272.p1	1	1	747156027.2	637877928.6	232401349.1	262821259.8	0	0	0	0	0	262821259.8	0	0
transcript/23651.p1	2	3	0	0	37657535.62	90530732.5	29874030	10062487.46	0	0	0	90530732.5	29874030	0
transcript/23736.p1	2	5	4838506.572	0	168360983.17	200224090.93	18879250	0	0	0	168360983.17	200224090.93	0	0
transcript/23809.p1	5	12	133149743.7	227951201.1	1002779687.28	995153845.3	160032356	202077183.97	0	0	1002779687.28	995153845.3	104011716	0
transcript/23840.p1	1	5	3643007.265	0	0	0	545128480	313669003.7	0	0	0	0	545128480	313669003.7
transcript/23945.p1	7	11	0	0	723682095.73	1209525223.16	0	0	0	0	476064499	984842402.36	0	0
transcript/23955.p1	14	21	0	0	1650237408.01	2222753518.76	163033656	184031756.8	0	0	1337303827.59	1678391575.11	41736252	0
transcript/2403.p1	1	1	0	0	100284370.5	0	10493613	19109400.04	0	0	0	0	0	19109400.04
transcript/24124.p1	1	3	65839147.5	78430304.1	44946963.03	49746856.78	0	0	65839147.5	78430304.1	0	49746856.78	0	0
transcript/24174.p1	3	4	0	0	142560841.26	84393443.97	71922024	34019977.39	0	0	142560841.26	84393443.97	0	0
transcript/24360.p1	1	1	47415451.1	50048896.88	0	49810107.67	0	0	0	0	0	49810107.67	0	0
transcript/24422.p1	1	3	0	243173041.8	16256066.99	9211509.043	0	0	0	243173041.8	0	0	0	0
transcript/24543.p1	3	3	6832798.039	11690120.03	360183059.9	334954021.48	56168568	117095068.43	0	0	360183059.9	67369687.82	0	0
transcript/24557.p1	7	14	247921884.78	306111066.98	264214137.76	385479256.56	166819216	20935016.4	222793417.78	291757537.28	171473788.43	0	0	0
transcript/24564.p1	1	2	41089182.82	373982517.6	168919072.3	221134750.1	0	0	0	373982517.6	0	0	0	0
transcript/24640.p2	1	3	0	0	95839600.49	112020974.3	115323696	159590575.3	0	0	0	0	115323696	159590575.3
transcript/24651.p2	1	1	0	0	0	0	473625440	114995644.9	0	0	0	0	473625440	0
transcript/24687.p1	2	2	4273109.281	0	189753642.5	253798395.69	0	0	0	0	71348398.9	184386786.4	0	0
transcript/24742.p1	1	1	0	0	34022954.56	23540023.21	0	0	0	0	34022954.56	0	0	0
transcript/24863.p1	1	1	0	0	30848343.21	16109827.34	0	32125442.11	0	0	30848343.21	0	0	0
transcript/24922.p1	2	6	575852895.2	860322859.5	1976416700.3	1448332169.8	45633780	14633113.81	575852895.2	204283417.1	1031057054	511380810	0	14633113.81
transcript/2496.p1	4	6	0	0	569813752.93	872136769.08	40905360	61374591.4	0	0	569813752.93	181100623.48	0	0
transcript/24975.p1	1	1	0	0	58347875.98	77472398.49	0	0	0	0	0	77472398.49	0	0
transcript/25010.p1	1	2	7604043.187	18904963.79	279994268.8	431471420.1	30133488	0	0	0	279994268.8	431471420.1	0	0
transcript/2506.p1	1	4	122035258.6	80593677.82	395442963	676675620.3	0	0	122035258.6	80593677.82	395442963	676675620.3	0	0
transcript/2506.p2	1	1	192715924.6	135773518.5	0	0	0	0	0	135773518.5	0	0	0	0
transcript/25072.p1	2	2	0	0	54053240.55	135386306.15	0	0	0	0	54053240.55	29694917.75	0	0
transcript/25226.p1	5	7	0	0	427159294.05	576876419.13	117379208	148348602.7	0	0	252033119.25	497538850.76	0	0
transcript/25382.p1	1	1	11842998.53	8843145.079	15533902.97	29315386.53	13836062	8338403.78	0	0	15533902.97	0	0	0
transcript/25415.p1	1	1	32773904.77	10829367.91	62041446.67	191218070.9	0	0	32773904.77	0	0	0	0	0
transcript/25423.p1	1	2	12109043.43	27463482.59	102356446.9	44708700.08	0	0	0	0	102356446.9	44708700.08	0	0
transcript/25528.p1	1	1	0	16067319.04	0	0	65082216	46803305.9	0	0	0	0	0	46803305.9
transcript/25569.p1	1	1	0	0	43080973.63	62398018.17	0	0	0	0	0	62398018.17	0	0
transcript/25601.p1	5	7	39029428.233	5898420.961	454349774.92	461552186.2	44442612	149259184.81	0	0	252962987.55	461552186.2	0	0
transcript/25660.p1	2	5	453268492.27	350207543.65	532595834.8	447450457	13704429	0	376810968.9	350207543.65	237989965.8	184213539.1	0	0
transcript/25743.p1	8	27	1149870271.17	1459420967.29	1371898612.19	1116984947.29	137333024	50421677.214	821702783.13	1308698825.38	1371898612.19	1092434398.54	137333024	28637046.94
transcript/25781.p1	1	2	33609226.48	27308503.56	0	0	0	0	33609226.48	27308503.56	0	0	0	0
transcript/25803.p1	6	13	803218343	959487163.05	1251414050.29	1113995285.5	516664208	413627735.22	671930078.8	876996254.51	793006487.8	226477533.7	111729144	119498116.2
transcript/25811.p1	1	2	0	0	0	19846405.39	625593408	168274535.3	0	0	0	0	625593408	168274535.3
transcript/25829.p1	16	89	41355960989.08	39467726475.91	14432433561	16468230268.77	659385747	191641255.61	41355960989.08	39359952415.51	12474861756.6	10553845582.67	59033316	70204666.7
transcript/2584.p1	6	10	0	0	428004548.26	729153305.26	0	6976133.003	0	0	313110640.56	617891764.96	0	0
transcript/25945.p1	6	12	0	7812245.694	480445225.85	762948686.43	0	45682159.273	0	0	480445225.85	762948686.43	0	0
transcript/25998.p1	6	12	936194197.148	1080657692.3	1016237611.269	1028803790.02	370948902	443162444.39	351362498.1	878563420.3	818063818.5	800887520.8	206485678	294938210.4
transcript/26146.p3	2	2	80281344.127	80472298.9	55744992.67	62031203.45	0	0	0	10449148.81	55744992.67	0	0	0
transcript/26183.p1	2	7	378247270.7	487732776.2	491861393.3	696912260.3	61892172	14903994.95	0	0	491861393.3	145658712.9	0	0
transcript/26218.p1	12	48	930629457.2	1081303119.187	2482892195.95	2893682566.31	37526167139	42437283963.03	0	359335507.7	2281394556.6	2501378770.4	37526167139	42217542057.63
transcript/26332.p1	4	6	81169583.38	12701070.44	832458468.9	1074964283.18	281063064	174737350.7	0	0	832458468.9	948828058.9	0	0
transcript/26405.p1	1	1	146948556.5	160289247.8	84194763.03	173665339.3	60861060	0	0	0	84194763.03	0	0	0
transcript/2658.p2	1	4	32527114.08	55135720.92	45413132.46	66433765.6	0	0	32527114.08	55135720.92	0	0	0	0
transcript/26696.p1	1	2	0	0	0	0	255382224	68264888.45	0	0	0	0	255382224	68264888.45
transcript/26795.p1	20	51	940899473.35	1744807644.08	3863613227.66	2099504665.73	352297054	292213919.074	731762376.32	1577831619.44	3521055074.18	1317230428.44	0	0
transcript/26815.p1	9	15	850319880.83	573861846.904	636945087.14	483915961.24	10168950489	2586556431.85	584185405.45	235928989.6	284950858.2	471196446.6	0	0
transcript/26946.p1	1	1	0	0	0	0	34159828	49728167.87	0	0	0	0	0	49728167.87
transcript/26959.p1	6	16	60032901.45	90146761.81	3044659903.98	3381802233.5	1536561416	232975519.65	0	0	3044659903.98	3143255825.8	305790304	0
transcript/26962.p1	1	1	0	0	43567170.62	23203453.39	0	0	0	0	43567170.62	0	0	0
transcript/27136.p1	3	6	1648415937.9	708742937.3	516100267.9	531215779.54	0	81871284.78	1019858803.7	708742937.3	516100267.9	0	0	0
transcript/27198.p1	4	6	506403667.1	299134512.4	252364588.63	363102215.76	55811216	100825163.055	0	162758515.7	103430693.65	298748495.26	0	0
transcript/27322.p1	1	2	896584208.9	1286423310	1120243181	0	16491930	0	0	1286423310	1120243181	0	0	0
transcript/27347.p1	2	2	1199071158	1419560128	945893895.85	1023614172.7	417059784	53632288.93	0	0	0	1007068513	383947136	0
transcript/27383.p1	2	2	0	0	59065217.76	58016218.23	26685441	0	0	0	0	58016218.23	17676394	0
transcript/27425.p1	1	1	0	0	94978695.27	142659598.9	0	0	0	0	94978695.27	0	0	0
transcript/27474.p1	2	3	0	0	446286223.4	288920514.7	0	0	0	0	446286223.4	288920514.7	0	0
transcript/27508.p1	2	3	0	0	115119665.63	61417848.07	0	0	0	0	115119665.63	61417848.07	0	0
transcript/27521.p1	3	5	0	9632165.865	584611000.8	713608402.5	0	8746258.486	0	0	430868307.8	713608402.5	0	0
transcript/27539.p1	2	2	86345641.852	35093470.85	48341897.252	105940610.2	0	0	0	0	39900347.22	105940610.2	0	0
transcript/276.p1	13	17	50608595.69	68713512.245	1076376845	1341771605.05	21836550	29280404.855	0	0	609633883.77	905028634.44	0	0
transcript/27686.p1	5	9	0	0	387253318.04	453061881.67	0	0	0	0	387253318.04	422442904.48	0	0
transcript/27729.p2	3	8	180871239.1	216570076.36	1242417277.1	1585646849.8	395188576	284400344.6	180871239.1	0	1242417277.1	1408998657.3	395188576	284400344.6
transcript/27776.p1	5	7	534005233.91	313106160.86	59340204.15	0	9428692	0	534005233.91	149496388.49	0	0	0	0
transcript/2781.p2	3	4	142124860.332	302653673.11	610886962.97	613126776.55	0	0	137311762.9	290782315.3	0	414982048.65	0	0
transcript/27851.p1	1	1	48453795.58	49211612.53	88655646.79	143161419.8	43604408	0	0	0	0	143161419.8	0	0
transcript/27944.p1	4	7	0	0	0	48088349.45	624060748	576043350.07	0	0	0	0	624060748	576043350.07
transcript/28007.p1	1	1	0	0	62856642.52	75885326.52	0	0	0	0	62856642.52	0	0	0
transcript/28120.p1	1	1	0	0	275687195.7	363210692.9	0	0	0	0	0	363210692.9	0	0
transcript/28155.p1	2	3	0	0	211873426.1	215196626.4	0	0	0	0	211873426.1	215196626.4	0	0
transcript/28171.p1	25	61	2172385403.16	2452574416.858	3080502737.23	2982129284.64	3347286975.5	3324092518.237	1328992368.08	1673767791.71	1331524064	1978238995.19	630316482	313025873.09
transcript/28351.p1	12	27	857479872.164	873127017.34	894626938.66	1218466054.54	317762114	395025657.71	733790065.594	644971067.58	547440135.47	573358424.06	0	0
transcript/28430.p1	6	7	0	20402099.848	619981912.9	704716174.69	14945049	32472672.09	0	0	158439306	704716174.69	0	0
transcript/28464.p1	2	3	171231986.35	148657866.91	91972811.29	98954056.03	227022008	709530153	171231986.35	131814134.7	0	0	0	0
transcript/2848.p1	3	4	0	0	164393334.5	217067817.01	138193776	23858845.22	0	0	83551019.8	217067817.01	0	0
transcript/28521.p1	2	2	0	0	94928696.4	118960886.41	22070346	37768762.32	0	0	62652593.11	48168303.24	0	0
transcript/28522.p1	1	1	0	0	61426131.72	91098734.63	0	0	0	0	61426131.72	0	0	0
transcript/28576.p1	14	27	97115911.79	209197939.83	287418939.59	592133936.323	3331345211	3231888694.92	0	0	0	0	3175341060	3016750455.65
transcript/28577.p1	2	3	0	0	118145055.04	321067988.43	16502475	0	0	0	118145055.04	221780796.3	0	0
transcript/28628.p1	4	11	116146146.68	211585300.88	284667356.44	294017383.16	0	0	116146146.68	211585300.88	205800495.08	140282090.73	0	0
transcript/28848.p1	6	10	1533413344.24	439092183.83	139175144.53	113946981.487	0	0	1533413344.24	342390026.15	0	0	0	0
transcript/28898.p1	1	1	0	779134368.9	0	0	0	0	0	779134368.9	0	0	0	0
transcript/28911.p2	2	3	167834230.05	126495694.8	0	50272586.6	0	0	30601402.05	126495694.8	0	0	0	0
transcript/29033.p1	2	3	0	0	43402318.87	188204224.92	0	0	0	0	43402318.87	188204224.92	0	0
transcript/29059.p1	5	10	5040579379.6	5932711928	4894581564.78	6067523971.2	755373562	1107226991.53	0	0	4849641172.9	891451292.2	0	0
transcript/29118.p1	1	2	0	0	62566102.71	179395756.3	0	0	0	0	62566102.71	179395756.3	0	0
transcript/292.p1	8	10	23340553.88	17814585.5	374690897.11	634720754.11	599336936	307152308.8	0	0	331517485.94	433961911.61	0	0
transcript/29236.p1	3	5	21896311.25	25932740.906	1499417799.6	1878163366.5	11219582	0	0	0	1499417799.6	1597131833	0	0
transcript/29258.p1	1	1	0	0	36064359.21	42943728.8	0	0	0	0	0	42943728.8	0	0
transcript/29262.p1	8	22	1209655584.45	1598560949.08	1512578598.3	1549068198.78	102990754	103695138.99	1023202151.95	1598560949.08	1319000870.54	906704677.2	0	0
transcript/29288.p2	2	5	121780457.55	121003602.5	44997452.19	32860562.07	0	0	121780457.55	121003602.5	44997452.19	0	0	0
transcript/29338.p1	1	1	0	4745219.367	80619260.75	112133854.1	0	0	0	0	0	112133854.1	0	0
transcript/29427.p1	2	2	0	0	46400608.67	190833297.31	217448128	302677859.2	0	0	0	108695342.4	0	302677859.2
transcript/29532.p1	3	5	627400262.2	673289815.9	0	0	17469220	22922591.617	379613117.5	551085126.3	0	0	0	0
transcript/29646.p1	1	2	0	0	0	0	116052560	108084264.7	0	0	0	0	116052560	108084264.7
transcript/29648.p2	1	1	137569726.8	377933369.6	0	4934322.136	105813608	34542856.72	0	0	0	0	105813608	0
transcript/2966.p1	3	5	0	0	402586763.88	583616978.26	0	0	0	0	402586763.88	518636125.2	0	0
transcript/2969.p1	9	14	256315659.56	30808726.76	736255451.68	886178935.01	24362748	48889881.869	0	0	574966542.9	868330727.69	0	0
transcript/29710.p1	1	1	29311572.7	0	87518600.56	73390197.15	26787912	19465415.68	0	0	0	73390197.15	0	0
transcript/29754.p1	3	5	0	0	203833960.33	208310153.22	0	0	0	0	166774866.08	208310153.22	0	0
transcript/29994.p1	6	14	140618074.376	7288262.895	126909425.169	96012100.53	2707431628	3178969243.86	0	0	0	0	1564421292	3178969243.86
transcript/30.p1	1	1	4631171.72	0	0	0	0	39649709.8	0	0	0	0	0	39649709.8
transcript/30076.p1	9	11	270897727.36	0	1045161559.56	864568887.24	59045732	111513893.01	0	0	828964558.26	462197312.82	0	0
transcript/30271.p1	2	2	0	0	203500334.5	303279102	0	0	0	0	0	303279102	0	0
transcript/3036.p1	4	7	0	0	405816198.48	564605198.17	1028718336	1231629287.62	0	0	335828417.65	58778954.27	1028718336	57939290.62
transcript/30366.p1	36	99	2405417544.925	3112447641.32	7326152787.66	7566071097.19	3348639272	2560860956.15	2057536023.36	2275737603.34	5889587839.72	5651754576.19	2213884206	1595704034.75
transcript/3061.p1	1	1	0	0	17447050.33	59105740.35	0	11128670.43	0	0	0	59105740.35	0	0
transcript/30649.p1	1	1	0	0	40201512.07	51273457.76	0	0	0	0	0	51273457.76	0	0
transcript/30706.p1	2	2	0	0	112335740.41	177335029.33	0	0	0	0	80357119.51	73474186.73	0	0
transcript/30750.p1	6	25	1022666510.7	3110989926.9	3439765947	2878493723.2	21709056	21992185.48	1022666510.7	2307915676.5	2814082948.1	2878493723.2	0	0
transcript/30759.p1	1	1	0	0	0	0	80790600	120496705.6	0	0	0	0	0	120496705.6
transcript/30764.p1	2	3	89647029.69	77650116.99	112930807.06	93646221.08	55430160	46902396.43	43526849.15	62188848.18	69688704.48	0	0	0
transcript/30839.p1	5	6	9148190.075	0	41738774.3	96307208.25	946720744	610573282.31	0	0	0	0	946720744	138054045.3
transcript/30880.p1	6	10	1304873877.583	1054991854.39	98745134.39	95109961.58	0	36908391.19	767843823.383	984115744.18	70567705.82	0	0	0
transcript/30897.p1	1	1	24814330.47	0	86334130	157929973.8	0	11362196.52	0	0	0	157929973.8	0	0
transcript/30990.p1	18	26	448435693.91	351190245.5	507824092.25	183090613.48	1943425210	1772469204.17	0	0	0	0	1683127448	1465091874.95
transcript/31101.p1	7	11	299941661.95	371187509.44	331994492.67	317015114.76	66585364	44863561.687	102108193.13	216316475.84	88547711.03	66353564.86	0	0
transcript/31112.p1	1	1	0	0	0	0	0	169086163.8	0	0	0	0	0	169086163.8
transcript/31253.p1	9	21	1183237837.21	1352249972.42	1795090410.4	2941310245.21	5952336	18039008.35	912076068	798433047.72	1028531670.6	382795091.8	0	0
transcript/31286.p1	1	2	0	0	129518155.6	200632608.8	28348718	5774485.875	0	0	129518155.6	200632608.8	0	0
transcript/31357.p1	2	2	19969143.52	35323236.52	0	0	120505228	166912224.95	0	0	0	0	120505228	0
transcript/31552.p1	1	1	0	0	0	17587945.92	24037176	0	0	0	0	17587945.92	0	0
transcript/31589.p1	5	5	59767897.34	37155549.079	431933565.94	666980975.99	116657190	104116334.2	0	0	184990360.72	405905858.5	0	0
transcript/31608.p1	2	4	0	0	595983195	895584270.2	0	0	0	0	595983195	895584270.2	0	0
transcript/31639.p1	3	5	0	0	432320064.41	577333535.8	18995900	21612630.83	0	0	432320064.41	468188339.2	0	0
transcript/31683.p1	3	3	0	98834473.55	221191221.96	217292222.01	0	0	0	0	182367545.38	47148621.92	0	0
transcript/31714.p1	4	5	32285447.61	38008664.77	168029509.54	414961239.36	0	87874719.8	0	0	108549515.69	222474246.59	0	87874719.8
transcript/3176.p1	6	7	0	7454022.23	287889752.94	530366171.57	42153096	53373588.13	0	0	188331112.19	362878262.3	16831930	0
transcript/31782.p1	6	7	15245997.18	13153495.37	476155110.07	540801040.11	0	0	0	0	279726862.72	311414812.09	0	0
transcript/31895.p1	5	25	2454150203.5	3442856996.4	4030084091	3312342491	43572460	22857272.777	2454150203.5	3442856996.4	4030084091	3312342491	0	0
transcript/31923.p1	7	11	0	0	1481916185.03	2584729842.1	59288167	28041632.628	0	0	1244836077	1745785143.7	0	0
transcript/3194.p1	5	9	1122228005	352411220.546	281195012.25	621702436.9	41689048	19040196.59	0	0	159936778.45	569746361.52	0	0
transcript/31955.p2	1	1	0	0	0	0	0	0	0	0	0	0	0	0
transcript/32290.p1	1	1	0	0	0	290187733.8	17915988	6034750.874	0	0	0	290187733.8	0	0
transcript/32342.p1	8	10	11563343.53	30097839.77	619598651.08	680269413.54	169843398	236134657.14	0	0	251771585.02	556280045.94	68140496	0
transcript/32343.p1	3	6	210786927.55	315144238.51	369176409.72	348837876.84	64183760	65032354.8	176335698.48	170494768.7	318155571.2	184929614.3	0	0
transcript/32456.p1	3	8	332223231.1	406086332.79	288561338.63	442944145	2547201306	3948509386.78	0	0	0	259899310.4	2547201306	3892486405.4
transcript/32490.p1	1	1	0	0	58474285.67	59924549.42	15436543	45473539.33	0	0	0	59924549.42	0	0
transcript/32503.p1	1	2	0	0	0	0	257790608	179481669.6	0	0	0	0	257790608	179481669.6
transcript/32611.p1	4	5	15739016.27	20993547.2	54875548.78	113979842.25	0	2405856.804	0	0	54875548.78	113979842.25	0	0
transcript/32758.p2	1	1	0	0	68942849.52	91372001.81	2046057216	230656943	0	0	0	0	0	230656943
transcript/32808.p1	1	1	26302040.19	0	70299065.6	67464114.96	12388379	0	0	0	70299065.6	0	0	0
transcript/32848.p1	10	14	117624393.341	19290839.2	544373799.43	638330940.235	8391109	0	0	0	431204278.89	374323291.73	0	0
transcript/32881.p1	18	28	40954196.38	0	264229782.4	133740374.22	4147393224	4468444212.67	0	0	0	55126009.5	2495897552	3815186452.47
transcript/32889.p1	20	28	37944050.09	50586876.82	3175407702.41	3521685999.79	648333666	1010489411.699	0	0	2441834635.26	2214471366.74	32653900	0
transcript/32947.p1	5	16	698524228.3	930851870.79	614630511.29	756066114.91	10870973	1447540194	602081581	857806212	215142854.26	445591096.21	0	0
transcript/33017.p1	7	12	885329899.99	890050778.55	2047666544.82	1931265864.35	187579642	60744543.417	517984129.72	698393074.4	1130126131.62	273190379.6	0	0
transcript/33065.p1	3	5	0	20542404.42	0	0	177072830.5	210907733.98	0	0	0	0	115548654.5	210907733.98
transcript/33168.p1	2	4	446015267.8	572368111.7	810678459.9	644588203.63	82019704	123591760.46	0	434607889.4	213274283.9	99659162.13	0	61337026.38
transcript/33227.p1	1	1	0	0	105230797.5	171389887.7	0	0	0	0	0	171389887.7	0	0
transcript/33255.p1	1	1	0	0	17475505.14	80560704.3	0	0	0	0	0	80560704.3	0	0
transcript/33284.p1	3	4	0	0	232964680.75	255556697.1	21819476	22672608.76	0	0	232964680.75	46676166.4	0	0
transcript/3333.p1	5	7	163380156.14	152730542.11	316738784.2	684544977.7	147540613	167550237.75	0	47741526.35	202587509.6	500754942.5	72031372	109266796.1
transcript/33437.p1	2	3	20231426.02	0	0	0	294090736	215325763.07	0	0	0	0	231755696	215325763.07
transcript/33451.p1	1	1	0	0	24348765.18	0	0	0	0	0	24348765.18	0	0	0
transcript/33466.p1	3	5	0	0	401669761.92	539429116.08	35477228	0	0	0	320197253.8	539429116.08	0	0
transcript/33551.p2	1	1	0	0	135422223.4	183460699.7	15014424	0	0	0	135422223.4	0	0	0
transcript/33595.p1	2	4	3373229.728	39673515.97	541052578.9	754066526.9	6950532.5	8004270.892	0	0	541052578.9	754066526.9	0	0
transcript/33641.p1	14	19	109377145.58	46529481.872	2018983303.66	2147050158.98	220085204	627039465.27	0	0	1125514761.07	1550623598.11	0	0
transcript/33661.p1	16	30	1204355391.15	138259332.14	2559270526.43	3906848931.17	175152994	142625211.08	0	0	2559270526.43	2889649704.27	108249520	35393474.46
transcript/33733.p1	2	4	0	0	245918938.2	442154071	282082768	228568018.5	0	0	245918938.2	442154071	0	0
transcript/33750.p1	6	19	2527362559	2417237436.5	1393307538.04	837895938.73	317179588	557180967.31	2335023767.9	2417237436.5	990680765.74	543492450.9	0	0
transcript/33836.p1	4	5	51585211.2	148613761.87	500822906.01	503305761.55	27503626	0	0	0	500822906.01	37134461.08	0	0
transcript/3399.p1	1	1	0	0	0	0	78681088	83288707.12	0	0	0	0	0	83288707.12
transcript/34039.p1	9	48	3939282635.1	4406513387.4	5770758791.82	4457599345.8	1442745037.813	1027554411.85	3939282635.1	4406513387.4	5770758791.82	4457599345.8	297086065.813	945658433.94
transcript/34040.p1	1	1	0	0	0	0	43910328	75523927.71	0	0	0	0	0	75523927.71
transcript/34115.p1	8	18	2236089003.77	2178220575.37	1080414819.38	1563041304.79	2993330392	5249932694.6	1704035967.27	1841730211.47	664914719.1	171305728.8	0	0
transcript/34210.p1	2	3	48445125.99	0	54257608.34	72494858.6	0	18681992.9	48445125.99	0	54257608.34	72494858.6	0	0
transcript/34273.p1	8	17	540551476.49	585362087.79	386452448.84	501386668.19	66719140	14542664.39	186633095.43	368433794.33	287781362.96	351582684.2	0	0
transcript/34452.p1	6	12	0	0	0	0	1014522364	954353805.84	0	0	0	0	1014522364	487665434.23
transcript/34488.p1	2	3	0	0	0	58624907.52	259678080	265741415.98	0	0	0	0	146734704	265741415.98
transcript/34513.p1	2	6	124133139	210331371.4	189454194.74	195304720.76	47519272	72489492.97	0	210331371.4	189454194.74	195304720.76	0	0
transcript/34550.p1	1	1	0	0	55775836.31	82476773.1	0	0	0	0	0	82476773.1	0	0
transcript/34602.p1	2	3	181928816.62	232502952.8	59203666.06	54055885.5	399054744	624199824.6	101009823.7	122601003.9	0	0	0	481194572.7
transcript/34704.p1	2	2	0	0	0	0	35649327	47686572.4	0	0	0	0	35649327	0
transcript/3471.p1	1	2	0	0	165611306	188657818.5	0	13854797.49	0	0	0	188657818.5	0	13854797.49
transcript/34896.p1	4	4	40094933.34	46107365.88	207752176.83	230096606.95	0	0	0	0	0	230096606.95	0	0
transcript/35097.p1	7	8	61053795.7	0	519085267.81	464748894.42	15772222	86492873.76	0	0	371865308.92	196627081.02	0	0
transcript/35124.p1	10	15	668251478.918	315541068.66	298737465.18	370248615.2	892228308	629925890.43	0	0	0	0	892228308	312413674.89
transcript/35130.p1	7	11	0	0	699666343.08	984712128.21	76159225	47896264.3	0	0	417874063.17	984712128.21	0	0
transcript/35270.p2	1	1	0	0	0	0	55109276	98350443.83	0	0	0	0	0	98350443.83
transcript/35365.p1	1	1	26074276.57	18344307.21	0	0	0	0	0	18344307.21	0	0	0	0
transcript/35474.p1	8	11	11844449.18	79045040.23	808461315.3	887524440.56	249947024	288142895.534	0	0	581475884.23	721925403.17	0	0
transcript/355.p1	2	2	0	0	35073712.03	61903062.42	0	0	0	0	35073712.03	43340228.68	0	0
transcript/35546.p2	1	1	35586719.85	60772342.3	60222919.81	570845848.5	0	0	0	60772342.3	0	0	0	0
transcript/35547.p1	1	2	0	32398648.14	30771741.37	76989340.8	100664688	119754437.2	0	0	0	0	100664688	119754437.2
transcript/35557.p1	10	12	78116981.52	154346251.4	1068346609.74	1464553706.98	319526059	319248461.986	0	0	570767961.59	893858828.98	0	0
transcript/35558.p1	1	2	0	0	0	0	103861728	223226834.4	0	0	0	0	103861728	223226834.4
transcript/35716.p1	1	2	0	0	13657860.53	88247980.68	119784896	133164956.2	0	0	0	0	119784896	133164956.2
transcript/35854.p1	1	2	0	21667172.11	311526081.4	343906522.7	29708012	0	0	0	311526081.4	343906522.7	0	0
transcript/35973.p1	1	1	0	0	78130578.71	148970896.8	0	0	0	0	78130578.71	0	0	0
transcript/35984.p1	1	2	0	0	0	0	73233376	164276002.6	0	0	0	0	73233376	164276002.6
transcript/36000.p2	1	2	12918835.87	12581868.51	70102258.03	91325397.38	20672026	0	0	0	70102258.03	91325397.38	0	0
transcript/36227.p1	2	3	0	0	350131148.4	24146461.77	0	0	0	0	350131148.4	0	0	0
transcript/36275.p1	5	8	340544125.98	283244413.95	235160343.86	193489609.03	576750870	726011588.4	118312832.7	283244413.95	0	0	0	0
transcript/36326.p2	2	7	0	42422480.65	106479604.22	199546929.6	712663804	739651502.3	0	0	0	0	712663804	739651502.3
transcript/36334.p1	1	1	0	0	12934057.97	24920491.44	0	0	0	0	0	24920491.44	0	0
transcript/36448.p1	2	2	454937302.4	393111538.4	171425107.6	199607993.28	42027416	0	0	0	0	199607993.28	0	0
transcript/36451.p1	1	1	0	0	0	0	45961144	0	0	0	0	0	45961144	0
transcript/36528.p1	21	44	1531276718.87	1602930972.01	1912558051.35	1723684128.85	203242759	191602731.2	1264792179.86	1236252434.4	1100022650.14	768574128.07	0	0
transcript/36657.p1	3	3	10013510.12	42491017.17	39126412.07	35759881.91	108492618	70043133.14	0	0	0	0	80606140	56436342.72
transcript/36676.p1	8	16	207929379.46	244151721.98	647636852.46	648486160.32	67460872	43504089.31	100886921.01	198912028.31	316610260.56	350939610.8	0	0
transcript/36746.p1	1	1	117988330.6	213228253.7	46910606.98	0	0	0	0	213228253.7	0	0	0	0
transcript/36823.p1	1	1	0	0	0	46214689.36	0	0	0	0	0	46214689.36	0	0
transcript/36844.p2	1	1	21060941.08	34999049.11	39226762.15	36068495.18	0	0	0	34999049.11	0	0	0	0
transcript/36907.p1	3	7	0	0	287724357.87	376593842.2	0	0	0	0	287724357.87	251564567.3	0	0
transcript/36944.p1	1	1	0	0	66362927.02	269045595.3	0	0	0	0	0	269045595.3	0	0
transcript/36954.p1	1	1	49747200.59	76162148.69	0	0	0	0	0	76162148.69	0	0	0	0
transcript/37006.p1	1	1	0	0	100557047.7	137665530.2	56754208	27644312.66	0	0	0	137665530.2	0	0
transcript/37042.p1	1	1	0	0	137795876.4	184543740.1	0	0	0	0	137795876.4	0	0	0
transcript/37154.p1	2	3	143374244.57	180949453.59	87905211.56	142411877.65	66444316	5230065.766	56299403.28	132102348.6	0	0	0	0
transcript/37158.p1	2	2	13976368.95	19770038.68	148677628.72	164039190.51	34642340	35458132.92	0	0	148677628.72	0	0	0
transcript/37182.p1	2	4	214857144.82	146032476.5	149081542	204678426.92	122044232	20472816.58	160467051.2	146032476.5	149081542	125264997	0	0
transcript/37315.p1	1	1	1580572349	927142065.8	937425503.6	2549816564	0	0	0	0	0	2549816564	0	0
transcript/37448.p1	1	1	0	0	155404140.6	60968102.11	0	0	0	0	0	60968102.11	0	0
transcript/37639.p1	1	4	0	0	0	0	108300376	148558746.5	0	0	0	0	108300376	148558746.5
transcript/37660.p1	3	6	0	0	698925093.79	1129698647	18258388	0	0	0	615772978.3	1129698647	0	0
transcript/37816.p1	4	5	0	0	0	0	478770424	503053804.68	0	0	0	0	478770424	46548144.31
transcript/3787.p1	1	1	0	0	0	0	119234456	65298353.15	0	0	0	0	0	65298353.15
transcript/37957.p1	21	49	3098881971.17	3661316872.62	1493335485.32	1648086872.17	88980857	184554432.262	2698760485.17	2824818226.3	693325368.26	445599257.21	0	0
transcript/37981.p1	5	5	109437630.8	44519028.6	52484735.66	0	347106576	267240775.21	0	0	0	0	166827648	257969838.11
transcript/37995.p2	1	1	0	0	0	0	451997440	774626688.5	0	0	0	0	451997440	0
transcript/38384.p1	3	6	78775939.36	142733725.53	217039122.75	184866283.4	92219698	83236521.899	47907546.5	142733725.53	50553446.55	0	53644612	0
transcript/38386.p1	1	3	0	0	0	0	168726432	83085240.05	0	0	0	0	0	83085240.05
transcript/38403.p1	1	2	0	54408607.49	117050976	0	0	0	0	54408607.49	0	0	0	0
transcript/38484.p1	1	1	21320996.62	133614711.7	0	0	0	0	21320996.62	0	0	0	0	0
transcript/3859.p1	2	3	0	0	184870651.67	202851550	849961728	1070239669	0	0	184870651.67	0	0	0
transcript/38604.p1	1	1	0	0	50160909.63	71963677.17	0	0	0	0	0	71963677.17	0	0
transcript/3870.p1	4	5	0	0	127192736.66	159441560.49	44884462	20258138.426	0	0	13544284.31	159441560.49	0	7892348.026
transcript/38771.p1	4	7	164111606.24	221217250.16	431955336.06	99961963.96	124666400	339340823.88	60520670.14	221217250.16	58937445.45	0	0	0
transcript/38858.p1	24	40	18382767.19	0	6093790552.32	7590648532.6	464316102	519593252.131	0	0	3473015023.63	6333945707.8	42129564	55280658.27
transcript/39058.p1	1	2	0	0	132195246.6	183946612.5	0	0	0	0	132195246.6	183946612.5	0	0
transcript/39205.p1	1	1	7820102.652	14808967.72	0	12919131.01	41095516	83218324.43	0	0	0	0	0	83218324.43
transcript/39205.p2	3	4	0	0	0	0	265098860	259418812.1	0	0	0	0	164113244	259418812.1
transcript/39221.p1	1	2	29122745.53	74072917.32	0	0	0	0	29122745.53	0	0	0	0	0
transcript/393.p1	3	4	70699733.38	6375749.072	171671275.13	238878254.97	15440124	0	0	0	105179162.24	130169892.67	0	0
transcript/39552.p1	1	1	0	0	45727724.02	37130754.55	0	0	0	0	45727724.02	0	0	0
transcript/39633.p1	1	1	49706255.23	65118792.75	53397102.14	75823580.82	205121536	255107294.4	0	65118792.75	0	0	0	0
transcript/39659.p1	1	1	350399611.8	480711852.2	296292225.8	502271628	0	0	0	0	0	502271628	0	0
transcript/39697.p1	1	1	0	0	0	0	535908800	0	0	0	0	0	535908800	0
transcript/39968.p1	1	2	0	0	0	0	58628216	93010799.59	0	0	0	0	58628216	93010799.59
transcript/40003.p1	3	3	0	0	92426046.43	184887586.54	0	0	0	0	92426046.43	97310624.12	0	0
transcript/40028.p1	1	2	0	0	13997416.51	32737289.39	0	0	0	0	13997416.51	32737289.39	0	0
transcript/40074.p1	1	1	0	0	0	13292639.12	0	0	0	0	0	13292639.12	0	0
transcript/40147.p1	4	12	1692813679.6	1473419532.6	1780668359.42	848169088.56	19471306	21934228.1	1692813679.6	1473419532.6	471012742.6	513322754	0	0
transcript/40152.p1	1	1	15652466.7	0	150604689.9	184174893.4	39568580	0	0	0	0	184174893.4	0	0
transcript/40190.p1	1	1	0	0	60748229.56	34278822.32	0	0	0	0	60748229.56	0	0	0
transcript/40242.p1	8	13	48484851.87	0	375816314.36	649857195.18	26648330	183737761.9	0	0	289759361.13	649857195.18	0	0
transcript/40243.p1	1	1	0	12701574.3	29805122.6	0	0	0	0	0	29805122.6	0	0	0
transcript/40309.p1	1	1	0	0	115439703.4	121968217.7	4170149632	1762170962	0	0	0	0	4170149632	0
transcript/40602.p2	1	4	55214872.11	86729166.8	78560589.85	71866159.7	0	0	55214872.11	86729166.8	78560589.85	71866159.7	0	0
transcript/40621.p1	2	3	0	0	308401831.78	344925117.48	11975590	0	0	0	231547711.2	344925117.48	0	0
transcript/40649.p1	2	2	0	0	0	0	116577532	160493423.21	0	0	0	0	41319932	111422828.9
transcript/40684.p1	3	4	0	29141183.238	492742266.61	765280001.7	11506001	20238012.35	0	0	399917838	520242068.5	0	0
transcript/40693.p1	1	1	0	0	0	0	56890972	55503516.49	0	0	0	0	56890972	0
transcript/40780.p1	2	8	901720420.9	1202088578.9	1081299063.1	1165938910.2	51809376	142996177.1	901720420.9	1202088578.9	1081299063.1	408202505.1	0	85688583.88
transcript/40955.p1	2	4	115464254.99	175848029.47	42926759.66	135272970.08	0	0	94772028.1	175848029.47	0	99315216.88	0	0
transcript/40981.p4	1	3	0	0	0	0	12086285	19501539.76	0	0	0	0	12086285	19501539.76
transcript/41301.p1	2	2	67443910.89	110574314.59	0	35597493.11	21492660	0	0	110574314.59	0	0	0	0
transcript/41414.p1	7	15	576047401.81	589541719.74	531329712.99	686220330.04	0	5388014.84	179132502.87	539699698.97	146976013.56	482917033.85	0	0
transcript/4143.p1	7	10	17486735.097	71405011.424	489899825.03	541443972.36	56073392	15964315.997	0	0	391612264.09	335304965.88	37926088	0
transcript/41454.p1	2	2	57378807.437	50096791.96	148965399.78	389628746.9	231645748	170412452.05	0	0	0	389628746.9	0	0
transcript/41458.p1	1	1	87435951.91	41684041.75	56220152.85	59879224.39	0	0	87435951.91	0	0	0	0	0
transcript/41530.p1	46	111	3221185336.54	2874355852.57	3061196553.227	3121491028.39	10734652138	10731025660.679	1397986648.47	1366523897.19	584001267.98	1458531325.55	9391104384	9630285066.688
transcript/4179.p1	1	3	31314614.52	79982946.89	167511352.5	222607883.9	654742020	551529931.8	31314614.52	0	167511352.5	0	0	0
transcript/42135.p1	1	1	0	0	0	36019256.66	55539356	0	0	0	0	36019256.66	0	0
transcript/42177.p1	15	24	137143768.84	116862607.922	1564112383.17	1443432794.01	142866191	34661951.61	0	0	1457636327.67	1044902296.62	0	0
transcript/42215.p1	11	27	0	26594357.52	2557087491.79	3777753323.04	495608722	293308401.42	0	0	2411598300.15	3456802635.94	410927070	139514641.27
transcript/42397.p1	2	4	462461832.3	507964637	561837797.7	258643850.5	0	0	205934460.1	278012238.5	255935599.8	258643850.5	0	0
transcript/42499.p1	1	1	0	0	226759942.6	186889653.4	0	0	0	0	226759942.6	0	0	0
transcript/42571.p1	2	2	0	0	163873982.55	172572651.6	0	0	0	0	132983164.6	57786662.7	0	0
transcript/42618.p1	1	1	58080809.15	89787300.25	0	0	0	0	0	89787300.25	0	0	0	0
transcript/42671.p3	1	1	0	0	17907992.13	39423746.36	0	0	0	0	0	39423746.36	0	0
transcript/42710.p1	13	28	1280772996.87	1120012849.8	664682008.987	745715329.01	225635284	83312341.991	1126973514.17	916525446.02	194128693.84	282877366.33	0	0
transcript/42813.p1	1	2	0	0	49184627.28	47834682.66	0	2429412.545	0	0	49184627.28	47834682.66	0	0
transcript/42838.p1	5	9	380803824.04	556354839.17	349004761.22	274148849.19	309391802	635693287.11	210072760.1	556354839.17	186131488.5	199674743.8	0	0
transcript/43043.p1	16	24	0	0	1801865974.43	2025419381.41	295830389	175402196.684	0	0	1495516187.23	1444631882.18	0	0
transcript/43109.p1	1	1	0	0	120972855.8	222873319.4	0	0	0	0	120972855.8	0	0	0
transcript/43156.p1	1	1	26289086.28	0	0	0	0	0	26289086.28	0	0	0	0	0
transcript/43220.p1	2	2	85526517.08	67648017.64	61585150.95	46399710.1	291959192	595241268.58	0	0	0	0	0	595241268.58
transcript/43224.p1	1	2	0	0	98893647.42	80908374.88	0	10191567.02	0	0	98893647.42	80908374.88	0	0
transcript/43343.p1	2	4	304959467.5	239175041.36	397287222.59	241863547.06	242699232	101113992.9	0	239175041.36	297597320.2	209889101.9	0	0
transcript/4349.p2	1	1	0	0	0	0	70814136	108658342.5	0	0	0	0	0	108658342.5
transcript/43541.p1	1	1	12065387.56	6649823.571	66286255.14	102386612.8	11229688	5621766.126	0	0	0	102386612.8	0	0
transcript/43553.p1	1	1	0	0	361591365.5	532881202.5	0	0	0	0	361591365.5	0	0	0
transcript/43578.p1	1	1	0	0	67114627.24	102731630.5	0	0	0	0	0	102731630.5	0	0
transcript/43593.p1	11	17	0	0	980038611	1161628714.88	33279906	152395686.31	0	0	777919966.33	1113251006.83	0	0
transcript/43610.p1	1	1	43391588.13	20761507.26	54376780.43	49200806.9	22478272	0	43391588.13	0	0	0	0	0
transcript/43644.p1	7	12	24986389.82	0	988289695.83	1408672082.85	16694422	65251929.43	0	0	988289695.83	1054658700.75	0	0
transcript/43772.p1	2	2	0	0	250231385.28	461482380.7	48019700	88663634	0	0	0	461482380.7	0	0
transcript/43853.p1	1	1	0	21652832.63	74992957.66	94422249.83	0	0	0	0	74992957.66	0	0	0
transcript/4390.p1	7	19	3574327956.73	3840341597	2598759876.58	2185088192.72	832546969	1216168477.79	1406192032.23	3610368977.8	1269848938.78	1712780074.12	33404202	85204578.14
transcript/43980.p1	2	2	0	0	76688292.49	125309042.61	16947172	0	0	0	37480543.37	62708186.02	0	0
transcript/4413.p1	3	5	0	0	152495711.63	201896344.9	0	0	0	0	152495711.63	180338418.93	0	0
transcript/44186.p1	17	28	77831930.74	90876032.03	2230056011.09	2170869298.59	332428535	3080904046.723	0	0	1380830843.29	1817910398.27	0	0
transcript/44215.p1	17	42	2288809079.79	2545613326.06	2509108424.87	2360151232.18	328489905	447565899.662	1804153744.29	2269132705.79	1290728139.12	793749055.4	170342600	122868481.59
transcript/44266.p1	3	3	0	23668055.645	146019896.7	329811023.67	16846540	10292863.1	0	0	81070505.01	201625968.17	0	0
transcript/44282.p1	1	1	0	10659605.2	1016366753	888039318.9	0	55877845.99	0	0	0	888039318.9	0	0
transcript/44297.p1	4	5	53010061.32	37746794.97	178026130.86	341167298.56	42179281	10458469.19	0	0	128240744.48	283402352.93	0	0
transcript/44360.p1	3	5	0	0	411569806.9	512775180.2	220942848	24906014.4	0	0	411569806.9	378601219.6	0	0
transcript/4438.p1	1	2	37203080.39	57394004.63	0	0	0	0	37203080.39	57394004.63	0	0	0	0
transcript/44418.p1	1	1	2759468864	2630075296	31549261.36	34503057.95	6299468.5	0	0	0	31549261.36	0	0	0
transcript/44473.p1	15	56	8185089901.32	8414531401.86	7921842461.8	6278344113.33	1461305766	971152054.72	2588224445.52	6076006834.86	6093331322.5	4533540967	1199589842	415597293.98
transcript/44536.p1	1	1	67855153.33	53739288.83	29921327.49	95510370.25	0	0	0	53739288.83	0	0	0	0
transcript/44540.p1	1	4	625068427.9	571626530.3	97237189.75	119205508	501733536	815351386.7	625068427.9	571626530.3	0	119205508	501733536	0
transcript/44624.p1	31	68	181626983.92	168306002.306	765847807.4794	879599925.1	13450316504	13319827146.86	0	0	380746319.86	129186655.75	11566438808	11752045792.37
transcript/4472.p2	1	2	28053698.09	73766949.79	87539918.58	81723858.42	27105122	35765007.28	0	73766949.79	0	0	27105122	0
transcript/44767.p1	5	7	0	0	826216307.48	837113658.71	88096560	115295446.92	0	0	191732046.08	781891745.11	0	0
transcript/44783.p1	1	1	0	15510118.84	24991385.63	18912257.64	28893544	33526863.41	0	0	24991385.63	0	0	0
transcript/44784.p1	2	12	0	0	294974161	324784830.9	7810131008	5243320020	0	0	294974161	324784830.9	7810131008	5243320020
transcript/44831.p1	1	1	16436534.03	15807103.09	74046211.52	102051849.2	0	0	0	0	0	102051849.2	0	0
transcript/4492.p2	1	1	0	24677268.68	52081276.55	51940463.74	0	0	0	24677268.68	0	0	0	0
transcript/44925.p2	1	1	0	51908759.06	0	0	0	30855355.36	0	51908759.06	0	0	0	0
transcript/44974.p1	3	4	34995782.19	58314021.81	189562875.49	266258797.79	28349534	6451817.288	0	0	156738249.06	141344321.89	0	0
transcript/44998.p1	8	22	0	0	115499404.1	1980134.465	1774666180.5	1681938536.094	0	0	0	0	1774666180.5	1681938536.094
transcript/45031.p1	4	7	0	0	651574531.91	792087311.92	0	25687498.68	0	0	500271392.3	792087311.92	0	0
transcript/45069.p1	1	2	650708332.4	790707683.3	979377746.8	13137859.76	0	24821342.46	0	790707683.3	0	0	0	0
transcript/4511.p1	1	1	1388155447	1358169848	2106631239	2098470544	151754864	165769595.8	0	1358169848	0	0	0	0
transcript/45112.p1	5	11	23763853.81	9020477.684	2127041953	1453256840	264919912	2860159.389	0	0	2023921096.6	1453256840	39170040	2860159.389
transcript/45221.p1	2	2	0	0	122277517.3	234332046.03	0	0	0	0	0	234332046.03	0	0
transcript/45269.p1	7	11	13157895.81	11786441.58	32295629.952	84609923.18	674758098	714077345.42	0	0	0	0	600359672	700226096.28
transcript/45373.p1	9	17	0	61763588.77	1146269736.85	1235399383.9	281835908	183248567.55	0	0	1056891231.99	1064772211.14	99040670	107664415.3
transcript/454.p1	8	12	189047770.372	197135633.19	377070800.75	402584695.11	69061216	137727778.29	159341332.36	131642072.07	0	254757112.15	0	0
transcript/45573.p1	1	1	19425888.63	16138392.32	48005144.51	62426268.7	0	0	0	0	0	62426268.7	0	0
transcript/45578.p1	2	3	22106671.07	14016698.89	235305117.11	282407544.87	34873872	24042985.05	0	0	235305117.11	217176797.4	0	0
transcript/45605.p1	11	25	1664853909.55	1790079307.86	9801285175.09	17899073310.161	312953698	501384592.53	1323456551.3	1024038766.36	715431499.11	16480136525.301	0	0
transcript/45633.p1	1	2	0	0	53539829.33	74096069.95	0	0	0	0	53539829.33	74096069.95	0	0
transcript/45646.p1	2	3	0	0	139770162.36	191131941.14	0	0	0	0	76995773.8	191131941.14	0	0
transcript/4565.p1	16	37	1089104296.35	1500211526.86	1444025343.93	1039037264.01	55310404	396481959.67	854590038.75	1237375863.94	837962951	731439476.5	0	0
transcript/45686.p1	2	5	792199801	623963072.7	139447085.2	512041804.69	0	0	792199801	623963072.7	139447085.2	418211865.8	0	0
transcript/45742.p1	16	29	5494362.221	32888650.868	1634355937.86	1174555525.99	131623002	229697417.47	0	0	1430818838.06	1054712779.53	23831878	72695951.49
transcript/45768.p1	1	1	0	118366703.1	0	54045034.03	0	0	0	118366703.1	0	0	0	0
transcript/45774.p1	4	7	0	50528894.369	422759560.62	315066637.33	0	0	0	0	422759560.62	163769197.12	0	0
transcript/45801.p1	1	1	39520345.55	64968687.15	0	51080591.22	31876042	50716589.97	0	0	0	0	0	50716589.97
transcript/4603.p1	8	10	0	0	559855662.88	740900769.44	14231210	0	0	0	290700179.28	502742380.8	0	0
transcript/46047.p2	2	3	519937834.21	30962105.17	118679032.9	192577915.6	17664164	12909670.72	509113878.5	30962105.17	0	192577915.6	0	0
transcript/46163.p1	4	4	0	43293414.67	77628768.88	53804269.53	271619132	205999901.88	0	0	0	0	223834112	40186770.36
transcript/46192.p1	1	2	0	0	0	0	84820488	46615891.6	0	0	0	0	84820488	46615891.6
transcript/46305.p1	7	11	939270018.51	851898106.03	200841065.84	280877766.58	33040758	23948794.04	608601758.27	667707648.43	0	0	0	0
transcript/46531.p1	2	7	535724349.5	495433287	151462538.77	117729067.42	0	0	535724349.5	495433287	151462538.77	74846040.1	0	0
transcript/46541.p1	27	58	120506155.319	313503708.184	12848712422.87	16932371068.8	2173468958	2357879397.912	0	49447321.77	8010230539.81	13628385145.97	1385169926	966508598.78
transcript/46602.p1	1	1	0	0	46813016.1	0	27683920	0	0	0	0	0	27683920	0
transcript/4668.p1	1	1	0	0	0	183957036	0	53457622.52	0	0	0	183957036	0	0
transcript/46708.p1	1	1	0	0	44148118.64	43685095.85	67063648	109774313.5	0	0	44148118.64	0	0	0
transcript/46888.p1	1	2	0	0	91938266.07	136438452.5	0	87334609.97	0	0	91938266.07	136438452.5	0	0
transcript/47006.p1	3	5	217064521.68	211135057.55	260543171.2	311546177.47	26652890	5854814.818	206416278.71	211135057.55	117760031.6	0	0	0
transcript/47098.p1	8	12	0	0	909419799.36	1379772079.3	0	0	0	0	743558942.56	1081088998.6	0	0
transcript/47115.p1	4	5	114212013.4	63244124.86	465415355.88	571176030.66	0	18879722.05	0	0	381276591.93	230655008.8	0	0
transcript/47155.p1	6	7	490077402.8	0	74166899.05	94058932.324	423313880	318620067.28	0	0	31552937.47	0	219936432	251928308.57
transcript/47173.p1	2	3	0	0	17569722.36	23627364.19	76411798	104989407.6	0	0	0	0	76411798	72195107.82
transcript/47211.p1	3	4	0	0	140225354.4	107928504.76	0	6876862.922	0	0	102687254.06	82079010.27	0	0
transcript/47214.p1	1	1	81775655.49	130733072	0	77749583.87	0	0	81775655.49	0	0	0	0	0
transcript/47252.p1	1	2	0	0	0	40659589.39	11179357	2833869.73	0	0	0	40659589.39	0	0
transcript/47340.p1	1	1	0	0	33366678.18	60466093.13	100999536	54603422.72	0	0	33366678.18	0	0	0
transcript/47373.p1	4	5	0	0	281475865.14	308019849.74	11225430	0	0	0	188191651.47	189058989.19	0	0
transcript/47418.p1	1	2	0	0	57996047.91	58820605.69	0	57349978.64	0	0	57996047.91	58820605.69	0	0
transcript/47464.p1	3	3	0	50910528.24	15776221.47	0	40967692	154396007.13	0	0	0	0	0	154396007.13
transcript/47497.p1	1	2	0	0	0	0	36293184	69310281.93	0	0	0	0	36293184	69310281.93
transcript/47601.p1	1	3	0	0	66007866.44	39261618.62	0	0	0	0	66007866.44	39261618.62	0	0
transcript/47625.p1	1	3	26475759.17	32276322.07	36558248.01	26536016.2	0	0	26475759.17	32276322.07	0	26536016.2	0	0
transcript/4764.p1	1	1	19284554.45	8483847.806	0	0	53482544	17393338.19	0	0	0	0	53482544	0
transcript/47644.p1	1	1	0	0	0	0	173060816	340309419.7	0	0	0	0	0	340309419.7
transcript/47645.p1	1	3	63195098.78	44207128.5	27313329.04	34235529.31	27089594	0	63195098.78	44207128.5	0	34235529.31	0	0
transcript/47734.p2	4	12	1235918393.44	714104160.74	193350352.47	140781898.37	6460568	8720502.525	1168837975.6	714104160.74	105137536.5	0	0	0
transcript/47745.p1	5	15	274051976.66	634584820.19	384276288.93	318244693.064	37583501	119208332.3	274051976.66	634584820.19	278518356.33	73102009.77	0	0
transcript/47784.p1	4	10	154378435.6	259568377.24	264964186.63	288586673	0	0	154378435.6	215981102.46	264964186.63	288586673	0	0
transcript/47804.p1	1	1	0	0	26183664.73	24311639.87	0	223238130.7	0	0	0	24311639.87	0	0
transcript/4781.p1	1	1	0	0	0	16964810.34	0	0	0	0	0	16964810.34	0	0
transcript/48024.p1	7	9	133747449	191280883.7	940223602.55	914472744.67	35976618	16867856.93	0	0	316203125.27	823792283.43	0	0
transcript/48132.p1	1	2	0	0	132931317	194999220.2	0	0	0	0	132931317	194999220.2	0	0
transcript/48148.p1	6	11	0	0	343997122.346	394511450.47	60046492	104849436.51	0	0	94826650.456	359231963.95	0	0
transcript/48197.p1	11	23	0	63618155.338	481054534.12	642738294.97	1695060856	1132799155.14	0	0	0	0	1243268108	833710134.39
transcript/48268.p1	2	7	70572697.77	213473838.3	188113317.7	251037586.3	3933542004	5536553072.8	0	0	0	251037586.3	3844135588	5536553072.8
transcript/48312.p2	1	3	20614773.94	47818737.77	52196348.04	48904237.5	0	0	20614773.94	0	52196348.04	48904237.5	0	0
transcript/48373.p1	4	4	76622496.03	97866390.599	82431513.61	59492181.33	130444680	353964412.62	36327976.26	0	0	29008944.02	0	318470951.41
transcript/48462.p1	5	6	0	0	619891890.63	624072550.92	23056598	63215484.54	0	0	491101831.33	350885005.25	0	0
transcript/48492.p1	11	17	6603753.868	11152417.26	638975967.56	1238240417.78	173521319	161442705.947	0	0	377121529.76	1194688060.84	0	0
transcript/48554.p1	1	1	0	0	82921149	69720427.17	169403680	0	0	0	82921149	0	0	0
transcript/48679.p1	5	8	349366112.935	636784141.72	62781629.34	123842124.75	82890864	94687105.33	52547150.585	617596832.35	0	0	0	0
transcript/48868.p1	9	17	8280144.884	30425056.781	81800114.631	259190415.47	1308928492	1705368673.18	0	0	0	0	1055910504	1705368673.18
transcript/49048.p1	2	3	0	0	80770982.94	144731069.18	0	0	0	0	51754625.14	144731069.18	0	0
transcript/49140.p1	1	1	0	0	353183828.5	475421001.3	0	0	0	0	353183828.5	0	0	0
transcript/49239.p1	1	1	0	0	16983985.01	0	21223394	42903007.07	0	0	16983985.01	0	0	0
transcript/49249.p1	1	2	0	0	14530411.71	0	72107136	75130200.98	0	0	0	0	72107136	75130200.98
transcript/49395.p1	3	4	0	0	14506709.09	0	188301884	192050441.72	0	0	0	0	113755304	192050441.72
transcript/49475.p1	1	1	0	0	0	0	39479584	43191244.99	0	0	0	0	39479584	0
transcript/4965.p1	1	1	0	0	0	39753615.73	150235024	0	0	0	0	39753615.73	0	0
transcript/49683.p1	6	11	2697721753.42	3805040666	1303228635.07	1205186843	2081564710	1941006523.05	0	0	0	0	901060354	1941006523.05
transcript/49751.p1	7	13	164334830.675	93191716.325	911328675.24	1096008424.37	276543886	237592077.16	0	0	824668390.5	778094876	52143040	101043462.98
transcript/49804.p1	2	4	0	0	216283589.27	193375600.35	0	25639148.62	0	0	216283589.27	193375600.35	0	0
transcript/49895.p1	1	1	0	0	106802057.4	144865266.2	0	0	0	0	0	144865266.2	0	0
transcript/4990.p3	5	20	13071748.02	18763707.48	305744169.84	378103378	7813344472	9661196207.2	0	0	0	378103378	3522793688	9661196207.2
transcript/50037.p1	1	1	0	0	62387628.99	76593029.07	0	0	0	0	0	76593029.07	0	0
transcript/50051.p1	1	1	21424044.47	15890335.19	0	8008308.645	151991712	30740274.44	0	0	0	0	151991712	0
transcript/50060.p1	1	2	107317331.4	75162210.78	119861007.5	62610931.95	0	24367914.6	0	0	119861007.5	62610931.95	0	0
transcript/50123.p1	6	18	1527973954.46	1202322869.28	1875773769.6	1414220571.83	145179714	240218830.252	1151656736.66	1177375861.71	1875773769.6	1379407503.6	0	0
transcript/50175.p1	1	1	58107932.42	47593884.09	47863847.86	74430621.87	520270592	729061117.3	0	0	0	0	0	729061117.3
transcript/50217.p1	1	1	4739944.95	0	109279779	60049183.82	30421050	0	0	0	109279779	0	0	0
transcript/50258.p1	1	3	136875997.7	89201768.03	119709450.8	63850564.99	0	0	0	89201768.03	119709450.8	0	0	0
transcript/50285.p1	1	2	0	0	100605006.8	141229913.4	0	0	0	0	100605006.8	141229913.4	0	0
transcript/503.p1	2	2	0	0	66168123.06	132961845.44	0	0	0	0	42746558.25	40103337.14	0	0
transcript/50380.p1	1	1	0	0	46738611.01	59292270.98	0	37628958.6	0	0	0	59292270.98	0	0
transcript/50482.p1	3	3	304766519.56	361372311.6	1075761182	636956845.03	30012124	43467906.65	0	0	621515363.2	379636413.73	0	0
transcript/50497.p1	4	5	0	0	390212465.4	871500327.83	21187380	6545897.984	0	0	253176218.8	753873491.03	0	0
transcript/50532.p1	1	1	0	0	53757937.94	26854387.33	0	0	0	0	53757937.94	0	0	0
transcript/50536.p1	27	92	3949566960.24	5772532864.07	9640316803.8	10802912560.5	264596831	288800301.369	2922479829.36	4687584221.54	9008761992.2	8311059105.58	46701372	0
transcript/50594.p2	1	2	147006041.6	92089839.57	71360199.79	97056802.1	263121008	75712659.7	0	0	71360199.79	97056802.1	0	0
transcript/50789.p1	2	3	0	0	148269661.49	196093507.17	0	46524629.66	0	0	57858686.31	132914587.2	0	0
transcript/50832.p1	6	7	119935462.2	173955292.22	229197761.93	91848476.65	0	91137260.73	0	154626087.77	139349957.01	72040479.47	0	0
transcript/50851.p1	1	2	73491665.92	63647083.92	114325299.6	127172232.2	0	16077504.83	73491665.92	63647083.92	0	0	0	0
transcript/51163.p1	2	2	43982525.79	34809546.68	49728084.1	0	51496580	50944656.59	21899464.93	0	49728084.1	0	0	0
transcript/51372.p1	1	1	671096634.8	752522535.8	445134184.1	489216553.7	0	0	671096634.8	0	0	0	0	0
transcript/51436.p1	1	2	0	0	0	0	80706656	107115961.1	0	0	0	0	80706656	107115961.1
transcript/51450.p1	1	2	18112869.02	16024236.37	169519389.9	221338025.9	193745056	0	0	0	169519389.9	221338025.9	0	0
transcript/51466.p2	2	2	0	0	119463453.07	182391234.21	0	0	0	0	52645745.76	94977994.08	0	0
transcript/51493.p1	6	6	0	220614147.8	460315572.43	438343918.53	110837165	6254918.541	0	0	312327574.6	230050788.05	0	0
transcript/51599.p1	9	25	1909998511.63	1012465442.82	714031166.48	526087985.2	91998574	135427106.18	1909998511.63	799518207.52	608377206.99	457242567.11	0	0
transcript/51685.p1	1	2	0	0	33203528.64	54250219.6	0	0	0	0	33203528.64	54250219.6	0	0
transcript/51850.p1	1	1	0	0	25416926.86	48833733.48	0	0	0	0	25416926.86	0	0	0
transcript/51855.p1	2	4	0	0	369672399.66	357060102.32	51316168	25192120.57	0	0	369672399.66	357060102.32	0	0
transcript/51940.p1	5	6	117583383.38	166373014.11	148031788.5	171575528.12	9823481	12753406.05	0	166373014.11	0	71344376.29	0	0
transcript/51950.p1	15	39	1512058233.29	528696144.1	1275897464.48	1297169622.84	4836819232	4047565771.65	257268687.11	90038152.5	879559732.44	807813740.35	3530337360	1634007476.02
transcript/52048.p1	1	1	0	0	97969645.59	197066466.5	0	0	0	0	0	197066466.5	0	0
transcript/52075.p1	2	2	0	0	109030794.93	142689820.33	0	0	0	0	74971563.23	61323961.87	0	0
transcript/52103.p1	1	1	0	0	0	0	74740072	56433062.17	0	0	0	0	74740072	0
transcript/52130.p1	21	39	423568041.589	399424014.91	3354212516.63	3938418268.8	766401588	687388864.55	0	0	2168549599.39	2931159088.53	380130990	399289923.97
transcript/52246.p1	3	6	0	95033180.13	0	18532728.77	321348464	309838323.77	0	0	0	0	321348464	225133393.32
transcript/52380.p1	3	5	18865470.2	16806664.71	895575389.18	782298917.79	145689423	184471695.02	0	0	340635088.98	690169956.1	0	0
transcript/52402.p1	3	3	0	0	459753957.94	687583616.9	0	0	0	0	0	687583616.9	0	0
transcript/52487.p1	20	35	37123519.091	26673972.165	4175285175.4	4308972222.39	473914586	556480428.15	0	0	3350130239.9	2774854373.94	70150976	191978339.59
transcript/52501.p1	1	1	17513187.05	25519371.41	54214832.2	96547314.22	0	15733441.28	0	0	0	96547314.22	0	0
transcript/52509.p1	49	129	466631618.61	341271012.08	1536375618.41	1695675900.77	36399760928	40313411231.497	41910757.14	0	546591033.27	551163654.66	31429683072	38171308131.31
transcript/52595.p1	3	3	0	104457027.12	441199021.91	754894950.35	44654672	65875480.23	0	0	106258566.61	608326801.9	0	0
transcript/52656.p1	1	1	0	0	0	0	7171383	2315198.354	0	0	0	0	7171383	0
transcript/52673.p1	1	1	0	0	115888358.3	111468946	0	0	0	0	115888358.3	0	0	0
transcript/527.p1	5	8	0	0	364305550.81	465718661.67	0	0	0	0	286720122.64	373094106.88	0	0
transcript/5279.p1	4	5	8117339.626	10178316.85	215411297.07	155207316.17	7225264922	83458859.731	0	0	215411297.07	58600142.44	0	0
transcript/52807.p1	4	7	63206094.27	179105326	804065584.73	932841966.37	230341860	131189720.31	0	0	492644641.73	462687444.9	0	109684600.49
transcript/52822.p1	1	1	21112451.88	31442308.71	0	58453414.68	0	32259211.21	0	31442308.71	0	0	0	0
transcript/52840.p1	2	4	93599028.3	6902290.656	207366809.64	199362068.79	0	0	93599028.3	0	207366809.64	150295266.1	0	0
transcript/52842.p1	1	2	0	39405882.48	13621861.42	20355338.23	9014382592	10789120629	0	0	0	0	9014382592	10789120629
transcript/52966.p1	4	7	170830324.11	87658270.05	39993553.09	57869983.18	114348368	157064808.3	128507094.95	87658270.05	0	0	0	0
transcript/5304.p1	7	9	23070459.86	20420915.36	872695383.61	804717682.84	96888667	59989456.446	0	0	514380889.72	705686829.21	0	0
transcript/53067.p3	1	1	0	0	292859539.8	425074439.3	0	0	0	0	292859539.8	0	0	0
transcript/53138.p1	1	1	0	0	6030216.942	20410642.19	24853256	0	0	0	0	0	24853256	0
transcript/53152.p1	6	7	22218247.18	10674081.42	494100645.46	837364230.45	16875396	0	0	0	155720574.43	720108375.85	0	0
transcript/53153.p1	2	3	191552022.41	78514112.56	119992583.26	122739773.23	0	0	0	0	119992583.26	82434354.97	0	0
transcript/53185.p1	3	6	366131707.97	260969049.55	65766892.53	93560601.67	0	0	262509449.07	260969049.55	65766892.53	0	0	0
transcript/53280.p1	1	2	0	0	19203913.26	32800874.25	0	0	0	0	19203913.26	0	0	0
transcript/53314.p1	4	6	273578896.18	230906050.73	269315551.29	329877313.16	36080372	137744383.446	227420342.49	153902098.52	0	143222332.9	0	0
transcript/53403.p1	4	5	33542307.67	60569263.98	333136314.43	391974161.69	19636598	41833563.33	0	0	225839043.83	213481378.1	0	0
transcript/53437.p1	3	3	39485921.57	5317268.409	32847332.55	163385794.74	176513536	0	0	0	32847332.55	116063530.38	0	0
transcript/53576.p1	5	5	8100964.006	7826119.852	253651635.74	366519142.12	21690642	87391112.71	0	0	75796643.38	247817929.14	0	0
transcript/53636.p3	1	4	274061080.3	430393262.3	611245899.2	383281004.7	775612096	804600315.7	274061080.3	430393262.3	611245899.2	383281004.7	0	0
transcript/53705.p1	20	31	1808772978.682	1100856988.21	3100318257.59	2973825977.36	10236345432	7527159100.52	0	0	0	209628431.25	8824892624	3120470196.56
transcript/53706.p1	10	19	2167654931.83	2221595929.95	689726418.03	282546650.33	55307760	0	1546841219.61	2142233684.81	349020641.5	0	0	0
transcript/53736.p1	1	2	87369583.28	0	178341435.6	130280919.2	0	0	0	0	178341435.6	130280919.2	0	0
transcript/53803.p1	4	11	936421461.1	915908772.45	305261196.87	263866566.96	0	3103247.914	936421461.1	577360308.4	62203568.94	142147204.16	0	0
transcript/53844.p1	2	3	0	0	0	0	176153891	93850954.87	0	0	0	0	176153891	93850954.87
transcript/53856.p1	5	7	0	0	393797881.71	303445317.27	84535184	54250340.7	0	0	294321482.18	263370936.22	0	0
transcript/53873.p1	1	2	0	0	0	0	118720400	136510361.4	0	0	0	0	118720400	136510361.4
transcript/53911.p1	1	1	0	0	19747817.92	116306277.5	0	8632695.345	0	0	0	116306277.5	0	0
transcript/53992.p1	4	7	0	0	591789325.6	777819840.2	0	0	0	0	475269330.6	777819840.2	0	0
transcript/54000.p1	4	6	0	0	504132480.54	496608093.23	50282264	0	0	0	364173338.26	398849120.15	50282264	0
transcript/54102.p1	1	2	281644775	158233174.2	3501455.897	0	229937744	314292195.4	0	0	0	0	229937744	314292195.4
transcript/54132.p3	1	1	0	0	0	0	88976184	21152850.33	0	0	0	0	88976184	0
transcript/54251.p1	1	1	0	0	57540146.96	0	46128388	0	0	0	57540146.96	0	0	0
transcript/54404.p1	6	9	383828056.87	246902183.58	412514729.85	634926932.2	135538542	195124637.15	220664806.16	232067594.05	90361680.96	0	0	0
transcript/54467.p1	2	2	0	0	29776235.87	48759613.465	0	0	0	0	0	48759613.465	0	0
transcript/54503.p1	1	1	0	0	20466853.43	57888164.22	0	0	0	0	0	57888164.22	0	0
transcript/54538.p1	3	4	98872928.12	71639050.3	41412944.3	128186419.59	12340702	29907870.13	61849328.94	71639050.3	27897276.1	0	0	0
transcript/54568.p1	1	1	0	0	22152072.6	32662996.52	0	0	0	0	22152072.6	0	0	0
transcript/54577.p1	1	1	0	0	0	0	0	0	0	0	0	0	0	0
transcript/54581.p1	2	4	0	0	117344563.6	207112817.2	336057512	251397815.14	0	0	0	0	336057512	69532878.44
transcript/54641.p1	1	1	4362805.465	6258273.953	42162188.82	104683758	0	0	0	0	0	104683758	0	0
transcript/5467.p1	16	37	626673169.138	997735504.203	2495935058.11	2385367114.79	488550736	647773822.309	275662631.49	604818760.66	2334744107.35	1786785559.89	0	0
transcript/54706.p1	1	1	0	0	13283035.57	22080516.06	140060944	78418297.02	0	0	0	0	140060944	0
transcript/54719.p1	4	6	148976691.53	143384695.83	713270579.4	144434250.52	52829652	21600103.58	0	0	483509286.4	144434250.52	0	0
transcript/54878.p1	1	3	56663082.07	26267186.4	46214260.61	60793551.85	0	0	56663082.07	26267186.4	46214260.61	0	0	0
transcript/55058.p2	1	1	6469620.458	0	0	213845906.8	0	0	0	0	0	213845906.8	0	0
transcript/55088.p1	2	3	0	0	49859226.89	148559448.5	0	0	0	0	49859226.89	148559448.5	0	0
transcript/55139.p1	6	29	22634066.71	37766244.558	7961053709.1	11378238988.9	331815520	407717492.203	0	0	7961053709.1	8279735649.9	331815520	398359165.6
transcript/55237.p1	3	7	67379897.416	103613817.54	198565551.32	162215747.32	0	0	59409970.68	76091457.2	139246962.34	117569319.76	0	0
transcript/55257.p1	5	6	95464832.5	143045662.34	174781345.56	66931668.22	1649505204	553660584.5	74610405.04	130654037.84	0	0	0	0
transcript/5528.p1	17	44	439318249.166	919094276.1	2058131190.61	2203238682	100739626	88656321.24	186272075.66	600581404.52	1798415601.91	1415311893.08	0	43766795.7
transcript/55330.p1	7	18	435583649.6	576253441.18	452158512.68	691234684.86	101061332	121278720.87	180679857.95	455120856.78	261596936.3	532006607.3	0	24197192.16
transcript/55453.p1	34	66	585949697.202	433805932.46	1238627228.67	1330068240.399	8042957350.5	6585176217.82	0	0	707188642.86	375832270.32	6702887854	5810657104.25
transcript/55540.p1	21	35	115770915.663	97668025.101	5611153688.73	7835985953.8	826449661.5	865171207.547	0	37640500.77	4184032579.26	6066022308.9	47836752	33556306.18
transcript/55570.p1	1	1	0	0	38761789.79	47567422.12	0	0	0	0	0	47567422.12	0	0
transcript/55579.p1	17	28	299928294.1	99486697.54	264440992.96	492506965.282	3207280702	2779872972.68	0	23279975.71	180384285.58	0	2821284770	1423247458.11
transcript/55633.p1	5	13	371460359.04	445259086.85	779335249.4	629138720.6	76118220	16047009.11	197452911.14	399390319.4	593833062.9	629138720.6	0	0
transcript/55686.p1	1	1	0	0	297931107.3	346450255.6	0	33622425.37	0	0	297931107.3	0	0	0
transcript/55749.p1	1	1	0	0	0	0	40328844	28481382.16	0	0	0	0	40328844	0
transcript/55796.p1	7	14	0	17317893.04	0	32031170.82	1669707651.5	1305233562.07	0	0	0	0	1614989395.5	1240386707.4
transcript/55860.p1	2	2	112255799.33	40170570.03	0	106380897	0	0	0	40170570.03	0	106380897	0	0
transcript/55944.p1	3	3	168615190.16	147281615.13	140110919.66	122894967.69	45064584	17674856.76	80484980.17	0	56521432.32	58660674.59	0	0
transcript/55985.p1	2	3	26180035.94	0	0	0	262144536	361152883.6	0	0	0	0	262144536	139599944.7
transcript/56194.p1	1	1	0	0	10629677.94	106730994.7	0	0	0	0	0	106730994.7	0	0
transcript/56304.p1	1	2	0	0	103096660.3	284423309	0	0	0	0	103096660.3	284423309	0	0
transcript/56354.p1	2	2	42845341.07	5351611.469	22447078.07	77657684.99	0	0	0	0	0	77657684.99	0	0
transcript/56375.p1	26	89	7395194360.28	9743575731.7	9875576886.8	9334453326.19	1229976611	1429464636.9	5994465852.64	8058575876.2	7047710005.6	6583825582	455241739	245418147.37
transcript/56420.p1	1	2	0	0	28751274.82	0	392364288	665324494.1	0	0	0	0	392364288	665324494.1
transcript/56424.p1	3	4	223057418.47	106707324.27	424125189.8	344695336.16	52571904	0	0	0	424125189.8	73413452.33	0	0
transcript/56427.p1	8	27	72153418.87	251761544.229	7355754911.31	7504593934.85	2635993820	2237455005.87	0	0	7314972383.3	7504593934.85	1666468060	1534209375.9
transcript/56442.p1	1	2	293895271.8	181842587	54646711.11	38918512.99	0	0	293895271.8	181842587	0	0	0	0
transcript/56454.p1	6	11	409095962.23	435446825.84	236542367.01	233987852.65	40868612	0	279703670.17	388721375.73	42492664.9	43269338.95	0	0
transcript/56475.p1	1	1	0	0	21900535.18	36202184.24	13728016	0	0	0	21900535.18	0	0	0
transcript/56532.p1	2	4	49992447.75	101925770.25	26011908.6	22301007.53	45489572	41309758.87	14879756.26	101925770.25	26011908.6	0	0	0
transcript/56576.p1	3	5	199698307.93	262206451.5	181599425.78	193112801.25	236427898	152186869.34	0	125773464	0	193112801.25	0	0
transcript/56651.p1	1	1	0	0	41664004.15	40214876.4	33605168	39959386.93	0	0	0	40214876.4	0	0
transcript/56694.p1	10	17	0	0	1823382914.66	3168904448.57	150288534	76840685.822	0	0	1566278147.3	2569906953.17	70758728	72480472.98
transcript/56832.p1	8	14	91023452.02	36226017.69	1449450242.32	1726272358.96	185715296	162892905.85	0	0	1341973946.14	1651855302.61	0	0
transcript/56869.p1	2	6	801417530.6	520740440.8	288223230.21	291965414.6	50738974	0	801417530.6	520740440.8	288223230.21	178517840.3	0	0
transcript/56873.p1	1	2	0	0	0	0	96838512	161810088.8	0	0	0	0	96838512	161810088.8
transcript/56916.p3	2	14	7363967895	5830155373	78444304.31	275339268.35	168609264	1199965015.6	7363967895	5830155373	78444304.31	275339268.35	0	348363769.9
transcript/56923.p1	2	3	0	0	150567406.69	158519255.53	0	11993298.98	0	0	92493782.73	158519255.53	0	0
transcript/56927.p1	11	19	495535415.995	182978042.396	818396828.69	1587477889.55	19260108	35031116.83	0	0	746482207.43	1446327939.35	0	0
transcript/5693.p1	1	2	0	0	20352240.39	0	0	0	0	0	20352240.39	0	0	0
transcript/56986.p1	2	6	21845581.8	273203932.9	589063216.4	469324334.1	0	6243877.881	0	115485129.5	589063216.4	469324334.1	0	0
transcript/57083.p1	1	1	71127261.09	13460226.5	35955790.95	24656095.47	7868307	69914030.75	0	0	35955790.95	0	0	0
transcript/57089.p1	1	1	0	0	33171163.19	62200259.77	0	0	0	0	0	62200259.77	0	0
transcript/57117.p1	2	3	0	0	94864668.03	173429701.85	16374243	0	0	0	54020652.25	173429701.85	0	0
transcript/57154.p1	2	2	0	0	239240826.95	288526098.5	0	0	0	0	152181884.1	122075095.6	0	0
transcript/57154.p2	1	1	0	0	25936140.9	28487678.03	0	0	0	0	0	28487678.03	0	0
transcript/57203.p1	4	4	68130575.5	74209134.98	367724563.86	278806049.39	33187352	92093632.05	0	0	166349796.04	134718152.47	0	0
transcript/57211.p1	5	9	243609326.746	46041107.766	622976373.76	1159697678.86	0	0	0	0	493793115.36	1159697678.86	0	0
transcript/57230.p1	11	16	547871257.29	269718909.97	1506322638.67	1918575930.05	469413164	125751377.727	0	0	1306767144.86	1627155963.34	0	0
transcript/57339.p1	14	23	782515439.7	666336374.7	2454220562.63	2987381461.7	561810160	510447042.037	0	0	1593252724.6	2759552418.3	267229288	350629728.44
transcript/57524.p1	1	1	0	0	15907661.4	28003378.56	0	40880709.93	0	0	0	28003378.56	0	0
transcript/57556.p1	2	4	0	0	0	0	637676496	697091260.8	0	0	0	0	637676496	697091260.8
transcript/57609.p1	1	1	46409414.69	54171044.32	20078465.92	27615168.98	0	0	0	54171044.32	0	0	0	0
transcript/57620.p1	2	3	0	0	96896298.74	101701864.4	24849838	0	0	0	61521353.93	101701864.4	0	0
transcript/57663.p1	3	4	0	56103338.1	183094158.08	773902894.6	16649419	0	0	0	98626913.16	773902894.6	0	0
transcript/57673.p1	1	6	0	0	930142.5062	0	0	0	0	0	930142.5062	0	0	0
transcript/57684.p1	1	1	148887363.8	129956919.5	78488884.54	85058013.43	0	0	0	129956919.5	0	0	0	0
transcript/57836.p1	3	4	9258117.669	38573076.92	39406915.8	44573058.97	314158312	345330716.78	0	0	0	0	314158312	125277688.7
transcript/57927.p1	1	1	0	0	52659821.94	62074886.88	25332456	53879236.97	0	0	52659821.94	0	0	0
transcript/57954.p1	2	3	0	0	169120014.43	293831459.31	34485684	45702856.7	0	0	110981888.8	293831459.31	0	0
transcript/57986.p1	3	4	0	13746497.45	604863633.9	363224075	0	0	0	0	297660892.2	301182561	0	0
transcript/5809.p1	1	1	22234259.89	44192858.78	0	0	74518256	113495028.1	0	0	0	0	0	113495028.1
transcript/58117.p1	5	8	173254449	106149303.57	100784643.69	92665940.44	0	0	121957488.7	106149303.57	0	0	0	0
transcript/58127.p1	3	3	108317763.1	124967171.4	27179968.28	34176024.93	0	0	0	97419370.05	27179968.28	0	0	0
transcript/58146.p1	1	1	0	0	71211809.87	58189427.93	0	0	0	0	0	58189427.93	0	0
transcript/58313.p1	1	2	0	0	81997817.88	195891364.9	26934968	36919237.09	0	0	81997817.88	195891364.9	0	0
transcript/58380.p1	1	1	26317457.29	17682334.5	21974261.08	39096250.02	0	0	0	0	0	39096250.02	0	0
transcript/5843.p1	2	2	0	104579272.4	43760904.86	126752467.74	895716912	2743832251.89	0	0	43760904.86	78307425.97	0	0
transcript/58493.p1	4	5	18369175.265	0	1151396477.86	575990775.01	0	0	0	0	321737224.36	403398447.71	0	0
transcript/58568.p1	2	3	59444435.05	53478366.19	367238664.04	737067846.26	75180744	205101040.6	59444435.05	53478366.19	0	81681778.96	0	0
transcript/58693.p1	1	1	0	0	47266204.54	23525919.11	0	0	0	0	47266204.54	0	0	0
transcript/58755.p1	2	6	380269051	440459235.9	394423857.8	595289375.9	40398732	34807905.6	380269051	440459235.9	197264370.7	289057599.8	0	0
transcript/58763.p1	24	56	3397046569.132	3904324847.03	3106481333.803	3093440649.01	286802660	378602729.02	2568026304.56	3137614124.28	1364439625.493	1953942771.73	0	0
transcript/58781.p1	1	1	70574579.48	135358767.7	0	0	0	0	70574579.48	0	0	0	0	0
transcript/58861.p1	8	9	217983024.3	516615407.89	1797765410.69	1794339062.44	458892924	126201255.325	0	0	1098672031.03	812687539.81	0	0
transcript/58905.p1	1	1	0	0	59112438.33	91110249.33	10855700	26882038.46	0	0	0	91110249.33	0	0
transcript/59022.p1	8	9	0	0	727727838.41	693612757.5	63598456	71369324.72	0	0	557630450.73	289694671.36	0	0
transcript/59143.p1	2	3	0	7227528.923	217005201.5	200775009.18	0	0	0	0	115533974.8	200775009.18	0	0
transcript/59159.p1	9	107	37542468787.91	32478120546.09	23343306219.04	26080104480.27	1814265185.875	1766554907.14	36890018698.88	32467994605.4	22805085366.4	26080104480.27	1651511316	1766554907.14
transcript/59243.p1	1	4	452887870	397110379.6	713617177.8	363357448.9	55597228	24203593.49	452887870	397110379.6	713617177.8	363357448.9	0	0
transcript/59332.p1	1	1	0	10668258.08	56534587.35	0	0	0	0	0	56534587.35	0	0	0
transcript/59373.p1	1	1	0	0	40372340.69	62070851.09	0	0	0	0	40372340.69	0	0	0
transcript/59392.p1	5	9	0	51386601.73	82022879.93	112054817.58	226036304	287206467.77	0	0	82022879.93	49504431.88	226036304	28734924.77
transcript/59399.p1	5	17	256566528.7	227531039	6751841423.8	8201455455.95	544810800	494109750.09	0	114601552	6751841423.8	7716128349.95	354192720	252582589.39
transcript/59432.p1	1	2	0	0	0	9731235.744	264482944	260871273.7	0	0	0	0	264482944	260871273.7
transcript/59503.p1	1	2	59102791.64	62598503.41	19398717.22	23889236.62	0	0	59102791.64	62598503.41	0	0	0	0
transcript/59549.p1	1	1	0	0	33273635.74	53157296.69	164520832	167546411.7	0	0	0	53157296.69	0	0
transcript/59594.p1	3	4	12597899.35	0	261528249.14	631263126.6	26228976	0	0	0	261528249.14	391534373.5	0	0
transcript/59711.p1	25	88	423350581.932	721490944.167	46322203215.8	51838588340.49	3026102776	2265416384.91	22522022.19	33199775.43	42562582674.2	51222468668.4	1205765422	1144555146.98
transcript/59752.p1	1	1	0	0	0	25975986.87	0	0	0	0	0	25975986.87	0	0
transcript/59779.p1	1	2	0	0	67920963.92	108416082.7	0	13921044.49	0	0	67920963.92	108416082.7	0	0
transcript/59856.p1	4	6	275095814.88	249296737.29	108468384.51	118740256.15	53228152	31406449.55	228341304.28	223228205.48	18953954.96	0	0	0
transcript/59977.p1	69	261	1039492428.768	734603052.73	9470858919.774	8963163488.139	177079857656	181713989191.09	282059210.3	75753259.12	6322754830.5	5622829760.5	171619836048	171112629871.62
transcript/60021.p1	7	17	1266943353.74	1463241813.23	489897717.45	372076492.81	53202362	372451982.7	1266943353.74	1311937285.23	120578733.43	0	0	0
transcript/60071.p1	4	7	149402068	160643283.45	326184316.3	554620120.36	0	53602307.51	124997992.69	82416634.03	0	140396630.96	0	0
transcript/60075.p1	2	2	155089205	45901558.08	198919798.98	131542428.1	32150304	0	0	0	198919798.98	0	0	0
transcript/60078.p1	1	1	0	0	35319595.2	36439839.57	0	0	0	0	0	36439839.57	0	0
transcript/601.p1	1	1	0	0	41988622.23	24430439.32	0	0	0	0	41988622.23	0	0	0
transcript/60157.p1	1	1	0	0	69264954.61	64552311.46	0	0	0	0	0	64552311.46	0	0
transcript/60271.p1	1	1	0	0	26348132.32	49341114.09	0	71864983.57	0	0	0	49341114.09	0	0
transcript/60365.p1	13	29	1572536508.932	1626259035.99	1150664234.067	1361212594.61	29400596	230026265.1	1267981591.34	1204615505.7	447206489.7	710012657.3	0	0
transcript/60397.p1	1	1	0	0	13081709.28	0	76791216	32043711.4	0	0	0	0	76791216	0
transcript/60421.p2	1	2	0	159913161.5	142293147.7	178961462	0	0	0	0	142293147.7	178961462	0	0
transcript/60445.p1	5	9	214441682.62	377794996.98	279275396.69	262311574.38	103204874	133758610.75	119231547.23	351910126.82	121075655.24	132704951.9	0	0
transcript/60524.p1	1	2	8500116.67	8273792.489	56440108.01	58486909.85	0	19753334.06	0	0	56440108.01	58486909.85	0	0
transcript/60528.p1	1	1	21187582.99	0	0	65486229.9	0	0	0	0	0	65486229.9	0	0
transcript/60596.p1	12	15	225975593.176	231399987.93	1975489421.66	4290425275.37	289656698	143424131.267	0	0	1046515823	2711740971.97	0	0
transcript/60614.p1	1	1	0	0	35524007.55	18880482.85	0	0	0	0	35524007.55	0	0	0
transcript/60651.p1	1	1	0	0	48309204.41	152572825.1	0	0	0	0	48309204.41	0	0	0
transcript/60703.p1	2	4	186376981.02	156323461.62	38900195.64	28691365.47	0	0	186376981.02	156323461.62	0	0	0	0
transcript/60769.p1	1	2	0	0	22683819.78	16010608.29	573934976	332716586.1	0	0	0	0	573934976	332716586.1
transcript/60782.p4	1	2	0	0	0	0	79282552	36314620.96	0	0	0	0	79282552	36314620.96
transcript/6083.p1	3	9	142927736.2	121462144.5	219664818.29	251935375.45	1029004640	323267454.82	142927736.2	121462144.5	148141766.1	140503198.4	0	0
transcript/60899.p1	1	1	0	0	18477799.34	32600303.02	0	0	0	0	18477799.34	0	0	0
transcript/60925.p1	5	7	3661679.753	12902891.39	496069975.45	678720618.07	2880702053	3099893213.54	0	0	496069975.45	539409812.1	0	0
transcript/60939.p1	1	1	0	0	27937957.36	42141970.71	0	0	0	0	0	42141970.71	0	0
transcript/60940.p1	7	9	58379503.337	145353616.58	260594740.76	367286236.166	397303232	348104516.75	0	104049769.15	0	86447924.37	175269324	238690973.91
transcript/61113.p1	3	5	63672326.25	96735021.73	138192757.99	214581064.97	1126755780	191641033.46	24616240.12	96735021.73	138192757.99	0	0	0
transcript/61212.p1	2	2	0	0	99361858.65	130061354.39	0	0	0	0	0	130061354.39	0	0
transcript/61228.p1	3	10	0	0	790787787.48	2086992424.74	1468560150	965447703.4	0	0	722201320.83	2075348290.5	1109020816	458594944
transcript/61258.p1	1	1	63710348.1	6424674.82	79820322.98	84124513.62	32440204	14369076.79	63710348.1	0	0	0	0	0
transcript/61348.p1	15	26	245437741.025	181833962.63	3784106080.74	4551146541.53	1559817910	449076332.27	0	0	1932676621.26	3667260962.91	72856272	77137352.21
transcript/61549.p1	2	2	0	0	79302683.8	268438502.92	0	0	0	0	38946936.54	27123618.72	0	0
transcript/61572.p1	1	2	0	0	0	0	0	32208240.97	0	0	0	0	0	32208240.97
transcript/6173.p1	5	9	334482785.04	333187034.98	470263279.36	519906754.53	409416160	520153130.5	237515819.07	255296733.62	114540542.9	128357907.7	0	0
transcript/61813.p1	1	1	91976049.48	111525452	71856644.05	81774837.31	191304032	162925134.7	0	0	0	0	191304032	0
transcript/61854.p1	2	2	0	0	89977400.42	98349722.38	42682352	0	0	0	62842562.09	65829775.32	0	0
transcript/61965.p1	1	2	257713447	0	0	245135902.3	220360560	99559085.71	0	0	0	0	220360560	0
transcript/62139.p1	1	1	29222056.21	0	34046121.25	43649173.56	13451146	16798540.88	0	0	0	43649173.56	0	0
transcript/6214.p1	2	2	0	25992168.41	19700688.62	66507566.93	1363235900	802005699.73	0	0	0	0	1335177088	99886860.63
transcript/62246.p3	4	8	0	40589388.42	7365090.054	14531056.25	499676159	422456213.56	0	0	0	0	328255375	422456213.56
transcript/62304.p1	1	1	0	0	0	28513214.52	0	0	0	0	0	28513214.52	0	0
transcript/62343.p3	1	2	0	0	74218674.43	129870764.4	0	0	0	0	74218674.43	129870764.4	0	0
transcript/62385.p1	1	3	191942921.4	99115631.52	0	0	0	0	191942921.4	99115631.52	0	0	0	0
transcript/62394.p1	7	13	72917354.735	25167389.8	235332721.92	280351016.04	441320860	280611009.26	0	0	88015159.42	199224847.26	247486072	280611009.26
transcript/62461.p2	4	6	42767477.247	81838502.82	852278747.7	533174620.3	212682332	172365787.7	0	0	852278747.7	277031228.5	0	0
transcript/62487.p1	6	12	0	0	40677512.76	49415366.98	2876886792	2738368628	0	0	0	0	2876886792	2620286917.74
transcript/62506.p2	7	8	27231471.378	36315402.61	225867149.5	194079323.5	393763154	565088037.447	0	0	0	0	198183854	558515090.91
transcript/62554.p1	1	8	0	0	0	0	99760532	192899346.1	0	0	0	0	99760532	192899346.1
transcript/62584.p1	4	5	0	4660715.678	317382034.95	479313572.26	33158458	26463874.216	0	0	154811446.8	479313572.26	0	0
transcript/62605.p1	1	2	20108854.43	15245009.27	99122811.94	63002008.44	57669744	173279180.1	0	0	99122811.94	63002008.44	0	0
transcript/62631.p1	4	5	0	0	424064281.47	653442044.29	15142300	28600887.87	0	0	342615776.29	562121171.89	0	0
transcript/62641.p1	1	1	0	0	27564325.22	6985015.453	0	0	0	0	27564325.22	0	0	0
transcript/62695.p1	4	4	0	0	405940905.99	558648685.27	32350570	37848335.42	0	0	155242026.79	369149155.3	0	0
transcript/62801.p1	4	7	0	0	424320660.22	340805789.72	23854686	0	0	0	424320660.22	296495061.79	0	0
transcript/62816.p1	1	1	0	0	10257693.9	38926344.68	125352336	66396466.7	0	0	0	0	125352336	0
transcript/62860.p1	3	3	0	0	0	0	148517496	158268578.01	0	0	0	0	54255608	82194771.86
transcript/62870.p1	2	3	0	0	649655156.2	1045217770	145398592	136772574.04	0	0	649655156.2	1045217770	94111248	0
transcript/62898.p1	4	11	163603372.98	358411250.4	150533181.97	177435540.73	23108998	54701449.66	163603372.98	358411250.4	124806296.89	78331969.97	0	0
transcript/62905.p1	1	2	0	0	12080828.64	18283230.65	0	0	0	0	12080828.64	18283230.65	0	0
transcript/6291.p1	3	4	1311470534.68	580608605.06	2483631978.47	2702058096.81	1012242188	305153158.1	0	0	713652359.8	1850837748.91	0	0
transcript/62987.p1	1	2	58030669.25	163817272.6	1340768650	2134127734	0	0	0	0	1340768650	2134127734	0	0
transcript/63030.p1	1	1	0	0	25620573	29376118.58	23284184	0	0	0	0	29376118.58	0	0
transcript/63128.p1	2	3	0	0	59426575.69	433893608.9	34539416	64217226.64	0	0	59426575.69	433893608.9	0	0
transcript/63158.p1	6	10	234467347.1	374611317.82	434013272.53	428719926.39	0	0	192238075.22	316199362.84	40211156.55	104198616.6	0	0
transcript/63326.p1	4	12	314984240.7	549820792.87	951983651.6	1264014782.1	0	10614362.98	314984240.7	420919987.07	513940228.1	1264014782.1	0	0
transcript/63348.p1	8	13	61376478.66	0	1098046653.5	1364159631.25	203748188	63842370.67	0	0	1021557891.7	1293729822.3	0	0
transcript/63396.p1	7	8	12441186.43	0	504087212.69	525430381.96	69069976	43947331.637	0	0	235020571.16	364709142.15	0	0
transcript/63399.p1	3	3	0	0	131026170.29	158246105.94	0	0	0	0	101187529.74	62719300.9	0	0
transcript/63449.p1	15	37	534742066.67	462126254.641	270006479.02	282640858.67	2902339416	2778178239.63	261295172.78	154229487.12	121501171	245596052.8	2845174808	1750120227.07
transcript/63488.p1	2	3	0	0	120982572.47	122242326.87	0	0	0	0	51274867.7	122242326.87	0	0
transcript/63561.p1	3	8	0	0	167191399.58	257219574.18	874379552	592451292.6	0	0	105282882.8	236005322.99	631317824	455617161.1
transcript/63635.p1	4	22	0	14570381.22	936987231.9	1428885486.4	119949792	150902240.784	0	0	936987231.9	1428885486.4	21049380	0
transcript/63638.p1	2	2	0	0	180583699.57	116114845.6	0	24511780.212	0	0	180583699.57	0	0	0
transcript/63674.p1	1	1	0	0	132010176.3	164672922.4	0	0	0	0	132010176.3	0	0	0
transcript/63774.p1	1	2	0	0	72666805.41	71419508.78	26575974	0	0	0	72666805.41	71419508.78	0	0
transcript/63807.p1	8	9	18793769.377	9997751.802	919939249.15	1278432956.24	77605336	107335912.69	0	0	71701432.52	1278432956.24	36003888	0
transcript/63925.p1	2	3	57672934.39	74166944.4	84173481.09	114212506.95	19787344	0	0	51701537.86	52888682.95	89837395.11	0	0
transcript/6393.p1	1	4	95760321.52	135906643.2	638028206.9	829248793.5	0	31083482.85	95760321.52	135906643.2	638028206.9	829248793.5	0	0
transcript/63963.p1	5	6	0	0	308824104.44	387932821.57	390091744	188167845.1	0	0	82640533.83	332141809.88	390091744	0
transcript/63965.p1	5	7	36504130.15	23365946.48	652910743.83	1032371004.8	10122548	2903166.001	0	0	603464603.56	746366512.9	0	0
transcript/64007.p1	1	1	0	1909437819	0	0	0	0	0	1909437819	0	0	0	0
transcript/64057.p1	3	4	0	8519375.268	230018140.83	277311547.76	0	13851888.21	0	0	211393097.7	195615874.02	0	0
transcript/64146.p1	1	2	0	0	0	38586635.14	0	0	0	0	0	38586635.14	0	0
transcript/64162.p1	1	2	0	0	77108536.05	102535899.4	0	0	0	0	77108536.05	102535899.4	0	0
transcript/64262.p1	1	2	0	0	87332036	86331921.29	0	0	0	0	87332036	86331921.29	0	0
transcript/64359.p1	5	7	0	0	0	0	666512958	842706892.38	0	0	0	0	585321400	810408007.22
transcript/64577.p1	4	5	19823351.383	13232446.92	116850098.054	135338642.22	337422800	157808741.21	0	0	0	0	337422800	45608948.71
transcript/64632.p1	3	8	562615259.94	636008194.72	383491353.1	911401104.1	0	26973571.25	127022904.34	449429381.22	383491353.1	911401104.1	0	0
transcript/64658.p1	3	8	137207905.5	83697215.93	434764374.23	271062173.2	4395884384	4323038516.6	0	0	0	0	4395884384	4323038516.6
transcript/64685.p1	1	1	0	0	0	0	955812928	1254288715	0	0	0	0	955812928	0
transcript/64690.p1	4	9	356132460.1	437600179.15	664478900.82	656339797.79	26079102	21556881.28	301347101.4	373937808.6	526376710.52	570350805.74	0	0
transcript/64792.p1	3	7	205209402.12	280924172.41	53795798.45	118413839.34	35529464	76134426.31	205209402.12	280924172.41	0	60103285.98	0	0
transcript/64893.p1	2	5	45408926.5	165534110.79	108603417.8	40224175.65	0	120049917.9	45408926.5	165534110.79	108603417.8	0	0	0
transcript/64963.p2	9	17	106263927.22	91601974.36	115454698.64	125562956.33	4159111760	4684904238.23	0	0	0	0	4077222568	4204639256.85
transcript/64974.p1	2	3	13247982.67	15845604.18	61733256.46	43348107.41	675955456	210544658.2	13247982.67	0	31383221.03	0	0	0
transcript/65007.p1	31	73	5533598400.4	5138280346.13	3372606866.82	3717392590.86	171934545.5	137925491.851	4614656073.82	4241704460.32	1326627911.87	1133223377.77	0	0
transcript/65066.p1	1	1	28305590.8	35970869.75	0	0	0	0	0	35970869.75	0	0	0	0
transcript/6512.p1	1	1	0	0	0	0	0	461025295.1	0	0	0	0	0	461025295.1
transcript/65129.p1	15	24	298953994.394	180282469.79	122002952.169	0	2275657437	2031544404.69	0	0	0	0	1689490349	1832562491.71
transcript/65143.p1	1	1	31713587.49	90866160.33	61602729.19	35356491.08	0	0	0	90866160.33	0	0	0	0
transcript/65166.p1	1	3	114396752.1	125956874.2	242221292.3	207417900.3	0	0	0	125956874.2	242221292.3	207417900.3	0	0
transcript/65193.p1	3	3	0	0	219138468.49	235082552.44	39748236	71133519.286	0	0	146178881.96	91550564.34	0	0
transcript/65202.p1	6	7	0	62020944.9	716166672.68	691912380.12	192367556	213505265.392	0	0	208370153.32	612395750.63	66601732	0
transcript/65206.p1	6	9	244498279.19	295301878.4	1054463434.89	1620419169.31	0	80338751.07	60938355.22	142368285.51	815488505.9	1489616099.81	0	0
transcript/65231.p1	8	31	160918712.01	82231123.95	11797621194.3	16693923279.1	1654993692	808534702.71	16422217.29	34473613.46	11797621194.3	9103597330.1	1128207230	673545330.7
transcript/65248.p1	1	1	20478150.09	20535902.83	134009638.9	240905867.8	0	0	0	0	0	240905867.8	0	0
transcript/65265.p1	2	2	11936355.16	0	0	151092729.78	10039297	28561405.64	0	0	0	151092729.78	0	0
transcript/65278.p1	1	2	0	0	0	0	359359840	394255570.1	0	0	0	0	359359840	394255570.1
transcript/65376.p1	1	1	6970470.759	0	37452420.73	0	0	0	0	0	37452420.73	0	0	0
transcript/65385.p1	5	17	1670641714.34	579887253.58	935029825.82	975129167.79	145100951	183169257.1	571604753.4	579887253.58	335179903.14	957893468	37004372	18119528.82
transcript/65459.p1	10	14	0	33243359.21	936990305.1	1398025380.14	9211555	157259982.62	0	0	755484891.7	976270022.73	0	0
transcript/65475.p1	1	1	0	0	26814286.89	76954989.55	0	0	0	0	0	76954989.55	0	0
transcript/65491.p1	3	4	0	0	302435113.12	340655870.43	11552612	16417870.911	0	0	124591357.1	235668459.23	0	0
transcript/65507.p1	4	6	0	66979635.12	331991147.72	756779922.84	0	0	0	0	331991147.72	595376611.04	0	0
transcript/65634.p1	1	3	0	0	62219109.62	16986007.64	230021152	273263179.1	0	0	0	0	230021152	273263179.1
transcript/6569.p1	2	3	19335837.1	15764761.99	130077420.53	194998307.69	42796652	8138545.16	0	0	130077420.53	41825504.59	0	0
transcript/65694.p1	1	1	36385852.97	45295144.41	56918541.03	46572844.54	0	0	0	0	0	46572844.54	0	0
transcript/65714.p1	2	2	0	0	160616677.83	223841109.27	29980156	16977476.87	0	0	0	223841109.27	0	0
transcript/65872.p1	4	5	75847978.58	109582365.1	201277938.6	164962370.4	127014238	75321443.59	0	109582365.1	0	164962370.4	77654334	28536345.05
transcript/65893.p1	1	1	0	0	14953917.49	0	0	0	0	0	14953917.49	0	0	0
transcript/65902.p1	2	3	0	0	129306938.63	137904949.42	0	0	0	0	129306938.63	73328300.93	0	0
transcript/65937.p1	2	4	24276674.27	0	70068056.65	48785050	253886440	237259361.23	0	0	0	0	253886440	179108855.6
transcript/65971.p1	2	3	0	0	187189205.48	163457293.6	0	0	0	0	55043514.18	163457293.6	0	0
transcript/65997.p1	3	3	0	0	117901566.01	115092195.05	185708184	32812397.58	0	0	0	115092195.05	124211024	0
transcript/66007.p1	6	9	331918054.9	382885356.3	479573924.7	650532677.3	525038448	607043703.81	0	0	0	0	525038448	544633110.18
transcript/66009.p1	3	4	105976899.8	390664209.3	953458642.9	1228751119.18	108973844	89283042.269	0	0	128014050.5	1191746026.8	0	0
transcript/66197.p1	2	6	166328682.48	174355281.35	166875602.45	122644678.17	0	0	166328682.48	174355281.35	95664251.03	62625659.29	0	0
transcript/66328.p1	1	1	0	0	56371522.71	66650799.84	14889292	8689755.747	0	0	56371522.71	0	0	0
transcript/66350.p1	2	3	0	0	47782303.863	63976531.73	43188520	44154291.52	0	0	0	23692045.01	0	44154291.52
transcript/66362.p1	1	1	0	0	0	64641945.5	0	22423877.42	0	0	0	64641945.5	0	0
transcript/66433.p1	10	20	124484634.165	52117908.527	2035852143.85	2819532025.91	269133302	383243041.89	0	0	1150458357.3	2698292588.11	92862600	105802073.8
transcript/66439.p1	2	2	0	0	51361383.56	59921049.85	15935825	0	0	0	16020168.95	59921049.85	0	0
transcript/66450.p1	1	1	37511167.98	127260510.8	44646065.6	76701139.31	0	0	0	127260510.8	0	0	0	0
transcript/66677.p1	1	2	12491810.89	0	8133071.163	0	18671936	28786601.02	12491810.89	0	0	0	0	0
transcript/66683.p1	16	28	168396105.221	6933914.778	284445564.33	500021280.06	7694805257	4566096990.41	0	0	0	0	6102839360	4382931501.67
transcript/66692.p1	4	5	0	0	286643909.22	368974040.61	0	3070350.368	0	0	165589402.21	324859180.19	0	0
transcript/66701.p1	15	30	999620748.217	1288341432.81	1632796188.32	1606756805.44	354868102	413643695.114	552211663.44	854975015.69	1277191889.53	387675086	143380836	68993626.79
transcript/66705.p1	10	17	28646806.19	36867565.09	1536675976.67	2033222764.32	46108582	60019793.16	0	0	826190527.97	1895332617.5	0	0
transcript/66792.p1	15	42	775296707.92	201206781.12	6119791718.53	9596992939.7	1144170132	1485858475.68	0	0	4729573497.14	8461198053.6	804999646	1441355583.22
transcript/66800.p1	1	2	0	0	180548288.4	27872768.08	132683624	162517105	0	0	180548288.4	0	132683624	0
transcript/66804.p1	2	6	114447202.9	107191013.55	115283201.46	175195256.42	0	0	114447202.9	107191013.55	61377811.72	77661751.35	0	0
transcript/66820.p1	4	7	17838052.56	26317534.25	198525101.41	225587919.54	346138244	484423573.21	0	0	67553871.1	0	301987768	419483658.07
transcript/67070.p1	2	3	31876595.657	41065234.31	397862979.1	374115133.5	0	0	0	0	397862979.1	238919111.5	0	0
transcript/67171.p1	1	3	0	0	96757413.21	92889590.47	2399047424	2702441976	0	0	0	92889590.47	2399047424	2702441976
transcript/67203.p1	18	39	3385698912.67	2280092117.32	910607067.26	1023155459.95	164748980	186686588.97	3332820155.13	1628502802.12	253922519.4	278846807.08	0	0
transcript/67344.p1	20	43	494475429.275	255062959.976	8607886400.98	9845087398.87	1495413560	1483764777.023	0	0	7973249415.57	7049810555.7	605810940	790684503.093
transcript/67374.p1	6	9	148244259.14	53668226.56	77965703.61	179313572.93	1242030236	1451814659.54	0	0	0	0	967660980	1432267157.1
transcript/67448.p1	44	237	130460849129.95	134546234862.02	62655233587.82	60476338660.29	8543388240	12632342087.953	129746030860.65	131250903857.52	61908072970.9	53043781543.01	1571847926	3172738991.49
transcript/67521.p1	2	4	0	0	598564908.9	639748877.8	60249164	64611653.31	0	0	598564908.9	639748877.8	60249164	64611653.31
transcript/67523.p1	1	1	0	0	0	94120882.64	0	13168309.14	0	0	0	94120882.64	0	0
transcript/67543.p1	2	8	190068895.8	202429740.88	128993310.66	101084087.5	379961408	559639126.22	137120547.3	202429740.88	40408290.97	0	379961408	475459174.9
transcript/67544.p1	1	1	0	0	0	148957161.9	0	0	0	0	0	148957161.9	0	0
transcript/67574.p1	1	1	0	0	0	49908758.74	0	0	0	0	0	49908758.74	0	0
transcript/67623.p1	3	8	0	0	885499103.2	1147853045	56993936	68057734.57	0	0	885499103.2	1045078319	56993936	21426082.33
transcript/67702.p1	1	1	0	0	38941863.85	48995437.88	1188699776	544374050.3	0	0	0	0	1188699776	0
transcript/67741.p1	1	1	0	15373255.97	14474580.3	0	0	0	0	15373255.97	0	0	0	0
transcript/67748.p1	4	5	0	0	0	0	341880808	302966649.51	0	0	0	0	322412428	196066449.91
transcript/67770.p1	7	11	0	0	621566672.73	786082467.19	51858520	147279770.61	0	0	515986771.3	557688568.44	0	0
transcript/67874.p1	1	1	7663602.233	0	27370731.07	32062510.52	0	0	0	0	0	32062510.52	0	0
transcript/67883.p1	1	1	0	0	0	29776734.21	1412784512	2048870539	0	0	0	0	0	2048870539
transcript/67911.p1	1	1	11761763.98	32606989.04	0	0	0	0	0	32606989.04	0	0	0	0
transcript/67917.p1	11	29	1425652013.76	1837009761.79	2725651518.3	2761789562.69	47597922	11567829.2	590833357.26	1570246797.2	1606795460.6	1974441063	0	0
transcript/67944.p1	2	4	0	0	104924173.7	142523252.28	135320768	35613946.83	0	0	104924173.7	142523252.28	0	0
transcript/68010.p1	12	15	0	17347599.91	0	116064233.6	970765252	733755929.74	0	0	0	0	424010028	655635557.08
transcript/68087.p1	7	9	0	0	496082073.55	947709872.27	20753858	59517605.93	0	0	439629192.56	406626750.17	0	0
transcript/68259.p1	26	56	95001221.18	190806708.13	1212912507.423	1136648305.07	10850131924	8624537381.2	0	0	791198411.9	526226424.97	9232721564	8054843783.2
transcript/68381.p1	2	2	91731168.76	29609440.42	117978511.69	113325366.98	13502567	0	0	0	93905017.31	33969209.52	0	0
transcript/68431.p1	1	1	0	0	17024822.27	28785326.93	121343504	62980045.81	0	0	0	0	121343504	0
transcript/68438.p1	1	2	0	0	308512216.9	210864728.2	0	0	0	0	308512216.9	210864728.2	0	0
transcript/68446.p1	1	1	180742871	244095981.2	60527535.79	42492576.42	11644896	0	180742871	0	0	0	0	0
transcript/68545.p1	2	2	0	0	27566906.14	0	171528132	171863307.57	0	0	0	0	171528132	0
transcript/68570.p1	1	1	0	0	26741497	37459459.75	0	0	0	0	26741497	0	0	0
transcript/68603.p1	27	56	43107469.361	138298851.983	285708648.78	385502634.03	9723642034	9338021575.21	0	0	42205877.61	0	6891522798	8842813179.05
transcript/68624.p1	1	1	0	0	90436733.4	128774948.7	0	0	0	0	0	128774948.7	0	0
transcript/68674.p1	1	1	0	0	48275818.06	57410591.06	64701104	7931567.78	0	0	48275818.06	0	0	0
transcript/68749.p1	9	41	14419282543.22	19587333072.02	17699110066.98	17888762417.7	324838020	499309695.576	14419282543.22	19587333072.02	13504716520.6	17627633706	270068400	0
transcript/68892.p1	6	15	140496847.69	49090485.078	10809779285.3	17082550209.76	2465560904	2355458063.65	17196686.28	0	10809779285.3	15974825341.9	828987552	0
transcript/69073.p1	4	10	66912432.83	173043630.57	975306734.2	715475084.49	0	0	0	173043630.57	663070527.4	624749455.8	0	0
transcript/69073.p2	1	2	0	0	0	0	180206928	193426279	0	0	0	0	180206928	193426279
transcript/69194.p1	1	1	0	0	29985532.01	38498710.89	0	0	0	0	0	38498710.89	0	0
transcript/69285.p1	5	9	0	0	404542070.83	647139537.84	0	17548607.36	0	0	404542070.83	602030697.2	0	0
transcript/69356.p1	17	28	6347492230.27	6050355254.53	2667393982.98	3639837870.31	385442764	442842283.47	0	0	2483883707.38	2722383255.66	0	0
transcript/69423.p1	1	1	0	0	0	22229137.07	6930890.5	0	0	0	0	22229137.07	0	0
transcript/69446.p1	1	2	0	0	0	0	129516616	181770689.4	0	0	0	0	129516616	181770689.4
transcript/69506.p1	17	40	289665131.39	87839464.7	640508798.07	706448116.47	12488783192	14465365862.37	0	0	198202936.87	382538532.2	12427650712	11218708117.97
transcript/69515.p1	5	7	0	6558941.276	845686086.9	861108456.23	25216832	0	0	0	798330653.99	281649545.55	0	0
transcript/69593.p1	1	1	11441902.57	0	5362511688	6814941840	594695936	183512606.1	0	0	5362511688	0	0	0
transcript/69598.p1	3	3	156124565.4	135355616.01	230325206.1	282152916.23	38299480	21711534.21	0	0	0	282152916.23	0	0
transcript/69701.p1	7	22	18391424.67	0	159709063.58	174405415.23	24170469560	17353762426.5	0	0	0	0	18426468536	17353762426.5
transcript/69808.p1	1	1	0	0	0	0	50296996	50351380.88	0	0	0	0	50296996	0
transcript/69813.p1	1	1	9178189.417	0	132505066.9	247305181.6	9915576	0	0	0	0	247305181.6	0	0
transcript/69887.p1	1	2	0	0	0	21147425.47	0	0	0	0	0	21147425.47	0	0
transcript/69891.p1	4	6	0	0	375578299.18	372193968.21	263556930	59213532.82	0	0	352548910.47	319989037.94	0	0
transcript/69915.p1	5	7	112555236.48	264251627.31	143643543.93	154908009.22	141548858	101718979.508	61818064.69	181244055.31	109095786.89	0	0	0
transcript/69965.p1	3	6	56013471.96	70094568.45	114349105.19	267461880.6	841635824	153870436.11	56013471.96	0	0	0	787703080	48639031.71
transcript/69972.p1	1	2	36493595	35080137.26	55096291.36	45972043.38	0	0	0	35080137.26	55096291.36	0	0	0
transcript/70014.p1	3	5	166503200.96	199449776.97	326192126.92	186187397.82	9147586	15169647.9	166503200.96	125388497.17	0	0	0	0
transcript/70034.p1	3	4	56059086.507	89701987.541	195263634.61	268378321.26	0	0	48441993.5	54929964.51	100714678.8	0	0	0
transcript/70103.p1	2	5	199232310.1	100301160.3	298721147.76	453698631.02	300402384	281178023.87	199232310.1	0	83702860.86	394900767.8	182866656	230143132.4
transcript/70167.p1	2	2	0	0	334880856.46	427043453.17	87126032	85845624.19	0	0	0	427043453.17	0	0
transcript/70178.p2	4	8	0	26173129.94	34124631.974	0	329396524	509681076.5	0	0	0	0	294510364	448206230.55
transcript/70211.p1	3	4	116084746.82	134338477.02	43259116.25	26188768.94	0	0	94518296.08	134338477.02	0	0	0	0
transcript/70323.p1	1	1	0	0	118905177.2	94520896.2	0	0	0	0	118905177.2	0	0	0
transcript/70395.p1	1	1	0	0	62845703.34	90757978.51	0	0	0	0	0	90757978.51	0	0
transcript/70469.p1	9	11	8643219.496	0	933216530.84	829106769.43	121156904	7007790.452	0	0	625573742.95	695254157.43	0	0
transcript/70478.p1	7	11	181831672.35	121288009.47	709824536.84	2112535064.5	394450912	450603051.939	0	31261637.2	419678212.4	1703423867	0	0
transcript/70564.p1	2	2	26842413.97	27706163.33	403900318.5	357642046.2	0	14105048.9	0	0	0	357642046.2	0	0
transcript/70583.p1	6	16	106104822.801	58635101.59	2902182759.79	3064674380.5	1684244170	1533647342.99	0	32422227.88	2850934639.38	2816485295.1	1602716832	865116693.6
transcript/70717.p1	1	1	75630467.45	53213295.16	54543381.09	0	246035776	416790689.5	75630467.45	0	0	0	0	0
transcript/70746.p1	5	6	23503905.28	12551134.64	50762628.08	73625244.27	209614304	208044968.15	0	0	0	62186741.28	209614304	28829847.67
transcript/70776.p1	3	7	170780985.71	236597271.12	155796197.8	219791798.68	67269314	5762959.827	69137461.91	236597271.12	74920089.24	114473756.1	0	0
transcript/70796.p1	5	8	0	0	184334721.12	341388529.69	20846404	63597355.05	0	0	143806205.31	319536449.68	0	37771988.1
transcript/70851.p1	5	9	0	0	509348362.9	1302953314.1	76797898	88322274.31	0	0	401809471	1302953314.1	0	0
transcript/70899.p1	1	2	91813132.17	137894262.9	4616931838	4664828389	12415803	16477009.04	0	0	4616931838	0	0	16477009.04
transcript/70983.p1	1	1	18985830.98	0	25021794.16	38744630.66	0	0	18985830.98	0	0	0	0	0
transcript/70995.p1	8	23	61790616.36	85267847.31	137789649.03	159126213.9	4948785120	5490887492.81	0	0	0	0	4913970192	5490887492.81
transcript/70997.p1	4	4	0	0	392251660.57	86402126.63	0	0	0	0	338178761.76	64552109.2	0	0
transcript/71032.p1	2	3	0	0	611759340.07	720184689	0	0	0	0	544701807.1	720184689	0	0
transcript/71043.p1	2	5	0	0	323148335.8	282328856.41	50886368	70783759.67	0	0	323148335.8	282328856.41	0	70783759.67
transcript/71110.p1	3	3	5977640.643	48422095.21	221381797.98	762911736.29	150097040	282506487.9	0	0	147063325.31	483870458.7	0	0
transcript/71137.p1	2	3	0	0	256829131.5	392437073.4	0	0	0	0	256829131.5	392437073.4	0	0
transcript/71209.p1	8	13	28964318.48	18369474.72	1228166259.536	1585849053.2	33918236	6946191.146	0	0	1163757591.46	1420412510.5	0	0
transcript/71221.p1	7	9	177711868.45	32145269.7	37115331.05	304102083.3	670030516	703660724.35	0	0	0	0	625736736	440557505.8
transcript/71270.p1	1	2	0	0	0	399921026.8	0	0	0	0	0	399921026.8	0	0
transcript/7141.p2	1	1	0	0	0	42366657.9	204310304	11898910.16	0	0	0	0	0	11898910.16
transcript/71468.p1	1	1	0	36381618.98	44166601.06	66792099.51	0	0	0	0	44166601.06	0	0	0
transcript/71569.p1	1	1	0	0	0	0	0	0	0	0	0	0	0	0
transcript/71582.p1	7	10	0	0	573891442.94	934391018.15	75878992	43863234.1	0	0	274314445.7	934391018.15	0	0
transcript/71768.p1	1	1	0	0	0	0	23742686	23846670.98	0	0	0	0	23742686	0
transcript/71809.p1	15	32	0	44960570.43	3565518055.91	4441547847.66	1748770966	2100949711.34	0	0	3565518055.91	3514066739	93421876	147370110.5
transcript/71911.p1	1	1	0	0	30654923.09	43596153.25	0	0	0	0	0	43596153.25	0	0
transcript/71953.p1	1	1	0	0	0	17886733.12	0	64547375.24	0	0	0	0	0	64547375.24
transcript/72076.p1	1	1	0	0	0	0	143178112	194491903.5	0	0	0	0	0	194491903.5
transcript/72279.p1	1	4	85941510.84	122489885.8	153233862	198985357.5	0	0	85941510.84	122489885.8	153233862	198985357.5	0	0
transcript/72302.p1	1	1	8584862.261	38635119.19	0	0	9719594	36225927.45	0	38635119.19	0	0	0	0
transcript/72378.p1	1	2	0	0	16848604.72	16389036.49	77694952	114154534.1	0	0	0	0	77694952	114154534.1
transcript/72523.p1	4	5	14639288.07	26300187.201	250160023.81	297530712.2	32515598	53876973.603	0	0	200512538.14	240310659.34	0	0
transcript/72580.p1	2	3	97756413.94	20543489.24	30477340.8	0	0	0	73968029.26	20543489.24	0	0	0	0
transcript/72631.p1	1	1	0	0	10172091.76	12555969.9	0	0	0	0	10172091.76	0	0	0
transcript/72668.p1	2	3	0	0	254611369.2	133399225.33	61899012	4077775.988	0	0	254611369.2	88688436.8	0	0
transcript/72729.p1	7	10	101135270.38	221115817.454	247997247.16	283465462.79	102541104	76785027.95	12902402.21	157337493.01	87900482.71	100136467.17	0	0
transcript/72788.p1	21	64	7958654821.3	8637071517.7	5912018179.9	7592938586.89	820082720	857588214.554	5318772085.7	7354855539.9	4845455237.7	4730860081.09	0	0
transcript/72840.p1	3	10	0	53973904.07	34141674.56	0	1255511888	1362835324.4	0	0	0	0	1255511888	1362835324.4
transcript/72850.p1	1	4	127076379.6	74785977.16	0	28145851.81	0	92029099.88	127076379.6	0	0	0	0	92029099.88
transcript/72855.p1	4	15	73439680.65	44450150.66	141814489.6	252164865.17	4473538904	4584897307.5	0	0	0	37545836.47	4473538904	4584897307.5
transcript/7289.p1	1	1	24545427.66	57217922.05	29176461.6	33742302.17	23347678	0	0	0	29176461.6	0	0	0
transcript/73116.p1	1	2	33087827.28	35853606.18	764515961.9	618177421.6	49820516	114992224.4	0	0	764515961.9	618177421.6	0	0
transcript/73123.p1	10	15	17181523.57	45726747.54	82126006.19	0	827532073	552477913.1	0	0	0	0	681241015	292130632.57
transcript/73360.p1	2	4	0	0	924533888.5	575033892.95	167118752	131538643.8	0	0	924533888.5	0	167118752	131538643.8
transcript/73532.p1	1	1	0	0	0	0	35446840	0	0	0	0	0	35446840	0
transcript/73593.p1	1	2	0	0	19058700.67	53551148.38	0	0	0	0	19058700.67	53551148.38	0	0
transcript/73654.p1	5	8	0	0	0	0	556083652	485249160.81	0	0	0	0	413405240	485249160.81
transcript/73691.p1	12	26	68039819.34	43570267.311	3222807115.96	3654921178.11	644802209.56	470335390.05	0	0	1852915660.4	2232250495.19	170167726.56	358494306.4
transcript/73720.p1	18	26	67554061.57	65338962.97	3154242278.07	3592475852.38	387894589	246424046.041	0	0	2168063211.19	2750855112.62	27476120	0
transcript/73737.p1	12	33	202545295.62	275491998.67	16724230517	19920345474.331	3256371997	3278995698.6	0	97151703.52	15703966139.6	14219793282.7	1108342284	2958238009.9
transcript/73767.p1	5	11	0	0	89337513.71	111040778.35	881289544	1187715372.83	0	0	0	0	881289544	1187715372.83
transcript/73915.p1	32	96	555080626.021	624073645.8258	3392325241.964	4263865368.235	36888226470	36204579643.61	0	0	793429277.4	2777791967.9	36005757038	28456423886.19
transcript/74017.p1	3	6	124069831.2	34621890.82	375457624.33	399873048.8	29577789	0	0	0	375457624.33	399873048.8	0	0
transcript/74069.p1	2	3	1042725843	1439651428	2127953780.58	2292092289.5	0	8068899.684	0	0	2127953780.58	2130592495	0	0
transcript/74091.p1	1	2	0	0	25885099.89	29885230.16	0	0	0	0	0	29885230.16	0	0
transcript/74113.p1	1	1	31672621.94	32894806.45	41060422.18	82441871.51	0	0	0	32894806.45	0	0	0	0
transcript/74243.p1	4	6	0	0	252934215.45	364323846.48	80802992	31655234.15	0	0	120487567.25	364323846.48	0	0
transcript/74295.p1	6	9	68096092.96	35740230.35	334075290.27	516708381.76	936860648	950890519.94	0	0	0	416959736.1	646095992	906721942.2
transcript/74354.p1	8	13	742350059.37	990870751.81	551491085.49	1035221020.23	83275224	0	182922226.21	542012752.44	252269850.32	169605706.38	0	0
transcript/74356.p1	2	3	0	8064710.943	0	3663781.846	125201484	154524627.21	0	0	0	0	125201484	143400877.6
transcript/74358.p1	2	2	0	0	141579681.47	176731354.2	0	0	0	0	39871808.57	151295144.8	0	0
transcript/74372.p1	3	4	484858611.65	214366472.48	80603304.06	146476411.84	0	65571241.26	0	145357342.79	0	146476411.84	0	0
transcript/74373.p1	4	7	0	11029090.81	278623853.4	402996119.91	74129776	137087750.19	0	0	278623853.4	263823782.01	0	0
transcript/74404.p1	1	1	78897705.38	69352579.57	62557078	0	0	0	0	69352579.57	0	0	0	0
transcript/74442.p1	26	67	2030561158.69	1916319439.87	1815733873.83	1836065215.03	5915694829	5910503790.2	1673545628.54	1373676317.74	1297120857.36	1218516885.06	3608224252	4037296378.83
transcript/74470.p1	1	1	0	0	43819107.06	30103661.41	0	11069138.21	0	0	43819107.06	0	0	0
transcript/74471.p1	1	2	0	0	56691827.95	106712066.9	0	0	0	0	56691827.95	106712066.9	0	0
transcript/74489.p1	3	5	54994703.97	215349350.6	63283200.41	137059314.469	1434992424	746070380.2	0	0	0	0	1434992424	637264979
transcript/74529.p1	1	1	0	0	18166580.37	0	118540528	138855107.9	0	0	0	0	0	138855107.9
transcript/74544.p1	1	2	0	0	35437956.51	43276879.01	0	0	0	0	35437956.51	43276879.01	0	0
transcript/74571.p1	1	2	30808363.89	0	0	0	0	16590971.6	30808363.89	0	0	0	0	0
transcript/74573.p1	1	1	0	0	30128611.53	28816902.99	0	0	0	0	30128611.53	0	0	0
transcript/74636.p1	1	1	33487559.4	0	71909034.94	99642360.45	0	44151246.82	0	0	71909034.94	0	0	0
transcript/74646.p1	10	53	20266944.31	12679277.63	1106341205.46	1042500404.35	25610828756	34289428332.96	0	0	933990198.6	813560766.13	25405253444	34021550634.46
transcript/74686.p1	1	1	0	0	25090738.15	29227076.58	0	0	0	0	25090738.15	0	0	0
transcript/74772.p1	15	25	81706846.88	613398407.77	1192155235.708	364560024.87	2061921780	3405270288.82	0	0	139736088.3	200887794.89	1646055636	3014876288.4
transcript/74799.p1	1	1	0	0	0	0	68963264	123321106	0	0	0	0	0	123321106
transcript/74825.p1	5	7	41820949.91	67180710.83	436803437.88	626500066.71	29483724	11734561.66	0	0	436803437.88	189303620.14	0	0
transcript/74950.p1	2	3	23855407.47	27228994	0	0	118044776	99350779.98	0	0	0	0	118044776	99350779.98
transcript/74986.p1	1	1	0	0	74169560.62	148390909.6	0	32339134.27	0	0	0	148390909.6	0	0
transcript/7508.p1	1	1	0	0	132195722	226754752	0	0	0	0	0	226754752	0	0
transcript/75083.p1	1	2	0	0	0	0	65226536	10969925.95	0	0	0	0	65226536	10969925.95
transcript/75189.p1	1	1	0	0	19826550.71	16193333.61	0	0	0	0	19826550.71	0	0	0
transcript/75227.p1	1	2	175701467.3	51413650.7	34897356.52	66563077.85	73002952	144381293	175701467.3	51413650.7	0	0	0	0
transcript/75294.p1	10	12	11030139.979	4467671.05	259880661.2	393555647.96	703238734	567086565.83	0	0	0	0	461198548	439808192.62
transcript/75316.p1	16	40	1317816434.87	1430231055.72	1183738455.98	1245270311.98	712525728	519535886.62	910799372.44	1033516382.88	428385746.99	554844059.74	399304048	261544193.93
transcript/75359.p2	1	2	0	0	0	0	0	950967138.2	0	0	0	0	0	950967138.2
transcript/75412.p1	1	2	12408480.61	18087780.77	44089997.1	17377348.72	400991808	460066328	0	0	0	0	400991808	460066328
transcript/75419.p1	7	21	669414198.43	693311801.22	879181345.99	1110493911.07	0	247100673.4	669414198.43	693311801.22	879181345.99	699490786.6	0	0
transcript/75442.p1	5	18	661986386.9	710941311.66	476470233.35	439744248.23	165017760	145247169.29	661986386.9	710941311.66	290522787.95	327554104.7	120698876	45427608.6
transcript/75458.p1	1	1	111827588.2	78153896.59	0	47985145.18	0	23901408.67	0	78153896.59	0	0	0	0
transcript/75509.p1	4	10	664478968.1	536065881.11	238326707.1222	700633884	84467321	7592682.964	536685265.3	163178141.7	62703353.95	0	0	7592682.964
transcript/75569.p1	1	2	94017502.82	108454851.4	0	0	0	0	94017502.82	108454851.4	0	0	0	0
transcript/75751.p1	1	2	232147098.9	0	80261854.85	198116994.8	0	0	232147098.9	0	0	0	0	0
transcript/75888.p1	1	1	0	0	0	49189748.46	195024368	318056439.7	0	0	0	0	0	318056439.7
transcript/76106.p1	17	134	105699949542.71	107397024303.3	82381044149.68	85686320035.67	10178402849	9719990928.18	105326071093.6	107397024303.3	82080991224	85521667708.5	9926315977	6698282300.1
transcript/76112.p1	1	1	0	0	54027121.52	0	0	0	0	0	54027121.52	0	0	0
transcript/76138.p1	1	4	0	0	185320647.9	76162968.16	6779535872	7246525269	0	0	0	0	6779535872	7246525269
transcript/76295.p1	1	2	0	0	0	52691506.34	0	0	0	0	0	52691506.34	0	0
transcript/76380.p1	1	1	0	0	0	0	0	12604895.4	0	0	0	0	0	12604895.4
transcript/76455.p1	3	4	0	45639159.64	304720418.57	343223505.32	11432747	0	0	0	281700500.3	236404353.52	0	0
transcript/76480.p1	1	1	0	0	0	26755571.63	120161408	166398730.8	0	0	0	0	0	166398730.8
transcript/76702.p1	1	1	0	0	187085578.3	76389193.46	20397960	12829773.53	0	0	0	76389193.46	0	0
transcript/76722.p1	4	15	0	0	105106355.37	78972202.39	3583948484	4640067216.25	0	0	0	0	3583948484	4640067216.25
transcript/76733.p1	1	1	0	0	64260219.25	46575398.66	27025988	0	0	0	64260219.25	0	0	0
transcript/76768.p1	12	19	78569954.72	123207281.106	57278884.425	70467008.31	2310572488	2096451694.65	0	0	0	0	2098654704	2023459547.33
transcript/76960.p1	1	1	0	0	58045059.84	104682911.3	42032060	105767783.3	0	0	0	0	0	105767783.3
transcript/77025.p1	6	8	75865955.78	25582909.67	0	0	518801144	397229247.05	0	0	0	0	518801144	171621997.02
transcript/77037.p1	5	15	2925987655.5	2583239384.5	1649864722.58	2025429075.35	77383800	71774565.33	2925987655.5	1619183443.1	540906910	1974447262.2	0	0
transcript/77069.p1	3	4	0	0	264660402.64	119417805.5	0	0	0	0	264660402.64	119417805.5	0	0
transcript/77103.p1	1	1	0	7566003.487	32785573.1	30229107.2	0	0	0	0	0	30229107.2	0	0
transcript/77123.p1	2	5	0	0	0	0	261300292	431801787.7	0	0	0	0	261300292	431801787.7
transcript/77188.p1	21	39	0	0	2118241924.429	2961514217.81	1305687050	1525217109.772	0	0	1566392165.95	2306064603.21	987682482	1072571555.43
transcript/77313.p1	4	11	793477607.17	920303626.88	305826090.54	344637073.51	71588723	90768971.177	793477607.17	591964310.88	153142731.9	149979176.3	0	52612847.69
transcript/77315.p1	16	44	2905986380.697	3777166546.42	4350781649.93	4174063882.12	195238392	13525323.708	1526906733.34	3149723511.62	3226205873.21	3625976378.9	0	0
transcript/77424.p1	1	1	0	0	0	0	69189448	92679841.5	0	0	0	0	0	92679841.5
transcript/77513.p1	3	3	24643650.09	92114650.97	1014569644.06	219069358.777	124249782	46989232.07	24643650.09	63464798.95	0	0	0	0
transcript/77555.p1	1	1	0	0	0	0	288705288	521201007.2	0	0	0	0	288705288	0
transcript/7758.p1	4	6	604243276.03	235687509.23	0	0	29479846	10580916.9	604243276.03	105556504.33	0	0	0	0
transcript/77668.p1	1	1	9979891.715	37358740.74	24794125.98	18552346.8	0	0	0	37358740.74	0	0	0	0
transcript/77720.p1	3	8	73547996.08	0	772339252.6	837112426.33	345730576	288965818.83	0	0	703879144.7	810423969.7	272066040	43455341.35
transcript/77751.p1	3	4	30763768.18	7554080.082	300645891.11	398242260.6	251131296	145884799.32	0	0	216132351.01	286088321.6	0	0
transcript/77769.p1	1	3	31844027.14	128442882.4	134513206.2	146903302.4	28261780	32834652.36	31844027.14	128442882.4	134513206.2	0	0	0
transcript/77821.p1	6	10	56957177.99	161632947.62	782141753.46	1461416294.4	165790326	222713089.19	0	0	585957907.8	1115057742.5	0	149084416.47
transcript/77845.p1	1	1	0	0	46474050.16	37369639.91	32664490	70054163.15	0	0	0	0	0	70054163.15
transcript/77856.p1	1	1	6200584.399	0	43029181.27	72072206.05	13508944	4689027.772	0	0	43029181.27	0	0	0
transcript/77858.p1	3	5	322019437.1	310205691.87	288299384.21	316871174	69222168	180334871.01	159319402	146246739	254203737.4	316871174	0	0
transcript/77950.p1	2	3	0	0	110191470.55	146579649.03	0	0	0	0	47734746.88	146579649.03	0	0
transcript/78040.p1	1	1	62869102.64	56503558.49	71412870.85	58757985.1	0	0	0	56503558.49	0	0	0	0
transcript/78124.p1	4	8	0	0	0	25397105.04	465640572	594939689.35	0	0	0	0	465640572	550047653.19
transcript/78143.p1	6	13	686809380.9	1000364501.03	732992168.12	765501102.31	220238558	375825160.01	459948489.7	950386038.65	506563461.4	286672278.7	0	0
transcript/78155.p1	1	3	0	0	0	0	0	0	0	0	0	0	0	0
transcript/78159.p1	3	9	402799425.71	413009986.3	485403390	540646664	88666114	112880512.5	402799425.71	413009986.3	133881611.9	164946961	0	0
transcript/78194.p1	16	85	1029521199.32	972886000.8	32999595061.07	40807277123.42	2240892148	2310154361.09	462786784.62	853286371.8	32999595061.07	40773249143.3	2153754396	2258057378.2
transcript/78265.p1	23	43	655735165.95	1202072726.98	5715121609.55	6938532459.5	6403693988	6800670267.3	0	0	0	0	4859363476	6403857798.38
transcript/78412.p1	1	2	0	17509311.82	279376207.3	352026230.7	0	0	0	0	279376207.3	352026230.7	0	0
transcript/78416.p1	17	31	30781190.15	19944105282.18	5418224930.39	7755354732.4	814202541	863746924.682	0	0	1485751672.14	3014219549.4	628407048	445896573.054
transcript/78438.p1	8	10	58329513.86	0	457107555.6	513506377.71	92079453	66363120.288	0	0	187540581.49	384779129.36	0	10675449.51
transcript/78451.p1	7	29	2061989259.17	2609473706.84	3700786884.93	3162514346.86	209657482	165223418.6	2061989259.17	2470199168.54	3533884119.23	2755428603.15	84323864	0
transcript/78459.p1	1	1	0	0	175363177.6	0	0	0	0	0	175363177.6	0	0	0
transcript/78596.p1	1	2	0	0	39519959.28	118578502.4	0	0	0	0	39519959.28	118578502.4	0	0
transcript/78626.p1	1	4	696562614.4	668662996.7	934057000.9	919531423.7	0	0	696562614.4	668662996.7	934057000.9	919531423.7	0	0
transcript/78651.p1	3	3	0	11369810.27	0	0	73733598	126549102.31	0	0	0	0	46107848	56802361.29
transcript/78657.p1	1	1	8883669.514	34999570.41	53755106.57	52568927.46	0	0	0	0	53755106.57	0	0	0
transcript/78667.p1	3	5	0	0	85382366.35	0	577076672	781899014.2	0	0	0	0	499246864	781899014.2
transcript/78700.p1	1	1	21602827.1	0	77038477.77	109620639	110786544	0	0	0	77038477.77	0	0	0
transcript/78729.p1	4	10	0	0	39207634.51	77485162.03	1552667920	1922179176.9	0	0	0	0	1552667920	1717500870.6
transcript/78799.p1	14	29	492458935.9	197986340.594	521833734.16	524266341.2	3529392444	3587992769.64	0	0	66986354.03	0	3041617252	3220807626.02
transcript/78834.p1	3	5	0	0	0	0	501369200	727517883.7	0	0	0	0	501369200	679951457.6
transcript/78918.p1	9	21	899007267.79	1248606984.11	869046053.65	794847027.71	239208308	426500049.326	615362332.1	1041495166.14	449189838.62	390184204.26	0	0
transcript/79133.p1	1	1	166402044.9	187379694.8	0	52750279.29	0	46334376.07	0	187379694.8	0	0	0	0
transcript/79250.p1	5	9	0	17681954.54	651604868.29	432152483.16	0	33995723.24	0	0	186907877.19	400110890.07	0	0
transcript/79254.p1	3	4	103908830	179411904.74	0	0	0	23447860.607	103908830	90562911.28	0	0	0	0
transcript/79310.p1	2	2	0	0	76571026.37	134340646.21	12184408	0	0	0	76571026.37	52193961.2	0	0
transcript/79327.p1	2	2	9446132.186	0	0	0	224395840	21297561.19	0	0	0	0	149145664	21297561.19
transcript/79373.p1	14	28	1770742053.98	1684868615.9	2302925240.08	2377241926.92	710778123	865155287.22	267848243.6	394110096.08	1284555097.77	1510561837.25	302400916	111661980.27
transcript/79404.p1	4	7	2445867.771	6790743.97	351903180.62	536537110.57	0	0	0	0	351903180.62	360802060.2	0	0
transcript/79455.p1	2	13	0	0	87019269.76	70853157.65	4936252064	6288871362	0	0	0	0	4936252064	6288871362
transcript/79466.p1	3	5	17217156.94	24945908.06	480011305.08	181559977.92	20902250	22780133.47	0	0	480011305.08	0	0	0
transcript/79520.p1	10	16	46927749.05	13535313.25	486201094.63	757168393.68	273319352	293655497.47	0	0	345096191.27	591402035.62	124260244	0
transcript/79607.p1	1	3	0	0	0	0	79812692	93155125.48	0	0	0	0	79812692	93155125.48
transcript/79729.p1	1	1	681192937.2	465774157.7	181160339	347188701.6	40414064	84274922.91	681192937.2	0	0	0	0	0
transcript/79749.p1	3	3	77068497.61	178813694.22	205720749.88	323205658.76	0	0	0	130359794.08	0	88763922.07	0	0
transcript/79757.p2	1	2	91990909.33	115677981.8	27583996.21	37599037.87	0	0	91990909.33	115677981.8	0	0	0	0
transcript/79841.p1	3	4	0	0	152984947.98	145774777.09	25640408	0	0	0	97960128.46	92000804.2	0	0
transcript/79844.p1	1	1	0	0	43309270.06	46209948.02	0	0	0	0	43309270.06	0	0	0
transcript/79871.p1	1	1	0	0	87807340.52	108113793.6	0	0	0	0	0	108113793.6	0	0
transcript/79899.p1	4	5	0	0	0	1431887220	248569856	274572586.79	0	0	0	0	179676600	155236246.09
transcript/79916.p1	2	3	50289217.83	32413615.38	124836113.3	0	167887094	151524739.386	0	0	0	0	167887094	146458081.4
transcript/79931.p1	3	6	0	0	217003762.42	315574126.18	11029133	29023302.67	0	0	217003762.42	315574126.18	0	0
transcript/79993.p1	5	14	3060404783.4	2093133407.1	959124578.72	810386142.42	64592884	111602861.93	3060404783.4	2093133407.1	0	337145248.4	0	0
transcript/80043.p1	4	8	243918560.137	413456314.34	306832889.65	389192919.25	539368096	399797044.2	0	299707122.2	145942537.1	144268439.7	539368096	399797044.2
transcript/8005.p2	1	1	0	0	0	0	151280480	384009009.8	0	0	0	0	0	384009009.8
transcript/80088.p1	1	2	134585423.7	204313417.7	297524001.8	464340848.7	21872950	17384954.22	134585423.7	204313417.7	0	0	0	0
transcript/80168.p1	13	20	154036727.58	100064837.929	1086169373.367	1661816902.84	71615913	34815050.232	0	0	926573102.82	1342140452.84	0	0
transcript/80219.p1	3	8	0	0	128389135.51	134106950.792	3412159.5	0	0	0	17555067.81	134106950.792	0	0
transcript/80239.p1	4	11	190549549.55	351341432.23	443849732.85	566411625.6	242802988	229828475.06	0	351341432.23	236950807.6	165751089.7	195664112	213298834.2
transcript/80266.p1	1	1	0	0	58391552.04	0	18586046	4048863.868	0	0	58391552.04	0	0	0
transcript/80302.p1	1	2	0	0	122371848	157159382.5	0	17770385.25	0	0	122371848	157159382.5	0	0
transcript/80364.p1	3	7	264710112.8	156790012.17	143989870.57	413611056	32254360	8056424.925	264710112.8	156790012.17	143989870.57	153918972.6	0	0
transcript/80367.p1	1	2	0	0	39963974.43	0	271408608	323134023.5	0	0	39963974.43	0	271408608	0
transcript/80368.p1	1	2	0	0	111330588.3	131395578	0	0	0	0	111330588.3	131395578	0	0
transcript/80380.p2	1	1	17580825.64	21560622.76	27285868.6	947790381.1	0	0	17580825.64	0	0	0	0	0
transcript/80458.p1	1	1	1419601.214	0	2151898.52	5327043.756	11118900	0	0	0	0	0	11118900	0
transcript/80497.p1	2	3	62196381.25	54070954.35	67625644.33	82608806.45	0	5496070.204	31603802.24	18908980.02	67625644.33	0	0	0
transcript/80525.p2	1	3	224744022.1	279031611.4	97090354.53	121509037.9	75767248	41640863.03	224744022.1	0	97090354.53	121509037.9	0	0
transcript/80548.p1	7	17	693694876.33	727830617.36	950185479.13	506906607.9	259944569	37348106.48	554060437.33	600005162.07	656190187.8	506906607.9	0	0
transcript/80585.p1	1	1	769022433	975448518.3	460570505.8	21619643.45	0	109352674.7	0	975448518.3	0	0	0	0
transcript/80635.p1	5	8	31146546.74	31834331.442	31642138.25	21819288.04	415187248	366746324.44	0	0	0	0	98036312	344373042.95
transcript/80780.p1	9	13	133437707.91	26980235.69	631156289.33	764561010.2	955690464	1067152456.821	0	0	0	0	809690944	991916684.86
transcript/80827.p1	2	2	92558653.214	0	197209424.35	214330544.98	122159360	62232378.88	0	0	63866239.05	155205919.2	0	0
transcript/80831.p1	1	1	0	0	80659774.33	114160742.5	81517360	96179286.45	0	0	80659774.33	0	0	0
transcript/80843.p1	1	1	0	0	0	0	68026464	5761051.373	0	0	0	0	68026464	0
transcript/80848.p1	2	4	0	11488473.46	104213403.08	155246295.89	0	0	0	0	104213403.08	155246295.89	0	0
transcript/80855.p1	2	2	0	0	67762513.52	59773658.86	86380277	74826707.59	0	0	0	59773658.86	0	32876383.5
transcript/80862.p1	7	11	924867318.14	432420399.97	242481257.97	145407604.9	863892224	1149262601.32	924867318.14	342123684.92	0	0	0	0
transcript/80987.p1	13	18	217318061.9	133085358	1538746709.7	1779599474.567	493203864	684168794.273	0	0	363952281.65	1450406283.107	384193220	19996435.52
transcript/81037.p1	4	7	0	0	510733871.04	412581231.11	114735268.5	168884801.135	0	0	510733871.04	412581231.11	0	0
transcript/81058.p1	8	13	157983312.21	45932475.504	1067267770.05	1774492774.67	280688937	557704229.21	0	0	957177125.05	1665822916.97	0	0
transcript/81116.p1	3	4	0	0	180743317.33	171398994.08	0	0	0	0	56893882.25	171398994.08	0	0
transcript/81145.p1	2	3	61467879.386	0	110854681	144279484.1	160610862	49741877.4	0	0	0	0	32898782	49741877.4
transcript/81149.p1	2	7	303741104.8	382163918.4	163986840.25	140894138.48	114813325	88650177.06	303741104.8	382163918.4	110387823.9	78327468.51	0	0
transcript/81153.p1	6	15	2129532614.02	2616074468.97	580661607.44	439869157.79	24061128	45716894.89	2105355662.3	1295423294.87	111247837.7	246147074.6	0	16663224.32
transcript/81206.p1	1	1	0	0	17141020.79	0	308560480	385461459.1	0	0	0	0	0	385461459.1
transcript/81327.p1	13	20	2638028504.09	43626809.3	2117110852.05	2482173861.11	122550532	81838816.307	0	0	1429249435.46	1807642985.61	0	0
transcript/81343.p1	3	5	550412306.66	135062286.4	167907213.19	198239780.64	409920128	605080517.4	550412306.66	0	114094044.5	0	0	0
transcript/81344.p1	15	37	2145734232.72	1991962089.06	1933152256.74	2269551985.26	29499226	21542036.65	525944909.31	1678797898.54	1292595499.5	2169372601.36	0	0
transcript/8136.p1	1	1	28422182.11	56416031.16	64429659.77	44821735.12	0	0	28422182.11	0	0	0	0	0
transcript/81412.p1	1	1	0	0	22782331.81	32264118.91	0	0	0	0	0	32264118.91	0	0
transcript/81499.p1	1	2	23765858.68	54044485.42	37264854.37	33428329.02	0	0	0	54044485.42	37264854.37	0	0	0
transcript/81517.p1	1	2	120085524.5	115240191	104743174.2	78947150.39	0	0	120085524.5	115240191	0	0	0	0
transcript/81578.p1	2	4	185872234.5	145789050.6	206664552.155	241661002.56	0	0	185872234.5	145789050.6	0	241661002.56	0	0
transcript/81608.p1	5	17	7411832.68	211358776.8	121207600.3	102244812.2	3534129596	4211121762.01	0	0	0	0	3534129596	4211121762.01
transcript/81649.p1	5	20	3129892928.82	2589182542.6	1437043049.7	1410039406.61	13296257	34617621.59	3129892928.82	2300574599.7	1351246081.3	1370848336.7	0	0
transcript/81861.p1	7	10	0	39934849.77	575046177.74	731672818.53	45565332	5587140.815	0	0	500457965.41	483990925.58	0	0
transcript/82015.p1	2	2	64525342.5	68772322.77	64775252.04	47229026.8961	47803728	79156998.74	0	0	36012520.16	46383430.53	0	0
transcript/82103.p1	3	6	0	0	363713548.99	664537046.6	174094256	220174426.6	0	0	266145906.5	509670877	174094256	220174426.6
transcript/82169.p1	3	3	0	0	174445708.69	239413157.09	38008578	69800387.73	0	0	0	239413157.09	0	0
transcript/8231.p1	1	1	0	0	0	67465201.51	64784888	7059889.708	0	0	0	0	64784888	0
transcript/82350.p1	3	4	0	0	101110318.75	209320126.06	0	0	0	0	49849302.25	209320126.06	0	0
transcript/82374.p1	1	4	44344298.65	72854093.63	112132104.9	171195624.1	22085654	0	44344298.65	72854093.63	0	0	0	0
transcript/82509.p1	16	25	298007784.587	370094165.83	875936829.21	1066101952.21	12713052360	2735263342.09	0	0	0	166065429.79	2641901004	2052056977.36
transcript/82547.p1	4	9	209501663.16	232222371.15	107946128.98	262587325.17	36787574	0	161529635.78	232222371.15	59281934.03	220990854	0	0
transcript/82555.p1	4	10	0	0	127032094.78	260528987.68	978793608	699458102.32	0	0	127032094.78	260528987.68	577451976	523072491.82
transcript/82572.p1	2	2	0	0	59155138.05	285330881.9	0	0	0	0	0	285330881.9	0	0
transcript/82600.p1	1	1	0	0	0	0	20706236	20995008.15	0	0	0	0	20706236	0
transcript/82642.p1	1	2	183900880.9	58705919.72	7145226.696	15970981.82	66666232	19454166.56	0	0	0	0	66666232	19454166.56
transcript/82670.p1	16	28	0	45924403.58	117650847.87	88318938.62	2646904452	1674562814.559	0	0	0	27502061.03	2422405264	1426210983.79
transcript/82686.p1	3	4	97813620.35	105031134.76	95168751.27	272787319.21	0	0	30774858.56	105031134.76	0	90942401.87	0	0
transcript/82746.p1	4	4	515483669.373	463311409.9	605720529.8	264626926.53	83630074.5	23494246.29	0	19681747.75	376300514.1	211454800.2	0	0
transcript/82747.p1	1	1	0	0	38534928.14	0	0	0	0	0	38534928.14	0	0	0
transcript/82852.p1	1	2	0	0	60041941.58	90554091.16	19080982	26400187.29	0	0	60041941.58	90554091.16	0	0
transcript/82871.p1	1	1	0	0	0	0	725858432	152353075.7	0	0	0	0	725858432	0
transcript/82977.p3	2	2	124894526.91	20756129.04	61004886.36	92530870.85	35652144	0	92183869.4	0	32337525.26	0	0	0
transcript/83068.p1	2	5	0	55274864.48	17289738.63	0	298404144	250433540.7	0	0	0	0	130319904	250433540.7
transcript/83155.p1	14	26	96803794.269	10656855.975	2871793993.82	3892884710.73	309900992	76472389.044	0	0	2636146763.09	3272408450.61	0	0
transcript/83183.p1	1	1	10744058.75	0	186831731.7	205490335.6	0	0	0	0	186831731.7	0	0	0
transcript/83202.p1	2	3	0	0	133074430.49	155287787.37	22046690	0	0	0	133074430.49	73121619.57	0	0
transcript/8323.p1	2	6	139056741.96	297812909.2	245771690.2	260898088.4	34402352	30183734.48	139056741.96	189167525.6	135818903.4	260898088.4	0	0
transcript/8324.p1	4	6	111401835.14	221140134.17	91119623.35	18729942.72	31313902	438502348.5	111401835.14	183186268.52	0	0	0	0
transcript/83287.p1	14	86	237257745.04	16138481.342	1392052941.28	1587994596.37	34505587280.1	23254338387.21	218074257.8	3496638.56	797569003.6	417075899.1	34505587280.1	23207796548.37
transcript/83314.p1	1	2	0	0	130640839.1	0	0	0	0	0	130640839.1	0	0	0
transcript/83398.p1	6	11	14260395.09	40356902.44	338078710.92	461461961.8	1504109188	2190900943.85	0	0	277758934.61	461461961.8	0	0
transcript/83511.p1	3	6	255256345.76	119578943	232300319.86	242295270.71	124663700	171769344.42	78059060.39	0	177679154.72	170442502.5	73707912	33455241
transcript/83646.p1	1	2	0	0	0	0	600425216	551542494.1	0	0	0	0	600425216	551542494.1
transcript/83744.p1	1	1	0	0	35000225.97	64667590.17	0	0	0	0	0	64667590.17	0	0
transcript/83781.p1	1	1	0	0	141205724.6	45341053.77	0	0	0	0	0	45341053.77	0	0
transcript/83802.p1	1	1	37894148.44	48294278.96	28045547.16	43648642.04	0	0	0	48294278.96	0	0	0	0
transcript/83813.p1	2	2	0	0	94278677.04	127126060.52	11363686	0	0	0	0	127126060.52	0	0
transcript/83825.p1	7	9	0	0	54449572.44	44934377.4	568774528	800803077.2	0	0	0	0	304129092	700307057
transcript/83838.p1	1	2	0	260726600.1	220776683.6	252808775.9	0	0	0	260726600.1	0	0	0	0
transcript/83884.p1	1	2	33411493.5	23338150.44	33656540.92	38410551.46	0	0	33411493.5	0	33656540.92	0	0	0
transcript/83937.p1	6	8	12426248.84	33230598.33	325586787.6	322746905.19	60233592	31533759.5	0	0	167312019.18	322746905.19	0	0
transcript/84009.p1	3	8	233920780.05	203656636	660069983.5	319468715	0	0	233920780.05	203656636	0	319468715	0	0
transcript/84048.p1	1	1	0	0	0	0	9176160	0	0	0	0	0	9176160	0
transcript/84123.p1	1	2	0	0	74558302.57	128305028.5	0	0	0	0	74558302.57	128305028.5	0	0
transcript/84175.p1	2	3	0	0	243498506.1	337412156.15	52161668	18855633.75	0	0	243498506.1	286540170.1	14816152	0
transcript/84386.p1	1	2	0	0	8654287.218	0	57176304	63768941.75	0	0	0	0	57176304	63768941.75
transcript/84410.p3	2	36	24789596321	33808405280	7093343156.6	7749147030.6	91507239.5	3644502053.98	24789596321	33808405280	6848799265	7749147030.6	0	3566004581
transcript/84429.p1	1	1	0	0	80797802.39	83087927.13	22574958	10330761.35	0	0	80797802.39	0	0	0
transcript/84463.p1	10	14	0	35886991.53	1438972511.4	1374672160.34	125001760	124151332.18	0	0	1163662842.5	801930723.04	0	0
transcript/84484.p1	2	6	515337145.37	442982440	110750985.9	322337126.7	0	0	515337145.37	442982440	110750985.9	105775255.7	0	0
transcript/84489.p1	3	3	257030002.74	257923412.63	58762582.04	74828290.62	0	0	0	181194880.39	30578932.53	0	0	0
transcript/84577.p1	2	4	0	0	337006062.4	276400210.7	0	0	0	0	337006062.4	276400210.7	0	0
transcript/84629.p1	1	1	0	0	22748603.74	72944016.6	25648928	0	0	0	0	72944016.6	0	0
transcript/8464.p1	1	1	0	0	178871253.4	219760813	76583192	20777195.52	0	0	178871253.4	0	0	0
transcript/84684.p1	6	13	108193524.81	192968198.55	492064372.97	438821096.56	0	18766020.447	33199504.34	105055885.58	351494058.79	282395428.14	0	0
transcript/84791.p1	1	2	0	0	0	0	60911384	99681263.33	0	0	0	0	60911384	99681263.33
transcript/84836.p1	5	7	1114002494	331766986.5	70045165.88	112664386.5	1239114792	714002180.32	0	0	0	0	958239432	450667019.62
transcript/84868.p1	3	3	0	0	353907516.42	526749788.88	15579633	0	0	0	310893816.4	72225975.28	0	0
transcript/84884.p1	1	1	0	0	110259746	119735174.8	0	0	0	0	110259746	0	0	0
transcript/84906.p1	7	11	7321428.33	0	1240717062.74	1686724417.91	78594078.75	120710125.349	0	0	1240717062.74	1063777699.5	0	0
transcript/84953.p1	2	3	0	0	123192082.62	135291025.3	0	0	0	0	123192082.62	100735711.4	0	0
transcript/85270.p1	3	3	0	162088132.36	222697220.3	176998515.96	35872176	54956839.48	0	56602679.29	160613133.33	0	0	0
transcript/85299.p1	1	1	0	187271895.4	0	0	43511768	78536628.06	0	0	0	0	0	78536628.06
transcript/85368.p1	4	6	92337958.62	163939522.44	363614519.08	678915535.33	63396184	82794464.12	0	0	259523365.68	501824327.93	0	0
transcript/85473.p1	1	1	0	0	23253652.46	15944566.92	0	0	0	0	23253652.46	0	0	0
transcript/85516.p1	1	2	0	0	55101801.28	126223953.3	0	0	0	0	55101801.28	126223953.3	0	0
transcript/85526.p1	3	3	119815418.39	196966243.1	73285456.87	0	0	0	86970361.97	103503213.43	0	0	0	0
transcript/85612.p1	3	7	491828556	282556302.73	458557094.3	550830109.3	33611632	55358314.16	324654751.6	201366762.1	318718949.4	223734607.7	0	0
transcript/85639.p1	5	10	70791270.89	216923566.83	249877112.13	284653800.58	112102618	72943759.226	60688422.96	139710455.06	151847727.67	57207747.94	88898392	0
transcript/85665.p1	1	1	0	0	57679915.44	71651971.21	0	0	0	0	57679915.44	0	0	0
transcript/85674.p1	1	2	0	0	313662909.8	417927159.1	17873274	28352652.56	0	0	313662909.8	417927159.1	0	0
transcript/85691.p1	1	2	0	0	198339288.2	218690510.2	24635088	0	0	0	198339288.2	218690510.2	0	0
transcript/85786.p1	1	2	0	0	502430243.5	653466649.5	0	0	0	0	502430243.5	653466649.5	0	0
transcript/85804.p1	12	28	31893329.146	6834091.879	151148940.511	153632850.17	4920382273	6054864228.61	0	0	0	0	4805351549	6054864228.61
transcript/85999.p1	1	2	19623288.48	50235321.06	56918303.31	73974389.48	0	0	0	50235321.06	56918303.31	0	0	0
transcript/86012.p1	12	34	1363791721.77	1721591402.13	1826485719.92	1948171799.42	280527341	209809523.825	1066150260.3	1411159034.72	1709473508.62	1166650281.5	0	18281108.6
transcript/86074.p1	1	3	81759939.57	41932152.11	165523979.4	95232879.13	22001332	0	81759939.57	41932152.11	0	95232879.13	0	0
transcript/86103.p1	3	5	219807533.82	130057945.57	156730294.06	135484388.08	38300479	66064057.02	219807533.82	118480879.23	0	0	0	0
transcript/86186.p1	7	10	18588251.12	12028941.52	141518151.3	16818659.95	1887427704	2387362528.32	0	0	0	0	1756853612	573453694.37
transcript/86233.p1	1	1	0	0	177040535.1	213626826.5	0	0	0	0	0	213626826.5	0	0
transcript/86254.p1	3	3	31923884.73	143927239	297278768.1	344641894.83	0	6273253.706	0	0	36741335.97	308604585.3	0	0
transcript/86265.p1	2	2	23695690.28	846339088.9	640745299.92	742581817	40573148	136602070.7	0	0	563813386.8	114419400	0	0
transcript/86269.p1	2	2	0	0	63516949.45	118780527.06	21600612	24038986.31	0	0	63516949.45	48487220	0	0
transcript/86345.p1	2	2	63678738.6	25731322.87	0	49955617.18	59670710	45050458.07	0	0	0	0	59670710	0
transcript/86374.p1	3	3	0	0	360208871.25	372407128.88	81341432	64535665.08	0	0	72879928.35	316236696.5	0	0
transcript/86664.p1	20	55	1898207205.63	2386939003.91	3835037612.19	3496137562.057	2029934021	1195455010.28	1291661519.31	1125812109.12	3101011691.9	2927074272.07	1472237476	40431513.62
transcript/86697.p1	1	1	0	0	0	0	40035388	0	0	0	0	0	40035388	0
transcript/86754.p1	7	10	309306346.59	127478855.56	810907936.38	772501958.17	284255772	304532416.21	0	0	657369679.08	507351614.89	0	0
transcript/86823.p1	20	43	545714699.378	613143821.03	1225082420.17	1193728121.125	4037949214	3480494740.31	118136985.66	278148246.86	354461084.71	46230578.52	3372348990	2806215578.46
transcript/86862.p1	2	8	201770518.71	145237582.84	139786174.23	211855143.01	0	53849285.99	201770518.71	145237582.84	139786174.23	114761896.5	0	53849285.99
transcript/87256.p1	6	8	0	0	573466111.83	702183241.56	183966222	119105275.02	0	0	468572372.13	502115116.5	0	0
transcript/87260.p1	2	3	0	63020567.08	396307349	280718999.6	30443966	68177889.99	0	0	396307349	165912220.3	0	0
transcript/87295.p1	8	11	4200101.41	0	1762533473.34	1202387754.99	374759440	389508471.23	0	0	1199237526.14	932863048.42	0	0
transcript/87346.p1	2	4	0	0	206249998.97	279847828.8	59546324	76157761.42	0	0	206249998.97	279847828.8	0	0
transcript/87482.p1	3	5	0	0	94532689.25	184274099.47	24363276	7129158.591	0	0	94532689.25	77452614.66	24363276	0
transcript/87515.p1	1	1	0	27195381.04	30511567.65	52318779.05	412797984	865980591.7	0	27195381.04	0	0	0	0
transcript/87597.p1	9	16	95302923.68	109484004.22	150459335.08	125191374.4	1927714864	1568114354.7	0	0	0	0	1696326480	1276484483.6
transcript/87602.p1	1	1	0	0	0	0	386123936	28819366.95	0	0	0	0	386123936	0
transcript/87635.p2	1	1	68382225.93	100937361.6	156409186.5	217362312.1	404632800	182889447.9	0	0	156409186.5	0	0	0
transcript/8765.p1	2	3	95646451.83	104870322.28	41996976.25	51932029.97	0	0	95646451.83	26646666.68	0	0	0	0
transcript/87692.p1	5	11	0	0	0	66820161.89	701212552	664118633.658	0	0	0	0	492901176	664118633.658
transcript/87697.p1	2	2	0	0	73377913.51	124168184.11	0	0	0	0	73377913.51	0	0	0
transcript/87783.p1	1	1	37287963.27	48426568.5	109381164.9	132091370.7	0	0	0	0	109381164.9	0	0	0
transcript/87795.p1	5	8	321802804.23	409677446.09	81669475.93	114386001.22	32248288	59105046.47	291602840.35	363036707.55	0	0	0	0
transcript/87965.p1	2	2	80013470.51	74125414.63	54640509.27	92873014.57	169372336	219546253.25	0	74125414.63	0	0	0	99765376.85
transcript/88002.p1	10	15	543299901.52	625583671.93	784439212.15	1010999797.58	16506163	232690128.7	211524079.3	389152220.74	518916386.69	163208645.66	0	0
transcript/88110.p1	15	42	2002784758.25	2445239304.76	3004080163.487	3185066916.33	67151248	121591104.899	1849664903.95	1746395773.96	2585406420.8	2428170842.1	0	0
transcript/88127.p1	1	1	0	0	198366812.3	293675352.3	0	0	0	0	198366812.3	0	0	0
transcript/88168.p1	1	6	119460376.9	129589100.6	1506558939	1368245544	23266033792	30095739275	0	0	1506558939	1368245544	23266033792	30095739275
transcript/88281.p1	1	1	41678109.56	30587090.83	16835551.57	0	154529920	235766151.5	0	0	0	0	154529920	0
transcript/88291.p1	3	7	288887104.9	387605734.46	508632604.43	482441182.32	242495504	166158989.03	288887104.9	186303331.1	42631096.23	78311532.32	171903728	0
transcript/88366.p1	1	1	0	0	10505689.98	0	0	0	0	0	10505689.98	0	0	0
transcript/88513.p1	3	9	37714986.24	104231901.77	185640269.73	189348575.89	34566496	0	11128939.09	44967935.65	185640269.73	189348575.89	0	0
transcript/88898.p1	1	2	0	0	0	0	118830512	156426409.8	0	0	0	0	118830512	156426409.8
transcript/88985.p2	1	1	0	0	213851016.7	240072105.6	51564632	0	0	0	0	240072105.6	0	0
transcript/89104.p1	1	1	0	14866050.28	22684329.18	0	0	0	0	0	22684329.18	0	0	0
transcript/8912.p1	1	1	0	0	12728188.54	15142993.45	172156016	49836596.41	0	0	0	0	0	49836596.41
transcript/89122.p1	1	1	47709421.84	41311604.55	81984098.27	72115409.69	152437168	50863447.79	0	41311604.55	0	0	0	0
transcript/89255.p1	7	18	2000835858.6	2220119918.57	329316614.18	302805722.22	973957634	1181485575.81	1862163107.1	2008507436.57	257499091.38	176536037	0	0
transcript/89302.p1	1	1	0	0	10994758.67	0	29437246	14322065.73	0	0	0	0	29437246	0
transcript/89334.p1	12	34	3240348664.69	2947217895.75	2576946278.43	3753823993.96	2247048281	3336352366.05	2984124716.28	2857705529.05	1629673403	2118264465.3	48814800	0
transcript/89454.p1	3	6	69723424.75	84684194.71	69875494.01	178103434.58	594071232	782252729.29	0	0	0	0	237564992	782252729.29
transcript/89517.p1	5	7	64892832.669	18374388.54	304253217.65	313693203.54	8814246	107453955	0	0	249119218.6	258983722.35	0	0
transcript/89550.p1	11	14	0	38976340.69	800082724.4	1468602474.21	0	0	0	0	324443726.3	1366773393.01	0	0
transcript/89573.p1	12	14	275321046.61	222838389.11	1818092856.49	2048560296.69	40928604	31037133.494	0	0	755015525.91	1754352749.28	0	0
transcript/89616.p1	6	13	970220928	632128772.347	482974230.38	344016293.32	1649098488	1608418028.63	0	0	0	0	1649098488	1608418028.63
transcript/89628.p1	2	4	96650895.24	62484374.99	103959403.6	70090852	448378848	582908851.2	0	0	0	0	359486560	582908851.2
transcript/89689.p1	1	1	0	14967787.68	155028396.6	62837373.62	0	0	0	0	155028396.6	0	0	0
transcript/89693.p1	1	1	57263068.91	0	106648671.2	116433541.3	15740976	171067578.9	0	0	0	0	0	171067578.9
transcript/89730.p1	3	5	0	0	136398743.4	17260952.87	659741712	559426295.31	0	0	0	0	659741712	463710062.3
transcript/89832.p1	17	41	3507582051.58	4311839442.31	5486395825.6	5140276794.51	340599877	419358068.242	2275243837.38	3605819132.94	3820678515.3	1936230741.9	0	0
transcript/90009.p1	1	2	0	0	0	0	221818480	297622405.4	0	0	0	0	221818480	297622405.4
transcript/90068.p1	1	2	0	361325306.2	280796152.5	216002994.1	25385900	0	0	361325306.2	280796152.5	0	0	0
transcript/90083.p1	1	1	0	0	133989984.9	176950190	39600872	55584221.65	0	0	0	176950190	0	0
transcript/90128.p1	1	1	0	0	0	0	0	0	0	0	0	0	0	0
transcript/90157.p1	1	2	206570978.7	54422697.33	55904674.1	65739675.61	50716868	0	0	0	0	65739675.61	50716868	0
transcript/90305.p1	1	1	0	0	0	0	0	0	0	0	0	0	0	0
transcript/90378.p1	2	2	0	11714155.91	162035472.64	197961094.74	0	0	0	0	86415004.35	99496281.79	0	0
transcript/90382.p1	1	1	23198402	23671139.4	88104578.82	65664735.98	145214992	798297815.1	23198402	0	0	0	0	0
transcript/90491.p1	2	3	0	0	0	0	303406272	182577168.79	0	0	0	0	158100720	182577168.79
transcript/90689.p1	1	2	0	0	55839612.1	37106041.22	0	0	0	0	55839612.1	37106041.22	0	0
transcript/90700.p1	2	3	0	0	340407845.25	446283069.5	0	6066023.361	0	0	340407845.25	119204717.7	0	0
transcript/90759.p1	4	11	915223013.9	553187559.04	489078558.95	650954271.66	83678355	38013287.99	814876844.2	424921904.64	223669075.21	517818666.16	0	0
transcript/90767.p1	2	3	39662487.33	61717649.96	43330548.83	0	0	150724137.1	39662487.33	35511580.71	0	0	0	0
transcript/90777.p1	1	2	33750954.37	96976413.9	0	0	26087586	47679486.35	0	96976413.9	0	0	26087586	0
transcript/90779.p1	2	3	0	5863275.757	103565877.61	144892336.13	0	0	0	0	103565877.61	99898242.69	0	0
transcript/90927.p1	6	8	65799007.211	10972283.58	206960262.29	103302558.4	669766648	570751907.556	0	0	0	0	572932664	229511288.94
transcript/91036.p1	6	11	0	0	45233966.81	70139250.9	1242444852	578244297.14	0	0	0	0	1242444852	424876046.75
transcript/91050.p1	6	13	782557321.9	678816960.15	174932342.91	117758794.92	0	10399826.34	418382471.1	678816960.15	108600870.8	0	0	0
transcript/91144.p1	1	1	0	0	35918656.32	0	0	0	0	0	35918656.32	0	0	0
transcript/91168.p1	2	4	17303871.05	0	0	0	207096304	174307848.3	0	0	0	0	207096304	174307848.3
transcript/91186.p1	5	7	168299826.08	178076334.65	326553777.83	301601539.98	155963588	209573046.61	168299826.08	0	220738105.73	0	52278464	47570567.87
transcript/91234.p1	1	1	69625939.26	8141430.437	0	103013439.6	250746928	167102083	0	0	0	0	0	167102083
transcript/91264.p1	14	64	8781996802.9	10073862392.96	5833545759.24	9833639282.9	1126871630	990278129.66	8781996802.9	10073862392.96	5131862107.94	9609105325.4	971784202	589000635.8
transcript/91322.p1	1	1	0	0	0	36600525.63	0	45178210.8	0	0	0	0	0	45178210.8
transcript/91325.p1	19	57	3004501314.62	3492312019.73	4890377631.19	5476081220.11	394002184	701787228.25	2153573937.35	3042974872.26	3647466344.23	3378341652.63	107944736	0
transcript/91516.p1	1	1	0	0	63009871.66	93435212.31	0	0	0	0	0	93435212.31	0	0
transcript/91531.p1	3	7	140948336.9	114784338.12	202630561.68	116884366.75	0	0	140948336.9	114784338.12	0	90081200.55	0	0
transcript/91553.p1	8	19	243553937.42	366344805.26	718801753.71	821908863.13	139076720	13693026.56	170940527.29	322846908.07	322943925.55	630773798.78	139076720	0
transcript/91651.p1	15	37	698132499.943	852890955.03	1945052307.82	2645773704.79	1027277214	1086544642.9	571355576.18	637261826.78	877247800.73	1806832141.33	273578256	231806480.29
transcript/91850.p1	1	2	0	0	127437965	0	0	0	0	0	127437965	0	0	0
transcript/91913.p1	2	3	0	0	0	0	74020732	219316961.77	0	0	0	0	42395452	153653122.6
transcript/92096.p1	1	3	25147166.99	14104017.89	47191111.78	57319795.2	0	0	0	0	47191111.78	0	0	0
transcript/92217.p2	1	4	107302536.2	286740606.2	149751867	225232120.9	0	0	107302536.2	286740606.2	0	225232120.9	0	0
transcript/92276.p1	3	5	0	0	205888483.9	331468291.6	769032344	1233683118.6	0	0	0	0	769032344	272792094.7
transcript/92295.p1	2	2	0	0	104785428.26	105021776.57	0	0	0	0	61936036.64	43198157.59	0	0
transcript/92308.p1	7	12	51561528.31	59359269.846	137826115.12	234413529.7	1801980369	765645234.65	0	0	34550119.35	177766324.97	1252978788	627918004.14
transcript/92365.p1	2	4	217595723.2	204412744.1	69640749.53	181549729.7	0	0	217595723.2	204412744.1	0	0	0	0
transcript/92436.p1	1	4	2625898667	2699759533	390072688.4	732642560.5	1800067072	766344270.1	0	2699759533	390072688.4	732642560.5	0	766344270.1
transcript/92504.p1	1	2	0	0	0	42245739.43	0	0	0	0	0	42245739.43	0	0
transcript/92745.p1	2	3	26875360.05	8241636.97	136925165.37	170560104.8	0	0	0	0	69982483.16	170560104.8	0	0
transcript/92779.p1	1	1	0	19778128.03	0	73771024.24	0	0	0	19778128.03	0	0	0	0
transcript/92896.p1	2	4	2175252942.91	1263569579.49	384463543.3	370385847.4	0	0	58708625.91	97409072.49	0	370385847.4	0	0
transcript/92899.p1	4	9	0	0	137722082.57	137698308.01	6134824080	4436742188.6	0	0	28510646.87	105517576.6	3857095904	3494544424.2
transcript/92902.p1	1	1	0	0	32911422.46	71720913.6	0	0	0	0	0	71720913.6	0	0
transcript/92909.p1	1	1	0	0	20438406.05	84215906.85	0	0	0	0	0	84215906.85	0	0
transcript/92994.p1	4	5	0	26481039.51	122541307.67	203393009.03	152550698	197896081.72	0	0	0	43037553.85	87673416	105861890.6
transcript/93075.p1	5	10	213126789.38	232360696.06	153121781.1	89576782.1	786489963	1312785869.565	112893693.91	214534203.21	40483867.66	41983657.69	0	0
transcript/93329.p1	1	4	374455391.1	339182895.8	697107772.5	842699544.5	81985160	0	374455391.1	339182895.8	697107772.5	842699544.5	0	0
transcript/93819.p1	3	6	379573214	759436956.34	523550198.05	559378015.49	0	0	249070487	759436956.34	243289451.9	268455466.9	0	0
transcript/93832.p1	1	1	0	0	0	78637001.36	0	0	0	0	0	78637001.36	0	0
transcript/93872.p1	1	1	0	0	92868372.1	0	0	0	0	0	92868372.1	0	0	0
transcript/94137.p1	5	9	0	2114888.508	46121823.612	4649108.099	1028863456	874882744.78	0	0	0	0	1028863456	772623980.28
transcript/94141.p1	6	21	6077201077.04	6154180093.81	2300756409.16	3802203539.52	30459906	55202469.82	6077201077.04	4868689781.81	1621933100.76	773540313.22	0	0
transcript/94303.p1	6	7	26692837.22	83335983.05	196616724.29	265785495.69	1213659404	500065166.75	14988268.54	36071679.27	53541523.06	41409437.24	61053324	500065166.75
transcript/94315.p1	1	1	0	0	23832692.39	39403755.56	0	0	0	0	0	39403755.56	0	0
transcript/94329.p1	7	11	0	0	992481421.47	1007604199.07	46714032	0	0	0	992481421.47	745538299.87	0	0
transcript/94341.p1	12	25	676685101.754	1151707638.35	1206509405.11	1486741190.27	20068516.5	22762537.8	283748506.49	848062186.42	558752796.8	960536275.37	0	0
transcript/94365.p1	18	45	13130906510.1	15266392107.93	19313844267.73	20361372385.96	1209227928	1177971943.154	12608059888.58	1353466012.22	18366550123.17	18832449605.56	466838992	474936919.48
transcript/94519.p1	1	2	340409105.2	0	461314658.5	0	245849456	368571927.2	0	0	0	0	245849456	368571927.2
transcript/94525.p1	1	1	0	0	31685926.8	68619061.09	0	0	0	0	0	68619061.09	0	0
transcript/94595.p1	1	1	0	0	94593595.46	64843542.14	0	0	0	0	94593595.46	0	0	0
transcript/94605.p1	3	5	125227510.83	207017102.53	57969135.07	44831095.51	40681140	77917316.42	25170163.43	207017102.53	0	44831095.51	0	0
transcript/94641.p1	1	3	150820307.9	215954472	251258521.9	294396921.4	34170784	7927334.715	0	215954472	251258521.9	294396921.4	0	0
transcript/94709.p1	24	42	135287188.45	116139048.16	208601599.52	315491983.376	7303987984	8487417806.79	0	0	12261829.15	55221225.68	5706325166	7226569986.83
transcript/94738.p1	1	1	0	0	54041325.04	61425576.28	101714608	24092500.65	0	0	0	61425576.28	0	0
transcript/94933.p1	2	3	0	0	174781945.15	173236289.67	0	0	0	0	26943963.05	173236289.67	0	0
transcript/94960.p1	16	32	336515098.35	359753388.141	4477609009.89	5308357795.48	7411691110	9367988679.441	0	0	3872398752.19	3180650711	3924071584	5200621971.34
transcript/95184.p1	1	2	27925140.16	41306538.37	142372239.1	142019310.1	39119296	35415172.34	0	41306538.37	142372239.1	0	0	0
transcript/95291.p1	1	1	0	0	33107722.75	58615956.34	0	0	0	0	0	58615956.34	0	0
transcript/95311.p1	9	53	22985006974.8	22379446991.6	7701947212.3	7812906137.4	663822072	704517758.75	22721335372	18894256525.6	7211590323.2	7058392493.9	0	0
transcript/95433.p1	9	17	7413237.905	0	9703412.516	84474637.2	895404030	947233106.61	0	0	0	0	895404030	885626685.69
transcript/95438.p1	3	4	0	0	90298841.18	39984986.9	203647120	234554758.6	0	0	0	0	128859552	234554758.6
transcript/95443.p1	1	2	34319680.99	37512381.64	0	34619058.69	0	0	34319680.99	37512381.64	0	0	0	0
transcript/95676.p1	4	5	155420131.6	177312175.75	370915342.01	534731779.02	64309644	246093926.73	92756111.11	34172932.37	0	146772191.02	0	0
transcript/95709.p1	9	12	298741456.08	381105939.866	708690302.85	768221292.84	84836880	31229803.55	0	198688024.51	422860574.95	272131182.37	0	0
transcript/95803.p1	15	41	1766663515.33	2294861292.864	5575049387.99	7455115634.8	2091621884	1953245428.05	1553045577.49	1932222112	4083313177.06	4960722515.6	0	0
transcript/95863.p1	1	3	22980933.27	0	25143731.82	47606223.09	0	0	22980933.27	0	0	47606223.09	0	0
transcript/9593.p1	3	10	0	0	68115241.51	35770183.05	1905352048	2645079039.8	0	0	68115241.51	0	1905352048	2493671370.8
transcript/95940.p1	1	1	0	4881842912	3883359766	3613253526	0	0	0	4881842912	0	0	0	0
transcript/96032.p1	4	6	0	0	237727391.5	324449952	739233620	849276421.43	0	0	0	0	739233620	130940380.34
transcript/96067.p1	3	4	4376190.439	12177380.41	726238.6823	1124008.754	562244528	577509104.1	0	0	0	0	432222832	577509104.1
transcript/96125.p1	1	2	39419657.92	42828262.82	26154544.53	30709008.7	0	0	0	0	0	30709008.7	0	0
transcript/96206.p1	2	4	168745492.51	148194708.54	42407426.76	85095399.75	117118744	155012718.4	168745492.51	148194708.54	0	0	0	0
transcript/96221.p2	2	3	5790972.8	6595808.246	353475319.1	259431854.9	27611258	0	0	0	240004132.8	259431854.9	0	0
transcript/96302.p1	1	1	76870732.33	105862042.3	235177327.9	175389552.9	0	0	76870732.33	0	0	0	0	0
transcript/96754.p1	1	7	0	17593920.59	1385352173	1679475716	56817764	0	0	0	1385352173	1679475716	56817764	0
transcript/96987.p1	9	21	75108323.25	121826767.7	625092355.38	538277660.11	2684790072	2649740352.92	0	0	0	0	2381072936	2140828781.22
transcript/97038.p1	1	3	923387704.6	1178085076	1464150825	2457619182	989297088	2617268359	0	1178085076	1464150825	0	0	2617268359
transcript/97085.p1	5	16	21162961837.6	18456451147.75	3681248825.4	3412868097.83	20336516	57354423.211	21162961837.6	18439925738.3	3681248825.4	446377313.3	0	0
transcript/97480.p1	5	10	10860565.26	0	460856089.58	552342987.16	0	585267072.9	0	0	438145263.57	552342987.16	0	0
transcript/97484.p1	2	2	33031634.42	0	34193933.86	0	79194764	92181748.87	0	0	0	0	0	92181748.87
transcript/97532.p1	1	1	0	0	0	43536655.93	0	0	0	0	0	43536655.93	0	0
transcript/97533.p1	5	7	69168647.92	103448939.29	584705624.5	484671506.45	99660720	120191839.7	0	0	324624496.6	442301504.21	0	0
transcript/97556.p1	14	31	2488533150.31	2298166537.12	1552769107.54	1337642175.92	1559116684	3148546562.95	1739000648.77	943055431.99	647383483.39	708448988.59	0	0
transcript/97561.p1	1	2	0	0	44952137.59	108061234.3	0	0	0	0	44952137.59	108061234.3	0	0
transcript/97713.p1	2	3	121872791.56	101772992.99	128922749.34	37429541.76	32219666	24622327.56	0	89260051.06	0	37429541.76	0	0
transcript/97736.p1	2	2	0	0	24815677.732	47182630.088	0	35941968.25	0	0	0	44823132.12	0	35941968.25
transcript/97827.p1	4	5	18986061.15	15544429.32	835651970.08	913006426.46	70905564	24637829.53	0	0	418187920.28	635752147.6	0	0
transcript/97852.p1	12	30	354154632.6	307346589.3	541446654.72	579191350.27	12394871760	10578119223.89	0	0	0	0	12277726304	10430683739.77
transcript/97949.p1	1	1	46435310.41	71176798.64	84572858.71	119148357.8	0	0	0	0	0	119148357.8	0	0
transcript/97961.p2	2	6	44171726.47	0	15588641.31	0	901085098	507142972.3	0	0	0	0	886362208	507142972.3
transcript/97987.p1	9	26	15331955.18	32758864.12	631677939.87	834070320.49	16890572796	16102105855.06	0	0	365921144.6	140859627.3	16626641888	15950975179.46
transcript/9805.p1	5	7	54436223.78	37450559.64	992428639.99	1221053329.6	95394622	135537480.8	0	0	514277054.6	767650205	0	0
transcript/98174.p1	5	8	0	41422964.92	832443232.75	1092205920.15	40858448	287286296.43	0	0	821383003.5	745649247.65	0	0
transcript/98224.p1	4	6	150400193.97	169472791.15	210628726.36	390751467.96	0	36780982.34	126554612.98	21973701.33	0	242916537.76	0	0
transcript/98283.p1	3	12	0	158713888	1429103822	1510283819.3	11593628864	8562473308	0	0	1141040269	1510283819.3	11593628864	4430578490
transcript/98327.p1	5	10	17929093.4	20682502.48	22609843.44	0	104425735	299188575.412	0	0	0	0	104425735	250194602.302
transcript/98410.p1	3	5	32347001.93	127594059.64	171478334.7	162032518.71	0	0	21984006.6	42617267.69	114321576.84	0	0	0
transcript/98503.p1	3	4	0	0	0	0	82706829	117283420.02	0	0	0	0	82706829	81771492.79
transcript/98517.p1	2	8	332056467.5	382097428.61	428774055.94	454675960	49013424	30194492.12	295063137.2	382097428.61	386271296.6	454675960	0	0
transcript/98533.p1	10	27	2296765607.42	2704343805.77	2230817636.09	2802481894.7	93627044	405080971.227	1339433027.3	1754951544.87	1642543878.5	2334697172.1	0	0
transcript/98645.p1	1	3	43508137.04	51108428.41	73520630.09	86094938.58	13185967	70743455.78	43508137.04	51108428.41	0	0	0	70743455.78
transcript/99189.p1	1	2	0	0	121906315.4	90810321.48	0	0	0	0	121906315.4	90810321.48	0	0
transcript/99214.p1	1	3	0	36831293.3	51575599.58	36470907.63	1243503758	2232122180	0	36831293.3	51575599.58	0	0	2232122180
transcript/99338.p1	20	91	16600340657.8	20683191560.47	12451352135.488	15406115360.59	1636656700	1680039305.218	16150591803	18660184925.6	9531046337.588	14601084560.67	1253919170	439559610.39
transcript/99360.p1	1	1	0	0	0	0	58440440	45520623.43	0	0	0	0	58440440	0
transcript/99529.p1	1	1	0	0	318448878.6	353058677.9	0	0	0	0	0	353058677.9	0	0
transcript/99614.p1	4	12	914538144.22	883409957.26	435974135.08	359811184.44	122728380	138368031.59	775582364.42	783504068.7	368260553.9	300549073.7	83902952	81575633.67
transcript/99719.p1	10	26	1353254707.36	1395392734.57	731461697.68	759130718.7	19726386	30911383.37	1162413305.06	1331601088.48	306383330.7	446477610.63	0	0
transcript/99723.p1	3	6	0	0	15639020.11	0	792524960	1096877714.85	0	0	0	0	731118592	1055800342.4
transcript/99834.p1	4	11	0	0	776639576.22	753891915.45	622244896	294777131.79	0	0	515911835.5	455802142.9	622244896	40895577.39
transcript/99954.p1	2	2	0	0	133697144.4	323621806.09	0	0	0	0	0	323621806.09	0	0
transcript/99971.p1	2	4	0	11430572.24	149424854.83	172306176.63	0	0	0	0	149424854.83	172306176.63	0	0
