Protein,Cp1_noPF,Cp2_noPF,Mt1_noPF,Mt2_noPF,Lf1_noPF,Lf2_noPF
Chr01-anno1.g58176.t1,342319031.4,217391041.2,0,0,156033031.4,0
Chr01-anno1.g58184.t1,0,0,0,0,67330397.95,0
Chr01-anno1.g58297.t1,0,0,0,265732985.6,0,0
Chr01-anno1.g58419.t1,0,0,0,0,192414970.4,1195509065
Chr01-anno1.g58427.t1,0,48913229.44,674117758,234010044.3,271115398.6,78653898.04
Chr01-anno1.g58473.t1,0,0,0,0,59990856.4,219469600.9
Chr01-anno1.g58654.t1,0,0,197912930,218840274.5,0,0
Chr01-anno1.g58696.t1,0,0,0,0,633488455.1,2085807588
Chr01-anno1.g58706.t1,0,0,0,0,148164679.8,87097515.12
Chr01-anno1.g59067.t1,0,0,0,0,95167476.79,0
Chr01-anno1.g59458.t1,0,0,1977224667,2591252708,0,0
Chr01-anno1.g59750.t1,0,0,0,0,0,55764167.2
Chr01-anno1.g59850.t1,0,0,0,0,0,25983540.34
Chr01-anno1.g59994.t1,0,0,411835307,852143929.2,1551961160,3807857506
Chr01-anno1.g60247.t1,3263175057,3417731999,0,0,1612214610,1118057939
Chr01-anno1.g60266.t1,0,0,106343728,291641191.4,0,81748939.44
Chr01-anno1.g60365.t1,0,0,40651120,0,0,0
Chr01-anno1.g60564.t1,2473724828,5269103954,79522564,0,2565850726,4656574900
Chr01-anno1.g60914.t1,0,0,0,126984094,158445269.1,122996533.9
Chr01-anno1.g61032.t1,622878978.6,210315284,1548009920,1479941860,32277967941,31408470129
Chr01-anno1.g61065.t1,85012739.99,169725565.6,0,0,102944430.4,0
Chr01-anno1.g61074.t1,0,0,0,0,1363758964,606229360.1
Chr01-anno1.g61166.t1,0,0,0,0,129637633,150186990.4
Chr01-anno1.g61176.t1,0,0,0,0,77495808.9,84833786.87
Chr01-anno1.g61189.t1,1409669743,2219793398,0,0,983799778.8,181828951.1
Chr01-anno1.g61192.t1,0,0,12258799200,12476238217,0,0
Chr01-anno1.g61247.t1,0,0,173007048,207847963.1,0,0
Chr01-anno1.g61407.t1,268601073.3,295225326.5,0,0,372632181.1,379561892.9
Chr01-anno1.g61421.t1,197530339.3,347847871.1,0,0,0,0
Chr01-anno1.g61439.t1,0,0,7081813,36716906.82,0,0
Chr01-anno1.g61482.t1,0,0,244340472,345775266.8,206219191.5,348684467.8
Chr01-anno1.g61525.t1,0,0,0,0,123629628.1,724641696
Chr01-anno1.g61541.t1,0,260250078.2,0,0,0,0
Chr01-anno1.g61640.t1,93823105.05,67083146.2,0,0,250814885.1,0
Chr01-anno1.g61667.t1,0,0,0,0,32834756.82,2483810436
Chr01-anno1.g61721.t1,21991184.62,28144873.9,451878252,299699585.1,15066595474,29611425880
Chr01-anno1.g61738.t1,0,0,0,0,0,236588057
Chr01-anno1.g61781.t1,947165941.9,841780559.8,0,0,261402144.3,154133781.6
Chr01-anno1.g61788.t1,2371004150,1379664189,0,0,774394704.6,917355551.1
Chr01-anno1.g61821.t1,0,0,63571132,57498237.61,250316789.9,399556516.1
Chr01-anno1.g61919.t1,0,0,1995038032,2848952421,9821877.082,0
Chr01-anno1.g61939.t1,0,0,0,0,0,96401381.83
Chr01-anno1.g61978.t1,0,0,0,0,277920937.9,313180431.9
Chr01-anno1.g62128.t1,0,0,0,150224521,85800778.64,123705459.3
Chr01-anno1.g62185.t1,19578043.32,120815630,0,128696486.1,102698768.1,0
Chr01-anno1.g62439.t1,2771596888,3377181593,0,0,1141574401,1140570522
Chr01-anno1.g62471.t1,1606318251,1544502481,0,0,727524024.6,1573052806
Chr01-anno1.g62473.t1,0,0,0,0,46596294.04,0
Chr01-anno1.g62538.t1,0,0,14165218.25,52649716.67,0,0
Chr01-anno1.g62606.t1,1110865679,829795136.8,0,0,178954627.4,114948795.7
Chr01-anno1.g62681.t1,0,0,1095811672,640863839.6,60052330.26,113134937
Chr01-anno1.g62765.t1,0,0,587304464,149519481.9,0,0
Chr01-anno1.g63078.t1,0,0,0,226601647.7,0,0
Chr01-anno1.g63118.t1,6280731558,14165643562,98085696,0,2766044965,505773240.1
Chr01-anno1.g63135.t1,0,0,464448556,621288255.1,0,0
Chr01-anno1.g63223.t1,0,0,0,0,0,170305256.2
Chr01-anno1.g63279.t1,0,0,0,0,1236903660,1993082309
Chr01-anno1.g63350.t1,0,0,243356456,793584587,0,578725972.1
Chr01-anno1.g63406.t1,54633989.08,0,0,0,0,330137955.5
Chr01-anno1.g63408.t1,1.74E+11,2.29E+11,1545845732,3896740899,76873545961,83206790633
Chr01-anno1.g63475.t1,0,0,0,0,0,134781108.1
Chr01-anno1.g63513.t1,8732617474,6639829374,0,0,2104869241,9438424643
Chr01-anno1.g63535.t1,0,0,0,0,0,64106611.37
Chr01-anno1.g63569.t1,0,6271926.91,0,0,0,0
Chr01-anno1.g63570.t1,0,91618296.3,0,0,0,0
Chr01-anno1.g63575.t1,0,0,0,0,0,409341454.5
Chr01-anno1.g63583.t1,0,0,131952536,96724294.59,624796315.3,0
Chr01-anno1.g63586.t1,0,0,289506546,256413605.2,843391815.4,182779315.3
Chr01-anno1.g63653.t1,0,0,0,0,0,132055800.2
Chr01-anno1.g63655.t1,0,0,0,0,86298341.35,216017564.1
Chr01-anno1.g63716.t1,0,445531260.9,0,0,0,0
Chr01-anno1.g63837.t1,0,0,0,0,140565788.3,391570251.8
Chr01-anno1.g63840.t1,0,0,0,0,44878163.94,0
Chr01-anno1.g63868.t1,0,0,0,0,258963744.2,663110521.2
Chr01-anno1.g63918.t1,0,0,0,0,510208032.6,649897000.8
Chr01-anno1.g64044.t1,0,0,0,0,33068724.21,102308089.8
Chr01-anno1.g64099.t1,0,0,920170372,1591261194,0,0
Chr01-anno1.g64174.t1,452157856.4,169258519.4,0,0,79603620.01,222081517.4
Chr01-anno1.g64181.t1,0,0,0,0,0,94175514.82
Chr01-anno1.g64193.t2,0,0,1575807664,4313389642,0,0
Chr01-anno1.g64206.t1,53378977.32,0,0,0,0,0
Chr01-anno1.g64224.t1,0,0,275635760,0,4742462393,1611405609
Chr01-anno1.g64237.t1,0,0,0,0,47225288.96,78168711.48
Chr01-anno1.g64251.t1,369052016.2,134260814.9,0,0,152789018.7,92219767.65
Chr01-anno1.g64256.t1,0,0,0,0,1555292406,1383319550
Chr01-anno1.g64272.t1,131969307.9,108149697.1,8473897960,6466888515,123054259,270945665.7
Chr01-anno1.g64308.t1,0,0,0,0,889738.5783,796255828.9
Chr01-anno1.g64351.t1,475495709,661738802.8,0,0,326529637.6,104065057.6
Chr01-anno1.g64390.t1,0,0,0,0,247469824.3,586931596.1
Chr01-anno1.g64421.t1,0,0,15627365992,20233356393,540029401.4,566719700.9
Chr01-anno1.g64423.t1,0,0,74592602.5,259865993.7,0,0
Chr01-anno1.g64487.t1,0,0,0,0,0,459221265.8
Chr01-anno1.g64533.t1,0,0,412465788,646670220.4,0,0
Chr01-anno1.g64616.t1,0,0,0,0,38045892,53237736.3
Chr01-anno1.g64619.t1,0,0,0,0,197197200,854734957.8
Chr01-anno1.g64620.t1,0,0,0,0,468381104.5,905371629.1
Chr01-anno1.g64625.t1,0,0,1620023984,1188549306,0,0
Chr01-anno1.g64665.t1,0,0,0,0,498290194.5,2023001680
Chr01-anno1.g64708.t1,0,0,0,0,0,60751529.23
Chr01-anno1.g64709.t1,0,0,0,291440044.2,5372065633,12336564829
Chr01-anno1.g64712.t1,0,0,24288938892,21837287875,544530320.2,2698046328
Chr01-anno1.g64715.t1,0,0,0,0,142826107.3,258376449.6
Chr01-anno1.g64724.t1,0,30612768.51,0,0,0,0
Chr01-anno1.g64732.t1,25335913057,31033096932,449050486,905342457.4,23839393729,15509689377
Chr01-anno1.g64747.t1,0,0,539910150,357355760.7,715449823.8,1061670120
Chr01-anno1.g64749.t1,0,0,0,0,0,113046206.5
Chr01-anno1.g64806.t1,0,0,0,0,25734852.11,131956640.2
Chr01-anno1.g64825.t1,0,0,0,0,0,138875232.2
Chr01-anno1.g64839.t1,0,0,0,0,112565505.4,269277933.9
Chr01-anno1.g64849.t1,6016198363,4303359781,0,0,2296515158,1500062454
Chr01-anno1.g64853.t1,0,0,0,0,828029919.4,1191421740
Chr01-anno1.g64862.t1,0,0,2184554480,1404912081,33191734.94,0
Chr01-anno1.g64863.t1,0,0,0,0,520674398.3,0
Chr01-anno1.g64881.t1,0,0,255484504,454961333.1,0,0
Chr01-anno1.g64929.t1,0,0,0,0,50597942.38,0
Chr01-anno2.g43912.t1,0,0,0,0,0,61329989.1
Chr01-anno2.g43952.t1,7728049913,12020200706,0,0,5262560130,4086725556
Chr01-anno2.g44161.t1,2675783527,2822040163,0,0,1686817548,2169119018
Chr01-anno2.g44207.t1,0,89552550.73,0,0,83877313.49,0
Chr01-anno2.g44440.t1,66301720.06,18619143.41,0,0,0,0
Chr01-anno2.g45053.t1,0,0,172330716,200659172.6,605225813.3,2145640087
Chr01-anno2.g45463.t1,0,0,0,0,0,228653181.7
Chr01-anno2.g46480.t1,0,156547326,0,0,0,0
Chr01-anno2.g46927.t1,5238351967,5291941846,0,0,3228764284,2602703599
Chr01-anno2.g47018.t1,0,0,0,0,0,63367402.81
Chr01-anno2.g47224.t1,45259991.19,313979172.5,0,0,0,0
Chr01-anno2.g47487.t1,845502714.5,734997611.3,0,0,230766149.1,129055376
Chr01-anno2.g47683.t1,0,0,0,0,0,13374931618
Chr01-anno2.g48250.t1,0,0,0,0,0,240720062.5
Chr01-anno2.g48474.t1,10113302392,11489332781,30314322,0,7414236234,6655598529
Chr01-anno2.g48736.t1,1065982903,1617706748,241421168,155474453.9,864060387.5,1464129623
Chr01-anno2.g48983.t1,0,0,0,0,777368968.9,935331442.7
Chr01-anno2.g49556.t1,0,0,66814530,50681658.23,0,0
Chr01-anno2.g49560.t1,0,0,0,0,29301244.91,64710656.64
Chr01-anno2.g49676.t1,0,0,176356760,185771317.7,0,2081106588
Chr01-anno2.g49775.t1,0,0,0,0,143086218.1,79870597.45
Chr01-anno2.g49833.t1,0,0,0,0,0,245472193.8
Chr01-anno2.g49922.t1,0,0,0,0,709356822.9,405129183.8
Chr01-anno2.g50376.t1,58506772.39,0,0,0,209409417.6,438696579.7
Chr01-anno2.g50470.t1,0,0,0,0,97773890.31,0
Chr01-anno2.g50865.t1,0,29609836.65,0,0,536990686.1,407556586.8
Chr01-anno2.g50913.t1,0,0,217699158,179680536.1,0,0
Chr01-anno2.g51020.t1,0,0,0,0,69256200.82,206054039
Chr01-anno2.g51024.t1,0,0,0,0,0,973364936.2
Chr01-anno2.g51205.t1,0,0,2727167035,2030708119,0,0
Chr01-anno2.g51251.t1,0,0,0,0,0,369609084.5
Chr01-anno2.g51413.t1,590490372.1,0,0,0,1280907848,209049461
Chr01-anno2.g51449.t1,0,0,199410330,132672014.8,552417282.1,1587785451
Chr01-anno2.g51451.t1,0,0,0,0,107256913.7,0
Chr01-anno2.g51490.t1,0,0,5939050258,6895203648,0,0
Chr01-anno2.g51543.t1,0,0,0,0,169719912.8,1873981959
Chr01-long_reads1.PB.176.10,114788865,46248026.6,6760024522,5126608333,35813892551,0
Chr01-long_reads1.PB.22.2,210420027.1,94649768.04,0,0,18031870.62,0
Chr01-long_reads1.PB.238.1,159904306.2,508726414.2,0,0,0,540966604.3
Chr01-long_reads1.PB.359.1,0,50654072.14,536090728,161106119.6,0,0
Chr01-long_reads1.PB.367.1,0,0,0,0,272671280.8,439340057
Chr01-long_reads1.PB.408.1,0,0,6033320176,2936273846,0,0
Chr01-long_reads1.PB.416.1,0,0,0,0,0,105935232.9
Chr01-long_reads1.PB.426.1,0,0,0,0,0,71678139.46
Chr01-long_reads1.PB.473.6,0,0,0,0,0,47198208.25
Chr01-long_reads1.PB.49.2,0,0,2105379795,1954485147,3518944906,1028389711
Chr01-long_reads1.PB.65.1,0,0,255671897,44207604.87,1669319664,7156755454
Chr01-long_reads1.PB.76.1,0,0,0,39692137.63,1817935023,1488186634
Chr01-long_reads1.PB.81.1,0,0,0,0,0,62231382.13
Chr01-long_reads1.PB.96.3,0,21011712.3,0,0,0,0
Chr02-anno1.g20309.t1,0,0,0,0,74332791.04,0
Chr02-anno1.g20323.t1,15218358.48,100112940.6,0,0,0,0
Chr02-anno1.g20341.t1,0,144097748.9,0,0,0,0
Chr02-anno1.g20377.t1,0,0,0,0,82311456.58,0
Chr02-anno1.g20400.t1,0,107516957.2,0,0,0,0
Chr02-anno1.g20425.t1,0,0,0,0,0,491531284.1
Chr02-anno1.g20428.t1,0,0,0,0,61610046.1,0
Chr02-anno1.g20433.t1,0,0,328004376,781824611.6,1658853749,4367032593
Chr02-anno1.g20469.t1,0,0,0,0,0,153791057.8
Chr02-anno1.g20472.t1,144363504.6,0,0,0,0,776452967
Chr02-anno1.g20476.t1,0,0,0,51577067.12,0,0
Chr02-anno1.g20639.t1,131169055.2,431616455.1,0,68483362.69,0,0
Chr02-anno1.g20661.t1,940153546.1,755186358.6,0,0,132741420.2,0
Chr02-anno1.g20666.t1,0,0,0,0,116603914.5,89574288.51
Chr02-anno1.g20679.t1,0,0,0,0,1586383724,4176383710
Chr02-anno1.g20827.t1,0,0,0,0,92359905.88,179800864.1
Chr02-anno1.g20839.t1,0,0,0,0,61589819.47,0
Chr02-anno1.g20870.t2,0,0,8894013964,7309743232,0,434353654
Chr02-anno1.g20955.t1,0,8728398.809,2311422436,6184910521,306280413,178591705.4
Chr02-anno1.g20957.t1,0,0,0,0,449396652,0
Chr02-anno1.g21072.t1,0,0,0,0,38565622.1,100842112.1
Chr02-anno1.g21175.t1,0,0,1729533020,1611533581,0,0
Chr02-anno1.g21262.t1,0,0,1125216992,985001173.3,0,0
Chr02-anno1.g21268.t1,0,0,0,0,102453253.9,507971804.6
Chr02-anno1.g21269.t1,0,0,0,0,0,50002334.12
Chr02-anno1.g21303.t1,73355001017,82345167948,234944973.5,377053254,32685597883,21047831635
Chr02-anno1.g21386.t1,0,0,5793900348,4803564392,0,0
Chr02-anno1.g21401.t1,140174733.3,111299501.7,0,0,78033598.05,871338429.4
Chr02-anno1.g21436.t1,0,0,14169179,0,99754777.69,161960308.1
Chr02-anno1.g21511.t2,0,0,0,109493896.6,299549012,607165068
Chr02-anno1.g21525.t1,2716363103,1205156724,733083776,1899812697,2635589581,5140573289
Chr02-anno1.g21528.t1,0,0,0,0,0,187672427.7
Chr02-anno1.g21533.t1,877701942.3,419131468.4,10624770,67857221.23,314338352.3,303363791.7
Chr02-anno1.g21555.t1,0,53684499.49,0,0,0,0
Chr02-anno1.g21609.t1,0,0,0,0,61433110.27,0
Chr02-anno1.g21613.t1,0,0,108217592,248656319.7,69126844.84,0
Chr02-anno1.g21724.t1,0,0,159331256,184125954.2,0,0
Chr02-anno1.g21749.t1,0,0,0,0,29481636.91,0
Chr02-anno1.g21863.t1,100951947.3,33602232.02,0,0,166563019.6,140277783.3
Chr02-anno1.g21915.t1,66208101.59,0,0,0,0,0
Chr02-anno1.g22082.t1,0,0,0,0,0,241975142.9
Chr02-anno1.g22205.t1,0,0,0,0,0,221680788.6
Chr02-anno1.g22381.t1,0,0,0,0,991152340.5,1018278468
Chr02-anno1.g22390.t1,808802423.1,894331405.4,0,0,0,332042170
Chr02-anno1.g22455.t1,0,0,3816735856,4229598606,295011691.7,752818991
Chr02-anno1.g22695.t1,0,0,0,361828635.3,0,0
Chr02-anno1.g23433.t1,0,0,31650680,99411214.85,1802030716,2286710886
Chr02-anno1.g23633.t1,0,0,0,0,44662176.83,181605775.1
Chr02-anno1.g23806.t1,0,0,185192248,94311833.48,0,0
Chr02-anno1.g23843.t1,5399683352,3326785514,0,0,1091639152,2681410919
Chr02-anno1.g23898.t1,0,0,0,0,518725835.8,446874266.5
Chr02-anno1.g24083.t1,0,368434806.1,0,0,0,0
Chr02-anno1.g24096.t1,213445603.9,762500078.1,0,0,484106746,526943252.8
Chr02-anno1.g24229.t1,0,0,0,0,174119944,220280856.3
Chr02-anno1.g24543.t1,0,0,0,0,0,6547242958
Chr02-anno1.g24545.t1,0,0,0,0,36767530.61,17156059067
Chr02-anno1.g24566.t1,0,0,0,0,0,50847732.16
Chr02-anno1.g24669.t1,0,0,5410712576,1142109477,247697311,462867774.6
Chr02-anno1.g24716.t1,0,0,46829984,0,0,0
Chr02-anno1.g24736.t1,423596805.6,542447368.9,0,0,0,0
Chr02-anno1.g24759.t2,0,0,8666520020,13109277405,133986360.4,271554150.4
Chr02-anno1.g24855.t1,179229319.4,0,0,0,0,0
Chr02-anno1.g24910.t1,0,0,20340222,0,3029280025,3063118201
Chr02-anno1.g24923.t1,0,0,0,0,29783199.72,190073194.4
Chr02-anno1.g24933.t1,0,0,0,0,1759351651,2778449059
Chr02-anno1.g24952.t1,0,139818070,0,0,124326382.2,86173273.25
Chr02-anno1.g25143.t1,0,0,0,0,366760028.6,3251314956
Chr02-anno1.g25178.t1,1413069406,2397115166,168871376,188860130.1,515942001.2,343786100.4
Chr02-anno1.g25223.t1,0,0,277156516,113335725.3,0,0
Chr02-anno1.g25285.t1,1418629095,2056880452,17851804,0,634281131.4,1485533290
Chr02-anno1.g25295.t1,0,0,0,0,180318816.5,0
Chr02-anno1.g25381.t1,11716455.82,79688671.28,3161819564,3255834179,62628939.41,51770305.67
Chr02-anno1.g25466.t1,572649668.5,1068275544,2992561154,2664252675,2170215337,2205504977
Chr02-anno1.g25475.t1,0,0,0,0,91624154.01,0
Chr02-anno1.g25531.t1,10889193751,7420702759,0,0,4458458369,3986634253
Chr02-anno1.g25591.t1,240975277.3,431073884.3,0,0,72346402.77,0
Chr02-anno1.g25612.t1,0,2949042714,0,0,1073880894,0
Chr02-anno1.g25700.t1,7226789501,6893430456,0,0,2355395350,3093937064
Chr02-anno1.g25726.t1,159118990.3,310301066.4,76087184,0,2170941870,1007075404
Chr02-anno1.g25732.t1,3877740379,6551476341,163717792,14270225.41,4721515702,1902213922
Chr02-anno1.g25759.t1,0,0,0,177754799.4,0,0
Chr02-anno1.g25803.t1,0,0,111813204,0,642574960,969332199.8
Chr02-anno1.g25810.t1,60827554.58,308498861.4,0,0,155907336.3,0
Chr02-anno1.g25814.t1,0,0,317802034,354008006.8,0,0
Chr02-anno1.g25852.t1,11717099166,24407473583,372812474,307196450.6,14435366418,8928578579
Chr02-anno1.g25923.t1,0,42339758.18,0,0,0,0
Chr02-anno1.g26053.t1,102111529.9,0,13033351428,10224133160,282113009.6,0
Chr02-anno1.g26061.t1,0,14908782.88,0,0,0,0
Chr02-anno1.g26075.t1,20701299810,18205710787,510829288,792761386,27459403829,32896929297
Chr02-anno1.g26093.t1,0,0,736232658,287102597.4,0,0
Chr02-anno1.g26113.t1,0,0,0,0,348111524.4,1193410315
Chr02-anno1.g26295.t1,0,36680677.6,0,0,0,0
Chr02-anno1.g26363.t1,0,0,20531507.5,0,182981102.2,993277996.1
Chr02-anno1.g26405.t1,123362214.8,0,0,0,0,0
Chr02-anno1.g26481.t1,0,0,14080098566,18104699294,210576953.1,114996503.5
Chr02-anno1.g26553.t1,0,0,0,0,37719458.62,91908021.98
Chr02-anno1.g26596.t1,2824356546,1745643679,0,0,513917736.8,765338001.1
Chr02-anno1.g26603.t1,0,0,0,0,214951189.1,70419814.23
Chr02-anno1.g26604.t1,0,0,0,0,21611665.93,73161168.28
Chr02-anno1.g26605.t1,0,0,0,0,0,38848682.86
Chr02-anno1.g26666.t1,0,0,0,0,0,49697882.16
Chr02-anno1.g26684.t1,1296913137,656488734.2,0,0,0,85022906.37
Chr02-anno1.g26688.t1,0,33210556.94,0,0,1029727868,1586485414
Chr02-anno1.g26815.t1,151640682.3,263363092.2,0,0,0,890820132.7
Chr02-anno1.g26822.t1,0,0,0,87836850.53,0,0
Chr02-anno1.g26838.t1,0,0,84185136,0,699135861.1,296414658
Chr02-anno1.g26907.t1,58798385.58,240906583.7,0,276097234.9,0,0
Chr02-anno1.g26910.t1,0,0,0,0,450702754.1,515799743.8
Chr02-anno1.g26947.t1,0,0,0,0,0,264760794.8
Chr02-anno1.g26962.t1,0,0,111230760,1923711000,0,0
Chr02-anno1.g27070.t1,5727124471,9067682758,414357480,446985190.7,1895284091,1181924599
Chr02-anno1.g27073.t1,7536863598,5754770372,0,0,5398052261,2379156741
Chr02-anno1.g27074.t1,0,0,0,0,144304391.1,0
Chr02-anno1.g27084.t1,672230712.4,553181088.2,0,0,360215746.9,830351719.9
Chr02-anno1.g27174.t1,0,0,40810860,37088420.27,0,0
Chr02-anno1.g27252.t1,0,0,0,0,96122763.3,0
Chr02-anno1.g27316.t1,0,0,22323192,0,39561393.4,0
Chr02-anno1.g27320.t1,0,0,733017376,1144837405,0,0
Chr02-anno1.g27362.t1,0,0,978547283,998597910.1,0,0
Chr02-anno1.g27366.t1,213030053.9,414424563.8,90559272,93771098.82,0,1161041051
Chr02-anno1.g27390.t1,14554262518,7850915543,0,0,0,0
Chr02-anno1.g27403.t1,29514400.03,0,0,0,0,0
Chr02-anno1.g27471.t1,0,52465535.08,0,0,0,0
Chr02-anno1.g27479.t1,166740369.3,143834334.6,0,0,0,0
Chr02-anno1.g27498.t1,633332896.5,386128642.5,2682199396,4050629128,54428302899,95774271844
Chr02-anno1.g27506.t1,0,0,0,0,0,80391195.82
Chr02-anno1.g27507.t1,0,0,0,0,525854333.3,792776880
Chr02-anno1.g27509.t1,0,0,0,0,320407342.7,778588690.7
Chr02-anno1.g27528.t1,0,0,0,0,437078386.4,0
Chr02-anno2.g11357.t1,48133132.26,110055070.4,0,0,0,0
Chr02-anno2.g11595.t1,0,0,0,0,452515555.7,740563071.1
Chr02-anno2.g12081.t1,0,0,863302848,2604338907,0,0
Chr02-anno2.g12136.t1,385336204.5,629686865.5,50343496,0,562351381.6,174257922.7
Chr02-anno2.g12263.t1,5590811902,4054386090,23340648,0,3555841345,2664484018
Chr02-anno2.g12405.t1,0,0,0,0,517315648.4,516938021.5
Chr02-anno2.g12729.t1,53098729.63,81187310.62,0,0,68855278.59,0
Chr02-anno2.g13121.t1,1405087636,806749006.5,0,0,0,713739941.8
Chr02-anno2.g13157.t1,0,0,0,0,132991411.4,188958015.4
Chr02-anno2.g13262.t1,20303339.36,332293550.9,0,0,0,0
Chr02-anno2.g13384.t1,0,0,0,0,501952930.1,1159623390
Chr02-anno2.g13517.t1,0,0,47534373,0,2005168873,1602314687
Chr02-anno2.g13559.t1,0,0,0,0,138367412.6,0
Chr02-anno2.g13798.t1,875771418.3,891901265.3,0,0,940007935.4,1482596554
Chr02-anno2.g13842.t1,381781701,1031658493,28122542,0,446385160.7,357892623.2
Chr02-anno2.g14015.t1,485924715.9,274805764.6,0,0,192037872.7,363864905.6
Chr02-anno2.g14623.t1,0,0,0,0,0,64111228.81
Chr02-anno2.g14639.t1,728865415.5,1199737864,4934033398,6699776577,911932494.2,639455043.1
Chr02-anno2.g14667.t1,0,29969087.51,79617124473,92516598467,3989004733,578496355.3
Chr02-anno2.g14669.t1,0,0,0,0,0,49510296.07
Chr02-anno2.g14700.t1,0,0,0,0,0,4899702701
Chr02-anno2.g14701.t1,0,0,0,11544974150,397521054,0
Chr02-anno2.g15295.t1,95004450.66,186349050,0,0,0,0
Chr02-anno2.g15982.t1,0,0,0,0,0,42710680.5
Chr02-anno2.g16081.t1,0,0,0,0,0,436510592.7
Chr02-anno2.g16177.t1,0,0,10116826814,12151157155,328951966.6,393036275.4
Chr02-anno2.g7879.t1,56933404,0,1484902182,885895418.2,11674534293,12169145678
Chr02-anno2.g7980.t1,512372779.7,525414966.1,0,0,424103558.2,0
Chr02-anno2.g8375.t1,0,0,0,16298115.81,1448158727,2850806765
Chr02-anno2.g8399.t1,0,0,0,0,45925519.47,0
Chr02-anno2.g8493.t1,0,0,0,0,0,193408933.9
Chr02-anno2.g8656.t1,0,0,7096563022,6521969130,225944587.9,121058554.4
Chr02-anno2.g9797.t1,0,0,0,0,0,177605168.4
Chr02-anno2.g9805.t1,83422997515,93645666704,889250610,898553938,34781193333,41652609477
Chr02-anno2.g9847.t1,0,188744467.1,0,0,191031342.3,0
Chr02-long_reads1.PB.1006.2,0,0,62558068,0,0,0
Chr02-long_reads1.PB.1059.1,3204819551,4066235667,0,0,3014207120,715431191.5
Chr02-long_reads1.PB.592.2,0,0,0,0,42312011.51,0
Chr02-long_reads1.PB.648.1,24405230.18,0,0,0,66074052.72,0
Chr02-long_reads1.PB.666.1,0,0,0,0,0,178037556
Chr02-long_reads1.PB.686.1,0,0,1337454396,1374469783,240898085.3,266820333.7
Chr02-long_reads1.PB.703.3,0,0,0,0,76797073.03,25662467.93
Chr02-long_reads1.PB.784.2,67471206777,69043101439,6221958624,9773002656,1.11E+11,75645307.17
Chr02-long_reads1.PB.810.1,2174236904,850030856.4,691967424,0,9676974946,13829314251
Chr02-long_reads1.PB.813.2,0,0,0,44060652.63,0,0
Chr02-long_reads1.PB.815.1,87656180.46,282139773.1,0,0,185458928.5,131045598.8
Chr02-long_reads1.PB.851.1,0,0,0,0,227844047.3,521296510.9
Chr02-long_reads1.PB.859.3,0,0,0,0,87819958,251779274.6
Chr02-long_reads1.PB.862.1,0,0,0,21459666.44,2108679698,1961113249
Chr02-long_reads1.PB.889.1,103435157.9,57469553.56,0,0,0,0
Chr02-long_reads1.PB.897.1,0,0,33959032,0,0,0
Chr02-long_reads1.PB.901.1,0,0,0,0,0,74239413.61
Chr02-long_reads1.PB.936.1,0,0,0,0,80114213.47,0
Chr03-anno1.g51625.t1,0,0,0,0,0,34340181.4
Chr03-anno1.g51636.t1,0,129677338.8,0,0,1222840906,2015605712
Chr03-anno1.g51663.t1,0,0,0,0,32301391.06,0
Chr03-anno1.g51676.t1,0,0,743314134,167666999.8,692330863.7,813816524.8
Chr03-anno1.g51739.t1,0,0,0,0,60865932.63,472999267.5
Chr03-anno1.g51741.t1,2463108238,4079405140,716425683.5,2109269019,524896302.7,433394411
Chr03-anno1.g51825.t1,0,0,329674656,511200598.5,0,0
Chr03-anno1.g51837.t1,14338472.26,19844697.39,0,0,0,0
Chr03-anno1.g51925.t1,97111613.1,72641128.12,0,0,293730901.2,1627333514
Chr03-anno1.g51926.t1,22407585.83,9843132.361,0,0,166657145.9,692052179.4
Chr03-anno1.g51933.t1,27345094.36,0,0,0,0,2754528090
Chr03-anno1.g51944.t1,0,0,17103335096,17792745700,165901690.4,914526190.1
Chr03-anno1.g51971.t1,1160189488,1812977895,0,0,901667648.2,138202361.9
Chr03-anno1.g52015.t1,0,0,0,0,904160263.2,4259629077
Chr03-anno1.g52106.t1,0,0,98023672,22545258.35,637656374.6,2235911700
Chr03-anno1.g52127.t1,42730141274,33003178897,0,283685373,19194640318,16448479392
Chr03-anno1.g52179.t2,159537622.9,79812786.56,76161949793,93848033643,1976881195,5372549404
Chr03-anno1.g52180.t1,0,0,266043136,106507564.1,0,0
Chr03-anno1.g52195.t1,1189959580,780033546.2,0,0,441175481.1,35259403.82
Chr03-anno1.g52201.t1,0,0,0,0,0,116192814.9
Chr03-anno1.g52202.t1,172198488.7,104940419.9,0,0,85428740.8,85174075.62
Chr03-anno1.g52206.t1,0,0,52057888,0,988715030.5,2070210944
Chr03-anno1.g52220.t1,0,0,0,0,219126307.6,148254835.8
Chr03-anno1.g52246.t1,0,0,0,0,0,0
Chr03-anno1.g52291.t1,0,0,0,0,359965636,600864121
Chr03-anno1.g52328.t1,0,0,0,0,0,25974779.28
Chr03-anno1.g52362.t1,0,0,0,0,550627883,1476891428
Chr03-anno1.g52554.t1,0,0,2187192304,1872737511,0,0
Chr03-anno1.g52604.t1,0,0,1133834912,1070603788,82515216.33,120475576.2
Chr03-anno1.g52645.t1,0,0,0,0,147128962.4,224808777.9
Chr03-anno1.g52808.t1,1549434037,1447385201,0,0,780904424.7,1243329329
Chr03-anno1.g52947.t1,0,0,0,0,0,35061793.18
Chr03-anno1.g52999.t1,106112158.5,0,0,0,0,0
Chr03-anno1.g53042.t2,0,0,141208125.5,202861789.9,1747293017,0
Chr03-anno1.g53066.t1,1574769589,1187050746,24545360,174179151.7,1949023943,7863344965
Chr03-anno1.g53141.t1,0,0,0,0,192566014.9,375952369.6
Chr03-anno1.g53200.t1,0,0,0,0,83647990.03,0
Chr03-anno1.g53256.t1,860326177.3,1925111166,0,0,208694131.8,148281437.7
Chr03-anno1.g53306.t1,0,0,0,0,0,37111057.73
Chr03-anno1.g53316.t1,1755227645,4845179795,101513104,0,3038597057,3334553109
Chr03-anno1.g53350.t1,0,0,304120040,271446067.9,3649340080,8976840449
Chr03-anno1.g53352.t1,29289204.26,0,0,0,168782505.7,54539691.67
Chr03-anno1.g53358.t1,12142463.43,0,0,0,124193913.5,625161120.8
Chr03-anno1.g53413.t1,0,0,0,0,0,144262754.6
Chr03-anno1.g53416.t1,1599812358,604168823.9,0,0,0,11346330.03
Chr03-anno1.g53454.t1,0,0,0,0,0,53085211.68
Chr03-anno1.g53459.t1,0,0,0,0,137405966.7,180706728.2
Chr03-anno1.g53462.t1,0,0,0,0,80990127.76,253536403.2
Chr03-anno1.g53617.t1,11954142453,11265361214,9872220,0,3245527477,2291611246
Chr03-anno1.g53733.t1,24596794.4,25508309.37,0,0,2255825894,1736491190
Chr03-anno1.g53737.t1,0,0,0,0,0,1215637214
Chr03-anno1.g53785.t1,0,0,56743020,0,0,0
Chr03-anno1.g53900.t1,0,0,0,151582641.1,1055658255,0
Chr03-anno1.g54040.t1,0,0,0,103070772.3,4189317063,0
Chr03-anno1.g54081.t1,0,0,0,1523382135,0,0
Chr03-anno1.g54179.t1,0,0,0,0,0,532443833.3
Chr03-anno1.g54181.t1,0,0,0,0,0,205966244.7
Chr03-anno1.g54182.t1,94968294.86,190198506.8,1533780088,831137505.7,34222583016,20829088211
Chr03-anno1.g54204.t1,0,0,0,0,0,57972374.26
Chr03-anno1.g54256.t1,325808594.8,426724985.3,15178182276,13847791946,34282127324,31010889101
Chr03-anno1.g54281.t1,0,0,270869504,0,411420283.6,461619229.9
Chr03-anno1.g54991.t1,0,0,103824472,0,297880421.4,72912607.94
Chr03-anno1.g55061.t1,0,0,26190192,580961599.5,244621097.6,0
Chr03-anno1.g55220.t1,0,0,48483800,67631408.26,64053228.75,339060800.7
Chr03-anno1.g55424.t1,0,0,0,0,726477009.2,1041141569
Chr03-anno1.g55523.t1,0,0,0,13267577.83,0,25746164.65
Chr03-anno1.g55536.t1,0,0,0,0,229485793.5,187112845.4
Chr03-anno1.g55546.t1,0,0,0,0,81416027.68,68021608.99
Chr03-anno1.g55552.t1,0,0,66375408,62411312.31,0,0
Chr03-anno1.g55574.t1,806565742.7,2144904889,0,655200034.7,5247192510,0
Chr03-anno1.g55592.t1,0,0,0,0,1199928255,2817285785
Chr03-anno1.g55617.t1,0,0,22283150,191631404.4,0,387842754.1
Chr03-anno1.g55624.t1,0,0,0,0,0,231341837.3
Chr03-anno1.g55635.t2,0,0,0,0,251902675,138282110.3
Chr03-anno1.g55646.t2,13647291.02,0,0,0,30255309,0
Chr03-anno1.g55694.t1,0,0,0,0,25136917.06,30422487.41
Chr03-anno1.g55711.t1,1770506343,1831620477,53566580,0,825645577.6,1078665493
Chr03-anno1.g55763.t1,0,0,0,0,0,144741922.4
Chr03-anno1.g55888.t1,0,0,55528596077,46515099212,675491594.4,1641881129
Chr03-anno1.g55895.t1,0,0,151738728,732039995.6,0,1080507720
Chr03-anno1.g55914.t1,776802054,1477052913,0,0,732712100.7,0
Chr03-anno1.g56065.t1,0,0,0,0,48347530.31,110641546
Chr03-anno1.g56104.t1,0,0,0,0,0,315962889.2
Chr03-anno1.g56276.t1,0,27422282.62,1362337538,1634229721,8144299376,6785037389
Chr03-anno1.g56312.t1,0,0,62140624496,59512978096,1659614734,2108303778
Chr03-anno1.g56406.t1,0,0,0,0,0,57728046.57
Chr03-anno1.g56500.t1,0,0,0,0,0,86519069.61
Chr03-anno1.g56518.t1,0,0,0,0,1445421631,6601299464
Chr03-anno1.g56559.t1,0,0,0,0,641687578.4,0
Chr03-anno1.g56640.t1,33700207782,69828655957,653567076,608261217.9,17564909526,2214034301
Chr03-anno1.g56752.t1,529472728.6,181445210.1,0,0,591637595.1,594169514.6
Chr03-anno1.g56753.t1,0,0,180629228,0,0,0
Chr03-anno1.g56775.t1,102995979.9,0,57339560,30791642.46,802418568,545107706.9
Chr03-anno1.g56782.t1,0,0,0,0,0,750482006.8
Chr03-anno1.g56800.t1,0,0,0,31208167.88,0,0
Chr03-anno1.g56801.t1,7441693.264,0,20065349272,20028721773,882121355.3,1567914660
Chr03-anno1.g56834.t1,0,0,0,0,500921340,2110491720
Chr03-anno1.g56958.t1,0,0,0,0,0,65003484.61
Chr03-anno1.g56964.t1,0,0,0,0,119275847.2,2475428410
Chr03-anno1.g57034.t1,0,0,0,0,0,491340636.9
Chr03-anno1.g57047.t1,0,0,0,0,248354090.7,1205503045
Chr03-anno1.g57108.t1,0,0,0,0,2343620322,1956251887
Chr03-anno1.g57156.t1,713568763,438827995.3,0,0,14574919164,59949344717
Chr03-anno1.g57210.t1,0,0,0,0,142274266.6,672912275.4
Chr03-anno1.g57219.t1,0,0,0,0,374405597.3,359365906.1
Chr03-anno1.g57227.t1,0,0,0,36684886.45,0,0
Chr03-anno1.g57229.t1,28699444.87,27661785.11,0,0,1408043892,1717327581
Chr03-anno1.g57231.t1,0,0,0,0,0,1982390218
Chr03-anno1.g57235.t1,0,0,0,0,38688711.6,1428310838
Chr03-anno1.g57244.t1,0,35385373.69,78794464,86434518.81,2187012892,20908374237
Chr03-anno1.g57321.t1,77086888.64,125001652.9,0,0,0,0
Chr03-anno1.g57353.t1,3488963165,3194498240,0,13052025.17,1858314754,2148762897
Chr03-anno1.g57402.t1,0,0,180952632,261710325.1,392646043.4,0
Chr03-anno1.g57405.t1,0,0,0,0,303340067,608997637.7
Chr03-anno1.g57426.t1,153785655.3,131177736.1,2367755330,2432579213,11819755027,18202316535
Chr03-anno1.g57427.t1,0,0,1903086426,1033384422,0,0
Chr03-anno1.g57432.t1,3102778710,5350199948,63295610,0,2901245731,3230696930
Chr03-anno1.g57434.t1,0,0,124903640,23279135.1,3158869459,602253707
Chr03-anno1.g57435.t1,0,0,0,0,34528022.65,0
Chr03-anno1.g57441.t1,0,0,0,0,0,639860326.2
Chr03-anno1.g57517.t1,0,0,148597840,161953674.4,0,0
Chr03-anno1.g57527.t1,847099646.7,939473685.7,244674655,213461656.8,588248719.5,858841019
Chr03-anno1.g57531.t1,0,0,0,0,0,134092651.1
Chr03-anno1.g57538.t1,11889184299,11792172939,443998864,835749011.5,5883588918,2094208514
Chr03-anno1.g57594.t1,0,0,74513912,0,0,0
Chr03-anno1.g57612.t1,0,0,0,0,0,168651531.7
Chr03-anno1.g57617.t1,0,41031015.01,1340060786,1474383298,140248553,232748959.9
Chr03-anno1.g57627.t1,0,0,162169536,403442311.1,282900185.1,327701725.4
Chr03-anno1.g57640.t1,0,0,4164889388,2383155822,37464662979,16176644634
Chr03-anno1.g57644.t1,0,93385837.74,0,0,61883590.92,0
Chr03-anno1.g57655.t1,0,0,8146988906,6559672505,760010300.3,75357487.17
Chr03-anno1.g57682.t1,0,0,0,0,0,151132398.3
Chr03-anno1.g57685.t1,5989789194,8154797433,36431576,0,3607707991,1084647464
Chr03-anno1.g57796.t1,6071180058,5260160232,0,0,2260789104,5438896665
Chr03-anno1.g57845.t1,0,0,0,0,47810503.59,78681677.3
Chr03-anno1.g57873.t1,0,0,0,0,87210748.65,318864124.7
Chr03-anno1.g57881.t1,0,0,2468953616,1136545336,0,0
Chr03-anno1.g57884.t1,0,0,0,0,0,59083349.38
Chr03-anno1.g57979.t1,0,0,203250560,0,6444082964,439984832.1
Chr03-anno1.g57986.t1,0,0,1162848452,906465493.3,0,0
Chr03-anno1.g58012.t1,191810840.9,415401602.3,0,0,0,0
Chr03-anno1.g58013.t1,0,0,2591148636,2373650465,0,0
Chr03-anno1.g58056.t1,0,0,0,0,48981414.9,188457592.4
Chr03-anno2.g16299.t1,0,0,0,0,244877994.8,603741919
Chr03-anno2.g16453.t1,203575554.8,128847661.9,2893292530,2216642331,1012771259,5981936272
Chr03-anno2.g16466.t2,0,0,0,0,29458313.27,3956384689
Chr03-anno2.g16597.t1,85362883.03,23350086.09,124212802,576914654.8,13038399434,52105498513
Chr03-anno2.g16860.t1,0,0,0,0,51851685.24,0
Chr03-anno2.g16989.t1,491763924.6,908373702.4,0,0,265679725.6,56289647.19
Chr03-anno2.g17130.t2,0,0,0,0,1000440747,857786940.5
Chr03-anno2.g17143.t1,0,0,0,38446088.87,0,0
Chr03-anno2.g17362.t1,0,0,0,22760831.53,0,0
Chr03-anno2.g17890.t1,484390682.8,861949020,0,0,44870167.8,0
Chr03-anno2.g17980.t2,0,99812802.59,0,0,60869215.52,0
Chr03-anno2.g17981.t1,1923099651,2625452898,0,0,617004454,551577569.4
Chr03-anno2.g18149.t1,0,0,19546087264,17109773939,76566234.16,72096637.42
Chr03-anno2.g18342.t1,0,0,0,0,68425887.84,3078651482
Chr03-anno2.g18421.t1,0,0,840614534,846109984.5,0,0
Chr03-anno2.g18441.t1,0,0,128519156,44301643.67,0,0
Chr03-anno2.g18448.t1,0,0,0,0,124516701.7,533126041.9
Chr03-anno2.g18458.t1,0,0,0,0,148516031,92756555.75
Chr03-anno2.g18675.t1,0,0,25383949960,28810484739,40268966.6,1548766428
Chr03-anno2.g18797.t1,0,0,0,0,2434399399,0
Chr03-anno2.g18851.t1,0,0,507513280,913457606,0,0
Chr03-anno2.g19279.t1,0,0,0,0,164960628.7,0
Chr03-anno2.g19292.t1,0,0,0,0,0,244272649
Chr03-anno2.g20267.t1,0,0,0,0,0,165363023.3
Chr03-anno2.g20351.t1,172689645.2,409856087.8,0,0,0,81813583.5
Chr03-anno2.g20526.t1,0,0,0,0,0,127985796.9
Chr03-anno2.g20661.t1,1.54E+11,2.64E+11,30731198837,27909340590,1.93E+11,35213643563
Chr03-anno2.g21223.t1,4441785895,14199549578,267227026,81902606.86,8524946572,2570100569
Chr03-anno2.g21342.t1,0,0,7738846552,7597471036,0,0
Chr03-anno2.g21502.t1,0,0,0,61267891.26,0,0
Chr03-anno2.g21514.t1,0,0,43318024,0,351065836.1,755378817.9
Chr03-anno2.g21955.t1,0,0,0,0,340133422.8,457751727.5
Chr03-anno2.g22059.t1,0,0,21664580584,16866701011,1080253762,1902090305
Chr03-anno2.g22530.t1,0,0,71424640,0,1543017640,2105087549
Chr03-anno2.g22532.t2,0,0,0,0,210188861.6,68295691.56
Chr03-anno2.g22682.t1,0,0,0,0,35948055.58,624309793.1
Chr03-anno2.g22812.t1,8382325326,1664483624,5264086064,15570803418,65642178974,1736182387
Chr03-anno2.g22858.t1,217382415.9,344589613.1,440669258,325701429.4,227333414.4,0
Chr03-anno2.g22945.t1,0,0,32031152,316438722.7,0,0
Chr03-anno2.g22964.t1,0,0,161004256,211501642.5,0,0
Chr03-anno2.g23060.t1,0,0,0,0,0,135300799
Chr03-anno2.g23183.t1,0,0,290786564,550741882,0,0
Chr03-anno2.g23275.t1,152107713,0,0,0,0,0
Chr03-anno2.g23328.t1,277649648,592497724.9,10926227504,7011471149,23575217124,43578712516
Chr03-anno2.g23436.t1,4444253581,5143096683,4310728080,3703025288,3092876018,2758429652
Chr03-anno2.g23587.t1,0,0,277147332,294625192.7,0,0
Chr03-anno2.g23596.t1,0,0,0,0,0,53339974.54
Chr03-anno2.g23601.t1,6299614539,9737918806,840721386,1109761245,7886376686,5751239049
Chr03-long_reads1.PB.1086.1,0,0,4129401,0,69997511.86,1369924421
Chr03-long_reads1.PB.1187.7,0,0,38393601227,34917514268,190019755.1,1263378825
Chr03-long_reads1.PB.1210.2,0,0,0,0,0,17997376.52
Chr03-long_reads1.PB.1232.1,0,0,0,0,0,24704551.53
Chr03-long_reads1.PB.1241.1,0,0,0,0,40642122.89,710732137.7
Chr03-long_reads1.PB.1279.4,0,0,0,0,813807810.4,1808248695
Chr03-long_reads1.PB.1280.1,0,0,764123404,531408800.8,1747953425,6296757926
Chr03-long_reads1.PB.1349.5,0,0,0,0,35514537.59,157368626.7
Chr03-long_reads1.PB.1443.2,0,0,0,0,0,74636863.19
Chr03-long_reads1.PB.1520.1,0,0,0,0,23167088.17,20617989.57
Chr03-long_reads1.PB.1596.1,0,0,0,47625609.02,0,0
Chr03-long_reads1.PB.1631.4,0,0,1761543164,1164840525,1843642222,1140425969
Chr03-long_reads1.PB.1643.2,537112214.8,1304763259,791196138,266485622.3,531431596,66011308.34
Chr03-long_reads1.PB.1653.1,0,0,0,0,0,59963292.02
Chr04-anno1.g45181.t1,1978351610,2392529237,54829048,0,763930764.8,490175981.3
Chr04-anno1.g45221.t1,122975319.3,223477502.5,0,0,542503683.4,774960014.2
Chr04-anno1.g45230.t1,0,0,0,0,30617838.43,0
Chr04-anno1.g45257.t1,0,0,135824836,0,125433441,487560004.4
Chr04-anno1.g45329.t1,0,0,109171600,0,515960003.6,1136510098
Chr04-anno1.g45330.t1,0,0,0,0,0,203244285
Chr04-anno1.g45390.t1,0,0,5538468549,2943043501,0,41954641.85
Chr04-anno1.g45458.t1,2553359832,3373285435,0,0,1360665990,1912297828
Chr04-anno1.g45467.t1,0,0,436235752,250080860.9,1593656656,9174623.091
Chr04-anno1.g45483.t1,0,0,392439110,300493990.4,7185472153,6700020472
Chr04-anno1.g45499.t1,0,0,0,0,259417447.9,505894976.2
Chr04-anno1.g45501.t1,4873580417,3252375679,33778932,22161684.94,3523124752,1618862683
Chr04-anno1.g45521.t1,0,0,1432748616,2110986116,0,0
Chr04-anno1.g45563.t1,0,47128694.77,0,0,46713476.23,703947319.2
Chr04-anno1.g45619.t1,0,0,0,0,0,193556829.6
Chr04-anno1.g45631.t1,91301640.97,120995635.1,101608480,0,1047646515,5659305289
Chr04-anno1.g45723.t1,143230496.7,103551641.7,0,0,1334781412,12810323401
Chr04-anno1.g45785.t1,0,0,0,0,50652248.7,167324995.9
Chr04-anno1.g45825.t1,0,0,0,0,64716838.94,0
Chr04-anno1.g45830.t1,1495577204,1645618379,0,0,957767469.4,144116754.1
Chr04-anno1.g45878.t1,1038201768,1775995883,0,0,173468060.1,151853659.8
Chr04-anno1.g46389.t1,0,0,0,0,111861630.9,262042301.1
Chr04-anno1.g46404.t1,0,0,1708071992,2276335064,0,0
Chr04-anno1.g46406.t1,0,0,1338299.375,0,0,0
Chr04-anno1.g46486.t1,0,740320746.5,0,0,0,0
Chr04-anno1.g46547.t1,0,0,0,0,270408071.1,0
Chr04-anno1.g46557.t1,0,0,332126984,376020160,0,0
Chr04-anno1.g46581.t1,3794321100,6088403703,139398264,0,7420429542,1039345818
Chr04-anno1.g46688.t1,224590979.5,107133844.3,91210133353,97940238619,3068887443,8132247489
Chr04-anno1.g46730.t1,1074661726,2000872925,424928764,111502286.2,146296866.2,115879254.5
Chr04-anno1.g46736.t1,744497077.1,661184606,0,0,297796671.1,0
Chr04-anno1.g46782.t1,0,11945954.52,0,0,591587923.4,445195904.2
Chr04-anno1.g46788.t1,4299028283,4113191031,0,0,2748849590,997998793.3
Chr04-anno1.g46836.t1,91479886.55,0,0,0,1195846538,527475635.9
Chr04-anno1.g46970.t1,0,0,866833276,894671835.4,0,0
Chr04-anno1.g47029.t1,0,0,2977976168,4138931861,0,0
Chr04-anno1.g47049.t1,0,0,12201227,0,0,0
Chr04-anno1.g47054.t1,87243079.62,282316442.3,0,0,0,169488137.1
Chr04-anno1.g47062.t1,0,0,0,0,960898282.3,2080788031
Chr04-anno1.g47173.t1,0,0,3840137990,3729213154,0,0
Chr04-anno1.g47287.t1,0,0,4585106504,2695024706,0,0
Chr04-anno1.g47347.t1,293147066.2,286299294.3,0,0,119234373.1,0
Chr04-anno1.g47348.t1,42202142.91,25570727.57,0,0,0,0
Chr04-anno1.g47357.t1,0,240577174.3,151341952,695825319.6,20051999859,29589941085
Chr04-anno1.g47377.t1,0,0,455062648,312526426.2,0,0
Chr04-anno1.g47378.t1,0,0,0,0,0,32667203.2
Chr04-anno1.g47400.t1,0,0,620430140,505596705.6,0,0
Chr04-anno1.g47425.t1,614739349.9,490655981.8,0,0,0,0
Chr04-anno1.g47504.t1,0,0,0,0,0,0
Chr04-anno1.g47585.t1,1385942769,695445227.9,0,0,1125009118,1593840950
Chr04-anno1.g47717.t1,405448990.1,772722999.9,0,0,155974304.8,0
Chr04-anno1.g47806.t1,0,0,0,0,0,63307967.71
Chr04-anno1.g47937.t1,0,0,0,25912225.68,342826810.9,1513907391
Chr04-anno1.g49160.t1,0,0,48575368,16329495.94,994173989.4,2061034433
Chr04-anno1.g49161.t1,0,0,174814000,0,0,0
Chr04-anno1.g49484.t1,0,0,487167596.3,1548192080,21695421415,37114838316
Chr04-anno1.g49515.t1,15812957.23,0,1.90E+11,2.13E+11,5223624960,12789451433
Chr04-anno1.g49714.t1,0,0,0,0,519046875.3,675759560.5
Chr04-anno1.g49792.t1,0,0,0,0,363811955.1,2014937241
Chr04-anno1.g49801.t1,0,0,2619186096,1717363127,32146688.78,0
Chr04-anno1.g49974.t1,0,0,369515608,0,0,0
Chr04-anno1.g50029.t1,3391887521,5448817040,128625264,0,3497733331,1176723442
Chr04-anno1.g50061.t1,0,0,0,59441433.28,3454724703,7784500448
Chr04-anno1.g50273.t1,0,0,1109262712,898306964.1,0,0
Chr04-anno1.g50275.t1,0,0,0,0,126713894.4,308433928.7
Chr04-anno1.g50374.t1,0,0,17509210,0,0,189325985.7
Chr04-anno1.g50409.t1,0,0,0,0,0,69786628.6
Chr04-anno1.g50425.t1,0,0,0,0,6028493.424,39765969.87
Chr04-anno1.g50430.t1,0,0,366522412,238344197,0,0
Chr04-anno1.g50516.t1,0,0,0,0,163145688,1078519714
Chr04-anno1.g50545.t1,10067812737,15737637409,718412616,718290760,15630622869,9152720825
Chr04-anno1.g50554.t1,67719509.78,23753034.67,809628896,688746385.2,1909805057,9940343467
Chr04-anno1.g50657.t1,0,0,0,0,13425053.54,10784109.43
Chr04-anno1.g50664.t1,0,0,750565352,500813716.2,0,0
Chr04-anno1.g50669.t1,0,0,1478806672,1011515511,0,73275237.26
Chr04-anno1.g50909.t1,0,0,0,0,127610741,66558336.35
Chr04-anno1.g50970.t1,0,0,25515744920,30981551942,483856893.4,1319534657
Chr04-anno1.g51220.t1,0,0,235679480,115702105.4,0,0
Chr04-anno1.g51298.t1,0,0,0,427520020.4,0,0
Chr04-anno1.g51347.t1,0,60281459.83,0,0,55236499.85,0
Chr04-anno1.g51520.t1,0,0,820657808,774305658.8,0,0
Chr04-anno2.g23679.t1,274195809.4,24740088.46,1.68E+11,1.70E+11,6442526186,12098589121
Chr04-anno2.g23838.t1,0,0,0,0,44054070.18,204433779.4
Chr04-anno2.g23985.t1,8542061984,12730108974,671320988,287499247.6,12945245372,6413573957
Chr04-anno2.g24006.t1,0,0,0,0,96041047.05,282759230.9
Chr04-anno2.g24019.t1,484108923.2,671265899,0,0,0,0
Chr04-anno2.g24158.t1,130639284.6,81323882,0,0,351683038.4,2018197884
Chr04-anno2.g24167.t1,0,0,112084396,129967336,0,0
Chr04-anno2.g24404.t1,0,0,0,0,46318801.57,0
Chr04-anno2.g24505.t1,1144719986,1220491758,2317492194,2148286231,5376062205,9195077868
Chr04-anno2.g24768.t1,0,0,889209116,765903186.6,0,0
Chr04-anno2.g24880.t1,0,0,131717292,38034182.64,0,0
Chr04-anno2.g24989.t1,0,0,310927472,0,0,0
Chr04-anno2.g25270.t1,0,0,0,60128639.99,0,0
Chr04-anno2.g25555.t1,0,0,1715108412,1355288959,0,0
Chr04-anno2.g25579.t1,0,0,1968431144,1180358814,0,0
Chr04-anno2.g25586.t1,0,0,0,0,210044571.9,339575822.7
Chr04-anno2.g25772.t1,0,0,0,26403224.52,756341062,730776903.7
Chr04-anno2.g25964.t1,19631026.79,45570928.19,0,0,158067869,0
Chr04-anno2.g25977.t1,0,0,3569289400,3329029320,0,0
Chr04-anno2.g26127.t1,2057097572,1061440529,0,0,814386197.7,283404029
Chr04-anno2.g26234.t1,1945162624,2004261702,0,0,1102401378,709411017.7
Chr04-anno2.g26351.t1,24688302.31,23215922.92,68683998079,69147683236,2111067721,3877976520
Chr04-anno2.g26717.t1,0,0,0,0,0,94549756.63
Chr04-anno2.g26750.t1,0,0,0,0,657435255,374453874.7
Chr04-anno2.g27307.t1,0,0,0,0,133634794.9,558075504.1
Chr04-anno2.g29592.t1,4071845599,7645747962,21527828,80591002.43,5364447766,1340164485
Chr04-anno2.g29594.t1,119488851.3,0,0,85239537.65,49831453.58,69673995.38
Chr04-anno2.g29693.t1,0,0,0,0,84732150.48,155688122.3
Chr04-anno2.g29698.t1,0,0,0,0,118836447.1,703430367.7
Chr04-anno2.g29925.t1,2472526557,788139438.6,0,631047039.4,425095174,1725657310
Chr04-anno2.g29986.t1,2474991006,2918783943,0,0,661134927.8,2390791891
Chr04-anno2.g30033.t1,0,0,0,0,0,79897057.23
Chr04-anno2.g30291.t1,0,0,138142412,0,0,0
Chr04-anno2.g30329.t1,4089793368,5796575974,230421920,50919807.16,0,121420139.9
Chr04-anno2.g30683.t1,0,0,853871856,1070481783,0,0
Chr04-anno2.g30692.t1,14037158417,25886502295,396371110,397475164.2,17885281298,3705359759
Chr04-anno2.g30799.t1,823395379.9,470746335.6,0,0,5528969496,8929758736
Chr04-anno2.g30811.t1,0,0,0,50018628.91,0,0
Chr04-anno2.g31173.t1,386676961.8,431486649.3,5.77E+11,5.51E+11,18648309780,13284599600
Chr04-long_reads1.PB.1659.1,601133594.5,880343081.5,0,0,0,42036411.77
Chr04-long_reads1.PB.1661.1,16954291.58,16105070.2,0,0,88820206.26,528473949.1
Chr04-long_reads1.PB.1759.5,0,0,0,0,0,80478881.11
Chr04-long_reads1.PB.1834.1,0,0,0,0,20596490402,11921947778
Chr04-long_reads1.PB.1859.1,0,0,3095085525,1989925606,0,0
Chr04-long_reads1.PB.1879.1,117543211.1,156015524.1,0,0,0,215649048.2
Chr04-long_reads1.PB.1888.1,0,0,0,0,0,1082577949
Chr04-long_reads1.PB.1920.2,0,0,208571008,0,0,0
Chr04-long_reads1.PB.2017.1,0,23524547.94,189973488,549339350.2,3153981633,5121447685
Chr04-long_reads1.PB.2019.1,0,0,0,0,46664768.46,123782887.4
Chr04-long_reads1.PB.2041.4,0,0,610957808,486091178.3,656137246.7,544919374.2
Chr04-long_reads1.PB.2072.1,0,0,70744200,102456228.1,2596506844,434486910.7
Chr04-long_reads1.PB.2142.1,0,0,0,0,0,55094662.35
Chr04-long_reads1.PB.2198.1,0,0,0,0,64497871.4,49759040.18
Chr05-anno1.g10086.t1,282349051.3,113355555.2,0,0,0,0
Chr05-anno1.g10220.t1,0,0,12499186342,13722500978,0,0
Chr05-anno1.g10273.t1,0,0,34955144,0,0,0
Chr05-anno1.g10281.t1,10807373648,13805283653,6085223400,7776263655,7113066826,6901601246
Chr05-anno1.g10358.t1,0,0,0,0,0,147794447.8
Chr05-anno1.g10423.t1,0,0,0,0,0,920195272.5
Chr05-anno1.g10458.t1,0,99450694.01,0,0,100655360.9,274716420.3
Chr05-anno1.g10533.t1,520892091.7,938390282.6,272857660,555203112.3,967797906.9,158125311.5
Chr05-anno1.g10686.t1,52869437.23,32553107.67,1.59E+11,1.51E+11,6030121311,12884621623
Chr05-anno1.g10687.t1,7203873124,6185984213,0,0,2328703397,5250902274
Chr05-anno1.g10703.t1,30614152892,38018453453,0,0,16734439536,20838486438
Chr05-anno1.g10762.t1,0,0,0,13883913.52,0,138459088.9
Chr05-anno1.g10807.t1,0,0,0,0,91906186.45,50890001.21
Chr05-anno1.g10831.t1,0,0,0,0,424893852.7,1168169564
Chr05-anno1.g10833.t1,0,0,6825846550,5545953987,48600253.02,553687409
Chr05-anno1.g10896.t1,0,0,675890474,378249761.9,0,0
Chr05-anno1.g10917.t1,0,0,0,0,0,52856631.5
Chr05-anno1.g11015.t1,64405195.52,0,0,0,688615444.3,741914841.8
Chr05-anno1.g11016.t1,377748788.4,803844421.8,0,0,0,188221890.8
Chr05-anno1.g11032.t1,0,0,23420166,0,52295596.95,606883881.3
Chr05-anno1.g11235.t1,6056884911,13293378413,171504697,277401597.6,4803282115,1355906751
Chr05-anno1.g11287.t1,0,0,61535820,0,388131520.6,786699459.2
Chr05-anno1.g11445.t1,512748901,815135756,0,0,178601146.4,0
Chr05-anno1.g11473.t1,2221075169,5553193648,65968968,0,7980770475,480393610.1
Chr05-anno1.g11511.t1,0,22787333.37,109120984,211874099.9,5012765632,5837577517
Chr05-anno1.g11527.t1,0,0,0,0,0,675249868.1
Chr05-anno1.g11607.t1,0,0,0,0,160228918.4,56281985.93
Chr05-anno1.g11653.t1,0,0,0,0,41678615.26,22899284.45
Chr05-anno1.g11672.t1,354674420,104242740.8,0,0,405236807.9,80733488.91
Chr05-anno1.g11712.t1,0,0,0,0,0,59828565.2
Chr05-anno1.g11744.t1,1771597918,1466301424,0,0,392802859.7,554937125.3
Chr05-anno1.g11751.t1,0,0,0,0,105215182.6,93976230.07
Chr05-anno1.g11789.t1,1853962198,1086363593,559297309,1710318422,16339313889,20943179156
Chr05-anno1.g11793.t1,1.61E+11,70867688145,3455466098,11302842748,59259420530,11517078052
Chr05-anno1.g11795.t1,0,0,0,0,323034477.5,6365765673
Chr05-anno1.g11885.t1,0,0,4598998416,6228358518,0,232299001.3
Chr05-anno1.g11887.t1,0,15481455.34,34509943522,37609046898,1075098289,3149884683
Chr05-anno1.g11891.t1,0,0,125334952,0,0,0
Chr05-anno1.g11895.t1,0,0,16914385260,13941708813,466318444.1,1117430715
Chr05-anno1.g11939.t1,0,0,0,0,219905115.1,0
Chr05-anno1.g11985.t1,94721579.88,93262975.34,0,0,0,1193153841
Chr05-anno1.g12022.t1,0,0,0,0,305918147.4,0
Chr05-anno1.g12037.t1,0,0,0,0,76274926.45,0
Chr05-anno1.g12040.t1,259066018.1,0,0,0,130023514.4,0
Chr05-anno1.g12047.t1,0,0,95825736,0,0,0
Chr05-anno1.g12102.t1,0,0,96806864,78729872.81,0,0
Chr05-anno1.g12149.t1,0,0,100131240,0,1903630333,3868555687
Chr05-anno1.g12162.t1,107323839,48963454.56,0,0,0,0
Chr05-anno1.g12192.t1,0,0,178634704,213828105.8,711936985.9,593878139.7
Chr05-anno1.g12199.t1,0,0,78491835889,78328025720,2480066387,2962942808
Chr05-anno1.g12210.t1,0,0,0,0,78131977.65,0
Chr05-anno1.g12222.t1,0,0,0,0,127935139.1,699521813.9
Chr05-anno1.g12225.t1,0,0,0,67237675.09,0,238871262.9
Chr05-anno1.g12278.t1,0,0,0,63126747.19,25505922.47,302399532.1
Chr05-anno1.g12297.t1,631426664.9,995064943.2,0,0,357249141.6,605493086.4
Chr05-anno1.g12298.t1,0,0,0,36209210.36,0,0
Chr05-anno1.g12336.t1,105532644.4,416849736.2,5668722237,4642444694,198813859.8,0
Chr05-anno1.g12397.t1,0,0,202867032,123180770.1,0,0
Chr05-anno1.g12398.t1,0,0,294393640,674483307.1,0,0
Chr05-anno1.g12485.t1,175564463,245469573.8,0,0,54805722.84,0
Chr05-anno1.g12490.t1,0,0,0,0,0,997545320
Chr05-anno1.g12581.t1,0,0,0,0,337784095.6,702926498.9
Chr05-anno1.g12590.t1,0,18047876.86,0,0,1473806171,2344532074
Chr05-anno1.g12610.t1,155738333.7,0,2230265632,2672074079,51467697.3,70556080.2
Chr05-anno1.g12702.t1,0,0,0,0,0,596417119.2
Chr05-anno1.g12710.t1,0,0,0,0,1150098436,900435627.4
Chr05-anno1.g12750.t1,177763871.1,281021104,0,0,50467077.28,0
Chr05-anno1.g12772.t1,56241911.59,0,0,0,727854522.2,666058591.5
Chr05-anno1.g12783.t1,0,0,0,70883962.89,0,0
Chr05-anno1.g12855.t1,0,0,155413636,3581384.939,1655633895,3413238969
Chr05-anno1.g12863.t1,0,0,3560526346,1616478990,0,0
Chr05-anno1.g12868.t1,1976408784,2284170101,285677240,209206936.9,4092735744,2455494589
Chr05-anno1.g12891.t1,0,0,0,0,1727896058,12621103787
Chr05-anno1.g12958.t1,0,0,9424898180,12054961519,80575084.69,345897111.7
Chr05-anno1.g13029.t1,417222358.6,182932625.3,615318174,10201631496,10846594032,2.73E+11
Chr05-anno1.g13053.t1,365862186.1,299593713,0,0,0,0
Chr05-anno1.g13065.t1,0,19962062.43,0,0,0,0
Chr05-anno1.g13080.t1,0,0,0,0,209501757.6,683243943
Chr05-anno1.g6184.t1,0,0,0,0,88938144.58,422627372.1
Chr05-anno1.g6207.t1,0,0,0,0,490610750.9,1397954844
Chr05-anno1.g6226.t1,0,0,0,18226860.85,0,0
Chr05-anno1.g6278.t1,65037072.61,104895656.8,0,0,0,0
Chr05-anno1.g6292.t1,0,0,0,0,221415982.1,2753488926
Chr05-anno1.g6322.t1,362230578.6,77595697.12,0,0,1870128694,3521060892
Chr05-anno1.g6337.t1,0,0,0,0,0,91134607.66
Chr05-anno1.g6393.t1,420667128.1,1155543220,0,0,254843672.3,901873403.9
Chr05-anno1.g6436.t1,0,0,2092946435,2897008731,0,112304657.6
Chr05-anno1.g6468.t1,0,0,0,0,1919729358,3632299557
Chr05-anno1.g6483.t1,0,0,45334820,24757374.64,0,0
Chr05-anno1.g6487.t1,65673665.03,0,0,0,0,0
Chr05-anno1.g6492.t1,0,0,0,0,108632129.8,4360538435
Chr05-anno1.g6507.t1,0,0,0,0,0,115309380.5
Chr05-anno1.g6516.t1,1043680053,1341068941,0,0,1030462035,552939109.2
Chr05-anno1.g6597.t1,0,0,0,0,74602397.65,0
Chr05-anno1.g6636.t1,1867702130,1694536042,0,0,1516212268,2444206854
Chr05-anno1.g6750.t1,1270100557,916354284.1,0,0,466344297.7,761019586.9
Chr05-anno1.g6792.t1,0,0,0,0,0,151826397.4
Chr05-anno1.g6853.t1,0,0,0,0,0,96173777.98
Chr05-anno1.g6856.t1,0,0,0,0,0,476881466.3
Chr05-anno1.g6859.t1,0,0,13553473150,11561669078,168066734.7,517800332.9
Chr05-anno1.g6867.t1,0,0,0,0,175815345.9,331908517.2
Chr05-anno1.g6874.t1,0,0,0,0,0,67981103.07
Chr05-anno1.g6918.t1,0,0,102077016,161883186.1,0,0
Chr05-anno1.g6981.t1,2.32E+11,1.90E+11,1283448406,1067887971,83356715144,78211394191
Chr05-anno1.g7042.t1,0,0,0,0,0,189305930.9
Chr05-anno1.g7086.t1,0,0,0,0,0,158124967
Chr05-anno1.g7143.t1,0,0,6211117068,7584430023,0,340543143.3
Chr05-anno1.g7144.t1,0,0,2607741568,0,220563889.2,163341150.3
Chr05-anno1.g7152.t1,0,0,1158551528,1398232773,0,0
Chr05-anno1.g7209.t1,0,140113833.4,0,0,106182709,0
Chr05-anno1.g7244.t1,0,0,0,0,741374174.6,1446633835
Chr05-anno1.g7260.t1,6123065800,6479040644,0,0,1511585027,1200005474
Chr05-anno1.g7336.t2,0,0,799515352,660090704.9,0,0
Chr05-anno1.g7355.t1,0,0,0,0,0,164963727.3
Chr05-anno1.g7368.t1,0,0,0,98453550.52,2185043315,4051192552
Chr05-anno1.g7369.t1,0,0,0,0,142840032.8,692704759.3
Chr05-anno1.g7397.t1,0,0,0,0,63583951.83,71744282.46
Chr05-anno1.g7416.t1,0,0,0,21721950.7,0,0
Chr05-anno1.g7496.t1,0,0,908590448,986131519.7,2501364458,1721687753
Chr05-anno1.g7498.t1,4444854449,8320856827,497114022,587397876.4,2241463250,2948654104
Chr05-anno1.g7562.t1,1558129308,764894925.2,124423608,190124895.7,443768526.8,0
Chr05-anno1.g7586.t2,471733884.4,486854588.6,0,0,127565265.7,0
Chr05-anno1.g7614.t1,130263022.3,316069749.9,0,0,0,0
Chr05-anno1.g7621.t1,0,0,0,0,0,203731286.3
Chr05-anno1.g7624.t1,0,0,0,0,120099947.3,379764818.8
Chr05-anno1.g7633.t1,0,0,2083573048,2153307058,0,0
Chr05-anno1.g7649.t1,0,0,1977704704,1587690822,730085794.5,589511047.1
Chr05-anno1.g7710.t1,0,0,0,0,86141676.27,144275561.6
Chr05-anno1.g7748.t1,46903546438,30557784704,1471299225,1666752926,29649586771,41530468962
Chr05-anno1.g7900.t1,0,0,632189721,964134400.9,0,0
Chr05-anno1.g8008.t1,65165397.13,0,39320116,0,56049402.79,0
Chr05-anno1.g8010.t1,149146529.1,577591831.3,25058620383,26642208636,35388918504,17739339400
Chr05-anno1.g8096.t1,0,0,0,42928688.23,1129381375,1642828173
Chr05-anno1.g8162.t1,0,0,0,0,64092932.2,0
Chr05-anno1.g8258.t1,0,0,0,0,3186291389,7475049076
Chr05-anno1.g8318.t1,575505800.8,365111948.3,0,382383560,367701074.6,0
Chr05-anno1.g8323.t1,184682196.3,312830625.6,0,27670062.72,89966577.8,45139191.96
Chr05-anno1.g8356.t1,0,0,216398416,89787265.35,0,0
Chr05-anno1.g8378.t1,102681897.5,0,26487244289,26513484988,159076541.9,439234938.5
Chr05-anno1.g8379.t1,0,0,0,0,0,85266028.02
Chr05-anno1.g8405.t1,38334483.15,45879837.26,4482267498,2253447139,13296058195,31213256348
Chr05-anno1.g8406.t1,3768070493,5440013074,40611344,0,1854000012,4261115167
Chr05-anno1.g8408.t1,0,0,90672464,94598194.57,0,0
Chr05-anno1.g8513.t1,0,0,0,27917935.35,1777876423,2909214068
Chr05-anno1.g8943.t1,2.09E+11,1.92E+11,2333822070,5405065971,1.11E+11,1.45E+11
Chr05-anno1.g9133.t1,0,0,179991656,69297407.34,0,0
Chr05-anno1.g9174.t1,0,0,98665760,0,107945224.3,0
Chr05-anno1.g9176.t1,0,0,0,0,358449066.6,2215383695
Chr05-anno1.g9213.t1,0,0,0,0,147019143.2,314888870.7
Chr05-anno1.g9265.t1,0,69830388.65,0,0,0,0
Chr05-anno1.g9421.t1,15970687457,22899987218,1283706947,1712010265,17893415309,5608729688
Chr05-anno1.g9575.t1,0,0,35334711246,34475306643,153595248.8,595898180.5
Chr05-anno1.g9695.t1,0,0,0,0,22585435.25,0
Chr05-anno1.g9698.t1,0,0,151439260,0,2525978072,5563714988
Chr05-anno1.g9732.t1,909059722.3,593711231.2,19607455821,14354273008,49167767969,82419198829
Chr05-anno1.g9744.t1,0,0,235041432,46392931.49,0,0
Chr05-anno1.g9848.t1,0,0,1559397397,347825510.4,0,0
Chr05-anno1.g9877.t1,199998576.5,59975554.79,0,0,0,0
Chr05-anno2.g66478.t1,0,0,4682965116,5262555812,0,0
Chr05-anno2.g66509.t1,1726305102,3072879422,519360190,1419801434,2371062332,2674907207
Chr05-anno2.g66533.t1,0,0,54006392,0,0,0
Chr05-anno2.g66616.t1,0,0,0,0,336789115,1081815677
Chr05-anno2.g67260.t1,0,0,0,0,132599335.9,338719811.3
Chr05-anno2.g67329.t1,0,30009770.67,0,0,0,0
Chr05-anno2.g67405.t1,0,0,0,0,0,198990974.2
Chr05-anno2.g67443.t1,0,0,0,0,0,81328672.61
Chr05-anno2.g67462.t1,511720877,479503839.4,0,0,149046863.7,115673882.1
Chr05-anno2.g67874.t1,0,0,1214105200,483646918.6,0,0
Chr05-anno2.g67908.t1,211381040.6,0,0,0,556641758.9,831790268.6
Chr05-anno2.g67919.t1,36213434.63,253612815.3,0,0,207510243.4,237120336.7
Chr05-anno2.g67921.t1,0,0,0,0,0,80508251.2
Chr05-anno2.g67959.t1,688249545.9,870810600.7,0,0,82624408.68,0
Chr05-anno2.g68008.t1,8855141.533,67768346.25,0,0,115610213.1,0
Chr05-anno2.g68178.t1,0,0,0,0,0,226564539.8
Chr05-anno2.g68182.t1,0,0,0,0,137217745.5,1030845341
Chr05-anno2.g68310.t1,120532950.6,0,0,0,0,1135794103
Chr05-anno2.g68355.t1,0,0,0,0,110102795.5,170529081.1
Chr05-anno2.g68401.t1,1900045695,3039833211,0,0,888235527.9,1882879183
Chr05-anno2.g68475.t1,738164687.4,1699006361,0,0,596192835.9,350380287.7
Chr05-anno2.g68743.t1,0,78890691.16,0,0,0,0
Chr05-anno2.g69941.t1,0,0,24339688,80164233.12,250259452.8,777008000.9
Chr05-anno2.g70097.t1,531504789.8,0,0,0,0,0
Chr05-anno2.g70232.t1,58314972.03,195736384.3,0,0,0,0
Chr05-anno2.g70441.t1,0,0,0,0,92883586.8,433473757.3
Chr05-anno2.g71273.t1,1.23E+11,98811375387,681755404,1308322927,49215238521,38127291067
Chr05-anno2.g71713.t1,267056785.9,0,777825328,1149646964,1302447749,180693958.4
Chr05-anno2.g71974.t1,0,0,0,0,0,0
Chr05-anno2.g72062.t1,46809231.91,86895691.48,0,0,0,0
Chr05-anno2.g72204.t1,0,0,11098473,0,0,0
Chr05-anno2.g72456.t1,0,0,76870976,539641335.7,0,0
Chr05-anno2.g72701.t1,0,0,0,0,494910997.4,0
Chr05-anno2.g72736.t1,0,0,0,0,103183382,217001904.4
Chr05-anno2.g72739.t1,0,0,1562031079,1787739271,955963035.8,740334674.7
Chr05-anno2.g72754.t1,0,0,530369140,627055705.6,0,0
Chr05-anno2.g72863.t1,719935243.1,0,0,0,177640450.3,246609966.2
Chr05-anno2.g73027.t1,0,0,0,0,87932578.17,115269201.9
Chr05-anno2.g73192.t1,0,0,0,0,92718503.4,129779428.5
Chr05-anno2.g73381.t1,0,0,131432327,135513168,0,0
Chr05-anno2.g73406.t1,5.89E+11,4.81E+11,3348831140,6220352449,1.26E+11,2.27E+11
Chr05-anno2.g73428.t1,0,0,0,0,127178621.9,449654765.4
Chr05-anno2.g73466.t1,0,0,0,0,0,153536731.4
Chr05-anno2.g73625.t1,0,0,320394554,806434990.9,7218988311,13438419401
Chr05-anno2.g73748.t1,679401937.7,709469269.3,309496736,321816716.7,385282686.7,688221550.4
Chr05-anno2.g73817.t1,0,0,0,0,0,1263292434
Chr05-anno2.g74070.t1,559155085.1,2145223866,0,0,286506701.9,115609238
Chr05-anno2.g74081.t1,2957795245,2389961900,71429856,0,1247608825,1685411848
Chr05-anno2.g74166.t1,0,0,0,0,117589411.8,429207869.3
Chr05-anno2.g74199.t1,0,0,3168105886,2831162743,0,0
Chr05-anno2.g74212.t1,0,0,0,0,2249153015,445823725.8
Chr05-anno2.g74371.t1,15972749.21,160100056.2,0,0,0,0
Chr05-anno2.g74395.t1,0,0,0,0,68032829.42,274240376.7
Chr05-long_reads1.PB.2208.3,0,0,0,0,0,108020598.4
Chr05-long_reads1.PB.2264.1,14369978659,11401153718,163494072,266091431.6,3087532207,2030289391
Chr05-long_reads1.PB.2271.3,0,0,793742061,1087680186,5902269049,547294165
Chr05-long_reads1.PB.2354.1,0,0,0,0,76721733.53,317822459.8
Chr05-long_reads1.PB.2357.2,0,0,0,0,1868981940,1383670607
Chr05-long_reads1.PB.2361.2,67214145.04,46065806.47,1678132340,2096318466,17198209921,30854461207
Chr05-long_reads1.PB.2370.1,1037605629,2241665575,0,0,934635636,343307707.9
Chr05-long_reads1.PB.2374.1,0,0,5646033219,3005436418,0,0
Chr05-long_reads1.PB.2390.1,0,0,0,0,0,129768482.2
Chr05-long_reads1.PB.2429.1,0,0,0,0,684551307.6,821615788.9
Chr05-long_reads1.PB.2447.2,0,0,0,0,17534578.85,0
Chr05-long_reads1.PB.2452.1,0,0,0,0,2270817950,2058976356
Chr05-long_reads1.PB.2464.4,97488228.65,72642036.7,3523611324,3204987175,39559003395,39652356483
Chr05-long_reads1.PB.2512.2,18829586827,26854563072,658676124,190148398,12394606952,6064972230
Chr05-long_reads1.PB.2527.1,0,0,1326911454,759492135.6,0,0
Chr05-long_reads1.PB.2531.3,0,0,212534402,0,2478080947,4961724197
Chr05-long_reads1.PB.2554.1,370006234.8,515727115.1,0,0,656802923.6,215588786
Chr05-long_reads1.PB.2563.11,0,0,0,0,0,168577641.3
Chr05-long_reads1.PB.2572.1,0,0,252319400,0,425160017.4,600032494.7
Chr05-long_reads1.PB.2598.3,0,0,0,0,70423655.95,748576942.3
Chr05-long_reads1.PB.2602.1,0,0,1520739916,866644638.1,0,0
Chr05-long_reads1.PB.2689.1,0,0,24864276,0,0,75258849.83
Chr05-long_reads1.PB.2702.1,0,0,2811825796,4633105920,3127997334,1007922048
Chr05-long_reads1.PB.2732.3,0,0,0,0,30504811.84,0
Chr05-long_reads1.PB.2749.1,0,0,937017992,824954781.5,0,89683481.62
Chr05-long_reads1.PB.2780.5,252421738,1829311874,0,0,0,98280516.36
Chr05-long_reads1.PB.2809.3,0,0,0,0,62370977.3,47531579.46
Chr05-long_reads1.PB.2862.6,0,0,0,0,276574398.3,806305201.4
Chr06-anno1.g13148.t1,10680727792,15201957167,506271304,776193655.9,8748785046,10728379254
Chr06-anno1.g13263.t1,0,0,0,0,45162814.5,0
Chr06-anno1.g13322.t1,0,0,663077696,506246431.2,0,0
Chr06-anno1.g13466.t1,59079577.8,0,3292711526,2576865419,4050551021,10924953638
Chr06-anno1.g13477.t1,0,0,0,40121342.74,0,0
Chr06-anno1.g13492.t2,0,0,0,0,0,189080779.4
Chr06-anno1.g13525.t1,0,0,136781800,115530290.3,0,0
Chr06-anno1.g13556.t1,0,0,0,0,85893569.13,213582982.2
Chr06-anno1.g13560.t1,17176337.08,29730552.9,0,0,358351493.5,101478513.9
Chr06-anno1.g13591.t1,0,10659169.23,71524804,0,3256971614,1465131928
Chr06-anno1.g13633.t1,0,0,225414032,0,3034281877,0
Chr06-anno1.g13784.t1,0,0,0,0,153914728.9,266670531.3
Chr06-anno1.g13881.t1,0,0,0,0,16871597.2,0
Chr06-anno1.g13976.t1,2279204927,3712659420,0,0,0,0
Chr06-anno1.g14036.t1,0,130019468.3,0,0,0,0
Chr06-anno1.g14055.t1,0,0,0,0,0,87080828.61
Chr06-anno1.g14068.t1,0,0,0,0,221235624.7,82848445.63
Chr06-anno1.g14151.t1,0,0,2214535992,1053317430,0,93198175.34
Chr06-anno1.g14188.t1,0,0,0,2783318430,0,0
Chr06-anno1.g14394.t1,815624413.4,1701556077,0,0,0,0
Chr06-anno1.g16330.t1,72294642.13,63276980.66,19625634148,19689064418,1005184086,2489180936
Chr06-anno1.g16375.t1,1363454860,2577950949,0,0,536773867.2,285926123.9
Chr06-anno1.g16428.t1,0,0,0,0,0,298687939.9
Chr06-anno1.g17247.t1,3840787336,1656736154,3.52E+11,3.85E+11,14065004472,38314858625
Chr06-anno1.g17256.t1,0,0,160215368,0,0,0
Chr06-anno1.g17291.t1,79236888834,1.39E+11,38714297542,32787559232,2.60E+11,80637578068
Chr06-anno1.g17418.t1,43358322.98,305474667.8,0,0,0,0
Chr06-anno1.g17474.t1,8548976151,11455426501,819510698,612806415.4,14416472538,10384793043
Chr06-anno1.g17522.t1,0,0,0,0,236367318.2,11374207824
Chr06-anno1.g17929.t1,0,0,3409478976,2041560990,108154031.3,182876358.9
Chr06-anno1.g17963.t1,133320383.6,263421241,0,0,213559634.1,0
Chr06-anno1.g17971.t1,0,0,9131485814,4299534035,121122778.8,578545274.9
Chr06-anno1.g18008.t1,0,0,0,0,1193110019,2857484136
Chr06-anno1.g18065.t1,0,0,0,0,70881590.84,286507840.1
Chr06-anno1.g18066.t1,0,0,0,0,0,248438033.3
Chr06-anno1.g18076.t1,0,0,0,0,100718618,457755759.1
Chr06-anno1.g18088.t1,698168681.4,944986628.9,0,0,571449670.4,509163194.3
Chr06-anno1.g18105.t1,0,0,0,0,0,267341529.4
Chr06-anno1.g18118.t1,0,0,0,0,49415657.52,0
Chr06-anno1.g18142.t1,0,0,0,0,5454015824,7606599565
Chr06-anno1.g18145.t1,0,0,0,0,140494245.2,2104171448
Chr06-anno1.g18147.t1,0,0,109860132,0,0,0
Chr06-anno1.g18344.t1,11628508.2,136081474.6,0,0,0,0
Chr06-anno1.g18373.t1,0,0,0,0,0,964707926.4
Chr06-anno1.g18375.t1,0,0,0,0,0,273966788
Chr06-anno1.g18465.t1,0,0,0,0,39865435.7,104133721.8
Chr06-anno1.g18515.t1,1958450049,2631607948,0,0,1427069302,1342312051
Chr06-anno1.g18560.t1,0,0,352260052,100905201.9,0,0
Chr06-anno1.g18666.t1,412234198.6,1196758410,0,0,1083312787,50337402.41
Chr06-anno1.g18709.t1,0,0,0,0,415890766.2,1704771855
Chr06-anno1.g18822.t1,0,0,0,0,55344639.9,327717806
Chr06-anno1.g18888.t1,35670186.1,13398901.11,0,0,626818443.6,1318002942
Chr06-anno1.g18890.t1,178491632.8,154455421.1,0,0,0,82076047.83
Chr06-anno1.g18927.t1,26172681511,11456786418,0,0,9081285754,17581282596
Chr06-anno1.g18931.t1,0,0,152775988,66582652.92,1478032600,2341756399
Chr06-anno1.g19112.t1,0,0,0,0,0,45631899.08
Chr06-anno1.g19142.t1,0,0,0,0,0,449724658.7
Chr06-anno1.g19145.t1,1.73E+11,2.29E+11,7977900146,10988571510,1.93E+11,1.82E+11
Chr06-anno1.g19146.t1,0,0,844553832,406097715.8,1628660963,2383003982
Chr06-anno1.g19207.t1,0,0,0,0,0,85905714.81
Chr06-anno1.g19286.t1,0,0,0,0,73154655.48,41553585.61
Chr06-anno1.g19304.t1,0,0,0,0,0,434281222.3
Chr06-anno1.g19311.t1,0,0,0,0,0,250604643.2
Chr06-anno1.g19452.t1,0,89878911.15,9769026,0,49151259323,340623886.6
Chr06-anno1.g19453.t1,0,0,0,0,20309496100,0
Chr06-anno1.g19459.t1,0,0,0,0,1960060413,0
Chr06-anno1.g19475.t1,0,0,0,0,33640048,2066820341
Chr06-anno1.g19483.t1,0,0,577346928,98175061.13,0,0
Chr06-anno1.g19493.t1,0,50359226.86,0,0,0,0
Chr06-anno1.g19546.t1,0,0,0,0,569402942.4,977027249.9
Chr06-anno1.g19555.t1,3836386292,20241373519,349930054.5,691553258.8,12159844164,9887225019
Chr06-anno1.g19572.t1,0,0,0,0,7966782.384,0
Chr06-anno1.g19582.t1,0,0,0,0,1518643929,302152749.3
Chr06-anno1.g19636.t1,0,0,0,0,698922485.8,2681372785
Chr06-anno1.g19746.t1,0,0,0,0,114549055,119085740.3
Chr06-anno1.g19775.t1,2114709556,3123219545,3751543478,4968663575,2291908973,843284926.5
Chr06-anno1.g19871.t1,0,0,7826447624,7946254034,33084738.54,0
Chr06-anno1.g19878.t1,0,0,204402248,177171127.4,0,0
Chr06-anno1.g19883.t1,0,0,534282056,199840192.7,0,0
Chr06-anno1.g19895.t1,0,0,29837420,0,0,0
Chr06-anno1.g19899.t1,0,0,578002450,179970510.8,0,0
Chr06-anno1.g19910.t1,0,0,0,78757807.53,2052476994,1430969233
Chr06-anno1.g19933.t1,0,0,0,0,34431621.61,0
Chr06-anno1.g20143.t1,0,0,195408464,75639812.73,1354331246,1565358353
Chr06-anno1.g20177.t1,0,23999413.64,0,0,35759648.53,0
Chr06-anno1.g20255.t1,0,0,0,0,8754778532,3721387683
Chr06-anno2.g51623.t1,425369618.4,368025762.3,565120232,232165550.1,543819870.5,1916062052
Chr06-anno2.g51656.t1,13345916.76,79870912.45,0,0,0,23034255.35
Chr06-anno2.g51675.t1,4.13E+11,4.21E+11,2484303469,4175637810,1.28E+11,86254618402
Chr06-anno2.g51699.t1,410923477.1,127862519.3,16316032983,15409765428,623601469.1,1674235954
Chr06-anno2.g51754.t1,148371236.9,308484381.5,0,0,0,0
Chr06-anno2.g51775.t1,0,12489523.86,0,0,145218836.8,0
Chr06-anno2.g52545.t1,0,0,1604266394,2210274480,0,0
Chr06-anno2.g52850.t1,0,0,106566528,0,0,0
Chr06-anno2.g54846.t1,0,0,0,0,35608046.41,0
Chr06-anno2.g56002.t1,0,0,93291782,0,2879816448,2211745892
Chr06-anno2.g56548.t1,19663234.23,327136903.2,0,0,0,0
Chr06-anno2.g56570.t1,52850270.19,140348464,0,0,0,0
Chr06-anno2.g56819.t1,0,0,0,0,0,49129398.02
Chr06-anno2.g56890.t1,0,0,0,0,0,521845836.2
Chr06-anno2.g56987.t1,0,0,293390598,285484470.8,0,0
Chr06-anno2.g56992.t1,0,0,0,0,109051804.2,0
Chr06-anno2.g57186.t1,0,0,0,0,0,34875990.31
Chr06-anno2.g57297.t1,0,0,31407754,0,0,0
Chr06-anno2.g57354.t1,0,0,3486496712,1352134450,0,151128900.8
Chr06-anno2.g57604.t1,0,0,0,0,0,72703491.05
Chr06-anno2.g57608.t1,0,0,0,0,152955104,316608129.5
Chr06-anno2.g57621.t1,0,0,0,0,0,32288240.58
Chr06-anno2.g57669.t1,0,0,1067136860,1127523497,0,0
Chr06-anno2.g57801.t1,0,0,920770543,320467086,1030779376,2500041627
Chr06-anno2.g58047.t1,0,0,0,0,635579640.6,2161705080
Chr06-anno2.g58120.t1,0,0,0,0,517431753,1425266709
Chr06-anno2.g58134.t1,0,0,0,225000481.5,0,0
Chr06-anno2.g58353.t1,1554230320,893107716.4,0,0,816358528.1,495301734.3
Chr06-anno2.g58782.t1,0,0,0,0,0,97770301.47
Chr06-anno2.g59105.t1,0,0,199674176,0,0,0
Chr06-anno2.g59180.t1,9238023.763,31866292.28,0,0,0,0
Chr06-anno2.g59219.t1,458292666.9,273548705.1,0,53593985.15,831550877.8,1760304691
Chr06-anno2.g59226.t1,0,0,0,25702903.08,119653124.4,203697672.1
Chr06-long_reads1.PB.2874.1,0,0,316044882,176442990.2,112992394.6,230356204.8
Chr06-long_reads1.PB.2875.1,0,0,0,0,939365824.8,495290862.7
Chr06-long_reads1.PB.2955.1,0,0,0,0,280529170.9,0
Chr06-long_reads1.PB.2956.2,0,0,0,0,194169855.1,0
Chr06-long_reads1.PB.3068.1,0,0,0,0,0,91302980.29
Chr06-long_reads1.PB.3119.1,2798703933,4433890522,15590474,48401813.65,1407342207,1282337152
Chr06-long_reads1.PB.3126.9,0,0,654228280,1435364864,865500319.4,1447807812
Chr06-long_reads1.PB.3127.1,46396380.02,219702970.7,3671657208,2730052549,46867992.63,0
Chr06-long_reads1.PB.3179.1,16177952.39,18406574.93,0,0,0,64856002.42
Chr06-long_reads1.PB.3184.1,0,0,12550413959,6911264562,187531998.3,812897927
Chr06-long_reads1.PB.3187.2,0,0,340539800,427105865.1,0,0
Chr06-long_reads1.PB.3200.1,1392853252,1469522863,0,71791478.94,283232106.7,0
Chr06-long_reads1.PB.3206.2,0,0,0,0,230978626.5,642068877.8
Chr06-long_reads1.PB.3222.2,0,0,41585392,0,0,0
Chr06-long_reads1.PB.3233.5,773293667.8,419719720.6,0,0,0,0
Chr06-long_reads1.PB.3326.1,0,0,0,561738509.9,0,0
Chr06-long_reads1.PB.3359.1,14569104.58,315713553.8,0,359446306.6,256018600.6,235472039.4
Chr07-anno1.g1067.t1,0,0,119634920,206712754.4,1527962197,2403838697
Chr07-anno1.g1119.t1,0,0,0,0,37128402.84,0
Chr07-anno1.g1128.t1,0,0,0,0,541732178.8,912698373.8
Chr07-anno1.g130.t1,0,0,0,0,48317001.32,170116165.4
Chr07-anno1.g1314.t1,0,8857071.312,0,0,0,0
Chr07-anno1.g1320.t1,2308161879,2292827854,0,0,865082390.5,520806511.7
Chr07-anno1.g1340.t1,143341367.5,1636336188,47896693852,47544286933,59910409208,24375680697
Chr07-anno1.g1346.t1,3698683343,2719337654,77265237981,1.03E+11,67282324049,1.74E+11
Chr07-anno1.g1347.t1,3.19E+11,2.41E+11,1747550976,2330497076,1.21E+11,1.35E+11
Chr07-anno1.g1373.t1,74623271.64,49812363.7,0,50119147.09,149741513.3,939492192.4
Chr07-anno1.g1456.t1,0,0,2527178543,1560326506,0,0
Chr07-anno1.g1588.t1,0,0,232428496,189312880.6,0,0
Chr07-anno1.g1668.t1,0,0,0,0,0,93345623.08
Chr07-anno1.g1698.t1,78599648.19,719579874,4716816944,3542616399,1693362966,4018412973
Chr07-anno1.g171.t1,0,0,0,0,4728609414,0
Chr07-anno1.g1733.t1,0,0,364150616,436955120.7,411032414.2,808571136.5
Chr07-anno1.g1780.t1,934597065.2,1192299917,0,0,2011086968,2390385034
Chr07-anno1.g198.t1,217191836.4,0,0,0,0,0
Chr07-anno1.g1981.t1,26238119.64,0,0,0,0,0
Chr07-anno1.g2035.t1,0,0,0,0,0,119253799.9
Chr07-anno1.g2041.t1,0,0,0,0,0,245034628.9
Chr07-anno1.g2057.t1,1707104000,2911473331,0,0,2044822456,2169681167
Chr07-anno1.g2136.t1,0,0,3423520992,3279940140,0,561955503.3
Chr07-anno1.g2168.t1,46982022.64,0,0,337494763.1,0,0
Chr07-anno1.g222.t1,0,0,0,49411313.06,0,267413168.5
Chr07-anno1.g232.t1,0,0,290193952,207695459.1,0,0
Chr07-anno1.g2550.t1,0,0,160701600,89712711.9,0,0
Chr07-anno1.g258.t1,169494697.1,320057051,0,0,0,0
Chr07-anno1.g2626.t2,0,0,0,0,30487631.8,0
Chr07-anno1.g2676.t1,0,0,349432704,321171548.5,0,0
Chr07-anno1.g2764.t1,0,0,126723750,31317961.39,0,0
Chr07-anno1.g2884.t1,14708194545,16712327347,42791763,133820869.7,6597856442,5828701366
Chr07-anno1.g2897.t1,0,0,0,81626858.51,423388845.9,455133677.3
Chr07-anno1.g3035.t1,0,0,0,66778682.26,0,0
Chr07-anno1.g3109.t1,0,0,0,0,0,102503767.8
Chr07-anno1.g317.t1,42461863.51,0,2647050074,3725079758,754238613.1,729244673.9
Chr07-anno1.g347.t1,0,0,0,0,0,2707081850
Chr07-anno1.g349.t1,0,0,0,0,43453915.55,278925842.4
Chr07-anno1.g3598.t1,1263611824,1268824996,0,237281487.6,1505469008,174143061.1
Chr07-anno1.g3889.t1,91235505.44,460537053.8,0,60735192.47,9486726257,16793411202
Chr07-anno1.g3906.t1,0,0,364193420,0,0,0
Chr07-anno1.g3909.t1,6812589374,8796730410,0,0,3415175983,1350351466
Chr07-anno1.g392.t1,0,0,0,0,114348820.7,106645536.6
Chr07-anno1.g3925.t1,273371738.4,468186097.6,42527868,0,397666922.1,0
Chr07-anno1.g3937.t1,0,0,188666888,0,0,0
Chr07-anno1.g3961.t1,0,0,271683008,302715503.1,198727698.1,0
Chr07-anno1.g3973.t1,0,0,0,0,348541775.3,2680011515
Chr07-anno1.g3987.t1,0,0,1454491168,438514956.4,0,0
Chr07-anno1.g4036.t1,0,0,0,0,8304225.418,0
Chr07-anno1.g408.t1,133899850.2,346629515,0,0,1181575689,665421937
Chr07-anno1.g4187.t1,0,0,0,0,0,56237500.06
Chr07-anno1.g4211.t1,0,23188097.54,17458065169,25343574543,2311189926,4050019175
Chr07-anno1.g4258.t1,0,0,0,0,217060783.4,360834054.6
Chr07-anno1.g4383.t1,0,0,85671824,0,0,0
Chr07-anno1.g4389.t1,0,0,0,0,0,96961228.38
Chr07-anno1.g4461.t1,0,0,0,0,211414999.2,152174933.2
Chr07-anno1.g4462.t1,0,0,0,0,0,0
Chr07-anno1.g4534.t1,118626083.8,219082987.2,0,0,34382305.79,0
Chr07-anno1.g4536.t1,313620913.7,538760022.1,0,0,136716554.9,177477606
Chr07-anno1.g4692.t1,699883784.4,4002686500,0,0,4619543715,751437919
Chr07-anno1.g4738.t1,0,0,0,0,29735496.98,0
Chr07-anno1.g4740.t1,0,101734153.5,0,0,0,0
Chr07-anno1.g4846.t1,0,0,17567316933,19862370732,1025057439,1867338709
Chr07-anno1.g4847.t1,365664972.9,523858459.1,95479224,0,953413899.7,639484217.8
Chr07-anno1.g4931.t1,0,26329095.7,61719363098,48582868299,1458198578,1387853801
Chr07-anno1.g5044.t1,0,0,6664684756,5219499575,0,0
Chr07-anno1.g5076.t1,5367319218,4455608016,1753501479,7148779043,1.52E+11,2560058464
Chr07-anno1.g5088.t1,0,0,0,4422505.252,93927326.26,183362340.9
Chr07-anno1.g5125.t1,0,0,0,0,280617117.4,469135607.1
Chr07-anno1.g5157.t1,0,0,0,0,412953028.1,304805499.1
Chr07-anno1.g5247.t1,0,0,0,0,0,133856972.5
Chr07-anno1.g5310.t1,0,0,1771324768,1151911422,0,0
Chr07-anno1.g5330.t1,0,0,31102996,0,0,0
Chr07-anno1.g535.t1,11056878845,24184815449,1391069327,167795161.3,12386194193,5419726685
Chr07-anno1.g5394.t1,11010250164,11947138550,0,0,2284322370,2976941856
Chr07-anno1.g5443.t1,0,0,0,0,28989842.88,0
Chr07-anno1.g5451.t1,0,0,0,0,0,55411415.98
Chr07-anno1.g5457.t1,0,0,0,0,0,86480166.01
Chr07-anno1.g5468.t1,0,0,0,0,18559209.34,0
Chr07-anno1.g5472.t1,0,0,0,0,0,126565680.6
Chr07-anno1.g5487.t1,0,0,23443697,0,0,0
Chr07-anno1.g5499.t1,0,0,0,0,471958677.1,215852645.9
Chr07-anno1.g5514.t1,0,0,0,0,121679313.8,843595856.6
Chr07-anno1.g5549.t1,823523129.6,536974307.2,0,0,150358381.6,288324650.9
Chr07-anno1.g5554.t1,0,0,1075664616,858340018.4,3406037293,2678603221
Chr07-anno1.g5559.t1,37746003252,59736305826,1763359958,4470877319,57586056424,40560911733
Chr07-anno1.g5579.t1,0,0,0,0,0,64412056.88
Chr07-anno1.g5587.t1,696749958,1144160615,0,0,1117558903,1333287392
Chr07-anno1.g5605.t1,0,0,12551391148,10468610578,0,63624475.82
Chr07-anno1.g5610.t1,0,0,0,0,0,112934021.2
Chr07-anno1.g5613.t1,0,0,0,0,54373792.74,1226798492
Chr07-anno1.g5614.t1,61760397.74,416539582.8,0,0,142756807.4,75496888.85
Chr07-anno1.g5637.t1,0,0,1913847872,954007706.5,13735400274,20886232091
Chr07-anno1.g5671.t1,93424329.6,139740228.9,229515188,121248704.8,1972810750,2305709493
Chr07-anno1.g5672.t1,0,0,0,0,0,52235035.39
Chr07-anno1.g5675.t1,0,0,53470052,0,158339952,784391632.7
Chr07-anno1.g5694.t1,0,0,0,0,0,238958356.6
Chr07-anno1.g5820.t1,407353385.8,1599519458,0,0,45501153.87,0
Chr07-anno1.g5847.t1,0,0,184638449,0,1004129462,2546967584
Chr07-anno1.g5877.t1,0,0,0,0,116787504.3,81975337.24
Chr07-anno1.g5898.t1,0,0,0,0,154607399.9,0
Chr07-anno1.g5899.t1,0,0,0,0,280665683.3,0
Chr07-anno1.g5948.t1,0,0,0,0,71372304.22,0
Chr07-anno1.g5949.t1,0,0,0,0,67580805,0
Chr07-anno1.g5952.t1,905681988.9,1730119314,0,0,671952625.7,427425126.4
Chr07-anno1.g5953.t1,0,0,27684985368,31185298272,621558187.9,945885269.9
Chr07-anno1.g5964.t1,0,0,0,0,45899347.71,295020899.6
Chr07-anno1.g5978.t1,0,0,0,0,170492709,0
Chr07-anno1.g5987.t1,0,0,0,0,153455407.7,0
Chr07-anno1.g6004.t1,0,0,816577780,463007134.8,0,0
Chr07-anno1.g6009.t1,590472986.1,570940539.1,0,0,389723042,1313507032
Chr07-anno1.g6014.t1,0,0,0,355109972.1,1338811818,1469821264
Chr07-anno1.g604.t1,0,0,0,0,0,23226424.42
Chr07-anno1.g6078.t1,0,0,704072752,654262854,0,153234266.6
Chr07-anno1.g6125.t1,1389940064,1589945645,0,0,998165332.2,217290206.8
Chr07-anno1.g6158.t1,0,69703394.62,0,0,0,0
Chr07-anno1.g667.t1,0,0,0,0,0,252346793.9
Chr07-anno1.g699.t1,0,0,0,0,0,46624357.2
Chr07-anno1.g703.t1,0,55417312.29,0,0,0,0
Chr07-anno1.g78.t1,0,0,0,0,117928425.4,91089731.26
Chr07-anno1.g866.t1,0,0,2142622570,1463617645,5537716550,12070472897
Chr07-anno2.g59423.t1,0,0,1683152480,61230765.36,0,0
Chr07-anno2.g59491.t1,0,0,742380216,879510531,5849418467,3206354847
Chr07-anno2.g59541.t1,0,0,0,15323073.59,0,0
Chr07-anno2.g59786.t1,0,0,0,110278719.9,0,0
Chr07-anno2.g60278.t1,0,0,0,0,0,589218207.6
Chr07-anno2.g60374.t1,0,0,326456128,345492771.8,2456759181,3064714426
Chr07-anno2.g60463.t1,0,0,0,0,183979504.2,161309399.3
Chr07-anno2.g60493.t1,0,0,0,0,1148505075,5641283686
Chr07-anno2.g63971.t1,0,0,0,0,0,153197809.5
Chr07-anno2.g64029.t1,0,0,670134070,714783901.6,0,0
Chr07-anno2.g64044.t1,132367321.8,250031305.2,0,0,111159924.1,0
Chr07-anno2.g64096.t1,834683046.7,273488827,0,0,0,0
Chr07-anno2.g64276.t1,130280584,395502269.7,219534042,198564083.3,3491504320,5168070012
Chr07-anno2.g64377.t1,17298606.35,45808891.84,0,0,0,149742660
Chr07-anno2.g64509.t1,0,0,120788116,72948320.48,0,0
Chr07-anno2.g64565.t1,1385166078,108266626,0,0,334197005,333437651.5
Chr07-anno2.g64673.t1,3547129257,5218570116,1731881048,6344780233,4267919333,4115750258
Chr07-anno2.g64679.t1,0,0,0,65776102.4,282243402.1,295614417.8
Chr07-anno2.g64785.t1,0,0,0,0,92628195.55,94553983.54
Chr07-anno2.g64970.t2,0,0,0,121079783.2,0,0
Chr07-anno2.g65024.t1,805794173.8,747494543.4,38119348,389805441.1,181075179.4,871481633.1
Chr07-anno2.g65105.t1,0,0,251136336,0,730971702.4,3638907908
Chr07-anno2.g65106.t1,0,0,24312821356,19720005878,255273668.1,1092616387
Chr07-anno2.g65199.t1,76501701066,91056066944,5248470574,6383801805,54771527107,25797389563
Chr07-anno2.g65318.t1,0,0,0,0,397155517.4,298655491.5
Chr07-anno2.g65359.t1,0,0,1812632500,1975808667,0,0
Chr07-anno2.g65580.t1,0,0,0,0,693658336,1645960682
Chr07-anno2.g65659.t1,8191349516,9559542197,0,0,2037288330,1.35E+11
Chr07-anno2.g65683.t1,0,0,0,0,50128810.38,71692726.87
Chr07-anno2.g65860.t1,701426893.1,927581501.6,0,0,1024994680,797449848.9
Chr07-anno2.g65879.t1,0,0,0,47772286.28,0,0
Chr07-anno2.g65920.t1,0,0,0,0,631317585.3,857821869.9
Chr07-anno2.g65953.t1,0,0,211820816,0,0,0
Chr07-anno2.g66138.t1,0,0,0,38578217.02,59749226.83,0
Chr07-anno2.g66237.t1,0,0,270418016,0,2837027876,5001169074
Chr07-anno2.g66252.t1,520321166.2,1750589889,0,0,330421636.8,469293271.8
Chr07-anno2.g66420.t1,158583869.9,31964325.69,1.45E+11,1.51E+11,3814586448,7814086295
Chr07-long_reads1.PB.3400.2,137926846.6,144234934.2,1462739094,866796420.8,297353237.1,75899645.05
Chr07-long_reads1.PB.3402.2,0,0,0,0,720431563.1,1223208128
Chr07-long_reads1.PB.3437.1,0,0,0,55205493.77,0,0
Chr07-long_reads1.PB.3445.1,176303020.9,0,0,0,25525196.06,0
Chr07-long_reads1.PB.3488.2,0,0,0,0,0,65278951.26
Chr07-long_reads1.PB.3498.2,0,0,104822568,162339728.8,0,0
Chr07-long_reads1.PB.3554.1,8152411.752,0,0,0,33517231.42,0
Chr07-long_reads1.PB.3567.1,0,0,41299148,137513694.2,2489100576,2976037086
Chr07-long_reads1.PB.3582.2,0,98520220.58,0,0,143712935.2,0
Chr07-long_reads1.PB.3608.2,0,0,0,0,19997759.73,19216357.36
Chr07-long_reads1.PB.3645.1,550363947.5,1285642048,442344392,94006720.64,506463142.9,381900094.5
Chr07-long_reads1.PB.3664.1,0,45490178.75,0,0,127007596.5,34414066.08
Chr07-long_reads1.PB.3699.9,7399243078,8006104696,0,69772328.27,4365485508,3238196919
Chr07-long_reads1.PB.3707.2,0,0,0,0,36881089.64,140275635.4
Chr07-long_reads1.PB.3736.1,0,46275406.29,0,0,0,0
Chr07-long_reads1.PB.3812.1,1100886277,2514834182,0,0,1781167366,594027769.7
Chr07-long_reads1.PB.3864.6,0,14445871.17,220487988,615824698.4,2768839336,2668062683
Chr07-long_reads1.PB.3906.1,0,0,21657988416,13644168818,1100056581,2020001727
Chr07-long_reads1.PB.3913.1,0,0,0,0,51873121.69,457216202.9
Chr07-long_reads1.PB.3919.1,0,0,0,0,134514055.1,302177593.8
Chr07-long_reads1.PB.3954.1,2766495557,2635797751,1.80E+12,1.71E+12,72421901251,36640425938
Chr07-long_reads1.PB.3969.1,556532774,1301828444,946506654,309497632.5,617249691.7,82876565.17
Chr07-long_reads1.PB.3986.1,0,1754049677,0,0,0,0
Chr08-anno1.g32859.t1,0,139426911.8,0,0,0,62878276.49
Chr08-anno1.g32874.t1,1172605936,712170076.8,0,0,404195038.3,785554525.4
Chr08-anno1.g32889.t1,1428069851,603875340.5,0,0,935747253.8,447965364.8
Chr08-anno1.g32968.t1,0,0,0,0,257264336,371050240.5
Chr08-anno1.g32971.t1,0,0,129846456,0,0,0
Chr08-anno1.g33116.t1,0,0,60691828,111665008.6,0,0
Chr08-anno1.g33152.t1,0,0,0,0,0,202555179
Chr08-anno1.g33271.t1,0,0,0,0,186684215.4,0
Chr08-anno1.g33285.t1,0,0,0,0,227666927.1,683827841.6
Chr08-anno1.g33292.t1,0,0,0,0,68710825.1,101220144.4
Chr08-anno1.g33328.t1,0,0,477835104,93081679.98,0,0
Chr08-anno1.g33338.t1,0,0,0,0,35189770.86,66413599.34
Chr08-anno1.g33371.t1,0,0,0,0,681941422.2,760840265.1
Chr08-anno1.g33382.t1,0,0,3315729538,1894181473,0,0
Chr08-anno1.g33389.t1,0,0,178620896,177099637.7,0,0
Chr08-anno1.g33390.t1,1273746479,1545958938,0,0,422010800.6,81418459.86
Chr08-anno1.g33446.t1,0,0,1010180608,88491283.77,0,0
Chr08-anno1.g33458.t1,358575292.1,217522821,0,0,156980747.1,220356389.2
Chr08-anno1.g33489.t1,0,0,1456376752,619203337.9,0,0
Chr08-anno1.g33498.t1,0,0,62469092,0,0,0
Chr08-anno1.g33511.t1,0,0,0,0,0,71610181.64
Chr08-anno1.g33690.t1,0,0,7047160011,5258650060,0,751480544.1
Chr08-anno1.g33691.t1,174651569.4,229029145.4,0,0,0,0
Chr08-anno1.g33757.t1,0,0,5920502698,4839183765,0,0
Chr08-anno1.g33850.t1,0,0,0,0,641286218.2,689913147.7
Chr08-anno1.g33974.t1,0,0,0,0,0,152400791.2
Chr08-anno1.g34018.t1,0,0,1345013546,2102042109,0,0
Chr08-anno1.g34020.t1,0,0,71800852,2720953.699,4130512842,4206500425
Chr08-anno1.g34075.t1,0,0,0,14773421.7,0,0
Chr08-anno1.g34153.t1,0,0,0,0,540517896.9,0
Chr08-anno1.g34195.t1,0,0,299317144,186191530.7,0,0
Chr08-anno1.g34337.t1,214138952.4,276788824.1,0,0,0,518970909.7
Chr08-anno1.g34401.t1,0,0,42501540,313281404.3,0,0
Chr08-anno1.g34447.t1,0,0,0,0,190372754,1114333060
Chr08-anno1.g34455.t1,0,0,0,32993748.79,0,0
Chr08-anno1.g34570.t1,0,0,0,0,86484136.58,55908864.01
Chr08-anno1.g34581.t1,0,0,0,89354027.94,5348421154,8794182513
Chr08-anno1.g34635.t1,0,645835891.6,1008508136,136083633,6907368822,0
Chr08-anno1.g34660.t1,0,0,0,0,640418917.6,1872098517
Chr08-anno1.g34666.t1,0,0,93669928,124335403.6,2137520859,3707152514
Chr08-anno1.g34667.t1,0,0,173124392,0,118742834.3,129813091.6
Chr08-anno1.g34779.t1,0,0,1900451385,1502526402,32790355.88,0
Chr08-anno1.g34782.t1,0,0,3834062880,5407084487,0,154250354.6
Chr08-anno1.g34862.t1,0,0,0,0,38065164.02,0
Chr08-anno1.g34937.t2,40159490.53,0,0,0,0,0
Chr08-anno1.g34938.t1,0,0,2745109470,2282214935,0,0
Chr08-anno1.g34978.t1,455566234.9,1555465062,0,0,347166263,0
Chr08-anno1.g35025.t1,0,0,2752278528,2475106685,0,0
Chr08-anno1.g35072.t1,0,0,0,0,0,90301281.56
Chr08-anno1.g35079.t1,968412075.7,128047958.8,0,0,406185894.1,0
Chr08-anno1.g35138.t1,3706538732,7526870927,0,0,3413235330,567468351
Chr08-anno1.g35141.t1,0,0,0,0,0,997246726
Chr08-anno1.g35497.t1,0,0,0,0,111851275,70648813.65
Chr08-anno1.g35689.t1,0,0,154430768,0,233502596,565865389.6
Chr08-anno1.g35704.t1,0,0,0,56162579.42,345054790.9,309015955
Chr08-anno1.g35763.t1,1010028503,1063418431,0,0,373354625,308101691.8
Chr08-anno1.g35816.t1,20603195.23,48951869.74,0,0,667596415.7,3202190174
Chr08-anno1.g35835.t1,0,31493013.96,311183504,0,0,0
Chr08-anno1.g35854.t1,0,15642848.04,0,0,0,0
Chr08-anno1.g36070.t1,1150891598,1104653878,0,0,304851113.4,285578099.2
Chr08-anno1.g36187.t1,26683999.03,140215984.1,0,0,0,0
Chr08-anno1.g36299.t1,0,0,4072768652,3605104502,0,0
Chr08-anno1.g36423.t1,452640321.7,830987566.9,27130887606,22442994454,8876281257,14297957791
Chr08-anno1.g36481.t1,0,0,281141728,192033011.4,0,0
Chr08-anno1.g36524.t1,0,80491467.81,0,0,0,0
Chr08-anno1.g37018.t1,50699999.76,62386934.08,0,0,0,0
Chr08-anno1.g37619.t1,0,0,0,0,0,202958951.7
Chr08-anno1.g37727.t1,0,0,19509970,60227282.59,497929199.4,1531623369
Chr08-anno1.g37797.t1,0,0,0,0,54565819.78,0
Chr08-anno1.g37814.t1,749223718.9,0,38525248,146200943.2,0,856426570.1
Chr08-anno1.g37825.t1,0,0,80097370,131247046.8,0,0
Chr08-anno1.g37833.t1,8657166.949,0,1359553428,754527496.8,6224830659,2562507700
Chr08-anno1.g37872.t1,0,0,0,0,28607222.3,56462668.85
Chr08-anno1.g37993.t1,45366482091,40577525545,708835168,1315623658,21843579155,20421774585
Chr08-anno1.g38039.t1,0,0,0,0,436566545.3,0
Chr08-anno1.g38041.t1,0,0,66706774,0,1167709906,576639905.9
Chr08-anno1.g38054.t1,448828469.9,342600379.2,0,0,958630327.9,657544446.6
Chr08-anno1.g38064.t1,300535728,60638413.44,5162155140,6946447207,19873958099,28891431780
Chr08-anno1.g38135.t1,0,74738955.03,0,0,0,295134641.2
Chr08-anno1.g38136.t1,0,0,0,0,0,185630884.8
Chr08-anno1.g38232.t1,17925751.62,0,0,0,0,75733497.85
Chr08-anno1.g38263.t1,0,200595371.2,0,0,124251865,89328950.04
Chr08-anno1.g38299.t1,0,0,0,0,0,1462607966
Chr08-anno1.g38415.t1,0,0,0,0,67259503.89,210577768.3
Chr08-anno1.g38416.t1,0,92974993.15,0,0,0,0
Chr08-anno1.g38418.t1,0,0,0,0,59161280.65,0
Chr08-anno1.g38452.t1,0,0,0,0,842307141.5,178380957.5
Chr08-anno1.g38469.t1,12540284301,7362999042,0,44091031.35,8709844450,1076808869
Chr08-anno1.g38550.t1,0,0,0,0,0,172608028.8
Chr08-anno1.g38555.t1,0,0,0,0,196301408.8,310524707.1
Chr08-anno1.g38564.t2,0,0,390943360,0,0,0
Chr08-anno1.g38582.t2,58756635.81,0,0,0,0,0
Chr08-anno1.g38621.t1,0,0,0,0,55854754.48,66923641.94
Chr08-anno1.g38783.t1,399884995.3,152028135,0,0,119885582.7,0
Chr08-anno1.g38787.t1,1367883628,2847044762,0,0,1585678141,2025382614
Chr08-anno1.g38850.t1,0,0,1787538218,1757806656,0,0
Chr08-anno1.g38863.t1,0,0,120769336,60933310.81,0,0
Chr08-anno1.g38960.t1,0,0,0,57457013.75,1487950358,1742787746
Chr08-anno1.g38977.t1,0,0,0,0,508139049.1,423269712.2
Chr08-anno1.g39001.t1,18686477264,7951004834,0,0,20457607462,28310236640
Chr08-anno1.g39003.t1,0,0,0,0,37088274.07,303111418
Chr08-anno1.g39004.t1,0,0,0,0,54103814.37,153846662.3
Chr08-anno1.g39050.t1,0,0,0,0,0,80663365.94
Chr08-anno1.g39256.t1,0,0,0,0,90522791.47,380757888.6
Chr08-anno1.g39265.t1,0,0,0,0,83406820.44,39218763.82
Chr08-anno1.g39304.t1,0,0,0,0,32461216.17,0
Chr08-anno1.g39394.t1,0,0,0,0,119787184.2,51372833.11
Chr08-anno1.g39423.t1,294227090.6,277717939.4,0,0,3292633116,737693939.3
Chr08-anno1.g39462.t1,0,0,0,0,10378643.67,286758043
Chr08-anno1.g39476.t1,5035228183,10138146432,90995520,119433746.6,6396273515,1692365567
Chr08-anno1.g39494.t1,0,131600734.5,3068437080,1474313516,22645626067,1042845938
Chr08-anno2.g1047.t1,92998138.95,183740391.2,0,0,0,0
Chr08-anno2.g1061.t1,0,0,0,0,0,76565330.75
Chr08-anno2.g1181.t1,0,0,1488382912,45809501.64,0,0
Chr08-anno2.g1187.t1,0,0,1429060432,2548649126,0,117078408.8
Chr08-anno2.g1277.t1,120445865.8,519467306.5,151663464,0,496238387.9,0
Chr08-anno2.g1326.t1,0,0,50693180,0,1891071749,5758213981
Chr08-anno2.g2005.t1,6186989942,1307753488,464647668,0,4260699067,6877486135
Chr08-anno2.g2138.t1,0,0,0,0,23944047.88,12385126.16
Chr08-anno2.g2242.t1,0,0,836018776,525871234.6,0,0
Chr08-anno2.g2862.t1,0,0,0,0,58995920,0
Chr08-anno2.g2947.t1,0,0,0,0,70188245.6,160032127.7
Chr08-anno2.g3453.t1,0,0,218426000,338020640.8,0,0
Chr08-anno2.g380.t1,0,0,0,0,0,38798606.11
Chr08-anno2.g4053.t1,0,0,0,0,62080407.62,0
Chr08-anno2.g428.t1,0,0,0,0,501576078.2,1072911008
Chr08-anno2.g4336.t1,0,0,20639814,45857503.47,0,0
Chr08-anno2.g4402.t1,0,0,0,0,71062181.33,3870303627
Chr08-anno2.g4561.t1,0,72871183.34,0,0,0,0
Chr08-anno2.g499.t1,0,0,0,0,0,43532787.5
Chr08-anno2.g50.t1,0,0,321746667,132037853.9,0,0
Chr08-anno2.g523.t1,92619338.71,0,0,0,899729306,209009925.7
Chr08-anno2.g568.t1,0,0,0,0,264653116.5,0
Chr08-anno2.g5928.t1,154184762.1,203167838.1,0,0,103374262.3,0
Chr08-anno2.g6040.t1,0,0,0,634336937.5,0,0
Chr08-anno2.g6150.t1,0,0,1227036248,1657226731,0,0
Chr08-anno2.g6461.t1,0,0,0,0,424027024.7,0
Chr08-anno2.g7023.t1,0,0,0,0,227983798.6,182170537.8
Chr08-anno2.g7325.t1,3266638927,3224358612,0,0,1622876866,689238141
Chr08-anno2.g7390.t1,0,0,0,0,81897566.61,0
Chr08-anno2.g7431.t1,130151190.4,867897381.6,0,0,0,0
Chr08-anno2.g7473.t1,690167487.2,971969698.5,0,0,1468890534,653549313
Chr08-anno2.g7560.t1,0,0,0,0,321792216.9,372628552.7
Chr08-anno2.g7582.t1,0,0,0,0,0,122809952.9
Chr08-anno2.g854.t1,0,83808002.81,0,0,0,0
Chr08-anno2.g995.t1,0,0,0,112334327.5,0,0
Chr08-long_reads1.PB.4049.1,0,0,0,0,62694852.42,134838165.5
Chr08-long_reads1.PB.4057.1,0,0,362238600,323111027.9,172503079.4,72812362.55
Chr08-long_reads1.PB.4073.1,446442194.7,46220151.5,0,0,2591618191,3512978566
Chr08-long_reads1.PB.4112.1,14628930.41,0,0,0,0,0
Chr08-long_reads1.PB.4118.1,0,0,0,0,0,72856699.09
Chr08-long_reads1.PB.4124.1,109853071.6,335948068.4,716395141,691759663.3,60739147.52,0
Chr08-long_reads1.PB.4130.1,0,0,127635600,205596892.6,0,0
Chr08-long_reads1.PB.4133.1,0,0,0,0,44384435.46,112590246.4
Chr08-long_reads1.PB.4142.1,0,0,0,0,0,95423203.86
Chr08-long_reads1.PB.4152.1,0,0,0,81179550.12,0,0
Chr08-long_reads1.PB.4175.1,1157399935,944383434.2,0,0,339627372.4,0
Chr08-long_reads1.PB.4180.1,0,0,1446398044,1178698483,0,0
Chr08-long_reads1.PB.4192.1,0,0,21654246,105181127.9,1015094481,451671567.1
Chr08-long_reads1.PB.4219.6,0,0,0,0,247399872.3,258787391.5
Chr08-long_reads1.PB.4247.3,0,0,0,0,350846874.8,211695250.3
Chr08-long_reads1.PB.4256.2,0,0,0,0,0,54064819.67
Chr08-long_reads1.PB.4275.1,0,0,0,0,0,64219227.36
Chr08-long_reads1.PB.4277.1,2805411873,1424325674,911407232,1067498683,1456891570,1661949837
Chr08-long_reads1.PB.4317.1,0,0,0,54378196.92,314229960.2,249725616.6
Chr08-long_reads1.PB.4343.1,0,0,0,0,981215792.9,1416382118
Chr08-long_reads1.PB.4347.4,0,0,0,0,984326887.9,6227888369
Chr08-long_reads1.PB.4419.3,0,0,14763926,0,0,0
Chr08-long_reads1.PB.4457.1,0,0,0,0,37186732.43,51482227.22
Chr08-long_reads1.PB.4491.1,677531889.3,440110171.7,6798500892,6530559708,934972520,1888160402
Chr08-long_reads1.PB.4495.1,0,49621084.58,0,0,161010611.9,34706905.53
Chr08-long_reads1.PB.4499.1,0,0,0,0,72376396.17,1022248531
Chr08-long_reads1.PB.4505.6,0,0,0,0,100390609.3,383286099.8
Chr08-long_reads1.PB.4553.2,2308761609,1011177982,0,0,110753831.8,211160271.3
Chr08-long_reads1.PB.4556.5,0,0,0,0,0,216814886.8
Chr08-long_reads1.PB.4574.3,389011441.6,315493552.2,0,0,56177958.52,0
Chr09-anno1.g39611.t1,0,0,0,0,0,154570818.3
Chr09-anno1.g39730.t1,63776274486,53396672252,1542769664,3278539628,41262379169,38733062795
Chr09-anno1.g39769.t1,0,0,2333427112,1841937715,0,0
Chr09-anno1.g39771.t1,0,0,0,790900114.7,0,0
Chr09-anno1.g39780.t1,0,0,998145576,473065183.6,366878798.7,849927121.6
Chr09-anno1.g39788.t1,0,0,0,0,377259651.7,464204912.1
Chr09-anno1.g39795.t1,0,612442058.7,198389616,74773391.27,707111804.6,1993613107
Chr09-anno1.g39799.t1,0,0,985374436,826459915.4,0,0
Chr09-anno1.g39848.t1,0,0,0,0,75400959.21,0
Chr09-anno1.g39849.t1,6470114881,6743649886,0,0,15446114458,31233679583
Chr09-anno1.g39850.t1,0,315949844.7,0,0,3622105257,4142646976
Chr09-anno1.g39856.t1,2841864379,1485072760,66170888,0,16484090247,18962503820
Chr09-anno1.g39857.t1,0,0,0,0,885611137.3,178583268.8
Chr09-anno1.g39858.t1,13183621090,9425370658,0,23023212.23,11961851663,2093860570
Chr09-anno1.g39979.t1,0,0,22445684,156452950.8,1594964835,1792506830
Chr09-anno1.g39999.t1,1303262766,2256366642,0,0,793529294.2,161933660.2
Chr09-anno1.g40020.t1,0,0,0,0,597085845.1,575711549.1
Chr09-anno1.g40089.t1,0,0,837750512,0,0,0
Chr09-anno1.g40131.t1,0,0,0,0,38718733.35,385684023.7
Chr09-anno1.g40159.t1,0,0,0,0,255021484.1,0
Chr09-anno1.g40169.t1,0,0,85853920,414051477.9,2826695796,2878831684
Chr09-anno1.g40423.t1,0,0,45543528,230329283.4,0,0
Chr09-anno1.g40441.t1,0,0,29531368,0,359249827.2,535255689.4
Chr09-anno1.g40445.t1,0,0,0,0,0,73168754.88
Chr09-anno1.g40494.t1,0,0,210120882,89640360.3,3450123074,634515216.5
Chr09-anno1.g40657.t1,0,0,0,0,581290358.7,0
Chr09-anno1.g40698.t1,0,0,0,0,0,141580967.7
Chr09-anno1.g40702.t1,0,0,0,0,0,85940041.18
Chr09-anno1.g40716.t1,1128085345,1562426203,10412243,0,1028081158,509062340.1
Chr09-anno1.g40754.t1,0,0,6828406066,4533076301,421139846.9,816220254.9
Chr09-anno1.g40803.t1,52196383.31,54112023.62,719747716,0,13382484258,13994263488
Chr09-anno1.g40832.t1,0,0,0,0,209237195,0
Chr09-anno1.g40867.t1,0,0,0,0,572449562.5,972776649.9
Chr09-anno1.g40894.t1,0,0,46399912,49195698.84,0,0
Chr09-anno1.g40923.t1,0,0,0,0,0,166048608.7
Chr09-anno1.g40935.t1,0,0,0,0,72396351.86,344618734.5
Chr09-anno1.g40992.t1,0,0,0,0,21781246.77,0
Chr09-anno1.g41247.t1,58152329.53,69045930.05,0,0,0,202019505
Chr09-anno1.g41440.t1,22427483.23,0,0,0,0,0
Chr09-anno1.g41452.t1,8756552929,8216342202,190576380,2862848224,10200804568,11745674657
Chr09-anno1.g41489.t1,0,0,0,0,194179502,0
Chr09-anno1.g41501.t1,0,0,0,0,0,157319833.6
Chr09-anno1.g41561.t1,0,0,0,186429520.6,0,0
Chr09-anno1.g41575.t1,0,0,0,0,0,100469630.6
Chr09-anno1.g41896.t1,3120922332,1467289277,105903424,30944469.75,1489154022,2900244675
Chr09-anno1.g41920.t1,34172572.46,0,0,0,45330207.26,479422903.9
Chr09-anno1.g41930.t1,239213266.2,206760691,0,0,357712312.8,626764785.8
Chr09-anno1.g41954.t1,0,0,91195448,178565006.7,0,0
Chr09-anno1.g41986.t1,0,0,59226316,0,0,0
Chr09-anno1.g42113.t1,0,0,0,0,68028991.25,76535805.6
Chr09-anno1.g42404.t1,0,0,0,0,50889580.9,0
Chr09-anno1.g42540.t1,0,0,0,0,35743965.01,110009129.9
Chr09-anno1.g42580.t1,0,0,1035941984,1155019390,0,0
Chr09-anno1.g42671.t1,0,0,0,0,517718341.2,0
Chr09-anno1.g42887.t1,0,86126956.03,232702304,0,279048651.8,0
Chr09-anno1.g43234.t1,643498188.6,956499422.4,532862088,629035475.7,1620405021,1910940228
Chr09-anno1.g43265.t1,0,0,0,0,0,73032977.08
Chr09-anno1.g43304.t1,0,0,0,0,0,142212924.3
Chr09-anno1.g43321.t1,0,93829467.56,0,0,0,0
Chr09-anno1.g43559.t1,3052375498,2397818503,0,0,743052903.7,0
Chr09-anno1.g43668.t1,0,0,0,0,0,78206742.13
Chr09-anno1.g43706.t1,0,0,145441028,341649137.2,870934306.7,0
Chr09-anno1.g43836.t1,0,0,0,0,2134786633,696584310.8
Chr09-anno1.g43891.t1,0,72802812.53,0,0,57834810.11,128539452.4
Chr09-anno1.g43943.t1,0,0,0,0,0,106162968.8
Chr09-anno1.g43971.t1,8303827434,15005251891,1123966246,809200966.8,16384774794,5237410871
Chr09-anno1.g43981.t1,0,0,0,0,39693755.02,88315050.14
Chr09-anno1.g44044.t1,459924309.8,175013115.2,0,0,252204940.4,326731271.8
Chr09-anno1.g44084.t1,0,0,0,0,56746560.22,0
Chr09-anno1.g44239.t1,453256310.2,487284477,0,0,196034177.7,0
Chr09-anno1.g44301.t1,0,0,0,0,181319893.4,0
Chr09-anno1.g44302.t1,27829362.74,73171300.27,0,0,21603036.53,0
Chr09-anno1.g44313.t1,63717413.51,38439710.94,320896826,97755106.72,3308392809,2083989646
Chr09-anno1.g44327.t1,0,0,0,0,1819399810,10416730672
Chr09-anno1.g44446.t1,0,0,0,0,60155927.2,327716921.6
Chr09-anno1.g44451.t1,0,0,0,0,96056979.47,139427314.1
Chr09-anno1.g44452.t1,0,0,0,82063389.48,432817635.4,356283332.9
Chr09-anno1.g44495.t1,0,0,281168040,157906257.8,5323585400,5634953208
Chr09-anno1.g44500.t1,0,0,0,0,452187855.8,1238016920
Chr09-anno1.g44553.t1,0,0,0,0,0,3647101233
Chr09-anno1.g44556.t1,372628487.4,513603297.2,57096308,30449106.18,750173085.8,3105028329
Chr09-anno1.g44624.t1,2059105174,4041499297,0,0,899062658.7,129194025.3
Chr09-anno1.g44628.t1,0,0,74825856,0,0,0
Chr09-anno1.g44675.t1,112456805.2,0,0,0,81265531.4,106851758.9
Chr09-anno1.g44707.t1,0,0,0,0,90659891.53,67059546.09
Chr09-anno1.g44725.t1,30334687.41,41434196.95,62871886536,65438713475,607584516.7,1010884183
Chr09-anno1.g44735.t1,22979563.86,29421285.17,836575483,505210220.3,6136818827,7666184254
Chr09-anno1.g44760.t1,0,0,0,0,90669725687,0
Chr09-anno1.g44761.t1,0,0,36947560,0,40300394046,49212069.61
Chr09-anno1.g44773.t1,0,0,19401774,0,5224317983,9173449855
Chr09-anno1.g44818.t1,0,0,0,0,539616308.6,635627420.7
Chr09-anno1.g44828.t1,0,0,0,0,0,1080426949
Chr09-anno1.g44835.t1,0,0,0,0,84207114.82,0
Chr09-anno1.g44863.t1,36812070.05,203700596.3,0,0,0,0
Chr09-anno1.g44899.t1,57484210.61,395867459.9,0,0,0,0
Chr09-anno1.g44911.t1,6339532405,11476200014,92651992,0,1622000643,724389781.7
Chr09-anno1.g44968.t1,0,0,0,14744603.57,1143990168,1402140536
Chr09-anno1.g45083.t1,0,0,2018581632,9425623935,0,0
Chr09-anno1.g45089.t1,0,0,0,0,408716243.5,1291430038
Chr09-anno1.g45096.t1,21858095.34,0,365049736,386670050.1,6435246051,8857585288
Chr09-anno1.g45105.t1,13155260.46,34639316.29,0,0,0,0
Chr09-anno2.g37208.t1,0,0,579781220,440093978.8,0,0
Chr09-anno2.g37217.t1,0,0,48799084,24525407.54,0,0
Chr09-anno2.g37265.t1,34992901.93,0,283072390,313565175.7,5755563447,4464691258
Chr09-anno2.g37328.t1,0,0,0,60349199.68,85394040.46,23716537.11
Chr09-anno2.g37485.t1,0,0,0,0,0,40371959.17
Chr09-anno2.g38020.t1,0,0,0,0,0,129054583.4
Chr09-anno2.g38302.t1,0,0,0,0,406039468.4,1258488442
Chr09-anno2.g38428.t1,0,0,207488632,0,0,0
Chr09-anno2.g39089.t1,0,0,0,0,365802130.3,849765459.6
Chr09-anno2.g39489.t1,22444012.54,0,0,0,0,0
Chr09-anno2.g40155.t1,0,0,0,0,0,31575082.6
Chr09-anno2.g40651.t1,0,0,0,0,160681818.7,507294902.7
Chr09-anno2.g40858.t1,5233614762,5044930592,33594394845,30229691851,4.68E+11,60897946447
Chr09-anno2.g40880.t1,0,0,60766540,0,0,0
Chr09-anno2.g40949.t1,0,0,0,0,0,1667953074
Chr09-anno2.g41454.t1,0,0,0,0,76515478.53,306915485.2
Chr09-anno2.g41484.t1,0,0,71010464,0,0,0
Chr09-anno2.g41982.t1,0,0,0,0,389347516.5,3633895815
Chr09-anno2.g42376.t1,0,0,0,0,147763411,353908846.6
Chr09-anno2.g42487.t1,0,0,0,0,54092573.14,808597963.9
Chr09-anno2.g42615.t1,6495260284,5218330780,0,0,929482124.9,685938539.9
Chr09-anno2.g42712.t1,139293448.6,0,0,0,0,34691565.77
Chr09-anno2.g42839.t1,0,0,0,0,0,58171595.83
Chr09-anno2.g43179.t1,0,0,333677440,529144909,0,439888164.6
Chr09-anno2.g43180.t1,0,0,0,0,151291869.4,0
Chr09-anno2.g43205.t1,0,0,0,0,0,29071270.8
Chr09-anno2.g43317.t1,0,0,147542188,115147088.3,2755753710,2815113983
Chr09-anno2.g43356.t1,29884321.49,306606862.3,32075451656,37276317004,1474710503,1273274187
Chr09-anno2.g43371.t1,134250791.3,285920255.6,0,0,0,0
Chr09-anno2.g43563.t1,722357384.9,359929817.5,5916441008,2271105377,10349530175,607887397.8
Chr09-anno2.g43605.t1,0,0,0,0,216027926.8,157491947.8
Chr09-long_reads1.PB.4666.2,0,0,0,5873260.502,110366869.7,250936346.1
Chr09-long_reads1.PB.4678.1,0,0,0,0,16321065.58,0
Chr09-long_reads1.PB.4693.1,0,0,0,0,75353253.33,0
Chr09-long_reads1.PB.4703.2,608740863.2,975737214.1,0,0,533356409.6,130808938.1
Chr09-long_reads1.PB.4709.1,427045349.5,0,0,0,0,0
Chr09-long_reads1.PB.4724.1,0,0,0,0,0,303924993.7
Chr09-long_reads1.PB.4753.1,0,0,4320430306,4756728596,0,119402516.9
Chr09-long_reads1.PB.4773.1,198438191.8,406747721,0,0,0,0
Chr09-long_reads1.PB.4775.9,0,0,0,0,33294172.47,724863235.2
Chr09-long_reads1.PB.4794.1,0,0,0,0,433075175.4,1330920728
Chr09-long_reads1.PB.4798.5,37262296.85,0,0,0,0,0
Chr09-long_reads1.PB.4820.1,41697440.8,0,231227484,275177954.4,10477824941,18477965601
Chr09-long_reads1.PB.4834.1,564621580.8,0,0,0,0,222872471.1
Chr09-long_reads1.PB.4842.2,0,0,0,0,29775698.22,741169982.2
Chr09-long_reads1.PB.4949.1,0,0,0,0,349768479.9,6104843099
Chr09-long_reads1.PB.4953.3,52727514.01,0,0,0,0,2279131321
Chr09-long_reads1.PB.5009.1,554932427.8,1149198974,1871980148,1937829907,1993672320,1157843697
Chr09-long_reads1.PB.5033.1,0,0,10405480120,6793683840,0,220829423.5
Chr09-long_reads1.PB.5036.1,0,0,0,62983566.64,1441782354,3737551134
Chr09-long_reads1.PB.5059.1,0,0,0,0,0,60459413.4
Chr09-long_reads1.PB.5067.1,65392465.49,39437487.83,0,0,44902946.3,0
Chr10-anno1.g27635.t1,0,0,72433972,33325844.19,103402503.9,0
Chr10-anno1.g27717.t1,0,0,0,0,102251318.3,430404347.3
Chr10-anno1.g27729.t1,0,0,0,0,146792658.3,1296438489
Chr10-anno1.g27741.t1,0,0,0,0,0,52364495.82
Chr10-anno1.g27802.t1,0,0,0,0,48295432.53,257327901.7
Chr10-anno1.g27811.t1,0,0,36820564,0,326771408.9,49907780.11
Chr10-anno1.g27913.t1,0,0,0,0,44322766.27,66058539.4
Chr10-anno1.g27990.t1,1490371679,1597670480,0,0,3710922032,8271198779
Chr10-anno1.g28348.t1,31186113.21,74725817.98,0,0,0,0
Chr10-anno1.g28404.t1,0,0,3518381944,4991985579,181037126.8,353628056.1
Chr10-anno1.g28413.t1,0,0,0,0,72701125.09,749162107.3
Chr10-anno1.g28416.t1,0,0,0,0,471659203.1,1294519698
Chr10-anno1.g28419.t1,0,0,0,0,0,310311455.2
Chr10-anno1.g28461.t1,0,0,0,0,40316130.59,986528394.1
Chr10-anno1.g28462.t1,0,0,0,0,123697516.5,751876339.7
Chr10-anno1.g28541.t1,0,0,0,0,58228838.89,191435687.6
Chr10-anno1.g28562.t1,0,0,59477556,0,1120359820,1690261066
Chr10-anno1.g28575.t1,0,2230778737,0,0,0,0
Chr10-anno1.g28582.t1,0,0,40056940,0,0,0
Chr10-anno1.g28621.t1,0,0,0,0,9528744.407,78274529.09
Chr10-anno1.g28623.t1,0,0,1167634912,1336831017,0,47284443.41
Chr10-anno1.g28670.t1,0,0,884029208,364089055.1,0,0
Chr10-anno1.g28684.t1,0,0,2376205020,1528188413,0,0
Chr10-anno1.g28739.t1,0,0,309742336,0,0,0
Chr10-anno1.g28745.t1,0,0,0,0,217433445,52946545.1
Chr10-anno1.g28757.t1,33448720.68,60237228.44,530717424,558738633.8,5828449464,6871500398
Chr10-anno1.g28789.t1,0,0,0,0,3837472532,3114575004
Chr10-anno1.g28860.t1,6428287275,5953360761,10420650956,8385238130,12301901157,20576620268
Chr10-anno1.g28877.t1,0,0,42476076,89724421.47,1516106784,6501653426
Chr10-anno1.g28890.t1,0,0,0,0,0,197365040.4
Chr10-anno1.g28891.t1,12903571196,10154821377,0,0,3604772975,7144183665
Chr10-anno1.g28977.t1,0,0,115433472,104621900,0,0
Chr10-anno1.g29056.t1,0,0,0,0,187081212,793772074.8
Chr10-anno1.g29202.t1,0,0,39214918628,29192717977,1891915451,2433096224
Chr10-anno1.g29236.t1,0,0,0,0,77182377.91,45989104.06
Chr10-anno1.g29307.t1,0,0,0,0,0,114274397.8
Chr10-anno1.g29364.t1,10344812536,8328777660,39326880,0,1057178555,0
Chr10-anno1.g29379.t1,0,79292889.92,0,0,0,0
Chr10-anno1.g29392.t1,6531443106,6792854725,0,0,1375983289,0
Chr10-anno1.g29527.t1,0,0,0,0,164058545.8,92364183.04
Chr10-anno1.g29611.t1,0,0,0,0,45304120.57,0
Chr10-anno1.g29715.t1,0,0,0,0,168320405.8,287746142.1
Chr10-anno1.g29745.t1,0,0,0,0,51316407.09,0
Chr10-anno1.g29747.t1,2205667603,1411208498,0,0,1444584298,901423154.9
Chr10-anno1.g29758.t1,562017353.1,264763775.6,0,0,0,0
Chr10-anno1.g29827.t1,0,0,3221236100,1796818779,0,0
Chr10-anno1.g29882.t1,641839413.3,1664368816,0,0,653661512.3,223542622.1
Chr10-anno1.g29939.t1,5202528943,4871262986,33111436,0,940324428.8,2341774191
Chr10-anno1.g29972.t1,25311872.65,0,0,0,33224497.69,60422898.93
Chr10-anno1.g30027.t1,0,0,0,0,87101584.66,143856246.7
Chr10-anno1.g30096.t1,0,0,0,0,5620911403,6778022381
Chr10-anno1.g30209.t1,0,0,0,173075327.3,0,0
Chr10-anno1.g30244.t1,0,0,995724440,1584227771,0,0
Chr10-anno1.g30267.t1,0,0,0,0,273684837,90062363.84
Chr10-anno1.g30286.t1,0,0,10453221358,13230354123,137729397.6,496691880.3
Chr10-anno1.g30308.t1,31083547.31,95904061.7,0,0,0,53013314.11
Chr10-anno1.g30488.t1,0,0,3359377328,4176225446,97265661.34,51146676.51
Chr10-anno1.g31091.t1,79904953.99,230666291.8,0,0,72449338.09,0
Chr10-anno1.g31135.t1,0,0,530349896,487717346.9,5082540502,7982558987
Chr10-anno1.g31224.t1,0,0,24481092,0,0,0
Chr10-anno1.g31258.t1,0,0,0,0,0,2613802519
Chr10-anno1.g31297.t1,4790834472,3718615867,0,0,633775884.4,759637561.5
Chr10-anno1.g31304.t1,2593235634,4098505641,74526200,2909044277,1880511058,897217598
Chr10-anno1.g31334.t1,0,0,0,0,100117376.4,0
Chr10-anno1.g31439.t1,74219400.12,105889267.6,0,0,0,0
Chr10-anno1.g31462.t1,83762368.51,55192042.88,0,0,0,0
Chr10-anno1.g31507.t1,45544243.99,39264399.36,0,0,0,0
Chr10-anno1.g31517.t1,0,0,0,85702843.92,0,852413259
Chr10-anno1.g31570.t1,0,0,50666654.25,59777181.85,0,0
Chr10-anno1.g31577.t1,726604219.4,1673095926,156456064,0,199069221.1,176665121.6
Chr10-anno1.g31610.t1,0,0,0,111846224.1,0,0
Chr10-anno1.g31613.t1,0,0,0,11945201.61,0,0
Chr10-anno1.g31632.t1,0,0,134810080,196453267.1,0,0
Chr10-anno1.g31636.t1,0,0,2340878992,2265775877,0,0
Chr10-anno1.g31646.t1,0,0,346408989,316129343.7,74886540.97,144216631.9
Chr10-anno1.g31715.t1,135616511,190243896.4,0,26576558.06,98103912.18,221745111
Chr10-anno1.g31743.t1,71954229.96,211102076.5,363955200,2036763106,8812740393,8750113404
Chr10-anno1.g31750.t1,0,0,0,0,701087979.2,854204817.4
Chr10-anno1.g31753.t1,0,0,0,0,0,43838250.24
Chr10-anno1.g31892.t1,0,0,10708161756,12643606351,58721360.7,103750474.8
Chr10-anno1.g31934.t1,0,0,40524072615,38252382415,845093745.2,2309015868
Chr10-anno1.g32015.t1,0,0,0,0,200652770,183387932.1
Chr10-anno1.g32034.t1,0,0,4082174368,4415116534,0,0
Chr10-anno1.g32038.t1,0,0,0,0,179715564.9,375770785
Chr10-anno1.g32043.t1,12797030.33,0,44036313312,44488222213,762295595.5,2034598265
Chr10-anno1.g32048.t1,0,0,0,9609569.681,196599219.3,55984385.46
Chr10-anno1.g32050.t1,0,0,0,0,52824050.97,0
Chr10-anno1.g32051.t1,12489257537,10982825245,88856104,218206885.2,9035271081,13059068980
Chr10-anno1.g32056.t1,0,0,930042864,338512452.2,7090710908,11110306284
Chr10-anno1.g32075.t1,0,0,0,0,55247741.07,464568368.4
Chr10-anno1.g32086.t1,0,0,103918456,122098315.8,2291186554,2515042111
Chr10-anno1.g32107.t1,0,0,0,0,280991915.1,1110186536
Chr10-anno1.g32121.t1,1843544971,3784369004,54879762,0,1569164144,1623475200
Chr10-anno1.g32145.t1,0,0,352690560,0,0,0
Chr10-anno1.g32185.t1,0,0,16275779537,15660777290,236824887.7,1031591620
Chr10-anno1.g32190.t1,0,0,0,0,87962845.66,206243112.6
Chr10-anno1.g32193.t1,0,0,0,0,69865350.31,59089643.79
Chr10-anno1.g32198.t1,125255854.5,243902944.2,32797656,59984341.07,48233703.48,0
Chr10-anno1.g32249.t1,0,0,492667720,139909919.4,0,0
Chr10-anno1.g32421.t1,0,0,24060234,0,0,0
Chr10-anno1.g32430.t1,0,0,0,0,42643501.55,98853870.63
Chr10-anno1.g32446.t1,0,0,0,0,2206675006,1021690539
Chr10-anno1.g32466.t1,0,0,127924768,98710702.57,0,0
Chr10-anno1.g32471.t1,99760709.77,147315306.5,0,0,266672286.4,0
Chr10-anno1.g32474.t1,0,0,0,0,46230711.72,0
Chr10-anno1.g32491.t1,0,0,0,43910478.66,0,0
Chr10-anno1.g32532.t1,0,0,42234696,0,882688558,1441027686
Chr10-anno1.g32539.t1,0,0,423070306,100959872.9,2130017710,5473307816
Chr10-anno1.g32576.t1,0,115741018,0,0,0,0
Chr10-anno1.g32583.t1,0,0,4448029194,3370370578,0,0
Chr10-anno1.g32588.t1,5933446521,13616625119,204844520,278391796.8,5442173661,2416642093
Chr10-anno1.g32626.t1,0,0,1919795070,1589274101,0,0
Chr10-anno1.g32639.t1,0,0,102828753,80325030.62,56945594.13,93587343.41
Chr10-anno1.g32675.t1,0,0,0,0,0,49953242.3
Chr10-anno1.g32696.t1,0,0,0,87896918.48,486711533.8,272624229.1
Chr10-anno1.g32706.t1,0,0,0,0,1243530134,714074797.6
Chr10-anno1.g32734.t1,0,0,72114512,0,86055319.23,0
Chr10-anno1.g32742.t1,0,0,643313084,478204268.4,0,0
Chr10-anno1.g32750.t1,0,0,0,0,538205595,20465964827
Chr10-anno1.g32759.t1,470696283.3,526028249.1,0,0,117890026.3,111581400.4
Chr10-anno2.g31226.t1,0,0,56834912,129237836.3,4680647454,1810832678
Chr10-anno2.g31268.t1,118103201.2,0,0,0,229184958.4,231956656.6
Chr10-anno2.g31374.t1,0,0,2291248472,2227668846,0,53258778.93
Chr10-anno2.g31402.t1,0,0,0,0,0,181082695.8
Chr10-anno2.g31418.t1,0,0,0,27707096.27,383522606.8,415658355.9
Chr10-anno2.g31778.t1,0,0,0,0,87926789,50537565.85
Chr10-anno2.g32744.t1,0,0,50652712,0,0,0
Chr10-anno2.g32798.t1,0,0,51383216,0,0,0
Chr10-anno2.g32944.t1,0,0,115873888,0,680019311.8,2779664828
Chr10-anno2.g33387.t1,7005220435,6745482364,114279544,468062068.6,6996171726,3611729136
Chr10-anno2.g33806.t1,0,0,0,0,81789473.82,60971690.06
Chr10-anno2.g34038.t1,0,0,0,0,152193813.6,0
Chr10-anno2.g34575.t1,0,0,0,0,0,59830362.78
Chr10-anno2.g35296.t1,32767577.84,261289324.4,0,0,0,0
Chr10-anno2.g35547.t1,0,0,0,0,230319994.3,545444779.5
Chr10-anno2.g35674.t1,0,0,34270564,0,582076456.6,1882705140
Chr10-anno2.g36016.t1,75003842306,84704387483,2069438528,253277271.1,25596628854,51568328939
Chr10-anno2.g36094.t1,5974981127,4077306274,0,0,2194499061,1118709856
Chr10-anno2.g36211.t2,341105650.5,509007288.4,0,0,101031475.6,0
Chr10-anno2.g36227.t1,0,0,1571827272,4271537255,0,0
Chr10-anno2.g36261.t1,0,0,0,0,51877182.77,0
Chr10-anno2.g36315.t1,0,0,7620175328,8034194961,0,0
Chr10-anno2.g36412.t1,181620712.7,558537637.9,0,0,438399419,317132989.2
Chr10-anno2.g36420.t1,0,0,0,0,0,106430871.9
Chr10-anno2.g36519.t1,0,0,0,0,63711946.76,0
Chr10-anno2.g36535.t1,1069225360,1740148771,78922930,311339054.1,959636685,2029406883
Chr10-anno2.g36678.t1,456040614,690310760.8,0,0,325268279.8,0
Chr10-anno2.g36762.t1,0,0,1918754548,1934365034,0,0
Chr10-anno2.g36822.t1,37114960.88,0,0,0,38717898.45,0
Chr10-anno2.g36928.t1,0,0,111926664,100948299.3,0,0
Chr10-anno2.g36981.t1,0,20593390.62,0,0,0,130041025.7
Chr10-anno2.g36982.t1,174513601.9,51715808.94,0,0,160236328.6,114918139.2
Chr10-anno2.g36984.t1,0,0,515429248,68457724.24,0,0
Chr10-anno2.g36992.t1,0,0,0,29413960.1,0,0
Chr10-anno2.g37054.t1,0,0,0,0,283592764.7,4951782523
Chr10-long_reads1.PB.5090.1,0,0,0,0,427614814.6,979515386
Chr10-long_reads1.PB.5102.1,10648397.27,47210774.55,0,0,0,0
Chr10-long_reads1.PB.5105.1,0,0,0,0,0,333765351.4
Chr10-long_reads1.PB.5146.1,424545097.1,0,0,0,581525482.4,489804433
Chr10-long_reads1.PB.5189.1,0,0,63593072,154707688.8,899055614,1919711835
Chr10-long_reads1.PB.5233.1,0,29105437.45,0,0,0,0
Chr10-long_reads1.PB.5253.1,0,0,0,0,92605076.69,52973767.28
Chr10-long_reads1.PB.5259.3,0,0,0,0,260414126.5,599891387.4
Chr10-long_reads1.PB.5278.1,11646993650,25218658043,85533706,85883491.01,12520154178,2489456971
Chr10-long_reads1.PB.5290.2,0,22098160.46,216030556,1157271060,2029256238,1463965118
Chr10-long_reads1.PB.5309.1,0,0,186764732,152012219.7,1381782790,2435296787
Chr10-long_reads1.PB.5326.3,0,0,0,0,0,61649711.89
Chr10-long_reads1.PB.5343.1,0,0,0,0,37190191.75,76113264.51
Chr10-long_reads1.PB.5398.2,0,0,0,0,172245514.2,429210292.8
Chr10-long_reads1.PB.5416.1,0,0,33673072,0,0,0
Chr10-long_reads1.PB.5443.1,0,0,84079792,32554991.34,0,0
FUN_000347-T1,42192646.34,0,0,0,70802675.44,0
FUN_000445-T1,145838497,0,0,0,0,0
FUN_000529-T1,0,0,71271741238,62306374842,743418835.8,2238642648
FUN_000793-T1,158544916.4,319619704.8,0,0,152058213.2,0
FUN_000900-T1,0,0,0,0,19571716.45,0
FUN_000928-T1,3322026218,165466778.2,1213583504,1410931652,131091833.8,0
FUN_002055-T1,0,0,0,0,132167008.8,75077787.87
FUN_002087-T1,0,0,0,0,500165276.4,319836151.8
FUN_002196-T1,0,0,7850676764,9056182805,53748840,44724559.08
FUN_002427-T1,0,0,311567776,0,0,0
FUN_002437-T1,0,0,0,0,0,109367168.9
FUN_002453-T1,0,263037122,0,0,0,0
FUN_002613-T1,0,0,15984271,0,0,0
FUN_002789-T1,21529002.91,41590012.91,2059181494,1467240091,22357136299,0
FUN_002879-T1,0,0,0,0,68955120.05,0
FUN_002922-T1,0,0,0,0,30584335.3,48873480.8
FUN_003034-T1,83314568193,1.25E+11,5349628322,7079100748,79053366744,54089766068
FUN_003066-T1,0,0,2846697790,2595153823,0,152242793.4
FUN_003128-T1,0,0,0,155716576.7,0,0
FUN_003467-T1,4057102667,4919172311,0,39897044.2,2679946890,1489221135
FUN_003721-T1,0,0,0,0,40470854.92,0
FUN_003891-T1,0,0,0,0,151632155.8,344653511.7
FUN_003893-T1,0,0,290987808,40250819.62,0,0
FUN_004078-T1,689746123.5,625448981.1,0,0,366490037.6,36499850.85
FUN_004102-T1,314868834.2,71469933.76,1321613504,1506406935,25350689216,1620144763
FUN_004130-T1,198319755.5,96604988.72,0,0,0,0
FUN_004284-T1,38947203.26,654630784.8,144419925.5,1006643762,537457316.5,1751184353
FUN_004371-T1,0,0,0,0,1791604652,310134338.7
FUN_004374-T1,40027343.95,0,17432584172,25573274275,1207023552,2161962221
FUN_004414-T1,0,0,0,0,0,360967767.8
FUN_004426-T1,0,0,0,0,1544960850,111505867.5
FUN_004427-T1,0,0,4121049429,8863886035,0,159252688.8
FUN_004429-T1,0,0,8729218536,4853968543,0,0
FUN_004555-T1,0,0,0,0,0,273269727.9
FUN_004650-T1,2978275722,5261121188,155802492,34437398.78,3850723486,494833690.8
FUN_004700-T1,0,0,1336322320,1547232287,0,0
FUN_004804-T1,0,0,0,0,0,70857264.35
FUN_004859-T1,27301565.36,0,0,0,141079811.1,423900003.4
FUN_004920-T1,309616005.8,569891943.3,0,0,105915956.8,0
FUN_004965-T1,647726623,286143547.2,0,0,198879820.1,531438358.5
FUN_005000-T1,0,0,820331376,739334824.4,2412116591,1373082040
FUN_005002-T1,0,0,0,0,364240709.4,80595184.14
FUN_005013-T1,0,0,0,0,442217184.5,349773498.6
FUN_005100-T1,0,30633432.4,0,0,0,0
FUN_005107-T1,0,0,301862808,233320672.1,0,0
FUN_005264-T1,0,391870330.8,44475492,379309514.3,100779074.2,113165294.9
FUN_005320-T1,0,0,52150522164,39670538782,0,1388846649
FUN_005332-T1,0,0,0,0,115629166.9,159016120
FUN_005355-T1,0,0,1995537424,1325055664,0,0
FUN_005395-T1,0,0,126969478,166216356.4,0,0
FUN_005510-T1,0,0,0,0,399406457.2,2112250532
FUN_005576-T1,0,0,222491000,246287087.3,0,0
FUN_005580-T1,0,0,1409431184,1736854963,0,80291507.5
FUN_005583-T1,74154438550,69945844354,573966814,206057469.7,29721367192,15450122550
FUN_005598-T1,0,0,0,0,42077467.57,0
FUN_005717-T1,0,0,165602628,275650353.3,55493119.81,77314256.6
FUN_005720-T1,0,73572244.25,0,0,154389743,91885187.51
FUN_005750-T1,0,0,0,85942885.88,325615655,0
FUN_005813-T1,0,0,0,68446035.69,0,0
FUN_006146-T1,0,0,0,0,53396417.6,223885188
FUN_006396-T1,196064552.4,161465425.7,2454916590,1261358066,190721200.5,17661640.59
FUN_006427-T1,7421900576,5627426954,0,0,2210071500,3039852500
FUN_006478-T1,0,0,0,0,0,327757749.1
FUN_006490-T1,40922704398,43859785693,451893636,1877939335,19963317284,8547034519
FUN_006514-T1,0,0,1740283381,699552539.7,0,0
FUN_006618-T1,82213001.49,107435288.7,0,0,0,0
FUN_006662-T1,0,0,96354417.5,22114274.11,106835204,0
FUN_006674-T1,0,0,470639828,319354772.1,0,0
FUN_006716-T1,9703204363,12638330102,2530276928,9763711366,6716591870,11916043241
FUN_006729-T1,0,0,50919480,0,447320501,303574734.9
FUN_006944-T1,0,0,0,54289084.09,402965605.2,367543248.3
FUN_007097-T1,685457341.7,792693855.5,0,0,0,0
FUN_007236-T1,0,0,81752344,0,320473896.9,197671054.5
FUN_007281-T1,0,0,164640396,166915768.8,2532295664,1649574392
FUN_007384-T1,0,0,0,0,63895435.77,198707260.5
FUN_007466-T1,47656733.15,28838086.63,0,0,0,0
FUN_007724-T1,0,0,0,65876628.8,0,0
FUN_007841-T1,0,0,0,0,0,79639656.87
FUN_008275-T1,0,0,0,0,87164419.57,146210449.9
FUN_008479-T1,0,0,0,0,657634711,2162504998
FUN_008561-T1,0,0,0,0,0,230706216.6
FUN_008574-T1,411056858.1,330244926.7,0,0,447466384.9,0
FUN_008766-T1,0,0,0,0,34271197.9,400273062.5
FUN_008787-T1,306305303.1,931335840,0,0,48956534.87,107633609.9
FUN_009073-T1,349178732.5,1229832804,199694600,0,1893650850,1678667027
FUN_009112-T1,34747312.7,0,3531004560,3347552497,1233978119,3274925981
FUN_009210-T1,0,0,19351640,55472339.76,54749113.46,0
FUN_009270-T1,0,105700471.3,0,0,67039531.32,0
FUN_009475-T1,7812591.748,6578154.73,392628796.5,164773753,866744996.5,786363908.5
FUN_009496-T1,0,0,0,0,221325252,0
FUN_009776-T1,222303071.1,170878737.6,0,0,69694375.35,0
FUN_009786-T1,235225326.9,1336154097,0,0,231527467.8,0
FUN_009840-T1,2151664428,2508399509,275348272,120100535.3,1789706206,2094995347
FUN_009878-T1,0,0,142578362,579167627.6,0,0
FUN_009941-T1,2416382867,3990084611,33197526,0,2478360694,237120032.4
FUN_010217-T1,0,0,88993504,0,0,0
FUN_010389-T1,0,0,0,0,0,252348953.3
FUN_010555-T1,0,0,0,0,0,42471771.4
FUN_010842-T1,0,0,31689451,104396132.2,479273801.7,146676988.7
FUN_010960-T1,0,0,0,0,85267617.66,617474642.1
FUN_011088-T1,0,0,0,0,0,1073812453
FUN_011152-T1,0,0,0,0,395059018.4,558026136.6
FUN_011156-T1,0,0,20305694679,23035489584,148934932.7,490547935.9
FUN_011206-T1,0,0,0,0,617848688.4,703878729.6
FUN_011435-T1,0,0,2672198816,1237578146,61312834.23,697503105.3
FUN_011471-T1,0,19069454.61,0,4508623.097,493096812.7,181613562.8
FUN_011493-T1,0,0,0,0,30321861.58,0
FUN_011644-T1,19797141.73,24928155.99,0,0,0,0
FUN_011676-T1,273713962.7,0,0,0,0,0
FUN_011765-T1,5605411358,8475158845,42267604,0,9032538221,1062139346
FUN_011907-T1,0,0,0,0,465425409.6,345950321.3
FUN_011927-T1,0,0,3044196612,1908915271,0,240761837.6
FUN_011939-T1,0,0,0,0,0,1.66E+11
FUN_011966-T1,125762105.2,44801026.88,657590632,382294079.9,3501404148,4044269894
FUN_012025-T1,566312548,1067513929,0,0,370533052.9,621918399
FUN_012037-T1,0,0,0,0,259483858.7,236499361
FUN_012223-T1,0,0,0,0,610548292.8,1910802647
FUN_012227-T1,0,0,7011230676,9609355752,0,617943644.8
FUN_012232-T1,66520661.05,0,109489888,312607367.7,4377335902,5357886865
FUN_012444-T1,0,0,5849841728,3903804956,155399553.2,281715943.7
FUN_012478-T1,0,0,0,132200598.8,0,0
FUN_012555-T1,0,0,0,0,24500349.76,188161002.8
FUN_012578-T1,70628824.96,119231877.2,0,0,237961505,572650351.7
FUN_012890-T1,2061851641,2481067248,72472360,101234053,645861307.5,632358754.4
FUN_012950-T1,0,0,0,0,0,764148610
FUN_012963-T1,5050183040,11009863190,6700602693,5221832157,8114860082,7155828725
FUN_013020-T1,725400021.9,152044875.8,0,0,0,0
FUN_013086-T1,0,0,21430801592,8306954452,295400572.4,1345224951
FUN_013110-T1,0,0,0,0,0,209610335.6
FUN_013458-T1,208155230.4,0,58661442116,58349973906,930685578.4,2361779812
FUN_013463-T1,0,0,0,0,84906521.75,0
FUN_013643-T1,0,0,0,0,1097246062,1229301773
FUN_013719-T1,0,0,0,0,54261191.48,296223950.6
FUN_013730-T1,0,0,0,0,59823428.98,0
FUN_013745-T1,0,0,0,0,253891653,0
FUN_013852-T1,0,0,0,0,62949131.52,293322763.9
FUN_013853-T1,0,0,2303111244,1485730514,0,0
FUN_013855-T1,0,0,0,0,0,319412921.5
FUN_013879-T1,0,0,223136198,170317044.5,0,0
FUN_013959-T1,0,0,0,29740469.78,4337638486,8970685608
FUN_014033-T1,54201349.62,0,98124176,0,0,0
FUN_014237-T1,0,0,0,0,1366390331,0
FUN_014261-T1,0,0,0,0,791046092.9,4614120771
FUN_014327-T1,1518825168,230963838,0,266342013.9,3770104519,17442406738
FUN_014361-T1,8869798578,2979524215,8329684598,11625115344,19112914687,14762153802
FUN_014580-T1,146996683.3,0,69535864,0,403541031.1,412175800.4
FUN_014623-T1,0,0,0,0,0,99398222.36
FUN_014946-T1,0,0,0,2294169384,0,0
FUN_015064-T1,0,0,48019272,0,0,0
FUN_015248-T1,1722691983,3698004931,0,0,0,3190168009
FUN_015534-T1,0,0,0,0,0,156419399.6
FUN_015623-T1,0,0,0,0,0,0
FUN_015702-T1,59074376.81,70754644.16,56532516652,47165166329,2443478731,1975230278
FUN_015753-T1,0,0,8274283144,11037129940,163238516.3,0
FUN_015829-T1,0,0,0,0,102911741.7,160664899.8
FUN_015897-T1,0,0,0,0,1372448795,2698711494
FUN_015949-T1,0,0,0,0,65705795.57,0
FUN_016030-T1,0,0,32232010,213018772.7,0,1256453578
FUN_016200-T1,0,0,20503074496,23398266847,109857227.7,471704439.2
FUN_016324-T1,9897880232,6160796311,0,0,3786856675,4732154064
FUN_016492-T1,0,0,0,144540983.4,0,0
FUN_016641-T1,0,0,0,0,0,88372199.49
FUN_016722-T1,0,0,1054691548,1122102150,0,0
FUN_016773-T1,0,0,0,0,1407683203,2152901173
FUN_016812-T1,2220848377,5086673034,0,0,772012340.5,1118857548
FUN_016948-T1,0,0,0,0,0,153063619.7
FUN_016965-T1,37966840.64,0,0,0,92190392.78,0
FUN_017315-T1,0,0,125333062.5,88113240.66,0,0
FUN_017330-T1,455923450,682474751.8,75996348,0,142503193.1,371966066
FUN_017394-T1,0,0,0,0,102338822.2,114106860.8
FUN_017511-T1,0,0,15805772,0,0,51593579.73
FUN_017547-T1,0,0,0,0,914563573.5,988977477.3
FUN_017651-T1,0,0,3105542448,2961123220,0,0
FUN_017662-T1,0,0,167962208,139073207.7,1432668590,0
FUN_017814-T1,0,0,0,0,0,117776996.6
FUN_017917-T1,0,0,279195792,0,0,0
FUN_017953-T1,0,0,1174558770,853592619,0,0
FUN_017965-T1,18994699.79,0,0,165296003.7,14717472.76,0
FUN_017996-T1,0,0,0,0,312173030.7,73424804.19
FUN_018158-T1,0,0,20290454,0,406890953.2,224099823.9
FUN_018358-T1,0,0,0,1116225838,0,0
FUN_018661-T1,28284164435,14154355571,15693985286,15153569868,10504752316,13508993039
FUN_018696-T1,0,0,0,0,0,107861414.7
FUN_018730-T1,0,0,214072512,197985984.8,0,0
FUN_019046-T1,0,0,0,0,102363579.3,28683986.46
FUN_019134-T1,0,18460397.05,123004806,124866895.8,13483589.49,0
FUN_019360-T1,0,0,352103518,462861323.6,0,0
FUN_019470-T1,0,0,0,0,114834559.3,0
FUN_019521-T1,1563816195,1352817394,0,0,1783608007,1053695494
FUN_019620-T1,0,0,144556480,182005521.9,0,0
FUN_019635-T1,0,0,12196382556,13200306585,176849888.8,277989973.7
FUN_019638-T1,0,0,136833024,79092201.23,0,0
FUN_019661-T1,0,0,0,48216225.19,0,0
FUN_019669-T1,0,0,1446192062,1021629815,0,0
FUN_019769-T1,0,0,35143739620,55120423552,391762284.2,2325637066
FUN_019793-T1,135201927.5,115912434.7,0,0,0,0
FUN_019843-T1,40972776.28,305220777.3,0,0,0,0
FUN_020013-T1,0,0,74438546,0,559031601,1747154000
FUN_020167-T1,0,0,64835017471,71283392484,1834291849,1962570460
FUN_020178-T1,3336205601,4753461769,158998992,41259403.81,3158800197,3055312730
FUN_020241-T1,0,0,0,0,0,318631334.8
FUN_021041-T1,0,1348888072,0,0,0,0
FUN_021058-T1,0,0,110712368,564756583.6,0,0
FUN_021174-T1,0,0,0,0,210768937.6,0
FUN_021188-T1,0,0,248741784,396235335.2,0,174331732.7
FUN_021330-T1,53855405.72,49091321.77,449555004,1052447512,0,0
FUN_021398-T1,0,0,510113276,495985406.9,0,0
FUN_021604-T1,858110787.1,848422191.5,0,0,277140769.3,323397714.7
FUN_021706-T1,0,0,57982256,170071929.8,34515829.96,82314270.63
FUN_021852-T1,0,0,0,0,0,1150408963
FUN_021960-T1,0,0,594763216,1284695701,69023247.91,150201149.9
FUN_022068-T1,0,0,0,0,31691910.76,273504964.3
FUN_022134-T1,2473587625,0,0,0,0,0
FUN_022208-T1,0,0,0,246685454,0,0
FUN_022225-T1,264416215.7,262999413.2,0,0,0,0
FUN_022310-T1,0,0,0,0,65201799.39,164581749.5
FUN_022333-T1,0,0,0,0,0,90789075.48
FUN_023108-T1,0,0,0,0,168805610.4,485410256.1
FUN_023221-T1,34964453217,18380982719,647436976,1053660810,24355950095,19376121030
FUN_023285-T1,21835809.15,31637414.39,0,0,0,0
FUN_023290-T1,0,0,265012876,117073514.6,0,0
FUN_023363-T1,0,0,0,0,0,73364834.99
FUN_023504-T1,64656127.95,29486268.43,213955068,87658076.97,0,1208352513
FUN_023568-T1,0,0,0,560720818.6,0,0
FUN_023730-T1,0,0,0,0,0,51806263.07
FUN_023934-T1,0,0,0,0,180451146.6,0
FUN_023938-T1,0,0,3319570208,6477171016,0,0
FUN_023944-T1,0,0,0,0,0,826649256.4
FUN_024026-T1,0,0,43138414.63,677907848.1,119735065.4,4610361.741
FUN_024080-T1,2739328835,5211736907,0,0,2021356836,3641856403
FUN_024107-T1,953704585.4,543048870.9,0,0,261565693.4,1000814009
FUN_024142-T1,0,0,0,0,54804928.9,330598676.7
FUN_024327-T1,0,0,0,0,620389283.6,1494223055
FUN_024354-T1,0,0,704131392,17926478.02,0,0
FUN_024374-T1,1155603860,2054352050,0,0,2653447182,91768407.8
FUN_024448-T1,466925866.3,442985733.8,0,0,123294559,171774076.7
FUN_024476-T1,0,0,0,0,72105384.41,130294875.4
FUN_024569-T1,0,45693290.39,44655528,0,1051969836,2048560609
FUN_024571-T1,0,42235817.11,0,0,0,0
FUN_024575-T1,90443149.48,497405422.2,0,0,31422675.92,0
FUN_024741-T1,0,73905582.53,0,0,0,0
FUN_024762-T1,0,0,0,0,0,244487922.5
FUN_024855-T1,0,0,15683428,0,0,0
FUN_024870-T1,0,0,0,0,0,161139111.3
FUN_024948-T1,839561780.1,199320228.1,0,0,1985294040,6599548826
FUN_024981-T1,988515412.4,1616852544,302602256,0,1168063025,1747283771
FUN_024992-T1,0,0,0,0,0,42767155.04
FUN_025350-T1,0,0,2250755216,1728211289,0,0
FUN_025571-T1,181336639.2,141417533.4,0,0,646573266.3,1451828528
FUN_025593-T1,4.04E+11,3.14E+11,2668930269,5238173082,1.53E+11,1.42E+11
FUN_025671-T1,168589240.8,2072614210,0,0,0,63175928.65
FUN_025918-T1,0,0,0,0,69726756.87,0
FUN_026254-T1,6398153800,9213258294,544048032,369834745.5,3878208841,841851672.9
FUN_026271-T1,253066036.8,455340107.4,74519432,0,48334017.53,55567966.49
FUN_026458-T1,6517231459,3600086308,0,0,908327111.5,98104043.12
FUN_026528-T1,0,0,0,0,290601855.9,0
FUN_026657-T1,413074099.7,139191317.2,0,0,0,0
FUN_026666-T1,0,0,455176064,511268932.2,0,0
FUN_026690-T1,0,0,1739926656,708309688.1,0,0
FUN_026755-T1,0,0,0,0,153400399.6,43929140.16
FUN_026787-T1,51829791.51,0,0,0,0,192686006.9
FUN_026934-T1,0,0,3368233336,3946173390,0,0
FUN_026935-T1,0,0,62670984,34005209.97,0,0
FUN_026966-T1,0,0,0,0,0,13522597248
FUN_027094-T1,0,0,0,0,0,143676168.3
FUN_027156-T1,0,0,0,0,0,62182876.11
FUN_027225-T1,0,0,0,0,0,567695484
FUN_027228-T1,0,0,0,0,3115573821,3948301051
FUN_027235-T1,0,0,0,0,230535719.9,0
FUN_027475-T1,0,0,0,947515131.3,0,0
FUN_027685-T1,761989555.8,1138290173,0,13766274.98,375463891.7,354891969.3
FUN_027786-T1,0,0,0,0,31874775.96,0
FUN_027892-T1,0,0,0,0,0,466859304.5
FUN_027893-T1,0,0,20086342,28022159.56,0,0
FUN_027902-T1,0,0,0,0,392733679.5,1297700719
FUN_027940-T1,0,0,0,0,0,27950374.52
FUN_028042-T1,0,0,0,0,135646671.3,0
FUN_028063-T1,495068240.7,0,0,0,0,0
FUN_028125-T1,73712993.82,44574764.73,0,0,62284368.22,0
FUN_028189-T1,0,18957112.56,0,0,0,0
FUN_028272-T1,0,0,0,0,0,71101953.85
FUN_028277-T1,309979046.5,757678002.4,877644925,0,488665200.3,506111530.3
FUN_028287-T1,0,0,117238160,1017161791,11952281390,76442523604
FUN_028380-T1,0,0,1326157776,1042759060,0,0
FUN_028387-T1,0,0,0,0,106707177.6,404330046.2
FUN_028457-T1,0,0,0,0,235148666.4,410660777
FUN_028878-T1,0,0,0,0,67539507.37,69813253.5
FUN_028889-T1,0,0,0,0,53188940.17,0
FUN_028908-T1,0,0,35454832,0,0,0
FUN_028960-T1,331015293,352150930,0,0,190073046.9,109397951.8
FUN_029068-T1,0,0,0,0,155117338,91917968.99
FUN_029123-T1,395680740,1024747418,0,0,305430011.2,0
FUN_029133-T1,0,0,0,0,221413121.3,714635666.4
FUN_029235-T1,0,0,0,0,29941140.78,0
FUN_029262-T1,25753329.57,0,89318125638,67475848370,2659112771,5613043086
FUN_029269-T1,0,0,301861508,1398048658,0,0
FUN_029538-T1,0,0,56490144,0,0,0
FUN_029588-T1,0,0,45320808,37124926.44,0,0
FUN_029877-T1,0,0,1119594894,833081569.5,0,0
FUN_030017-T1,31140669.52,6221261836,0,0,0,0
FUN_030209-T1,228022086.2,152034990.5,2434298896,1782700845,203063703.5,162991882.3
FUN_031228-T1,0,0,0,0,0,0
FUN_031873-T1,0,0,0,327634623.3,0,0
FUN_031956-T1,0,0,0,0,52127407.09,409297876
FUN_031972-T1,0,0,381336104,5852863.009,53419889.32,0
FUN_032150-T1,0,0,0,0,0,50008846.77
FUN_032280-T1,182860831.6,459002088.7,0,0,44900432.14,51507835.6
FUN_032357-T1,0,0,1667976608,1197524589,0,0
FUN_032415-T1,0,0,0,0,5236655635,44102995022
FUN_032501-T1,0,0,0,17766103.25,444586779.4,758257431.4
FUN_032589-T1,0,0,0,0,0,45954160.31
FUN_032720-T1,2247293375,4605116963,30311422,0,1149266532,2365208979
FUN_032930-T1,75569816.91,316255692.3,1037899448,3282201692,7263601572,6491799439
FUN_033039-T1,0,0,3071426336,1540674848,243692253.7,278350615.9
FUN_033043-T1,0,0,68936296,561774478.4,462958122,300298703.4
FUN_033148-T1,0,0,0,0,0,451884865.1
FUN_033155-T1,0,0,0,0,0,336064994
FUN_033197-T1,107093051.1,0,0,0,0,0
FUN_033226-T1,0,0,0,0,264272228.8,512129553.5
FUN_033545-T1,0,0,61877396,84859315.25,0,0
FUN_033556-T1,0,0,1998237620,1148684151,0,0
FUN_033574-T1,60772645.45,35080432.7,370421092,334480809.8,10755984396,13852859726
FUN_033810-T1,0,0,0,0,90000553.51,115547488.4
FUN_033871-T1,4247771372,6360691262,911233784,1182355807,3752971183,4007307188
FUN_033874-T1,3657566013,5963469005,226449804,0,4264945491,1763822676
FUN_033885-T1,966758233.6,574070933.4,207494394,303989076.2,3521754889,7409214207
FUN_033914-T1,0,0,0,0,305739069.3,983135611.7
FUN_034068-T1,1241903616,1232639594,0,0,617006905.9,83533709.48
FUN_034095-T1,0,0,1094175081,1494295337,0,0
FUN_034137-T1,0,0,0,0,31190765.85,0
FUN_034249-T1,0,0,0,0,186639994.1,286559674.2
FUN_034334-T1,0,0,0,0,90457436.11,0
FUN_034350-T1,0,0,0,0,209090567.7,401778983.3
FUN_034386-T1,0,0,73039055030,80407134738,3157241023,4252681574
FUN_034448-T1,0,0,0,0,312489801.3,0
FUN_034449-T1,385318455.2,1393920963,0,0,176606815.5,0
FUN_034479-T1,0,0,13099897520,11998861019,0,0
FUN_034488-T1,0,0,31681902949,13433663638,822281303.8,1964621657
FUN_034502-T1,837801758.7,1034646301,1017868648,3252073562,684918455.8,1991790163
FUN_034523-T1,84758448.62,0,0,0,159089459.2,0
FUN_034757-T1,0,0,129829608,207846945.3,0,0
FUN_034773-T1,0,0,0,0,111853880.5,389215429.7
FUN_035162-T1,0,0,243926044,352419587.9,0,0
FUN_035177-T1,0,0,1893313688,2750210262,43140528.67,0
FUN_035230-T1,0,0,0,20014844.73,0,0
FUN_035300-T1,0,113495546.6,0,0,0,0
FUN_035473-T1,0,0,72130302,0,0,0
FUN_035659-T1,0,18438287.1,0,0,0,0
FUN_035867-T1,0,0,0,0,0,81048915.88
FUN_036057-T1,0,0,0,0,243118075.5,336068405.3
FUN_036060-T1,0,0,25462102,0,0,0
FUN_036518-T1,0,0,22714670,0,0,0
FUN_036693-T1,0,0,0,0,229828792.5,602101937.6
FUN_036694-T1,0,0,0,140071379.7,0,0
FUN_036759-T1,193510485.5,233721765.3,0,0,0,122821978.9
FUN_036855-T1,0,0,8406750433,4946661439,216204027.7,104237510.7
FUN_037332-T1,0,0,0,0,194093828.7,173923934.1
FUN_037395-T1,3471856394,4832868062,0,0,2982675865,690137012.8
FUN_037500-T1,26402541.38,0,0,0,0,0
FUN_037554-T1,0,0,0,40798843.2,0,0
FUN_037561-T1,32636899.31,92270902.38,0,0,0,0
FUN_037683-T1,0,0,150358864,64032321.99,0,0
FUN_037697-T1,0,0,94722350,0,0,0
FUN_037718-T1,0,219881355.6,0,0,0,0
FUN_037978-T1,0,0,0,0,580659596.3,360651040
FUN_037999-T1,0,0,72808368,21377967.71,0,0
FUN_038056-T1,224629694.4,246027343.7,0,0,109869162.1,76468766.67
FUN_038114-T1,0,0,1664381792,934058495.1,0,0
FUN_038163-T1,0,0,281559324,0,2333321929,5741457657
FUN_038231-T1,1512997444,350957423,0,0,118062148,461024718.1
FUN_038397-T1,0,0,42448360,0,0,0
FUN_038434-T1,0,0,1248305888,956183770.1,0,0
FUN_038500-T1,309071519.8,188696356.5,0,0,417753338.8,754428465.1
FUN_038515-T1,0,0,39936872,0,0,0
FUN_038519-T1,0,0,0,0,82363529.14,353904091.3
FUN_038565-T1,67721115084,24845153010,0,23827070.44,21215364105,32675170859
FUN_038651-T1,0,0,0,0,191506611.6,0
FUN_038718-T1,0,0,0,0,93635179.72,247747279
FUN_038785-T1,0,0,0,0,63283942.25,0
FUN_038844-T1,3.06E+11,3.12E+11,3344765450,4563742404,1.67E+11,2.34E+11
FUN_038995-T1,0,0,62345764905,59498976650,1726101504,4804971377
FUN_039003-T1,0,0,0,0,158011511.7,29080850.25
FUN_039053-T1,0,0,0,0,0,611002775.3
FUN_039084-T1,0,0,1339153584,850797017.5,0,0
FUN_039162-T1,0,0,840083936,525622806.8,1709365921,3958736261
FUN_039263-T1,0,21235740.32,0,0,0,0
FUN_039268-T1,1138289315,1428877753,0,0,285785420.6,209612724.7
FUN_039277-T1,0,0,276442456,0,0,0
FUN_039341-T1,0,0,3646410678,3739192154,0,0
FUN_039504-T1,0,0,0,0,26454326.57,0
FUN_039636-T1,31891736.99,22147273.28,0,0,0,0
FUN_039672-T1,0,0,0,0,50778416.3,198724357.6
FUN_039676-T1,0,0,0,0,794628375.7,4963901678
FUN_039690-T1,0,0,0,0,0,4275641755
FUN_039821-T1,0,0,252020720,691205639.5,0,0
FUN_039852-T1,41422186.68,174616503.7,0,0,0,73171367.98
FUN_039932-T1,0,0,0,0,268747148.9,948139553.6
FUN_039954-T1,0,0,0,0,305569820.8,245566081.7
FUN_040019-T1,0,0,0,0,0,47152547.92
FUN_040020-T1,0,0,0,0,186662804.1,0
FUN_040064-T1,0,0,741122456,1688628363,0,0
FUN_040122-T1,0,0,891052904,623040143.3,0,0
FUN_040145-T1,0,0,58421660,0,226116155.1,829993897.6
FUN_040184-T1,546467175.5,1514609570,0,0,638688971.2,128290386.7
FUN_040311-T1,0,0,32409064370,20681014220,93636408.44,1114104052
FUN_040327-T1,0,0,0,0,0,0
FUN_040347-T1,0,0,64140592,16226451.66,0,0
FUN_040403-T1,0,0,0,0,30763164.62,116842529.2
FUN_040405-T1,0,0,527770088,507674360.4,0,0
FUN_040471-T1,0,0,948000020,599517559.7,0,0
FUN_040502-T1,0,0,0,0,0,196176981.7
FUN_040516-T1,0,0,0,0,0,256617437.2
FUN_040564-T1,0,0,0,0,0,49823552.16
FUN_040725-T1,0,0,19654911424,21830665737,522832372.9,560401467.1
FUN_040825-T1,0,0,10438089,0,0,0
FUN_040871-T1,34063116.6,66650679.43,0,0,8190838.093,0
FUN_040928-T1,0,93740636499,0,0,0,0
FUN_041047-T1,0,0,0,0,12548592.63,0
FUN_041048-T1,0,0,100428560,0,0,0
FUN_041156-T1,2721884276,3062653615,0,0,2603457391,1848505736
FUN_041619-T1,0,0,0,344014639,0,0
FUN_041678-T1,0,0,0,0,227681029.1,728995401.5
FUN_041717-T1,5061416194,1173838168,246148800,170855915.9,9465931586,34835836161
FUN_041719-T1,0,0,0,0,306558059.1,1014899512
FUN_041742-T1,0,0,0,0,344961115.1,2094013950
FUN_041795-T1,58359665.23,0,0,0,0,0
FUN_041807-T1,78594202.03,19934581.36,0,0,168321237.5,758905997
FUN_041870-T1,126089495.3,114642364.4,0,0,0,0
FUN_042029-T1,0,0,0,0,0,364804381
FUN_042031-T1,0,0,94021650,0,0,151406015.7
FUN_042184-T1,430449427.2,856781693.2,0,0,353375413.4,162715223.9
FUN_042285-T1,0,0,0,0,0,197092899
FUN_042305-T1,106140875.2,143514693.8,451095105,1259156244,75930682.92,0
FUN_042310-T1,0,0,28597538,49711303.95,587800718.3,1379464981
FUN_042348-T1,0,0,43680096,0,0,0
FUN_042562-T1,0,0,3583935216,857414670.1,0,0
FUN_042738-T1,0,0,0,122985832.5,0,0
FUN_043201-T1,0,0,460682432,190359070.9,0,0
FUN_043575-T1,0,0,0,0,1452237854,4014381478
FUN_043641-T1,0,0,0,0,979366120.3,2286871933
FUN_043667-T1,0,8206723.28,277716064,277765881.1,1872508184,2609800847
FUN_043756-T1,1523542729,1616524110,0,0,290934833.1,181626186
FUN_044253-T1,2204612977,2347733352,0,0,2184860017,795086670.6
FUN_044352-T1,0,0,107256560,58042551.07,728612387.9,534366890.9
FUN_044362-T1,0,0,0,0,756461728.7,8882784091
FUN_044502-T1,0,0,26593213984,42162341566,1496173395,333133268.4
FUN_044516-T1,0,0,0,0,34641723.46,0
FUN_044596-T1,0,0,16147542,0,0,0
FUN_044692-T1,0,0,0,0,40208356,0
FUN_044694-T1,263202759.6,512380660.2,4.03E+11,3.79E+11,13468386995,20491050290
FUN_044698-T1,0,0,0,54635550.07,157687286.9,151504865.5
FUN_044770-T1,0,0,66119306,192839340.3,0,0
FUN_045058-T1,0,0,8493834568,9363085612,0,568439769.4
FUN_045059-T1,0,0,1529243908,551136082,0,0
FUN_045063-T1,0,0,0,0,89450817.41,0
FUN_045159-T1,0,96900652.67,0,0,0,0
FUN_045213-T1,0,0,24208378,0,0,0
FUN_045232-T1,1610899398,492781716.3,0,0,210788877.6,304345053.7
FUN_045234-T1,0,0,1170333504,1214671624,12328620949,13820670073
FUN_045334-T1,0,0,137831190,20876581.34,0,0
FUN_045352-T1,0,0,0,41975240.89,1385921853,814415321
FUN_045372-T1,0,0,0,0,63076855.5,0
FUN_045455-T1,1541831699,0,0,0,660248509.4,821667028.6
FUN_045502-T1,0,0,43450263465,27587093555,513573014.4,4392379542
FUN_045557-T1,0,0,2623103264,2537944161,0,0
FUN_045586-T1,0,0,0,0,330028446,3534689206
FUN_045635-T1,19383745411,12132154472,0,88445416.09,4192068027,9573920169
FUN_045700-T1,0,0,576065500,735514070.4,1869459847,2953934150
FUN_045763-T1,0,0,33755336764,37388101442,896621213.6,1277970829
FUN_045764-T1,0,0,7267785088,5711916003,122772881.9,759284279.1
FUN_045817-T1,0,0,2136999988,3125436258,0,0
FUN_045851-T1,0,0,1184597648,770163471.7,0,0
FUN_045884-T1,0,0,0,0,0,244539254.1
FUN_045946-T1,0,0,8582660,0,0,0
FUN_046035-T1,0,0,0,0,92856605.34,235422798.3
FUN_046107-T1,0,0,43314932,63435291.07,0,0
FUN_046251-T1,122095136.5,113411913.6,35507832,0,0,0
FUN_046256-T1,0,0,1066641240,1021631116,0,0
FUN_046442-T1,0,71377125.13,0,0,0,0
FUN_046482-T1,0,0,0,0,732743908.9,0
FUN_046508-T1,0,0,0,0,384180010.3,486119388.2
FUN_046796-T1,0,0,0,0,187431488.9,136075284.4
FUN_047403-T1,83485439.5,42765453.68,0,0,0,0
FUN_047588-T1,0,0,4248728320,4485475682,0,0
FUN_048050-T1,24962373.94,149841064.9,0,0,657552279.6,895145444.4
FUN_048360-T1,0,0,100806480,0,0,0
FUN_048421-T1,0,0,0,0,0,378580921
FUN_048555-T1,0,0,2174853208,4080441572,0,0
FUN_048622-T1,0,0,0,0,38002184.19,0
FUN_048751-T1,0,42370110.35,0,0,0,0
FUN_048951-T1,0,0,0,0,0,889056658
FUN_048958-T1,3.25E+11,3.65E+11,2094972520,3840372591,1.34E+11,88643497372
FUN_049077-T1,0,58866610.3,0,0,95180734.37,0
FUN_049091-T1,0,0,444814848,424509957.8,0,0
FUN_049092-T1,0,0,0,0,0,317516867.9
FUN_049149-T1,156728918.7,317001918.1,0,0,0,656445427.1
FUN_049252-T1,0,0,0,0,112751974.8,258847697.7
FUN_049255-T1,0,0,0,0,0,275470187.5
FUN_049265-T1,93940113.49,466903685.5,2.10E+11,1.96E+11,8410064107,14609891780
FUN_049271-T1,0,0,0,0,0,14180581.2
FUN_049393-T1,0,0,208362896,132501344.9,0,0
FUN_049470-T1,0,0,129183856,41714686.52,0,0
FUN_049566-T1,0,0,0,0,0,101937592.4
FUN_049934-T1,0,76678976.66,44146041983,46194930007,1409137329,3411610414
FUN_049956-T1,0,0,0,0,59672535.73,537768061.2
FUN_049965-T1,0,0,1104893424,1242307994,0,82323046.05
FUN_049980-T1,97699441.33,115429730.4,0,0,0,0
FUN_049981-T1,130019854.8,0,0,0,0,0
FUN_050005-T1,2345281585,3522094944,353709152,287131069.7,1796441592,1279184743
FUN_050089-T1,0,144088383.8,0,0,0,0
FUN_050145-T1,0,0,0,40654365.75,0,0
FUN_050177-T1,0,0,0,0,711997026.2,1171332712
FUN_050435-T1,919232523.1,386519046.9,672222920,978355528.2,868088059.6,1372102768
FUN_050769-T1,0,0,6035361,0,0,0
FUN_050938-T1,0,0,30279134,82528033.69,0,0
FUN_050946-T1,47250269.66,0,53425804,21850266.12,0,0
FUN_050947-T1,7037493051,8299159708,0,0,3777364573,5702780064
FUN_050960-T1,0,0,0,0,0,292075718
FUN_050994-T1,0,0,2552275808,1838112172,0,0
FUN_050997-T1,15841168828,11704846828,0,56467515.78,5019644964,4290544452
FUN_051104-T1,0,0,778071632,1149096792,770671660.9,681827677.4
FUN_051214-T1,0,0,675152528,1017665039,0,0
FUN_051241-T1,0,0,0,0,1601715920,3773705136
FUN_051296-T1,305379762.6,1448189660,0,0,2009080668,3668125326
FUN_051328-T1,0,0,63769156,0,0,0
FUN_051394-T1,250551906.6,0,0,0,0,0
FUN_051409-T1,0,0,0,0,0,50867505.58
FUN_051469-T1,0,0,4425410992,4708281446,2491868301,2379261386
FUN_051512-T1,0,108354346.6,0,0,0,0
FUN_051708-T1,0,0,0,0,0,28682941.22
FUN_051726-T1,136562730.5,0,0,48192897.36,1831747061,3156197335
FUN_051800-T1,0,0,0,0,43887405.19,0
FUN_052129-T1,0,0,0,0,0,308079190.4
FUN_052150-T1,442407494.7,205569940.3,1529390344,1620642461,1350347764,1317700454
FUN_052166-T1,466755078.1,519729929,0,0,42012332.75,156199520.2
FUN_052327-T1,0,0,671599928,588892101.5,0,0
FUN_052428-T1,0,0,38401328,202536850.1,315762043.1,1640608052
FUN_053032-T1,0,0,96780232,0,204848354.7,0
FUN_053050-T1,0,0,0,0,0,342847773.7
FUN_053077-T1,0,0,0,0,38476955.7,0
FUN_053128-T1,0,0,314142234,208443145.7,0,0
FUN_053195-T1,4155880018,1442859859,0,0,3594011941,18183053164
FUN_053218-T1,0,0,184775474,149868264.6,0,0
FUN_053317-T1,0,36798960.78,0,0,319569698.4,1155038388
FUN_053419-T1,3574093332,1398605603,0,0,209466342.1,560937968.1
FUN_053521-T1,56795722.03,72185231.09,0,0,349364652.9,0
FUN_053731-T1,89144810.07,0,0,0,336726782.6,353531494.9
FUN_053746-T1,0,0,0,0,0,972292715.3
FUN_053949-T1,53403677.92,68443286.08,0,0,250367057.2,0
FUN_053964-T1,0,0,55538588,0,0,0
FUN_053976-T1,0,0,0,0,0,181648337.1
FUN_053986-T1,748999619.6,1068287158,0,0,123578091.1,68252888.41
FUN_054073-T1,0,0,261728400,731943856.6,0,0
FUN_054109-T1,0,0,0,0,295965910.2,915383332.8
Iso-Seq_AspRS_At4g31180_64872,0,0,136301152,0,5012930799,4308619056
Iso-Seq_HisRS_At3g02760_37497.00,0,0,0,0,0,111849004.8
Iso-Seq_ValRS_At1g14610_24427,0,0,212397910,136246439.5,1367486535,2677302558
Sconica_v3_00091-RA,1041844593,503186749.2,0,0,0,0
Sconica_v3_00108-RA,0,0,0,0,0,62959897.09
Sconica_v3_00140-RA,0,0,10893933,0,889322328.5,1501495076
Sconica_v3_00349-RA,0,0,0,0,270560671.9,264626524.6
Sconica_v3_00351-RA,0,0,113199360,165251555,1111669316,0
Sconica_v3_00354-RA,0,0,136809376,355813160.2,1401835269,4517889205
Sconica_v3_00368-RA,0,0,501753976,151309659.4,0,0
Sconica_v3_00497-RA,0,0,90933372,0,2137020336,1555610728
Sconica_v3_00591-RA,0,0,0,0,238801046,566719545.8
Sconica_v3_00603-RA,0,0,0,0,36805173.58,58958230.72
Sconica_v3_00626-RA,0,0,0,0,46288480.52,509835088.2
Sconica_v3_00628-RA,0,0,18651021472,23483428163,283387713.2,436480682.7
Sconica_v3_00705-RA,0,0,0,0,0,95475586.46
Sconica_v3_00778-RA,0,0,0,0,453719485,87862467.02
Sconica_v3_00789-RA,0,0,2581130160,2260423378,0,0
Sconica_v3_00790-RA,6209149924,11586030640,434181064,392140704.8,9792153607,3694424469
Sconica_v3_00857-RA,0,0,0,0,49620097.8,0
Sconica_v3_00867-RA,121763968.3,101475375.8,0,0,0,121907750.1
Sconica_v3_00868-RA,0,0,0,0,0,161383094.4
Sconica_v3_00923-RA,0,0,124563648,272844150.8,0,0
Sconica_v3_00929-RA,440175515.8,97145168.59,63592139057,34873399182,8181699813,10218920279
Sconica_v3_00993-RA,148274151.5,34463331.85,0,0,0,0
Sconica_v3_01071-RA,0,0,0,0,133151182.9,0
Sconica_v3_01111-RA,0,0,0,0,81402139.98,220404734.4
Sconica_v3_01119-RA,0,110184352.1,0,0,0,0
Sconica_v3_01267-RA,0,0,1169027938,1562044733,0,0
Sconica_v3_01280-RA,0,0,0,0,85362761.63,359561136.2
Sconica_v3_01357-RA,0,0,0,0,60020087.36,360386370.4
Sconica_v3_01412-RA,0,0,137677020,2741273492,91719206.62,0
Sconica_v3_01463-RA,0,0,0,0,0,74396575.4
Sconica_v3_01468-RA,56334713.66,0,0,0,0,0
Sconica_v3_01483-RA,0,0,0,0,2298023774,2442848579
Sconica_v3_01547-RA,68875327.42,44247059.61,49861563213,49729679776,3754254172,5269576524
Sconica_v3_01687-RA,0,0,0,0,175350334.9,0
Sconica_v3_01709-RA,1777232562,1361001686,0,0,786687542.1,471590106.1
Sconica_v3_01729-RA,201257439.6,0,0,0,132011988.3,148958247.7
Sconica_v3_01822-RA,0,0,31391086,0,956110728.2,318379765.1
Sconica_v3_01870-RA,0,752107090,0,0,188231080.7,0
Sconica_v3_01932-RA,149651022.5,359205382.2,3364566322,4301779620,64754923,539134597.4
Sconica_v3_02011-RA,0,0,0,0,0,227034828.8
Sconica_v3_02026-RA,3862724973,4822660475,0,0,2588562113,3624528366
Sconica_v3_02040-RA,0,0,0,0,12214996.44,95194778.75
Sconica_v3_02093-RA,181790069.4,2011398800,15192425,0,680989724.2,248729896.4
Sconica_v3_02097-RA,0,0,28921035689,20014163837,1270508204,1907479835
Sconica_v3_02111-RA,0,0,0,0,0,52339748.9
Sconica_v3_02147-RA,0,0,50277524270,46673885738,1024783850,8628640028
Sconica_v3_02186-RA,0,0,0,0,0,1351401790
Sconica_v3_02202-RA,0,0,86437112,92926273.25,1547026705,3108669508
Sconica_v3_02215-RA,452704310.1,256936244,20996114,23221523.47,289086868,211194333.4
Sconica_v3_02271-RA,0,0,113067666,0,0,0
Sconica_v3_02337-RA,0,722070025.7,0,0,0,0
Sconica_v3_02347-RA,0,0,20580480,0,0,965366772.2
Sconica_v3_02429-RA,0,0,0,0,54072069.25,152776992.1
Sconica_v3_02430-RA,489893162.2,551551191.3,0,0,214959292.3,149757649.5
Sconica_v3_02474-RA,0,0,3142500352,2463962387,0,0
Sconica_v3_02485-RA,0,0,25164318,0,0,0
Sconica_v3_02490-RA,2496631557,2005984653,6173566528,8350493262,118853772.1,31080422.84
Sconica_v3_02505-RA,0,0,0,0,276132285.5,0
Sconica_v3_02529-RA,0,0,0,113569865.6,1848502931,3893730588
Sconica_v3_02567-RA,0,0,0,0,126410910.7,177418992.2
Sconica_v3_02574-RA,0,0,1928767120,693374217.2,0,0
Sconica_v3_02593-RA,127536283.6,362877130.2,294587204,209776829.3,202010809.2,0
Sconica_v3_02608-RA,0,338322638,2819192162,4139777683,22330773532,41839204339
Sconica_v3_02640-RA,0,0,162082896,89704881.23,1898363543,1552354521
Sconica_v3_02656-RA,0,0,0,0,145944100.4,167682961.9
Sconica_v3_02721-RA,0,0,268371628,366106338.3,5684825484,10592468045
Sconica_v3_02727-RA,83174395.68,49089359.25,3095863444,2781873965,40375706222,32117397566
Sconica_v3_02729-RA,0,0,0,322415362.6,94946659.86,191893427.9
Sconica_v3_02754-RA,5972510573,7270831065,17943104,0,3044851250,4248441608
Sconica_v3_02769-RA,0,0,0,0,33803855.42,0
Sconica_v3_02845-RA,0,0,0,0,0,77150538.73
Sconica_v3_02847-RA,2053791709,1512049057,0,0,786020255.2,995040778.9
Sconica_v3_02849-RA,3627955503,6343311675,38224396,66058182.9,1714736065,1398793609
Sconica_v3_02860-RA,973213569.9,1500806470,0,0,1590968039,1377737079
Sconica_v3_02934-RA,0,0,341542468,731139645.4,0,0
Sconica_v3_02939-RA,0,0,0,0,0,25143190.46
Sconica_v3_02947-RA,0,0,0,0,0,49738680.98
Sconica_v3_02968-RA,3191897042,3668642576,26204646,0,2138666488,493233853.6
Sconica_v3_02980-RA,69618174793,55566965907,296365008,808294909.8,27153202430,33240623062
Sconica_v3_03011-RA,0,0,0,0,98217975.3,3418039705
Sconica_v3_03098-RA,0,0,718074952,306454999.7,5599671859,8863754339
Sconica_v3_03132-RA,0,0,0,0,287331032,312103823.3
Sconica_v3_03171-RA,0,0,0,0,60963209.53,0
Sconica_v3_03192-RA,0,0,0,0,50721299.67,0
Sconica_v3_03197-RA,0,0,0,0,32159158.72,0
Sconica_v3_03226-RA,0,0,0,0,274300086,673402245.9
Sconica_v3_03295-RA,0,38314250.97,0,0,0,0
Sconica_v3_03337-RA,0,0,0,0,0,51660411.9
Sconica_v3_03342-RA,2808108246,2178777425,22261496,0,378546242.4,592630387.4
Sconica_v3_03343-RA,0,0,0,4888096.491,201110084.3,0
Sconica_v3_03356-RA,0,0,111677160,0,616999302,356688814.2
Sconica_v3_03378-RA,0,0,0,0,0,406627328.4
Sconica_v3_03391-RA,306125609.5,1621775946,0,0,465430948.3,47290505.23
Sconica_v3_03401-RA,0,0,0,0,0,85400927.13
Sconica_v3_03450-RA,0,0,3806694560,3064753377,0,103555060.9
Sconica_v3_03554-RA,0,0,0,175928218.3,232097279.4,1521079896
Sconica_v3_03582-RA,0,313741083.6,58209934094,45942226867,1359908581,2657934114
Sconica_v3_03583-RA,0,0,492204366,483417284.6,232692913,675127239.1
Sconica_v3_03608-RA,0,62798796.26,0,0,0,0
Sconica_v3_03629-RA,0,0,15658392,11443761.88,580838057,246535352.1
Sconica_v3_03795-RA,0,0,674293762,444108459.8,0,0
Sconica_v3_03808-RA,0,0,0,0,109815047.9,100377474.3
Sconica_v3_03860-RA,0,0,0,0,100839817.1,0
Sconica_v3_03865-RA,118449804.4,619673878.2,8792703000,8412316448,5815657037,4594482065
Sconica_v3_03869-RA,0,0,80137638,0,2375211976,1926165619
Sconica_v3_03880-RA,88630457.62,85767863.92,0,0,0,0
Sconica_v3_03915-RA,0,0,0,0,309183498.9,271203627.5
Sconica_v3_03960-RA,0,0,0,0,364844534.4,0
Sconica_v3_04007-RA,0,0,0,0,72847639.05,954140091.9
Sconica_v3_04019-RA,0,0,0,0,0,100747443.3
Sconica_v3_04023-RA,0,0,0,0,43595457.92,127242171.9
Sconica_v3_04031-RA,0,0,0,0,112779031.9,820000990.9
Sconica_v3_04098-RA,0,0,1214498225,1404097254,0,0
Sconica_v3_04110-RA,0,0,0,0,0,42421539.58
Sconica_v3_04268-RA,13875586.72,16834394.51,0,0,0,0
Sconica_v3_04350-RA,0,0,0,0,1295073082,791979120.9
Sconica_v3_04354-RA,1147222060,1429828116,0,0,737455799,444868767.1
Sconica_v3_04355-RA,0,124443559.7,945913448,2309319271,9099010468,31258923291
Sconica_v3_04363-RA,88472545.1,217191910.1,0,0,0,63080415.55
Sconica_v3_04366-RA,447626373.8,991378654.4,0,0,575298087.8,849758303.8
Sconica_v3_04420-RA,0,0,0,0,0,69074975.31
Sconica_v3_04436-RA,278257636.3,202449959.9,0,0,21960468.34,0
Sconica_v3_04483-RA,126995030.3,59777262.91,0,0,178313397.2,332157973.5
Sconica_v3_04566-RA,74575265.26,932766808.8,0,0,434843160,0
Sconica_v3_04568-RA,0,0,55878832,15094411.34,2259328199,2930411855
Sconica_v3_04572-RA,0,0,0,0,44397967.15,0
Sconica_v3_04573-RA,33631220.32,0,23840667352,28223973792,68210634.81,1044340227
Sconica_v3_04574-RA,1487991413,1431151873,0,0,366376571.6,159157388.2
Sconica_v3_04576-RA,23155121128,23989421801,0,0,12918608391,18484741128
Sconica_v3_04599-RA,1665532568,3950047314,0,58105147.16,1891791650,567300176.6
Sconica_v3_04639-RA,126699014.8,326901205.2,0,0,0,0
Sconica_v3_04648-RA,0,0,136574048,172137412,1113549294,2555822236
Sconica_v3_04654-RA,0,0,0,0,47138783.84,79705900.38
Sconica_v3_04655-RA,0,0,0,0,193845794.1,68577843.15
Sconica_v3_04712-RA,0,0,0,136868924.1,472019363.2,137403557.5
Sconica_v3_04713-RA,195032946.2,150055603.6,1337105448,543041404.8,6038733393,16417219550
Sconica_v3_04735-RA,278197947.8,451994907.3,0,0,241611654,17820028.89
Sconica_v3_04736-RA,0,0,0,0,1899770249,3492449220
Sconica_v3_04766-RA,0,0,24208484,0,0,0
Sconica_v3_04852-RA,17043139543,16325327702,0,139847495.7,11410076220,26564371248
Sconica_v3_04868-RA,0,0,149482084,91550751.72,0,0
Sconica_v3_04901-RA,0,0,32598944,0,1623424611,703773286.8
Sconica_v3_04904-RA,36733794.73,0,0,0,711295202.8,14259688936
Sconica_v3_04909-RA,0,0,0,0,0,0
Sconica_v3_04932-RA,219239925.4,0,0,0,477486699.4,425515680
Sconica_v3_04936-RA,0,0,0,0,0,98783242.28
Sconica_v3_04957-RA,0,0,265755770.5,124572092.5,356235957.2,821121913.1
Sconica_v3_04958-RA,0,0,7021235210,5906170149,0,0
Sconica_v3_04962-RA,548310883.3,1286090232,118679358,67065018.73,642394959.4,132710189.3
Sconica_v3_04966-RA,0,0,0,0,28704124.28,172585205.8
Sconica_v3_04967-RA,0,0,1188413624,64745064.55,0,0
Sconica_v3_04982-RA,0,0,38346788,0,0,0
Sconica_v3_04987-RA,0,0,5305617699,806276756.5,28665598172,13222740355
Sconica_v3_04988-RA,0,0,0,0,206021329.6,141211113.6
Sconica_v3_05008-RA,0,0,53994360,409398518.5,1254687932,2161933114
Sconica_v3_05012-RA,0,0,20824019660,20189985439,348881686.7,1513198431
Sconica_v3_05014-RA,0,0,1604605172,1081488986,9708754411,14898114307
Sconica_v3_05015-RA,0,0,0,0,329444441.2,278033919.7
Sconica_v3_05018-RA,15916796027,16075426161,0,0,5291392247,3095582885
Sconica_v3_05026-RA,0,0,0,0,0,431164638.6
Sconica_v3_05031-RA,0,0,2813005120,2712853662,0,0
Sconica_v3_05061-RA,0,0,0,0,77992357.13,95110338.3
Sconica_v3_05063-RA,0,0,612341284,873545078.7,3836570960,4164769470
Sconica_v3_05073-RA,0,0,0,0,17642829.18,0
Sconica_v3_05082-RA,3880965311,3849637799,99998636,0,3928571042,4341680731
Sconica_v3_05092-RA,671874598.2,1023564099,0,0,201764904.4,185239097.9
Sconica_v3_05118-RA,0,0,0,73121366.74,308439130.2,399632876.1
Sconica_v3_05132-RA,0,0,10155411556,10039349899,52448571.15,222195391.2
Sconica_v3_05146-RA,0,0,0,0,65088977.6,178705085.2
Sconica_v3_05150-RA,0,0,50447044,0,0,0
Sconica_v3_05167-RA,34156415544,14795669488,378666720,270072018.7,5212656679,1382316067
Sconica_v3_05170-RA,3031629744,1511409305,0,0,1030468541,922233352.4
Sconica_v3_05204-RA,0,0,0,0,2577506110,929244982.3
Sconica_v3_05206-RA,0,0,115794096,0,1252460302,1097157093
Sconica_v3_05216-RA,0,0,0,0,842480293.5,1508507662
Sconica_v3_05226-RA,0,0,600115472,798829155.7,64140606.57,427442849.6
Sconica_v3_05241-RA,0,46284124.8,0,0,0,0
Sconica_v3_05255-RA,0,0,290032160,302320391,0,0
Sconica_v3_05259-RA,0,0,0,0,124073177.5,183890258.9
Sconica_v3_05321-RA,0,0,157506096,190151878.3,1607543599,993346534
Sconica_v3_05358-RA,0,0,0,0,180598741.2,390072836.6
Sconica_v3_05373-RA,0,0,860869696,804787993.9,0,0
Sconica_v3_05380-RA,0,0,22514822229,23878064330,164505422.2,2147240373
Sconica_v3_05396-RA,0,0,0,0,60461532.18,0
Sconica_v3_05398-RA,0,0,145048658,0,2201729820,3271554543
Sconica_v3_05402-RA,0,0,714268408,678004131.8,0,0
Sconica_v3_05464-RA,0,0,0,0,87260625.27,412587831.7
Sconica_v3_05475-RA,1338367035,153708392,0,0,2216073947,3510881075
Sconica_v3_05487-RA,0,0,0,0,0,112737562.1
Sconica_v3_05510-RA,0,0,79584584,168867148.1,585795045.5,2415011266
Sconica_v3_05513-RA,0,0,0,10709137.15,0,0
Sconica_v3_05545-RA,0,0,0,0,0,75982127.11
Sconica_v3_05576-RA,0,0,62359306,0,891582409.6,848968469.9
Sconica_v3_05582-RA,115012568.9,153015081.7,51188151,0,0,50340882.72
Sconica_v3_05612-RA,0,0,89325736,0,348562285.4,284799843.5
Sconica_v3_05621-RA,0,0,0,0,0,237733100
Sconica_v3_05653-RA,6459738913,5708880743,0,28222508.49,4788535416,4804276516
Sconica_v3_05664-RA,0,0,1516534235,810872791.8,16555940897,34780655783
Sconica_v3_05692-RA,7499903233,5306864456,0,98886986.98,745079138.8,543237520.1
Sconica_v3_05706-RA,49847958.91,76137855.7,0,0,0,141517472.3
Sconica_v3_05719-RA,3027567928,3543406022,160153061.5,0,3452046760,1264689368
Sconica_v3_05722-RA,153761668.6,96934537.76,2355331052,912387595.5,11084981766,13088565558
Sconica_v3_05723-RA,0,0,142297936,0,36782889.62,0
Sconica_v3_05734-RA,3230107149,3382147204,28037844,0,1490681993,3136098495
Sconica_v3_05736-RA,0,0,214091248,249386525.3,2236115492,3487793494
Sconica_v3_05762-RA,0,0,0,0,301180357.4,609585303.7
Sconica_v3_05773-RA,0,0,0,0,0,152497717.1
Sconica_v3_05785-RA,0,0,178898136,168322559.6,92627300.79,389554891.5
Sconica_v3_05789-RA,0,0,0,0,42465006.19,0
Sconica_v3_05790-RA,0,22936578.9,0,0,542201950.4,799156358
Sconica_v3_05802-RA,0,0,0,0,0,96089363.38
Sconica_v3_05809-RA,0,0,0,0,42250629.02,71227005.03
Sconica_v3_05820-RA,0,0,0,0,59230429.29,272898748.1
Sconica_v3_05828-RA,1124943274,796857630.7,303548923,397922257.1,2784123507,1765090638
Sconica_v3_05855-RA,0,0,0,38343723.83,156841013.1,0
Sconica_v3_05900-RA,0,0,0,0,6729894430,19376577773
Sconica_v3_05911-RA,354859663.9,155857669.2,66876539080,65375909667,3657675773,5826791356
Sconica_v3_05937-RA,0,0,0,0,84107418.28,53584750.19
Sconica_v3_05983-RA,59712487.28,113148587.6,66849476,62448011.38,523436897.2,893717732.9
Sconica_v3_05988-RA,0,0,0,0,810064086.3,0
Sconica_v3_06002-RA,0,0,1601770300,1485411624,0,0
Sconica_v3_06011-RA,0,0,0,0,0,30926904.67
Sconica_v3_06014-RA,0,0,0,0,0,206300371.1
Sconica_v3_06017-RA,0,0,0,0,90667018.12,0
Sconica_v3_06036-RA,3695491126,13734651116,166681544,86859894.77,13531920302,4706662838
Sconica_v3_06037-RA,0,0,0,0,0,42497770.31
Sconica_v3_06103-RA,0,0,0,0,0,52321698.41
Sconica_v3_06106-RA,0,0,0,0,734760800.9,1651493705
Sconica_v3_06107-RA,0,0,1013238144,1304152609,0,0
Sconica_v3_06153-RA,35379339.88,0,0,0,895753895.5,852185856.2
Sconica_v3_06172-RA,0,0,14917287116,10640860693,95260368.1,1265012094
Sconica_v3_06181-RA,0,0,69766112,167770009.2,0,0
Sconica_v3_06204-RA,3286967247,2187044577,0,24878770.5,19789426025,46375174851
Sconica_v3_06206-RA,0,0,24512698184,21204967295,1241772949,3941087070
Sconica_v3_06221-RA,0,0,0,0,0,92940431.82
Sconica_v3_06248-RA,0,0,0,0,223789442.6,522346362.5
Sconica_v3_06264-RA,0,0,0,0,846228138.5,443039643.3
Sconica_v3_06275-RA,0,0,0,0,0,222756903.2
Sconica_v3_06412-RA,0,0,0,0,406330568.1,0
Sconica_v3_06476-RA,10096626.91,60856165.58,0,0,0,0
Sconica_v3_06487-RA,20858332.29,29013616.78,0,0,63895127.01,0
Sconica_v3_06535-RA,1550203592,1296147514,4889924871,4735985380,2307246392,705741732.6
Sconica_v3_06563-RA,0,0,0,0,27528398.91,0
Sconica_v3_06585-RA,4381881031,1884249804,758592986,3121681361,19205894972,6565784831
Sconica_v3_06600-RA,0,0,63115948,98397668.77,160678378.3,258655218.5
Sconica_v3_06613-RA,0,0,2874579155,2839646104,0,1046462213
Sconica_v3_06615-RA,0,0,763562656,463459323,0,0
Sconica_v3_06632-RA,0,0,0,0,224778443.4,670312229.6
Sconica_v3_06639-RA,486792780.8,0,0,0,123418385.7,26946329.74
Sconica_v3_06640-RA,294864210.3,0,0,0,0,0
Sconica_v3_06696-RA,625719300.8,494388059.3,3317311088,4287528416,1455552310,1127297992
Sconica_v3_06702-RA,0,0,1478091365,886353778.9,0,0
Sconica_v3_06715-RA,21367749.74,0,0,0,1638942529,1925319276
Sconica_v3_06728-RA,0,0,0,0,0,116047256.7
Sconica_v3_06731-RA,0,0,0,0,0,415513963.4
Sconica_v3_06747-RA,4289438671,10753835680,119489548,0,4302496440,2627560896
Sconica_v3_06757-RA,0,0,0,0,76471962.89,0
Sconica_v3_06758-RA,0,0,0,63431047.41,907393085,1357246403
Sconica_v3_06760-RA,916687182.1,1028030600,182263600,0,547917985.9,1690271570
Sconica_v3_06797-RA,0,0,0,0,0,63519904.45
Sconica_v3_06798-RA,0,0,135900510,324660434.9,1093806604,484036983.2
Sconica_v3_06877-RA,0,0,56044384,55913139.02,1839461687,1124168021
Sconica_v3_06894-RA,0,0,0,0,35228636.25,0
Sconica_v3_06908-RA,42969472.44,0,0,0,35553006.01,0
Sconica_v3_06941-RA,6554037877,12409628690,156908288,384825043.5,4125023853,5254089811
Sconica_v3_06942-RA,142270609,108603093.6,0,0,668230583.9,141682160.7
Sconica_v3_07051-RA,0,0,0,0,17792446.45,0
Sconica_v3_07119-RA,0,0,3175275712,3452670318,226793905.1,661347569.1
Sconica_v3_07175-RA,0,0,4158887.75,8091903.884,453665679.6,44547982.46
Sconica_v3_07188-RA,725199700.6,1693796017,56190416,0,544424473.7,501889289.7
Sconica_v3_07213-RA,0,0,0,0,0,76611068.61
Sconica_v3_07269-RA,0,0,54413245279,46543195278,863168755,2801034589
Sconica_v3_07273-RA,0,0,0,0,82327896.23,357017160.2
Sconica_v3_07276-RA,0,0,0,0,916065700.7,1464151276
Sconica_v3_07285-RA,0,0,281394540,0,0,0
Sconica_v3_07294-RA,0,0,1831291956,679055840.2,0,0
Sconica_v3_07347-RA,0,0,0,85044245,219412467.3,235026893.6
Sconica_v3_07355-RA,0,0,15403657,32037695.33,0,0
Sconica_v3_07366-RA,0,0,0,73861143.17,241629394.9,454892327.4
Sconica_v3_07368-RA,359221534.9,0,0,0,150953359.9,1328925934
Sconica_v3_07503-RA,409173871.9,649174676.2,118703680,59175030.53,0,0
Sconica_v3_07508-RA,0,0,0,0,0,54432778.56
Sconica_v3_07520-RA,0,0,5232022864,4910171430,47675237.16,95290889.13
Sconica_v3_07545-RA,0,0,0,0,47733941.67,130998689.4
Sconica_v3_07702-RA,0,0,0,0,0,330714503
Sconica_v3_07705-RA,0,0,0,0,107047668.8,718574124.5
Sconica_v3_07723-RA,970561033.7,390089994.7,0,0,255521053.7,1321164875
Sconica_v3_07738-RA,0,0,0,0,0,53230873.32
Sconica_v3_07757-RA,0,0,739893412,305420452.8,0,0
Sconica_v3_07764-RA,281921693.7,0,861105957,489678869.6,666329935.2,138775681.7
Sconica_v3_07777-RA,89449125.02,62667743.29,0,0,4927830390,17970331362
Sconica_v3_07812-RA,934897376.9,2019961529,653678460,345345212.1,602106642,296094860.7
Sconica_v3_07830-RA,0,0,0,0,79144500.51,189170118.6
Sconica_v3_07953-RA,0,0,0,0,0,549677363.5
Sconica_v3_08049-RA,0,0,1092772526,539058632.2,0,0
Sconica_v3_08063-RA,27335103.56,39023249.96,48706304,41872243.81,28162557.6,0
Sconica_v3_08397-RA,0,0,0,0,266160628.2,502065705.4
Sconica_v3_08423-RA,0,0,197732886,115134361.5,425158941.5,1573800750
Sconica_v3_08429-RA,119682978.2,874474980.6,0,0,0,0
Sconica_v3_08442-RA,0,0,1117988756,242068783.2,0,0
Sconica_v3_08468-RA,0,0,0,0,412278145.1,1267628456
Sconica_v3_08492-RA,19504814996,25724282931,286621804,0,12362136927,8142333842
Sconica_v3_08615-RA,0,0,0,58846405.17,0,0
Sconica_v3_08651-RA,1.36E+11,1.53E+11,8794597764,8361172944,1.22E+11,83666715978
Sconica_v3_08830-RA,0,0,0,0,44677964.32,105734598.5
Sconica_v3_08867-RA,4316057441,3571121193,7.14E+11,7.33E+11,36794070317,29735294644
Sconica_v3_08891-RA,0,0,0,0,112769775.5,632845365.4
Sconica_v3_08901-RA,833223802,482252836.9,11509035912,11757300847,557567170.3,1700924462
Sconica_v3_08913-RA,0,0,0,0,403240744.3,268064008.4
Sconica_v3_08946-RA,0,0,0,0,55862656.1,238566650.1
Sconica_v3_08955-RA,10446384147,11944992140,0,20684777.19,2824194008,972600371.9
Sconica_v3_08968-RA,0,44629545.16,0,0,0,0
Sconica_v3_08971-RA,6597536897,5670660208,60948485,0,2035420955,4567197358
Sconica_v3_08973-RA,0,0,32243510,265466137.6,0,0
Sconica_v3_09057-RA,0,0,2190882464,465440288.9,0,0
Sconica_v3_09077-RA,0,0,0,0,0,99817179.77
Sconica_v3_09102-RA,0,0,0,0,217272804,628928891.8
Sconica_v3_09130-RA,11921776304,12855116909,34497514420,28119778402,6998792037,10694407444
Sconica_v3_09216-RA,0,0,0,0,196818857.9,103491691.8
Sconica_v3_09223-RA,0,0,0,0,40838979.75,103098509.3
Sconica_v3_09229-RA,0,0,4841477592,4497670762,0,0
Sconica_v3_09261-RA,77974894.91,167903130.9,992149548,264058060.1,9448812763,4508154443
Sconica_v3_09342-RA,0,0,0,0,46586656.46,471811834.8
Sconica_v3_09437-RA,11139287950,17643695494,0,0,8150842812,2021617312
Sconica_v3_09461-RA,0,0,0,0,88598759.22,126043718.3
Sconica_v3_09491-RA,0,0,0,0,0,78806089.56
Sconica_v3_09494-RA,0,0,0,0,8190873799,33571049383
Sconica_v3_09521-RA,22912377483,14632905759,210693440,8240378112,9918282217,10457258148
Sconica_v3_09524-RA,0,0,0,0,107414215.2,0
Sconica_v3_09525-RA,0,0,0,0,692446130.3,256150226.5
Sconica_v3_09549-RA,0,0,0,0,9641742.637,0
Sconica_v3_09577-RA,0,145754103.6,0,0,0,0
Sconica_v3_09608-RA,0,1099115850,0,0,161621065.7,409319963.9
Sconica_v3_09610-RA,17259113357,18329792671,0,0,9172376385,3952566141
Sconica_v3_09629-RA,0,33463102.76,83474318178,75935486918,1686553095,3256831096
Sconica_v3_09640-RA,0,0,0,0,1218571769,1812989995
Sconica_v3_09670-RA,0,0,0,0,92825792.8,147459224.4
Sconica_v3_09676-RA,2494766345,3521664222,0,0,1978784962,736448949.4
Sconica_v3_09692-RA,0,0,0,0,0,712495727.3
Sconica_v3_09693-RA,0,0,517897541,151859733,789338458.9,3379852317
Sconica_v3_09695-RA,1089967980,1331893091,0,0,559836545.6,0
Sconica_v3_09715-RA,184813090.8,452815888.8,0,0,377215764.3,309063668.5
Sconica_v3_09718-RA,95403848.47,119254815.4,0,0,0,0
Sconica_v3_09735-RA,4380897291,1.57E+11,826492012,1046844582,13251649807,1.67E+12
Sconica_v3_09748-RA,0,0,869460214,1053201206,0,0
Sconica_v3_09749-RA,722913443.2,670426868.4,0,0,703972705.9,178232682.7
Sconica_v3_09785-RA,0,0,16772367576,19142106200,421063318,1182047800
Sconica_v3_09786-RA,47027019.7,216481913.6,0,0,106145103.9,0
Sconica_v3_09800-RA,174507779.1,141867880.1,0,0,0,0
Sconica_v3_09803-RA,28059267.44,11584309.8,0,0,0,11674943.1
Sconica_v3_09846-RA,51777538.4,108951971.4,0,0,192058603.5,107364661.6
Sconica_v3_09891-RA,1963658781,2553853962,354021744,136933001.8,2812510413,1763631589
Sconica_v3_09892-RA,0,0,70066162,0,1322865451,1546594868
Sconica_v3_09931-RA,0,25919532.69,73738120,945416593.6,1428258137,1921915772
Sconica_v3_09953-RA,0,0,380771848,25716998.69,0,671375049
Sconica_v3_09966-RA,3178392348,5752397700,0,201772859.3,3001716079,1715379656
Sconica_v3_09994-RA,0,0,0,0,0,426260120.5
Sconica_v3_09998-RA,202155506.2,251113149.2,0,0,167409350.1,614382127.7
Sconica_v3_10005-RA,0,70147299.89,130367980,377822776.2,4465668892,3234830948
Sconica_v3_10012-RA,0,0,0,0,0,145272967.4
Sconica_v3_10014-RA,0,0,83580840,540333389.3,0,0
Sconica_v3_10015-RA,0,0,0,0,136339581.7,266395943.4
Sconica_v3_10062-RA,0,220041029.8,29609477234,56132704706,40152271845,12346185882
Sconica_v3_10072-RA,146790098.1,202796400.8,192677098,521382390.8,4660089164,2874178511
Sconica_v3_10078-RA,0,0,0,0,522852385.1,1056844282
Sconica_v3_10087-RA,135387905,391925809.4,0,0,0,0
Sconica_v3_10094-RA,24441437.23,0,0,0,48988421.76,0
Sconica_v3_10110-RA,0,0,0,0,25845533.1,459480692.1
Sconica_v3_10119-RA,0,0,0,0,1181696341,4400874999
Sconica_v3_10120-RA,0,0,447527136,521871721.3,6119357123,4358871243
Sconica_v3_10123-RA,0,0,18418844938,21490136705,120000609.9,881780892.6
Sconica_v3_10138-RA,0,24288977.71,0,0,442684454.5,1101407773
Sconica_v3_10139-RA,0,0,25231238,0,258746789.9,206603562.4
Sconica_v3_10159-RA,0,0,294418580,0,0,0
Sconica_v3_10160-RA,0,42489393.92,0,0,33941220.13,0
Sconica_v3_10207-RA,0,0,0,0,53777705.5,0
Sconica_v3_10211-RA,266692621.3,575336420.1,0,15935568.85,678603157.2,49781616.21
Sconica_v3_10212-RA,0,0,0,0,317844277.8,696029368.8
Sconica_v3_10252-RA,0,52092717.74,514171204,447569744,782205237,1771386382
Sconica_v3_10385-RA,0,0,20383556,0,210821769.5,207000566.9
Sconica_v3_10388-RA,6750937583,8791354144,98151312,273781038,1934567872,1167969079
Sconica_v3_10390-RA,5146431865,8075347470,243585896,95531702.03,6527154321,5906295611
Sconica_v3_10391-RA,0,0,0,0,614073547.9,1099830455
Sconica_v3_10449-RA,0,0,0,0,0,46257587.13
Sconica_v3_10450-RA,0,0,0,0,98440353.33,689438080.4
Sconica_v3_10453-RA,48067538.56,0,164510048,131910667.1,1216703705,2079085978
Sconica_v3_10465-RA,263774787.1,436213992.1,0,0,0,0
Sconica_v3_10469-RA,0,0,1129844720,1206964187,548823282.5,1579321029
Sconica_v3_10489-RA,0,0,0,0,211496592.5,441683283.7
Sconica_v3_10500-RA,0,0,0,0,0,520366695.3
Sconica_v3_10523-RA,826931479.7,1722336089,0,19779803.64,482335182.3,153864833.4
Sconica_v3_10524-RA,28726063.83,145321610,0,0,0,0
Sconica_v3_10546-RA,0,29622359.69,0,0,0,0
Sconica_v3_10560-RA,12210388416,12319561105,112347593,0,10068944443,11316792331
Sconica_v3_10585-RA,0,0,0,0,0,63643966.39
Sconica_v3_10594-RA,0,0,1477108640,292141603,2669870923,4194045760
Sconica_v3_10600-RA,0,0,0,0,0,154922811.4
Sconica_v3_10650-RA,0,0,0,0,0,278156662.2
Sconica_v3_10652-RA,0,0,390196480,124326489.5,0,0
Sconica_v3_10654-RA,42860071.5,17458758.23,0,0,31504940.37,0
Sconica_v3_10693-RA,1063704850,1728647634,0,0,204232344.8,702188252.3
Sconica_v3_10763-RA,0,0,0,0,59692882.09,0
Sconica_v3_10769-RA,19125147.67,33090800.91,857681446,555546965.9,4737777903,4734502930
Sconica_v3_10771-RA,0,0,0,0,0,158469092
Sconica_v3_10846-RA,0,0,72099376,108413360.9,2101481052,4966590610
Sconica_v3_10848-RA,0,0,571817948,54187404.43,8405715452,6926107289
Sconica_v3_10888-RA,0,0,6073230250,7072496284,0,0
Sconica_v3_10893-RA,895427339.6,724058517.5,0,0,712550061.1,840948304.3
Sconica_v3_10944-RA,0,0,0,0,86875525.19,61164462.15
Sconica_v3_10949-RA,95802814.28,411965018.5,0,0,135438431.4,254500866.7
Sconica_v3_10950-RA,0,0,47218286814,38003449581,1056986180,4313300981
Sconica_v3_10956-RA,0,0,3412465896,3119196102,0,0
Sconica_v3_10960-RA,0,0,0,0,145760715.4,0
Sconica_v3_10991-RA,0,0,0,0,407203010.5,770711889.5
Sconica_v3_10996-RA,0,0,7573898752,7866056960,417242367.3,0
Sconica_v3_11011-RA,0,0,0,0,0,91358125.31
Sconica_v3_11013-RA,0,0,0,0,0,0
Sconica_v3_11033-RA,0,0,0,0,111458024.4,251059868.2
Sconica_v3_11080-RA,0,0,78847264,0,160693538.8,0
Sconica_v3_11101-RA,0,0,166486848,391163225.7,7217561773,2940844566
Sconica_v3_11106-RA,0,0,39049625464,32456963074,477666594.3,673666398.7
Sconica_v3_11109-RA,0,0,20079772656,20522207379,140732984.1,1397971206
Sconica_v3_11117-RA,3804078846,2481730131,0,0,1709149988,2498460427
Sconica_v3_11125-RA,0,0,997856640,201817319.3,0,0
Sconica_v3_11133-RA,0,0,1259723228,325161601.7,0,0
Sconica_v3_11179-RA,0,0,12406003,10208052.43,990911139.3,1065445009
Sconica_v3_11284-RA,0,0,259258368,334866252.7,0,0
Sconica_v3_11303-RA,329186542.3,626237728.2,0,0,67421524.94,140858086.7
Sconica_v3_11311-RA,6494536.15,0,0,0,3990769211,13639522357
Sconica_v3_11312-RA,0,0,0,0,27462199.2,81297062.72
Sconica_v3_11314-RA,0,0,29780471192,36976180660,652020986.9,1517941598
Sconica_v3_11322-RA,0,0,8594686360,6992170045,727338207.3,94225399.17
Sconica_v3_11324-RA,0,0,2249893296,2961964382,2245487910,2151889447
Sconica_v3_11335-RA,1718300906,2645944860,0,0,3473515793,2260002762
Sconica_v3_11343-RA,1410433891,1935689429,0,0,178396308.3,661705770.6
Sconica_v3_11356-RA,0,0,0,0,222680247.8,267919397.7
Sconica_v3_11360-RA,0,0,0,0,163122663.7,213645604.7
Sconica_v3_11367-RA,0,0,45175291944,42433759996,1451491639,4537361593
Sconica_v3_11374-RA,0,0,0,0,0,95115323.29
Sconica_v3_11375-RA,0,0,0,0,0,83969568.77
Sconica_v3_11385-RA,0,0,0,60998176.48,404405017.3,565602629.5
Sconica_v3_11394-RA,709432669,858909602.5,0,0,133099538.8,259419909.1
Sconica_v3_11405-RA,0,0,0,0,1291082002,1153457724
Sconica_v3_11406-RA,0,0,0,33382343.6,108316247.7,154299469.4
Sconica_v3_11424-RA,0,0,0,0,64549008.25,298654365.9
Sconica_v3_11426-RA,73267235.25,787322225.3,0,0,264827371.3,401860982.8
Sconica_v3_11427-RA,0,0,0,22228711.43,22393069.52,56520409.73
Sconica_v3_11439-RA,703173359.6,1034891289,117569584,158215025.4,587890852.9,130166592.3
Sconica_v3_11465-RA,0,0,995481584,615234905.2,0,0
Sconica_v3_11479-RA,0,0,0,0,0,0
Sconica_v3_11480-RA,196530204.7,175314714.5,0,0,472435319.9,261586002.2
Sconica_v3_11486-RA,0,0,0,0,0,37479410.02
Sconica_v3_11487-RA,0,0,0,0,36656189.58,527797822.5
Sconica_v3_11489-RA,0,384364699,0,0,0,0
Sconica_v3_11507-RA,0,0,0,0,74819528.41,374930596
Sconica_v3_11510-RA,259104872.1,342398696.4,0,0,402811813.5,180773557.5
Sconica_v3_11524-RA,0,0,0,0,31147918.14,29427442.03
Sconica_v3_11550-RA,6000475848,3007149148,1.39E+12,1.47E+12,57864333022,1.07E+11
Sconica_v3_11564-RA,3191660255,2134401891,0,0,769189640.5,194613647.5
Sconica_v3_11571-RA,0,0,0,0,0,53000024.63
Sconica_v3_11594-RA,0,0,0,0,44179746.29,31902101.98
Sconica_v3_11623-RA,58571309.9,0,0,0,0,0
Sconica_v3_11638-RA,12349985212,28675260137,196041732,249086284.1,12805599374,5194951067
Sconica_v3_11651-RA,0,0,0,0,296388019.9,396426907.2
Sconica_v3_11653-RA,2627975731,5916923761,91026256,0,1868166680,416053514
Sconica_v3_11665-RA,0,0,0,0,406183414.6,435562387.8
Sconica_v3_11667-RA,0,0,0,0,86457709.62,159823826.3
Sconica_v3_11669-RA,35245311.56,0,0,0,0,0
Sconica_v3_11733-RA,0,0,14971234,0,0,0
Sconica_v3_11775-RA,0,29554355.18,2150689524,352871940.3,8675915699,14132747161
Sconica_v3_11802-RA,0,236085910.1,0,0,0,0
Sconica_v3_11808-RA,0,34999051.09,0,0,0,0
Sconica_v3_11825-RA,0,0,178028004,43790211.43,0,0
Sconica_v3_11889-RA,0,0,132029582,85022528.03,2176681169,3356313102
Sconica_v3_11890-RA,103329641.2,0,0,0,0,0
Sconica_v3_11899-RA,952168305.4,1778399763,0,0,807933521.7,455856960.3
Sconica_v3_11905-RA,0,0,0,0,37753815.55,0
Sconica_v3_11941-RA,0,0,5093457054,4408085206,0,197307402.9
Sconica_v3_11968-RA,0,0,139226336,134832088.8,0,0
Sconica_v3_11986-RA,963055640,1619294130,0,0,768075348,0
Sconica_v3_11989-RA,0,0,3375109700,1562178768,0,0
Sconica_v3_12012-RA,0,0,0,0,0,42570497.75
Sconica_v3_12030-RA,0,0,0,0,726863060.8,397615830.2
Sconica_v3_12037-RA,921175694.9,1937768519,1.39E+11,1.21E+11,8962640306,5084707571
Sconica_v3_12042-RA,371733860.3,120276167.4,4983079688,4577865569,17975590.47,939083618.4
Sconica_v3_12052-RA,0,0,27649520,0,205854028.2,264249638.1
Sconica_v3_12079-RA,0,0,9262314034,11319801257,0,220364400.9
Sconica_v3_12082-RA,144386334.4,213320885.6,0,0,3396615460,76664094.43
Sconica_v3_12089-RA,45541732.56,0,489635208,322512488.7,10066103667,11883893387
Sconica_v3_12128-RA,0,0,0,0,75246682.26,512610808.8
Sconica_v3_12153-RA,0,0,0,0,0,58001462.94
Sconica_v3_12169-RA,0,0,54372000881,36271231246,1173996861,4592774101
Sconica_v3_12170-RA,0,0,37205254,0,1319952803,2837255718
Sconica_v3_12179-RA,172733097.4,0,0,0,6666846.701,0
Sconica_v3_12207-RA,0,0,0,0,49983314.05,628605947.2
Sconica_v3_12224-RA,3829432854,5663986969,0,0,22266263284,4147829365
Sconica_v3_12225-RA,0,0,0,0,343765364.7,147123989.6
Sconica_v3_12262-RA,0,17148717.74,66912336,0,0,0
Sconica_v3_12291-RA,282557305.9,268821754.3,0,0,393806548.3,181116166.4
Sconica_v3_12293-RA,70295472955,56951824950,314135408,1600205601,27334265207,24428753157
Sconica_v3_12297-RA,0,0,0,0,0,394098549.2
Sconica_v3_12315-RA,0,0,0,0,754774026.8,900127066.2
Sconica_v3_12355-RA,0,0,0,0,0,1159090438
Sconica_v3_12367-RA,12317111535,10211362422,43731212,221934134.5,5821022497,5122521365
Sconica_v3_12377-RA,0,0,15727815342,18221304913,305401096.9,290245652.4
Sconica_v3_12378-RA,0,0,0,0,0,142127309.4
Sconica_v3_12386-RA,0,0,0,0,26751393.52,0
Sconica_v3_12402-RA,0,0,501446080,643051173.1,3292070920,9935100337
Sconica_v3_12421-RA,0,0,0,0,105154647.6,843206033.9
Sconica_v3_12453-RA,0,17316546.03,8332758864,4726892057,0,708695387.4
Sconica_v3_12477-RA,90957512.91,233151585.2,2709498834,1958438676,10959796032,17786152152
Sconica_v3_12497-RA,2341988991,2028862649,0,0,973036953.1,811471189
Sconica_v3_12513-RA,0,0,0,0,175578555.6,259830596.5
Sconica_v3_12525-RA,0,0,0,103020676.4,0,0
Sconica_v3_12537-RA,0,0,1698846362,1197282958,40716614.89,0
Sconica_v3_12553-RA,7647006919,8010605428,391253528,1442128873,13222450941,9473002778
Sconica_v3_12580-RA,155646646.4,185565500,0,0,66228808.56,0
Sconica_v3_12596-RA,0,0,127290534,255432344.2,512543363.6,3153880129
Sconica_v3_12597-RA,0,0,8797544691,8699566497,53553328.43,279214018.5
Sconica_v3_12622-RA,1688714748,4315065307,0,0,2081120578,480887371.1
Sconica_v3_12625-RA,0,0,0,0,115891546.1,0
Sconica_v3_12626-RA,0,0,0,0,1652270795,2054475656
Sconica_v3_12662-RA,0,0,0,0,0,1291197053
Sconica_v3_12670-RA,0,0,0,0,411872764.8,452725996
Sconica_v3_12695-RA,1714385211,275519216.6,0,0,47244901.23,919805019.1
Sconica_v3_12707-RA,0,0,0,0,617292210.2,1302367911
Sconica_v3_12708-RA,461115773.4,931994660.8,0,0,469958357,566718741.8
Sconica_v3_12711-RA,1920999511,2640338377,0,124806048.1,202274722.8,350706737
Sconica_v3_12717-RA,22587046.86,0,0,0,0,0
Sconica_v3_12749-RA,0,0,0,258847301.1,1148989891,1748729585
Sconica_v3_12754-RA,26692953.77,49215794.75,0,0,0,0
Sconica_v3_12760-RA,0,0,0,0,39692570.4,0
Sconica_v3_12800-RA,0,0,0,0,132915218,164466517.6
Sconica_v3_12814-RA,0,0,0,0,0,88848725.5
Sconica_v3_12850-RA,16453783.11,28155912.62,0,0,268690297,913625761.9
Sconica_v3_12880-RA,0,0,16538136668,23302471080,685355563.8,390856054.3
Sconica_v3_12888-RA,0,0,0,0,89137331.28,148566409.1
Sconica_v3_12913-RA,41235440.31,25374488.59,0,0,0,200683912.5
Sconica_v3_12939-RA,3119896755,4833591885,0,289076467.2,2243728633,931338856.2
Sconica_v3_12966-RA,0,0,59767556,0,0,0
Sconica_v3_12982-RA,0,0,0,0,500496271.8,1608984684
Sconica_v3_13015-RA,0,0,0,0,77925602.92,0
Sconica_v3_13079-RA,192051784.3,591537914.1,0,0,77892011.58,0
Sconica_v3_13101-RA,0,0,0,0,0,114288583.2
Sconica_v3_13109-RA,1.20E+11,1.18E+11,1141061854,2334080118,32003043382,52814343321
Sconica_v3_13144-RA,51890377,0,747068796,386603680.1,0,562668655.5
Sconica_v3_13175-RA,0,0,154207392,182309818,0,0
Sconica_v3_13176-RA,0,0,529550176,0,0,0
Sconica_v3_13222-RA,0,0,58306896,54788457.39,46113019.15,296289527.9
Sconica_v3_13338-RA,175581190,346344468.9,1510448658,2146322746,9092128333,6334232142
Sconica_v3_13394-RA,0,199778521.4,0,0,0,0
Sconica_v3_13395-RA,1513273068,2036839213,0,0,2573557875,1281927353
Sconica_v3_13413-RA,0,0,0,0,154238367.7,0
Sconica_v3_13414-RA,0,0,189635656,67149801.71,0,0
Sconica_v3_13475-RA,0,0,0,0,208074850.1,419381557.7
Sconica_v3_13516-RA,0,0,1404276688,828094078.8,0,0
Sconica_v3_13533-RA,0,0,0,0,0,37392729.77
Sconica_v3_13546-RA,540175744.9,319858562.6,0,0,127993575.9,482404898.5
Sconica_v3_13584-RA,0,0,0,0,0,240634754.8
Sconica_v3_13608-RA,0,0,85881028,122168799,46723791.18,0
Sconica_v3_13623-RA,0,0,2757624738,5625511041,0,0
Sconica_v3_13639-RA,1494588125,2489771239,2490199821,2396935440,1162926637,781745682.7
Sconica_v3_13640-RA,0,0,37458080,0,0,71367416.06
Sconica_v3_13645-RA,0,0,5403596204,5272432113,0,0
Sconica_v3_13663-RA,0,0,87696670.25,33866935.9,707174579.7,0
Sconica_v3_13684-RA,0,0,0,0,327379266.6,1789194834
Sconica_v3_13694-RA,0,0,8422820320,6678944426,0,121076902.1
Sconica_v3_13730-RA,0,282853592.4,0,0,261534204.3,0
Sconica_v3_13782-RA,0,0,0,0,3067593286,9444406393
Sconica_v3_13786-RA,0,0,76011728,122972030.3,3022611591,3686025360
Sconica_v3_13810-RA,1529463663,1595641358,0,33261887.58,1146737174,2627654187
Sconica_v3_13811-RA,1548732631,1520270905,20035964.5,272279528.1,1146866182,1108844376
Sconica_v3_13855-RA,0,0,0,0,223426201.2,360157178.6
Sconica_v3_13860-RA,0,0,0,0,82925634.37,0
Sconica_v3_13898-RA,0,0,0,0,69120398.78,151776536
Sconica_v3_13926-RA,0,35167728.67,341309571,494767880.3,3814291509,22077904301
Sconica_v3_13956-RA,808250501.7,546926111.9,0,0,131029377,744750945.1
Sconica_v3_14050-RA,974974487.3,265896148,557258799,802323874.2,12438366654,10699293284
Sconica_v3_14065-RA,1043287552,874116799,0,0,192330711.6,0
Sconica_v3_14075-RA,0,0,30735036,165610891.5,0,0
Sconica_v3_14083-RA,283360650.2,240421870,120509024,522037043.6,0,167947424.8
Sconica_v3_14094-RA,0,0,0,0,391745409.7,1137724001
Sconica_v3_14095-RA,0,0,0,0,127403414.8,302265106.8
Sconica_v3_14099-RA,0,0,0,0,0,828106596.4
Sconica_v3_14117-RA,0,0,0,0,71242324.44,97511369.14
Sconica_v3_14139-RA,136004310.8,154199732.5,0,0,0,0
Sconica_v3_14142-RA,15057380.81,69564827.25,99632824019,1.29E+11,1982128857,7955463603
Sconica_v3_14145-RA,51132708.78,0,0,51162751.77,12825499147,15544994017
Sconica_v3_14161-RA,3.76E+11,2.91E+11,1535145734,5159133087,1.55E+11,1.62E+11
Sconica_v3_14167-RA,0,0,0,756045361.5,0,368480788.3
Sconica_v3_14184-RA,0,0,0,133070787.9,157044240.5,0
Sconica_v3_14185-RA,0,0,567410904,458727117.1,0,35054536.8
Sconica_v3_14196-RA,0,0,0,0,0,58747212.87
Sconica_v3_14206-RA,0,0,22213052,0,96294900.82,112606239.5
Sconica_v3_14227-RA,0,0,1244879900,977351192.3,4032697005,10134397612
Sconica_v3_14254-RA,0,0,0,0,68795896.7,326381989.4
Sconica_v3_14264-RA,453179686.1,1632806247,1065661016,592681727.3,596656224.5,0
Sconica_v3_14304-RA,0,0,0,0,1196118967,576398869.1
Sconica_v3_14316-RA,20764226170,27439069655,612729210,234702731.5,11023274954,24426607614
Sconica_v3_14323-RA,784331743.9,313717426.2,0,0,499014245.2,286846371.5
Sconica_v3_14325-RA,0,0,0,0,0,245559741.3
Sconica_v3_14351-RA,515042191.1,332726668,0,1574167.262,0,522247518.5
Sconica_v3_14372-RA,0,0,0,0,521245785.2,475220281.5
Sconica_v3_14439-RA,1578432563,3049946739,0,16184346.43,917150258.1,1401742483
Sconica_v3_14457-RA,560927978.5,567636930.8,0,0,241782777.1,172220497.5
Sconica_v3_14475-RA,0,26102755.13,305662736,324154692,642062886.4,1786481236
Sconica_v3_14517-RA,0,0,0,0,542769651,917949511.5
Sconica_v3_14527-RA,0,0,0,56379379.74,154819363.7,22393629179
Sconica_v3_14528-RA,0,0,0,0,0,4767310339
Sconica_v3_14559-RA,0,0,0,0,967921850.3,2821879746
Sconica_v3_14560-RA,0,0,0,0,0,60726782.32
Sconica_v3_14580-RA,878893351.9,1652594094,0,0,2237841377,1761870211
Sconica_v3_14614-RA,13424465622,17411512719,528929161,453574357.4,15772167522,7351915035
Sconica_v3_14617-RA,0,0,0,0,1903652702,2138385192
Sconica_v3_14623-RA,0,0,0,0,70744881.44,0
Sconica_v3_14632-RA,34953817.35,0,199453019.5,116986115.2,1730675525,2700565468
Sconica_v3_14710-RA,0,0,0,0,163492760.7,51919981.72
Sconica_v3_14723-RA,778565518.5,2296682846,0,0,1947020166,368278451.1
Sconica_v3_14748-RA,0,0,4041337858,7972076047,0,2184642323
Sconica_v3_14942-RA,1341176329,1275586470,63621896,289352970.3,1088356671,690874239.9
Sconica_v3_15000-RA,0,0,643473020,258898348.1,0,0
Sconica_v3_15008-RA,0,0,0,0,0,60123977.55
Sconica_v3_15024-RA,3874861818,6065857220,949513622,218505125.7,2872072569,2631027222
Sconica_v3_15405-RA,0,0,0,0,0,125466171.6
Sconica_v3_15549-RA,0,0,57004058,0,4592789654,8600763759
Sconica_v3_15618-RA,2261381745,5232221906,0,0,3047487730,1069988208
Sconica_v3_15621-RA,4494901575,1937612262,0,0,1237163133,2919784849
Sconica_v3_15626-RA,6504080.314,0,152644070,117021544.1,2431062055,3460205223
Sconica_v3_15641-RA,0,0,0,0,84743498.82,618432277.2
Sconica_v3_15700-RA,0,0,0,0,58437072.46,223602967.5
Sconica_v3_15731-RA,0,0,0,0,80327585.61,0
Sconica_v3_15752-RA,7147158917,7854210986,0,0,3094876430,4278845608
Sconica_v3_15812-RA,0,0,0,0,65046014.89,0
Sconica_v3_15838-RA,0,0,0,0,78094492.21,0
Sconica_v3_15839-RA,24022982.21,41032495.51,0,0,0,380657516.8
Sconica_v3_15844-RA,538284799.8,778368281.5,0,0,132102001.7,416365902.8
Sconica_v3_15860-RA,812162578.3,1735411012,2474996278,2006322430,2093975577,0
Sconica_v3_15887-RA,422244719.4,421524775.6,0,0,158903846.8,189113641.2
Sconica_v3_15944-RA,0,0,0,0,62073985.97,282929025
Sconica_v3_15959-RA,0,0,27979004,0,1698964214,3006341800
Sconica_v3_15963-RA,0,0,9875490736,3541959936,179535780.9,0
Sconica_v3_15968-RA,0,0,16316187,0,155290669.6,365249262.6
Sconica_v3_15977-RA,21858858.65,0,387256864,344836087.4,0,456235888.4
Sconica_v3_15992-RA,0,0,0,0,951656040.9,5161279089
Sconica_v3_15994-RA,0,0,0,0,143797792.5,789581639.2
Sconica_v3_15996-RA,0,0,4644137323,4684826611,0,0
Sconica_v3_16031-RA,507225198.8,0,0,0,173773721.9,0
Sconica_v3_16033-RA,0,0,0,0,0,308488579.8
Sconica_v3_16039-RA,390719832.3,896018689.9,0,0,150614667.6,0
Sconica_v3_16040-RA,3930591231,6500446359,803392416,681471927.2,2936440899,1738537967
Sconica_v3_16053-RA,0,0,113460512,0,0,0
Sconica_v3_16091-RA,137655528,0,0,0,116594932.2,247785493.4
Sconica_v3_16092-RA,0,0,0,0,109080537.4,724091825.1
Sconica_v3_16102-RA,0,0,0,0,0,0
Sconica_v3_16104-RA,44184744.32,38011800.43,68637488660,83599161464,2855862881,3563270469
Sconica_v3_16111-RA,0,0,0,0,0,193404316.4
Sconica_v3_16144-RA,0,0,0,0,57720079.06,226818579
Sconica_v3_16146-RA,0,0,0,0,0,174813599.8
Sconica_v3_16157-RA,267955496.9,217639007.8,0,0,143270286.8,161125959.7
Sconica_v3_16193-RA,68846830.38,123960893.7,0,0,0,0
Sconica_v3_16198-RA,0,0,44114504,0,0,0
Sconica_v3_16239-RA,0,0,0,0,29349344.61,166135616.3
Sconica_v3_16334-RA,268783419.2,455388623.4,0,43052864.64,0,0
Sconica_v3_16335-RA,1867251282,2811069409,98100432,0,1053718630,763575140.9
Sconica_v3_16375-RA,0,34515860.92,66171515258,55280095071,3824349958,4825104390
Sconica_v3_16400-RA,0,0,0,0,0,0
Sconica_v3_16421-RA,0,0,0,0,369156967.3,1132961268
Sconica_v3_16441-RA,0,0,0,0,424708158.4,1273366596
Sconica_v3_16452-RA,0,105315028.6,0,0,25028350.1,62947371.44
Sconica_v3_16492-RA,0,0,0,0,0,1005100635
Sconica_v3_16521-RA,572080584.5,670903015.7,1000604820,1010378287,11442965541,17283841662
Sconica_v3_16597-RA,0,0,146077264,137043751.6,1062940753,1168107148
Sconica_v3_16637-RA,96624739.94,41345925.46,1170949900,649299167.3,11032686659,11582691673
Sconica_v3_16661-RA,50434897.53,0,297445032,237267944,5156400831,6027339425
Sconica_v3_16705-RA,0,0,0,0,0,6764414697
Sconica_v3_16717-RA,131604125.5,169029864.3,0,0,0,115331721.1
Sconica_v3_16724-RA,0,0,0,77750021.59,0,0
Sconica_v3_16770-RA,0,0,0,0,472578815.7,1198474875
Sconica_v3_16794-RA,0,0,0,0,29074423,0
Sconica_v3_16847-RA,0,0,251834901.8,0,14785706558,17964485102
Sconica_v3_16857-RA,0,0,325625312,401178813.3,0,0
Sconica_v3_16859-RA,0,0,0,0,218376976.8,700056574.7
Sconica_v3_16860-RA,0,0,0,0,34691092.84,5206811811
Sconica_v3_16893-RA,0,32335948.5,23272589290,21269546397,0,2211571876
Sconica_v3_16901-RA,0,0,0,0,0,127813447.2
Sconica_v3_16907-RA,0,0,0,0,148760489.8,733814669.4
Sconica_v3_16908-RA,0,0,0,58311966.24,3415111316,6392567806
Sconica_v3_16948-RA,0,0,3239563901,9651418855,0,0
Sconica_v3_16957-RA,116140043.3,178093112.5,0,0,0,0
Sconica_v3_16976-RA,0,0,0,144537556.5,767540400.7,1810971235
Sconica_v3_17002-RA,0,0,0,0,863853644.1,1850208742
Sconica_v3_17015-RA,0,0,0,0,50503129.22,179018438.9
Sconica_v3_17018-RA,0,0,276875776,0,0,0
Sconica_v3_17134-RA,0,0,0,56981594.16,2772119904,9750077487
Sconica_v3_17136-RA,0,0,0,0,0,67830456.44
Sconica_v3_17139-RA,0,0,0,0,85124030.59,313571162.1
Sconica_v3_17145-RA,0,0,0,0,0,44771198.61
Sconica_v3_17175-RA,0,0,0,59366701.3,3779543382,12936857564
Sconica_v3_17180-RA,125622669.7,40206517.86,0,64635854.35,1570737675,25361719479
Sconica_v3_17182-RA,0,0,70831566,151756947.4,1430058657,25773202854
Sconica_v3_17184-RA,0,0,299622948,101763345.9,1565500646,505276774.2
Sconica_v3_17191-RA,0,0,0,0,189926829.2,766648301.1
Sconica_v3_17199-RA,0,0,0,0,217464018.1,1292944855
Sconica_v3_17200-RA,0,0,6526130.5,0,1028106977,1272025769
Sconica_v3_17212-RA,0,0,1708095320,753883364.9,0,0
Sconica_v3_17246-RA,0,0,0,0,124530299.5,0
Sconica_v3_17306-RA,1647919936,579097242.9,0,0,352218764,548252799.2
Sconica_v3_17307-RA,323005339.9,11330591600,282977184,1265611280,685984204.4,0
Sconica_v3_17326-RA,14863701.46,283604232.8,68250960,0,613786180.6,633792898.3
Sconica_v3_17332-RA,227270090.7,700398832.8,0,0,0,0
Sconica_v3_17339-RA,0,0,0,0,40658408.17,2092604789
Sconica_v3_17360-RA,0,0,0,0,204424975.2,889154568.1
Sconica_v3_17373-RA,0,0,62767404,852225104.6,2779378025,210207983.1
Sconica_v3_17404-RA,544588857.1,552940045.9,0,0,148816699,213039695.8
Sconica_v3_17436-RA,0,0,3782272103,3584980711,127056676,0
Sconica_v3_17439-RA,52471943.13,0,0,0,89308166.05,1697728374
Sconica_v3_17440-RA,0,0,6175147252,5577142553,0,0
Sconica_v3_17449-RA,0,0,12422271762,12873198515,339844641.8,806674446.7
Sconica_v3_17490-RA,2141444498,2218554831,0,226347241.3,662984724.7,1251486610
Sconica_v3_17491-RA,250100940.3,348410805.6,0,0,272702717.1,147654351.2
Sconica_v3_17500-RA,65963943.8,237542194.5,0,0,0,0
Sconica_v3_17502-RA,0,0,0,0,0,123575344.1
Sconica_v3_17542-RA,0,0,18360051363,15282701889,99281896.51,73037640.45
Sconica_v3_17543-RA,692409124.5,0,0,0,0,0
Sconica_v3_17545-RA,0,0,311247128,728314596.8,4478942904,4894000223
Sconica_v3_17547-RA,0,0,0,0,176275776,45453125.73
Sconica_v3_17549-RA,43368559.07,0,129852260,74735255.76,588150037.4,4291086317
Sconica_v3_17561-RA,0,0,0,0,143844446.1,298992035.8
Sconica_v3_17565-RA,3809293202,2620394897,0,0,513703057.2,1625447694
Sconica_v3_17566-RA,13045038534,20919107235,1933472048,3246747245,10766971467,2682275793
Sconica_v3_17570-RA,49662089213,77811396992,2768997480,2328481931,25648829663,29408855811
Sconica_v3_17581-RA,0,0,537570644,426567818.5,0,0
Sconica_v3_17618-RA,25992068744,49024768352,2923095226,1446087084,24217909836,8169755267
Sconica_v3_17645-RA,0,0,0,0,0,66817222.73
Sconica_v3_17663-RA,11834654.08,0,0,0,0,0
Sconica_v3_17676-RA,0,0,0,0,0,4358301147
Sconica_v3_17685-RA,0,0,0,0,87757482.26,131057297.5
Sconica_v3_17689-RA,0,0,0,0,0,38640823.71
Sconica_v3_17719-RA,0,0,28612762256,24837203379,1038628155,2525972869
Sconica_v3_17729-RA,688197671.7,614514365.1,0,0,74748772.98,113499048
Sconica_v3_17748-RA,0,0,1422694348,544500008.1,0,0
Sconica_v3_17759-RA,0,0,3238009746,3009183519,0,83134967.7
Sconica_v3_17760-RA,1549308978,1658617200,0,0,237173636.5,571952183.2
Sconica_v3_17770-RA,0,0,0,0,0,101702218.2
Sconica_v3_17772-RA,11973078.32,1183550292,0,0,0,0
Sconica_v3_17776-RA,17626678315,23099649949,801303064,1124064297,17396266956,16088798561
Sconica_v3_17777-RA,0,0,0,0,19167553.87,31632421.48
Sconica_v3_17785-RA,0,0,1725497890,1688438342,0,0
Sconica_v3_17791-RA,0,0,0,0,264278744.1,1118695444
Sconica_v3_17812-RA,0,0,0,0,36541241.15,125486800.7
Sconica_v3_17854-RA,0,0,45853164,1330712282,0,0
Sconica_v3_17856-RA,32263637.21,179643540.7,0,0,119166938.4,0
Sconica_v3_17857-RA,0,0,0,165817415.1,0,0
Sconica_v3_17858-RA,0,0,0,0,286196922.4,421793466
Sconica_v3_17859-RA,0,0,3726677584,3832980950,0,0
Sconica_v3_17881-RA,0,0,0,0,0,55627447.53
Sconica_v3_17891-RA,443749997.3,363975959.9,115537950,0,469673016.4,410089317.9
Sconica_v3_17894-RA,0,0,337622728,85983754.74,0,0
Sconica_v3_17904-RA,0,0,0,0,279466139.7,438393425.7
Sconica_v3_17909-RA,0,0,33373046,0,394169392.9,190777559.7
Sconica_v3_17923-RA,0,0,0,0,21072121.92,0
Sconica_v3_17925-RA,0,0,0,0,50912419.35,202892119.5
Sconica_v3_17926-RA,127878584.9,0,0,0,0,0
Sconica_v3_17927-RA,0,0,0,0,81700360.03,0
Sconica_v3_17930-RA,0,0,1648578960,1160575803,0,0
Sconica_v3_17932-RA,15760916030,8765476039,11132431811,11949897456,13463590806,5063630048
Sconica_v3_17938-RA,299055970.7,331216064.2,0,0,29163817.18,0
Sconica_v3_17951-RA,0,0,0,0,0,98997654.29
Sconica_v3_17955-RA,74204888.01,175382454.1,0,0,181133080.5,323529966.3
Sconica_v3_17986-RA,1520696971,1128137858,0,0,923301678.4,435801451.9
Sconica_v3_18000-RA,0,0,0,58532882.99,403049939.5,0
Sconica_v3_18011-RA,55768507.15,310068027.3,0,0,324477405.6,0
Sconica_v3_18020-RA,0,0,0,0,174212873.1,253760641.6
Sconica_v3_18023-RA,0,0,0,0,15194276.39,44312895.38
Sconica_v3_18035-RA,0,0,99326623595,1.27E+11,4536629238,3210804697
Sconica_v3_18056-RA,121445503.7,0,0,0,0,0
Sconica_v3_18062-RA,0,0,0,0,288296296.3,292806840.3
Sconica_v3_18067-RA,1168990701,1340892996,0,0,706456266.2,361266608.7
Sconica_v3_18080-RA,75782307.26,93670958.38,149975444,436386633.9,366066626.7,1053747971
Sconica_v3_18083-RA,0,0,1201020368,1322824564,0,0
Sconica_v3_18092-RA,0,66584863.15,5950885647,3920097388,114985581.7,268744057.5
Sconica_v3_18105-RA,1.06E+11,79214264782,421961188,524273052,65441247648,48673856640
Sconica_v3_18125-RA,1635367922,1523804421,29953624,0,4463574805,780571717.5
Sconica_v3_18149-RA,0,0,0,0,1510539840,743576704.4
Sconica_v3_18150-RA,0,0,153662032,153695415.1,3508271218,3929373084
Sconica_v3_18159-RA,0,0,128033161,0,0,0
Sconica_v3_18164-RA,0,0,0,0,42878770.13,212960065.2
Sconica_v3_18201-RA,3195463505,5517258754,0,0,1688435912,1745000548
Sconica_v3_18203-RA,0,8452111.43,274449144,188372818.9,2919199711,9341326928
Sconica_v3_18205-RA,6226576224,6270539161,0,0,1921000252,1286311200
Sconica_v3_18210-RA,0,0,41136416,0,1055308845,1477652768
Sconica_v3_18211-RA,5567453908,12572685992,380596900,37932679.98,8948707319,3464818034
Sconica_v3_18219-RA,0,0,438863264,334753586.3,5607658084,0
Sconica_v3_18222-RA,0,0,0,0,0,55855688.87
Sconica_v3_18225-RA,1815463971,2806640738,337706828,2174204547,1726400811,3868119412
Sconica_v3_18227-RA,39855003.52,71200842.3,90775716,643864725.2,3066283514,2769479442
Sconica_v3_18228-RA,0,0,267322932,0,655336241,790700021.3
Sconica_v3_18231-RA,3050323845,8209004766,257311174,39821967.47,3121556437,1114550769
Sconica_v3_18253-RA,53223133.24,126195163.8,0,0,0,0
Sconica_v3_18280-RA,0,0,0,0,437559088.8,2055791880
Sconica_v3_18300-RA,0,0,57362464,19732325.09,363396817.5,1737033471
Sconica_v3_18350-RA,0,0,0,0,0,58364339.21
Sconica_v3_18354-RA,7635944941,10194179036,2929067716,3468232177,6097436850,5492357140
Sconica_v3_18374-RA,0,0,0,0,1177159335,1385239570
Sconica_v3_18392-RA,0,0,367625337,0,0,0
Sconica_v3_18394-RA,0,0,0,0,20347841.26,99363522.7
Sconica_v3_18397-RA,0,0,0,0,0,761394873.9
Sconica_v3_18436-RA,0,0,0,0,346003237.5,440734200.1
Sconica_v3_18453-RA,0,0,0,0,281117036.7,0
Sconica_v3_18469-RA,13166428423,14551317719,0,0,7769125185,3256988555
Sconica_v3_18473-RA,0,0,0,0,277063347.3,93677595.85
Sconica_v3_18475-RA,0,0,0,0,582782574.3,994532364.4
Sconica_v3_18492-RA,0,220828569.8,0,0,124115927.5,0
Sconica_v3_18512-RA,18968157.71,147683681.3,93493191026,62870536021,4078157756,5286988738
Sconica_v3_18520-RA,39041867.86,0,0,0,21497834.38,0
Sconica_v3_18534-RA,0,0,0,0,637422999.5,927454888.4
Sconica_v3_18556-RA,0,0,0,0,60739185.33,0
Sconica_v3_18557-RA,3180708505,3435728885,0,0,1357976874,622777965.2
Sconica_v3_18569-RA,0,0,0,0,0,71568176.78
Sconica_v3_18576-RA,0,0,0,0,89892810.43,0
Sconica_v3_18584-RA,4192971829,3693116854,286276704,502628677.5,4006855829,3594689322
Sconica_v3_18595-RA,16337375.07,36191297.64,0,0,0,0
Sconica_v3_18614-RA,0,55649540.44,0,0,418602048,432026214.9
Sconica_v3_18618-RA,328439106.5,607993247,50907444,41938825,1499656269,2568450055
Sconica_v3_18621-RA,0,0,1141982592,0,0,0
Sconica_v3_18624-RA,20461722.32,0,1193450406,1081098750,16280614763,12299087724
Sconica_v3_18642-RA,178928079.7,446672730.5,0,0,55112600.66,96742646.9
Sconica_v3_18660-RA,0,0,0,0,0,83245820.56
Sconica_v3_18661-RA,0,0,79912976,76749969.87,860419482.2,2058929802
Sconica_v3_18664-RA,0,0,16902122,0,0,0
Sconica_v3_18672-RA,0,0,0,0,0,169094701.9
Sconica_v3_18673-RA,112705121.8,91506061.37,4117663352,5376995893,97721590.9,410963827.6
Sconica_v3_18683-RA,818189296.7,1192495085,0,0,159181607,0
Sconica_v3_18692-RA,390994469.5,393194913.8,32507454,0,165814615,0
Sconica_v3_18704-RA,544071574.9,616790644,2106284982,871446979.4,21112308189,40231408946
Sconica_v3_18708-RA,107202201.2,32705457.66,192816974.5,0,7527358389,13565154167
Sconica_v3_18737-RA,0,174361922.7,0,0,34273047.28,0
Sconica_v3_18741-RA,409073744.1,580188421.5,0,0,132865023.2,278977633.5
Sconica_v3_18742-RA,0,0,0,0,139905342.8,281574342.4
Sconica_v3_18743-RA,0,0,0,31298282.11,1119799171,4972096049
Sconica_v3_18744-RA,0,0,0,0,0,115192531.9
Sconica_v3_18762-RA,0,0,39097191,58233007.01,768899133.1,947804898.9
Sconica_v3_18764-RA,174215236.1,907072208.7,83772160,80216511.44,958510300.7,5704148708
Sconica_v3_18772-RA,0,0,121502068,487995503.9,125023161.6,113708900
Sconica_v3_18789-RA,0,44824623.07,0,0,0,0
Sconica_v3_18800-RA,509929997.3,503864793.6,0,0,239065183.2,433916904.6
Sconica_v3_18809-RA,0,0,0,0,0,258763326.2
Sconica_v3_18810-RA,0,0,482963765,149488446.5,0,0
Sconica_v3_18811-RA,0,0,293581376,364575738.4,0,0
Sconica_v3_18814-RA,0,0,1852397242,1486576883,0,0
Sconica_v3_18816-RA,0,0,0,0,0,129934411.2
Sconica_v3_18836-RA,0,0,0,0,1884223645,1263257114
Sconica_v3_18840-RA,0,0,0,0,66982109.09,0
Sconica_v3_18852-RA,417616911.1,427828072.8,18927368,0,863554762.4,545157990.3
Sconica_v3_18921-RA,0,0,0,0,0,62522929.4
Sconica_v3_18937-RA,0,0,0,0,26306832.79,0
Sconica_v3_18945-RA,341117072.5,278211952.9,1717484631,2009364916,0,495246003.5
Sconica_v3_18948-RA,81585706.11,67176789.04,2023340781,2310630796,435128916.4,994120139.3
Sconica_v3_18961-RA,553021676.8,2279438541,0,0,339796696.5,136455410
Sconica_v3_18974-RA,23300792.52,209618290.1,882432988,463253095,39142081.31,0
Sconica_v3_18976-RA,140858318,167129720.6,0,0,0,0
Sconica_v3_19001-RA,0,0,0,0,333117545.3,267132871.9
Sconica_v3_19003-RA,0,0,0,0,117517049.6,0
Sconica_v3_19004-RA,0,0,0,0,48860048.76,0
Sconica_v3_19018-RA,0,0,0,54695203.5,305030752.4,2199196633
Sconica_v3_19026-RA,0,0,238414964,153097604.3,0,0
Sconica_v3_19035-RA,0,0,0,0,237603099.7,820929985.2
Sconica_v3_19043-RA,1582069915,1257834378,700692368,303612262.3,1603968109,2373304851
Sconica_v3_19047-RA,0,0,0,0,97843883.3,3159994473
Sconica_v3_19049-RA,0,0,0,0,120851168.4,1843138653
Sconica_v3_19055-RA,1071866182,1198670615,0,58493663.99,399531090.5,270154901.6
Sconica_v3_19059-RA,72162502.87,35158229.74,0,0,0,0
Sconica_v3_19078-RA,0,0,0,0,86648482.75,0
Sconica_v3_19084-RA,1.81E+11,2.48E+11,18589209586,18460096561,1.90E+11,1.28E+11
Sconica_v3_19085-RA,4724557058,7103468463,1703874984,1722579080,2289285792,4223827382
Sconica_v3_19090-RA,4595601056,5559288999,0,0,2729991804,2564835608
Sconica_v3_19127-RA,0,0,1142893232,656540162.2,0,0
Sconica_v3_19136-RA,0,0,0,0,29772377.52,0
Sconica_v3_19137-RA,0,0,1876152722,1502710766,0,0
Sconica_v3_19153-RA,0,0,33543553098,21639204387,829241006.8,1912997828
Sconica_v3_19156-RA,0,0,1445979864,1852046072,0,0
Sconica_v3_19184-RA,0,0,0,0,70838283.15,125780099.6
Sconica_v3_19193-RA,0,0,1932562287,1501765067,0,0
Sconica_v3_19232-RA,0,0,0,0,1965589711,3027052832
Sconica_v3_19270-RA,386099635.1,246393482.5,0,0,308232569.6,60608561.09
Sconica_v3_19280-RA,0,0,0,0,0,1496327042
Sconica_v3_19476-RA,0,0,799821164,533236498.3,73900744.36,209028280.6
Sconica_v3_19478-RA,0,0,1941822016,2824189772,0,0
Sconica_v3_19480-RA,1.63E+11,1.06E+11,1467957628,2465220767,86675297612,96297340254
Sconica_v3_19511-RA,0,0,0,0,22515601.36,67397485.92
Sconica_v3_19518-RA,0,0,428533332,342666549.4,2061685632,2513684069
Sconica_v3_19580-RA,0,0,588882100,463401746.3,0,0
Sconica_v3_19720-RA,0,22902632.59,70431376,0,0,0
Sconica_v3_19726-RA,0,35686064.46,0,0,0,0
Sconica_v3_19838-RA,219517716.5,226716821.9,99366488,0,629005327.6,804483440.3
Sconica_v3_19839-RA,0,0,837448104,384693629.5,6375880967,12319250138
Sconica_v3_19843-RA,9147509624,7042169525,0,0,4438217348,3603250503
Sconica_v3_19852-RA,0,0,0,0,127408868.5,201477496.5
Sconica_v3_19877-RA,0,0,0,0,0,60131271.26
Sconica_v3_19908-RA,0,0,0,0,109739081.5,166924910.3
Sconica_v3_19916-RA,320196189.4,655142054.7,1074929360,1600961425,1179385816,75814216.79
Sconica_v3_19966-RA,731694128.8,2704726957,0,0,795942760.5,248812906.8
Sconica_v3_20028-RA,0,0,0,0,0,158933213
Sconica_v3_20042-RA,1019984645,2767695554,0,0,942574894.5,0
Sconica_v3_20078-RA,161005659.5,330581086.4,0,0,62599279.98,31415766.8
Sconica_v3_20100-RA,0,0,0,190309419.2,254659865.2,0
Sconica_v3_20117-RA,0,0,1119378170,834627962.1,0,0
Sconica_v3_20119-RA,77902473.49,200249534.7,0,0,0,0
Sconica_v3_20138-RA,66358084.44,149138699.5,0,0,0,0
Sconica_v3_20141-RA,10280706379,1866645821,0,0,722306194.4,28374997.47
Sconica_v3_20194-RA,0,0,8818653844,11880542491,0,0
Sconica_v3_20218-RA,0,0,23806052,0,357887805.6,37839285.54
Sconica_v3_20236-RA,25030770436,22147729247,0,117750801.6,10181269712,9604350585
Sconica_v3_20318-RA,1822899742,3243475747,0,0,783070452,172090462.7
Sconica_v3_20342-RA,0,0,0,0,15699602.1,539578594.7
Sconica_v3_20383-RA,11807248207,18386263197,588385512,351871650.5,9063334000,2576138590
Sconica_v3_20479-RA,33147551.42,1239758947,0,0,119052144.4,0
Sconica_v3_20482-RA,0,0,0,0,207390843.2,229854231.2
Sconica_v3_20520-RA,0,0,94929180,0,2082469051,2111780495
Sconica_v3_20529-RA,3147549675,5026188186,0,0,3088245721,2689491324
Sconica_v3_20546-RA,0,0,0,0,215893422.8,236662843.3
Sconica_v3_20569-RA,621373462.7,1868218166,0,0,978629234.3,496564389.7
Sconica_v3_20570-RA,0,0,0,0,0,436708206.1
Sconica_v3_20578-RA,0,0,0,0,248504108.1,292504892.4
Sconica_v3_20590-RA,0,0,0,314713300.1,0,0
Sconica_v3_20593-RA,331870582.9,415991097.7,31177448,777518261.7,1165267433,463645875.3
Sconica_v3_20621-RA,0,0,0,0,511316830.5,0
Sconica_v3_20633-RA,0,0,22782452,0,99455744.79,171339819.7
Sconica_v3_20641-RA,0,0,0,0,0,108772146
Sconica_v3_20646-RA,0,0,358574304,125276458.6,0,0
Sconica_v3_20648-RA,1300052481,1163002935,0,0,1205242026,512373708.8
Sconica_v3_20660-RA,0,0,0,0,64791690.11,0
Sconica_v3_20679-RA,0,0,59897497744,33445219840,1061758540,1898771281
Sconica_v3_20696-RA,0,0,0,0,0,125898027.9
Sconica_v3_20704-RA,0,0,0,0,0,122175480.8
Sconica_v3_20734-RA,22447515.17,20407555.31,1991833130,2953850062,2740013426,1395433604
Sconica_v3_20759-RA,0,7221852.465,361165044,120951927.5,545846929.4,830242894.4
Sconica_v3_20832-RA,0,0,565627834,1007339808,0,69505774.94
Sconica_v3_20857-RA,0,0,0,0,232552463.8,2527844283
Sconica_v3_20946-RA,71642007.31,0,53293104,167191849.1,938687047.7,2501458679
Sconica_v3_21058-RA,538106934.9,567374495.8,256379456,1591691187,11024804010,26484769909
Sconica_v3_21097-RA,654921692.3,0,0,0,1294706756,337612540.5
Sconica_v3_21101-RA,4690833028,4254891195,0,52697640.52,2966159930,2963556882
Sconica_v3_21132-RA,0,0,0,0,31975090.01,0
Sconica_v3_21461-RA,0,0,0,0,238638599.6,105388365.7
Sconica_v3_21621-RA,1672852825,1405338471,0,0,389788863.7,611903358.6
Sconica_v3_21663-RA,0,0,0,0,347065407,402164791.6
Sconica_v3_21687-RA,0,0,2114059378,1864058474,0,0
Sconica_v3_21711-RA,0,0,0,0,15614275.3,54298626.05
Sconica_v3_21812-RA,0,451615773,0,0,0,0
Sconica_v3_21869-RA,0,0,0,0,848364846.6,2544586138
Sconica_v3_21870-RA,27147344.93,0,0,0,0,0
Sconica_v3_21906-RA,0,0,0,0,342727501.8,125784808.9
Sconica_v3_21932-RA,0,0,0,0,321731497.6,527447081.3
Sconica_v3_21970-RA,191570878.6,0,0,0,47679581.79,0
Sconica_v3_21992-RA,0,0,0,0,502016713.3,1747954149
Sconica_v3_22008-RA,561578387.4,0,0,0,0,0
Sconica_v3_22011-RA,0,0,42831600841,39457711444,691308876.5,2090444246
Sconica_v3_22033-RA,0,0,0,0,226146337.6,191973325.6
Sconica_v3_22058-RA,0,67301908.3,25734762,188583430.1,6361854549,15435649131
Sconica_v3_22146-RA,0,0,399452272,111788015.3,0,0
Sconica_v3_22154-RA,0,0,0,0,16831170.7,73728968.99
Sconica_v3_22178-RA,0,0,0,0,115765788.1,79706345.47
Sconica_v3_22203-RA,0,0,0,0,383587171.4,635479180.4
Sconica_v3_22285-RA,0,7707377.198,0,0,0,0
Sconica_v3_22292-RA,58284884.31,54091996.69,0,0,0,0
Sconica_v3_22300-RA,0,0,0,0,286977601.4,353774619.4
Sconica_v3_22382-RA,0,0,0,0,314226721.5,983566029.3
Sconica_v3_22427-RA,0,0,0,0,878037560.6,561075688.4
Sconica_v3_22448-RA,4986949677,6512557341,3626894344,4606262416,2628427059,4507929859
Sconica_v3_22452-RA,270305799.4,163746505.7,364074780,685918297.5,4811109561,4519761398
Sconica_v3_22518-RA,0,0,0,0,67531649.85,96571285
Sconica_v3_22541-RA,0,0,0,0,230391767.3,0
Sconica_v3_22584-RA,0,0,0,0,59551547.66,639957318.1
Sconica_v3_22586-RA,0,0,0,0,80481349.02,126872696.9
Sconica_v3_22597-RA,0,0,0,0,0,59112805.61
Sconica_v3_22638-RA,100894697,0,582459504,37271657.06,2692956437,7541594112
Sconica_v3_22653-RA,0,0,19592774,18335901.25,2353966437,4038821155
Sconica_v3_22691-RA,0,0,0,0,848450667.9,0
Sconica_v3_22695-RA,0,0,201164240,832982604.7,0,0
Sconica_v3_22703-RA,0,0,0,0,0,58344703.63
Sconica_v3_22742-RA,0,0,72545096,259408273.1,0,0
Sconica_v3_22746-RA,0,0,34955020,0,0,152196452.5
Sconica_v3_22752-RA,0,0,0,0,44540117.57,0
Sconica_v3_22753-RA,2796336607,4618227360,196644844,128391775.4,1859423514,1123005301
Sconica_v3_22754-RA,0,0,0,0,83518092.16,272936583.6
Sconica_v3_22761-RA,0,0,1573540448,784451866,0,0
Sconica_v3_22797-RA,27534311.89,0,509696448,659203336,2137405119,2436517030
Sconica_v3_22843-RA,0,0,193550364,2762417549,3235433313,3697278168
Sconica_v3_22876-RA,0,0,11613724080,8788409044,52528228.5,479365622.5
Sconica_v3_22930-RA,0,0,0,0,276465741.5,109304879.5
Sconica_v3_23029-RA,0,0,0,0,0,84493084.62
Sconica_v3_23041-RA,0,0,1229281852,792538876.8,0,0
Sconica_v3_23050-RA,10734644932,14957728985,357138165,578243003.6,5589613322,7738621964
Sconica_v3_23069-RA,46926101.24,98279438.43,1466022128,1077976686,9681470792,15962460333
Sconica_v3_23071-RA,0,0,0,0,0,383226538.4
Sconica_v3_23074-RA,0,0,0,0,0,39677896.92
Sconica_v3_23075-RA,0,0,0,0,805169674.4,1346039974
Sconica_v3_23081-RA,0,107246483.8,0,0,17645382.71,0
Sconica_v3_23133-RA,0,0,0,0,0,52839051.95
Sconica_v3_23183-RA,0,0,0,0,0,193628870.7
Sconica_v3_23239-RA,640635950,526921218.3,0,0,16420618.77,0
Sconica_v3_23272-RA,0,0,0,53044713.91,0,1200187340
Sconica_v3_23284-RA,0,0,87502388,116735310.2,65650786.67,0
Sconica_v3_23300-RA,60977109.11,0,564306390,897796875,11010561751,0
Sconica_v3_23315-RA,0,0,21229672,85621857.25,0,0
Sconica_v3_23326-RA,0,0,0,0,72826936.67,63510727.02
Sconica_v3_23340-RA,200802365.7,0,0,0,0,0
Sconica_v3_23355-RA,0,0,1636105131,1553106859,57763367.85,533160741.5
Sconica_v3_23432-RA,0,0,5508344128,3664367287,0,0
Sconica_v3_23444-RA,0,0,0,0,59352230.2,99267291.71
Sconica_v3_23446-RA,0,0,178427672,109544977.5,0,0
Sconica_v3_23449-RA,84230426.09,0,0,0,498723173.8,0
Sconica_v3_23467-RA,0,0,0,0,0,127511108.7
Sconica_v3_23468-RA,0,0,765936736,1102554433,0,0
Sconica_v3_23504-RA,734522382.6,1250345234,0,0,226395452.9,0
Sconica_v3_23511-RA,1.50E+11,1.98E+11,1505817459,4496852866,1.19E+11,66065968853
Sconica_v3_23513-RA,0,0,0,0,527407480.9,1139361582
Sconica_v3_23623-RA,0,0,0,0,0,241324980.7
Sconica_v3_23631-RA,0,0,0,0,0,2511067902
Sconica_v3_23695-RA,0,0,0,0,78022230.8,231413855.5
Sconica_v3_23712-RA,0,0,7255070554,5711835692,0,57261651.35
Sconica_v3_23757-RA,0,0,23355990,31973886.47,0,0
Sconica_v3_23763-RA,0,0,24973958,0,80347223.09,156757781.7
Sconica_v3_23765-RA,0,0,136783160,1720917077,0,0
Sconica_v3_23767-RA,0,0,0,0,148155404.5,2061174992
Sconica_v3_23769-RA,59843455.03,57347739.37,0,0,0,0
Sconica_v3_23770-RA,0,0,902701564,475556410.6,0,0
Sconica_v3_23771-RA,0,0,0,0,0,237891069.1
Sconica_v3_23777-RA,0,17728687.49,0,0,0,0
Sconica_v3_23784-RA,0,0,0,0,3847286589,2215280176
Sconica_v3_23787-RA,0,0,0,0,73803911.69,650540271.3
Sconica_v3_23805-RA,9431693569,19377985340,1409767284,1726135206,6169835131,4446908615
Sconica_v3_23833-RA,0,60570012.03,12631868,56247830.27,667550597.2,873240789.1
Sconica_v3_23849-RA,0,61522601.14,0,227879638.9,0,0
Sconica_v3_23855-RA,0,0,0,0,0,103408348.3
Sconica_v3_23856-RA,0,0,5396114942,5608018308,79091381.95,1160806834
Sconica_v3_23858-RA,0,0,0,0,1154884311,575294613.2
Sconica_v3_23869-RA,0,0,0,0,0,664557994.6
Sconica_v3_23878-RA,13403279.67,64237773.74,333468725,364187984.9,6929970611,17804163045
Sconica_v3_23903-RA,0,0,474027294,132961150.3,4376310670,8401471552
Sconica_v3_23912-RA,87747679.23,22162502.93,0,0,10672271.78,75061638.34
Sconica_v3_23919-RA,79369133.58,0,1461885119,1811621040,10399161958,6262067879
Sconica_v3_23920-RA,42686274,0,0,0,0,0
Sconica_v3_23947-RA,0,0,0,0,521300334,315323116.2
Sconica_v3_23949-RA,0,0,0,0,498553254.2,98002608.9
Sconica_v3_23961-RA,0,0,480925792,581116833.8,53847711.09,278440377.4
Sconica_v3_23973-RA,0,0,0,0,846562344.2,893644525.9
Sconica_v3_23979-RA,0,0,0,0,34862877.5,35070358.98
Sconica_v3_23996-RA,0,0,0,0,33269289.3,0
Sconica_v3_24000-RA,0,0,0,0,94377566.68,532775208.9
Sconica_v3_24012-RA,0,0,0,0,0,597578978
Sconica_v3_24069-RA,0,0,100167736,0,4292634498,6053977111
Sconica_v3_24086-RA,0,0,0,0,269387703.3,284591318.2
Sconica_v3_24096-RA,29925846.11,45094227.16,0,0,65267161.05,0
Sconica_v3_24102-RA,1136293791,1131873791,0,0,518023404.3,199133580.5
Sconica_v3_24106-RA,44579620.82,111395500.9,0,0,0,0
Sconica_v3_24110-RA,0,0,0,0,0,179267263.4
Sconica_v3_24172-RA,0,31535684.5,0,0,0,0
Sconica_v3_24178-RA,0,0,17725006892,22133645691,0,0
Sconica_v3_24185-RA,0,0,0,0,36558405.44,0
Sconica_v3_24209-RA,0,0,51146614,0,1866716579,2578529326
Sconica_v3_24283-RA,0,0,0,131885114.9,0,245965225.5
Sconica_v3_24285-RA,4189433979,3959274519,0,0,2073913627,1579225189
Sconica_v3_24317-RA,4640707226,11176623885,30894502,219852973.2,13018276579,1649635240
Sconica_v3_24325-RA,25861458.32,0,0,0,0,0
Sconica_v3_24334-RA,0,0,0,0,105493283.1,0
Sconica_v3_24366-RA,0,27471957.81,0,0,0,10186633.52
Sconica_v3_24397-RA,0,0,0,0,0,123065416.4
Sconica_v3_24398-RA,0,0,0,0,48686411.58,193847458
Sconica_v3_24409-RA,3385015852,3352928560,117370664,65024928.82,1102169834,932767371.7
Sconica_v3_24432-RA,35603810.78,107330645.6,0,0,58865234.49,0
Sconica_v3_24449-RA,0,0,0,0,2739753280,3945533799
Sconica_v3_24459-RA,0,0,0,1271496264,0,0
Sconica_v3_24465-RA,0,61166416.48,0,0,0,0
Sconica_v3_24484-RA,0,0,0,0,31251779.73,289039141.1
Sconica_v3_24540-RA,473795980.2,0,0,0,80987922.36,0
Sconica_v3_24546-RA,0,0,0,0,88906512.89,0
Sconica_v3_24550-RA,5583154573,7221295993,220579542,124715080.2,9189219714,5255852748
Sconica_v3_24562-RA,1231408840,0,5773812624,2503509253,24142621.8,0
Sconica_v3_24564-RA,0,0,0,0,99210586.58,566877308.1
Sconica_v3_24580-RA,16469691.88,0,1.07E+11,1.06E+11,3518184513,7991202898
Sconica_v3_24590-RA,0,0,142588756,113174342,0,0
Sconica_v3_24603-RA,0,0,0,0,4651881892,8632358831
Sconica_v3_24604-RA,0,0,5465168248,9640529779,0,0
Sconica_v3_24614-RA,0,0,0,0,31036879.57,55828466.68
Sconica_v3_24662-RA,0,0,21111308634,15649838739,0,276736828.7
Sconica_v3_24704-RA,0,0,0,0,5227484.259,0
Sconica_v3_24708-RA,60857790.59,40028509.69,0,0,0,62060686.42
Sconica_v3_24715-RA,71112271.45,184418284.3,0,0,69974693.88,0
Sconica_v3_24718-RA,1599008056,6177194188,0,308596194.7,1808735972,364630802.3
Sconica_v3_24720-RA,2.36E+11,2.61E+11,1116047876,1509774071,1.69E+11,1.15E+11
Sconica_v3_24723-RA,0,0,18336759132,19990521165,285149598.4,2121423494
Sconica_v3_24728-RA,0,0,0,2940923330,0,0
Sconica_v3_24734-RA,0,0,0,0,0,93747075.59
Sconica_v3_24737-RA,54102964.55,0,1.49E+11,1.45E+11,6173526211,11485833005
Sconica_v3_24743-RA,4441791284,6654908694,0,80306611.31,2542572341,1112664607
Sconica_v3_24796-RA,0,0,0,0,219140652.1,582117502.8
Sconica_v3_24806-RA,2470757479,8446320579,0,143864016.5,817938846.1,225259621
Sconica_v3_24808-RA,0,0,1272417816,62659254.71,0,0
Sconica_v3_24821-RA,1186448524,2305675367,0,0,1309634469,1250258473
Sconica_v3_24873-RA,0,0,0,0,0,104702860.6
Sconica_v3_24881-RA,0,0,0,0,154825589.2,107534286.2
Sconica_v3_24890-RA,0,0,0,0,50357689.6,115777567.6
Sconica_v3_24911-RA,0,41494692.79,0,0,0,0
Sconica_v3_24930-RA,1177859953,1226475946,0,0,394595425.1,569966887.9
Sconica_v3_24985-RA,0,0,0,0,235585259.3,102268723.8
Sconica_v3_25040-RA,0,0,0,0,587115369.2,1203409952
Sconica_v3_25052-RA,0,0,860085058,645941854.9,0,0
Sconica_v3_25060-RA,0,0,0,0,229099130.7,474090974.6
Sconica_v3_25068-RA,0,0,0,0,548972455.5,2724337985
Sconica_v3_25073-RA,0,0,0,0,0,240412279.5
Sconica_v3_25077-RA,0,0,1714561897,1756599124,0,0
Sconica_v3_25090-RA,0,166729740.7,0,0,0,0
Sconica_v3_25097-RA,0,0,58605332,0,0,0
Sconica_v3_25165-RA,0,0,1165418160,1221313602,0,0
Sconica_v3_25170-RA,0,0,0,0,469047029.5,168130605.9
Sconica_v3_25180-RA,0,0,0,0,685533219.7,0
Sconica_v3_25206-RA,0,0,0,31115463.94,0,0
Sconica_v3_25254-RA,39226732611,56181112935,6428879034,7000214230,65665342080,34437038345
Sconica_v3_25262-RA,0,548873019.6,0,0,117257997.4,0
Sconica_v3_25264-RA,4187942097,5008673309,0,0,1837208118,1281031825
Sconica_v3_25266-RA,0,0,0,0,412943680.4,2440862942
Sconica_v3_25283-RA,0,0,0,0,111413985.8,322698374.6
Sconica_v3_25295-RA,1149272744,915257990.9,386976608,135299872.7,216339691.1,134819908.3
Sconica_v3_25316-RA,0,0,0,0,22536716.46,0
Sconica_v3_25324-RA,240692734.2,118277907,0,0,0,0
Sconica_v3_25330-RA,0,73853317.43,0,0,0,0
Sconica_v3_25331-RA,0,0,0,0,288890474.3,0
Sconica_v3_25345-RA,0,0,0,0,27090529.98,0
Sconica_v3_25352-RA,0,0,0,0,100629740.5,0
Sconica_v3_25361-RA,234245628.8,0,2.08E+11,1.71E+11,7729049484,14025917052
Sconica_v3_25384-RA,18013504335,31612326831,423211549,410909837.3,15731019607,7475179569
Sconica_v3_25385-RA,3886550894,3385108804,376328960,649745228.1,3655908229,4905175976
Sconica_v3_25422-RA,1184121612,1987709724,79253126,0,3852515396,4602728425
Sconica_v3_25445-RA,0,231700721.6,7572704480,7972610955,0,143059034.5
Sconica_v3_25446-RA,0,0,1349386832,1486419059,60076614.83,382901399.9
Sconica_v3_25452-RA,0,0,0,0,97581838.05,0
Sconica_v3_25458-RA,2553755156,1174252699,818253152,469415374.5,736841485.7,0
Sconica_v3_25460-RA,0,0,0,0,474672008.1,0
Sconica_v3_25483-RA,2237843480,5863824140,29945440,285243277.7,6783382645,3532066257
Sconica_v3_25487-RA,74964287.86,80470272.17,0,0,70990663.46,58289237
Sconica_v3_25493-RA,0,0,0,0,96569006.44,992406024.9
Sconica_v3_25495-RA,8815117874,12647825094,27089258,0,6506503417,5937689299
Sconica_v3_25502-RA,0,15377830.83,3013985100,5643087885,3040479370,5146864072
Sconica_v3_25514-RA,0,0,0,92561096.57,55302359.29,446926304.5
Sconica_v3_25516-RA,0,50955964.14,0,0,0,0
Sconica_v3_25544-RA,0,0,26294677012,23003188284,43039754.64,138690041
Sconica_v3_25558-RA,0,0,4056131360,3847825911,0,109176073.8
Sconica_v3_25565-RA,730547115.8,871917885.9,97959632,0,0,203491846
Sconica_v3_25567-RA,16338684713,10331963271,0,0,2533314970,7603578166
Sconica_v3_25575-RA,0,0,0,83899237.7,0,0
Sconica_v3_25578-RA,0,0,0,0,0,254048513.3
Sconica_v3_25580-RA,0,0,0,0,218074421.6,326964056
Sconica_v3_25591-RA,0,0,58062916,0,359055475.1,445012734.5
Sconica_v3_25605-RA,0,0,2758834642,1743534980,0,0
Sconica_v3_25633-RA,0,0,4276279248,3407272589,0,0
Sconica_v3_25644-RA,0,0,0,0,0,105390640
Sconica_v3_25647-RA,0,0,0,0,330634180.3,215115413
Sconica_v3_25648-RA,0,0,0,0,50135949.56,38674713.6
Sconica_v3_25677-RA,1501416753,4043585142,0,52063573.99,910079787.6,410943060.6
Sconica_v3_25678-RA,0,0,0,0,421163808.5,2204710825
Sconica_v3_25697-RA,0,0,0,0,41658980.93,0
Sconica_v3_25698-RA,370843908.8,357275857.1,28528203188,24526228778,1308094680,2786302019
Sconica_v3_25738-RA,0,0,0,0,0,71540719.13
Sconica_v3_25825-RA,96645673.4,80497175.58,0,0,0,0
Sconica_v3_25841-RA,366231029.4,383639693.8,276933706,34592953.26,926847627.2,853355812.7
Sconica_v3_25846-RA,268583002.8,447771235,0,0,86703107.27,0
Sconica_v3_25883-RA,0,0,0,0,0,29122243.48
Sconica_v3_25891-RA,0,0,4005756280,2943088994,541462666.8,180871488.4
Sconica_v3_25893-RA,2226009064,6828861879,2602919034,3150888175,4050995440,1653372817
Sconica_v3_25908-RA,1436127076,2375944156,0,0,295746619.7,64751386.54
Sconica_v3_25919-RA,0,0,0,138454141.7,635439837.4,1948261597
Sconica_v3_25967-RA,0,0,3024752800,1763159414,0,0
Sconica_v3_25976-RA,771801058.7,1981505655,0,0,702555625,577848754.6
Sconica_v3_25991-RA,0,0,0,0,663975529.2,908214733.2
Sconica_v3_26013-RA,24706981298,24589900023,386323744,507639861.2,16371679083,22701434374
Sconica_v3_26069-RA,16241688.15,47188484.8,0,0,0,0
Sconica_v3_26073-RA,0,0,0,0,397401849.1,517431225.3
Sconica_v3_26096-RA,1325588377,1332665185,41954868,0,220197349.1,1063822498
Sconica_v3_26115-RA,0,0,0,0,121026138.3,102770143.2
Sconica_v3_26120-RA,206527681.4,676758008.2,190737056,18164878.33,445088601.7,0
Sconica_v3_26122-RA,0,0,0,21452515.01,0,0
Sconica_v3_26137-RA,0,0,0,50342321.11,1298862455,1290717483
Sconica_v3_26195-RA,0,0,67669123667,77957972532,793423863.5,2169538343
Sconica_v3_26235-RA,0,0,0,0,14873914.15,0
Sconica_v3_26255-RA,0,0,0,0,49373584.85,83821334.23
Sconica_v3_26269-RA,313295579.3,525751697.7,0,0,869546567.2,265250211.1
Sconica_v3_26274-RA,0,0,0,0,260070859.7,290546532.1
Sconica_v3_26289-RA,0,0,0,0,0,65998966.47
Sconica_v3_26293-RA,0,0,0,0,193034472.7,263384446.5
Sconica_v3_26298-RA,0,0,14273170648,12216504351,499172491.9,939887499.8
Sconica_v3_26368-RA,0,0,0,0,390630083.9,99558362.3
Sconica_v3_26477-RA,1100870366,1206988005,0,0,318820714.1,172226435.8
Sconica_v3_26575-RA,0,0,0,0,0,123699251
Sconica_v3_26576-RA,0,0,0,0,729109125.1,106710502.2
Sconica_v3_26578-RA,0,0,0,0,371192674.5,1605404726
Sconica_v3_26579-RA,0,0,2643294880,2163172139,47296765.87,0
Sconica_v3_26602-RA,0,0,0,0,271162701.2,81919772.98
Sconica_v3_26605-RA,0,0,789574084,1099535994,0,0
Sconica_v3_26626-RA,1647061925,1951280234,98286744,51855211.76,896784156.2,737782377
Sconica_v3_26655-RA,4510590599,0,0,0,0,0
Sconica_v3_26659-RA,75365841.99,0,21224880,0,0,249723241.8
Sconica_v3_26678-RA,0,0,0,0,0,121025441.3
Sconica_v3_26680-RA,15846678790,11562782067,0,0,8096283777,10038924093
Sconica_v3_26696-RA,0,0,0,0,931107653.5,377818323.8
Sconica_v3_26698-RA,0,0,37489836,0,253457492.3,0
Sconica_v3_26806-RA,0,0,0,0,0,0
Sconica_v3_26819-RA,0,47703874.89,0,0,0,0
Sconica_v3_26824-RA,0,0,0,0,0,48730794.08
Sconica_v3_26831-RA,458054097.7,740283056.9,0,0,697197695.5,982727632.1
Sconica_v3_26840-RA,7450135968,1789707409,0,0,1558141262,6731826019
Sconica_v3_26848-RA,90194602.18,0,0,0,0,0
Sconica_v3_26876-RA,16189420061,25682682395,907482298,977882204.4,19977862599,11563549883
Sconica_v3_26924-RA,0,0,14412942,0,0,0
Sconica_v3_27012-RA,0,0,0,0,0,269630811.4
Sconica_v3_27043-RA,0,0,0,62697074.21,0,145092135.2
Sconica_v3_27072-RA,15271700471,24508956411,326544552,664414565,6853753687,606215473.4
Sconica_v3_27239-RA,292018372.7,50284272.23,0,0,76869854.28,179251716.9
Sconica_v3_27246-RA,661418628.2,1058999570,57487460,98673868.06,332177655.5,411774979.7
Sconica_v3_27308-RA,0,0,0,0,39101955.7,495980112.1
Sconica_v3_27399-RA,123868055.5,111331464.4,0,0,101427353.8,0
Sconica_v3_27458-RA,0,0,0,0,63113912.46,140226061.2
Sconica_v3_27482-RA,0,0,0,0,89942958,0
Sconica_v3_27484-RA,2.05E+11,3.00E+11,21067904944,17579491257,2.09E+11,1.16E+11
Sconica_v3_27610-RA,0,0,5895851592,6404526735,36670858.62,0
Sconica_v3_27742-RA,34640921.08,0,70689384,22548796.1,532798135.4,1433048807
Sconica_v3_27755-RA,558598012.8,620705829.1,0,0,264940624.7,441224814
Sconica_v3_27811-RA,0,0,0,0,52873940.19,0
Sconica_v3_28044-RA,45237649929,92349914612,1441475010,1182143160,48875089500,22016649143
Sconica_v3_28067-RA,0,0,0,0,0,48933737.16
Sconica_v3_28072-RA,0,0,0,0,415666564,1001761617
Sconica_v3_28095-RA,522929906,128302600.6,3711662352,4185085091,27352871761,1093593974
Sconica_v3_28116-RA,0,0,0,0,79802074.21,56284622
Sconica_v3_28170-RA,0,0,0,0,138898988.8,267026395.3
Sconica_v3_28237-RA,465102861.6,733412678.3,240909920,268477868.5,377379096,232173492.2
Sconica_v3_28263-RA,0,0,0,0,46295080.95,108399552.4
Sconica_v3_28308-RA,0,0,0,0,274568319,533037334.3
Sconica_v3_28422-RA,0,0,0,0,190032713.4,0
Sconica_v3_28430-RA,0,0,182620506,62180032.65,0,0
Sconica_v3_28454-RA,0,0,0,0,80086998.88,153025109.5
Sconica_v3_28468-RA,211057549.4,62560581.08,50125472,0,0,0
Sconica_v3_28504-RA,0,0,0,0,704036964.7,806938789.1
Sconica_v3_28514-RA,1401340134,0,14373794068,15206882932,92409791.96,957042275.2
Sconica_v3_28537-RA,8627590160,6719137621,0,0,4300407800,3693190017
Sconica_v3_28568-RA,0,0,408079600,462707533.9,0,0
Sconica_v3_28583-RA,0,0,0,0,702675239.5,664454044.9
Sconica_v3_28599-RA,0,19595447.31,0,0,0,0
Sconica_v3_28600-RA,0,0,0,0,312183692.3,951964132.4
Sconica_v3_28648-RA,0,0,1155180528,1625292276,0,122921047
Sconica_v3_28657-RA,0,0,4371686814,2783247180,0,0
Sconica_v3_28694-RA,0,0,0,0,455937628.9,131425371.2
Sconica_v3_28732-RA,0,0,0,0,71325927.88,0
Sconica_v3_28766-RA,0,0,8707138200,6078722859,380381554.7,23834963.65
Sconica_v3_28767-RA,4707908097,826795239.4,0,0,2914867027,3203128547
Sconica_v3_28785-RA,0,0,0,0,565329157.2,3163291469
Sconica_v3_28797-RA,0,0,0,0,42633892.32,0
Sconica_v3_28804-RA,864783632.9,722536394.8,0,0,359371237.4,60180661.72
Sconica_v3_28850-RA,0,0,502305744,418479915.2,3798784716,5266083132
Sconica_v3_28851-RA,0,0,0,0,25124081.65,0
Sconica_v3_28856-RA,0,0,0,0,1861138406,881421640.2
Sconica_v3_28860-RA,0,0,0,0,28410229.96,6344766115
Sconica_v3_28882-RA,28402510.45,0,0,210421277.2,3238975633,2108374551
Sconica_v3_28888-RA,66250561.59,62355920.08,1121330677,1451654896,9611552915,8516542144
Sconica_v3_28889-RA,0,0,0,0,0,431748278.8
Sconica_v3_28896-RA,0,0,2384754098,2393081999,0,0
Sconica_v3_28899-RA,516074681.4,149225873.1,0,0,0,0
Sconica_v3_28918-RA,0,0,0,0,106262947.7,101598417.8
Sconica_v3_28939-RA,0,0,0,0,206134844.5,80461898.83
Sconica_v3_28951-RA,0,0,0,0,731855546.8,1865815247
Sconica_v3_28952-RA,0,0,7167822364,4443760255,66078129.55,308754300.5
Sconica_v3_28953-RA,0,0,655671824,942787665.6,0,0
Sconica_v3_28959-RA,59939339.64,0,0,0,0,0
Sconica_v3_28963-RA,1073703820,599663244.3,0,0,229888858.1,3753530411
Sconica_v3_28964-RA,110904527.7,24438271.05,0,0,0,1300078853
Sconica_v3_28975-RA,0,0,0,0,106984922.1,520959409.7
Sconica_v3_28977-RA,0,0,0,0,0,472853054.5
Sconica_v3_28996-RA,16934771.26,72898949.42,1133429112,734460494.7,11814051996,6474792316
Sconica_v3_29000-RA,0,0,53630520,0,0,0
Sconica_v3_29079-RA,0,0,4373593272,3386859274,79234556.31,191778417.1
Sconica_v3_29089-RA,0,0,0,0,998742623,1952672291
Sconica_v3_29090-RA,0,10080667.55,0,0,0,0
Sconica_v3_29103-RA,0,0,0,0,790633362.3,1163385314
Sconica_v3_29106-RA,0,0,1645427888,737596402.9,0,0
Sconica_v3_29162-RA,911193412.2,2388302260,3968065414,4580998250,593543978,0
Sconica_v3_29189-RA,0,0,0,0,0,7976798820
Sconica_v3_29199-RA,0,0,0,0,0,2951228565
Sconica_v3_29213-RA,213797811.7,46848613.37,0,0,0,315758740
Sconica_v3_29228-RA,9927459704,14135382587,28709787216,611746660.9,15627509551,5817493446
Sconica_v3_29257-RA,12953010270,24642644802,139595008,330228039.4,8718797710,6234498940
Sconica_v3_29274-RA,0,0,0,0,0,69673713.97
Sconica_v3_29313-RA,0,0,0,0,0,29362189.2
Sconica_v3_29334-RA,0,0,0,0,0,213647936.4
Sconica_v3_29337-RA,0,0,747964695,586680091.9,1980809875,2469580583
Sconica_v3_29346-RA,65807354902,1.05E+11,60461091366,31529025423,68172155325,31282234141
Sconica_v3_29347-RA,304944322.5,1255393622,0,0,214889519.9,87372783.63
Sconica_v3_29348-RA,0,31398336.53,0,0,0,0
Sconica_v3_29380-RA,0,0,0,0,0,499047965.9
Sconica_v3_29386-RA,0,52820690.67,0,0,0,6489648.823
Sconica_v3_29408-RA,0,0,0,0,0,56421961.92
Sconica_v3_29421-RA,0,0,0,0,127955268.1,602467162.8
Sconica_v3_29435-RA,24099067568,19380727938,3382747800,1681388377,15053641936,21713845837
Sconica_v3_29438-RA,0,0,0,0,0,54886768.74
Sconica_v3_29491-RA,0,0,0,0,119490211.8,143726948.5
Sconica_v3_29497-RA,0,0,13962754388,12683903530,102403164.6,561678892.4
Sconica_v3_29512-RA,65076384.16,53632930.64,0,0,62129127.19,0
Sconica_v3_29520-RA,0,0,0,0,107245043.1,0
Sconica_v3_29563-RA,0,0,82641816,43805326.91,0,0
Sconica_v3_29586-RA,0,0,70511704,0,2510427727,5855449352
Sconica_v3_29594-RA,1834172252,2215436262,0,0,1358065298,1977813262
Sconica_v3_29603-RA,1441024830,2731248099,514031484,659588607,1380679984,402175456.5
Sconica_v3_29611-RA,2813812650,3573414019,0,42698194.52,1965574607,1905848363
Sconica_v3_29625-RA,0,0,0,0,73337155.22,846084449.3
Sconica_v3_29627-RA,103546257.5,406448750.7,0,0,129537734.8,164450862
Sconica_v3_29628-RA,272361192,201037042.3,0,0,86157744.16,123727716.6
Sconica_v3_29631-RA,38086470710,57018547044,1054243220,1172416487,30201136828,24154180905
Sconica_v3_29634-RA,51716722.27,61059191.15,0,0,0,210273278.9
Sconica_v3_29671-RA,0,0,0,0,38005331.6,169031137.5
Sconica_v3_29677-RA,0,0,977197906,377904572.3,2134598664,2450917110
Sconica_v3_29681-RA,0,0,0,0,173740099,0
Sconica_v3_29805-RA,0,0,0,0,140205963.6,227033427.5
Sconica_v3_29825-RA,0,0,0,0,0,62978315.14
Sconica_v3_29826-RA,4098736025,3622166200,56643736,96967595.23,2956941385,3238514902
Sconica_v3_29842-RA,0,0,0,0,0,159384618.8
Sconica_v3_29845-RA,1713954420,1232355973,0,0,163621448.8,310482989.4
Sconica_v3_29852-RA,0,0,0,0,876868276.5,0
Sconica_v3_29888-RA,0,18169966.49,0,0,0,518659370.8
Sconica_v3_29906-RA,0,0,0,0,78166860.72,118688893.7
Sconica_v3_29934-RA,52496469.83,35406395.27,0,0,135614497.7,0
Sconica_v3_29960-RA,0,36197716.96,0,0,0,0
Sconica_v3_29978-RA,0,0,0,0,179675694.5,256545947.4
Sconica_v3_30021-RA,0,0,0,0,62584844.08,487315935.1
Sconica_v3_30025-RA,0,0,2556250905,2775398974,0,0
Sconica_v3_30064-RA,0,0,302054838,62646003.52,306068921,921834619.3
Sconica_v3_30068-RA,0,0,53788840,96191309.54,706575792.4,2521051299
Sconica_v3_30074-RA,0,0,1736090652,1561921215,2938106203,8342905984
Sconica_v3_30100-RA,1053915807,1550268713,50263204,28216967.92,1337542634,252542885.5
Sconica_v3_30102-RA,1039223144,847039350.5,0,0,314447059.4,83736747.33
Sconica_v3_30122-RA,45498342.68,536383916.6,0,0,82467478.94,0
Sconica_v3_30129-RA,0,0,0,0,33382479.71,803646524.8
Sconica_v3_30135-RA,2413180263,4818360172,251095600,275536886.6,3021440557,3208707440
Sconica_v3_30137-RA,0,0,0,0,0,35812344.32
Sconica_v3_30138-RA,0,0,0,0,0,69465665.3
Sconica_v3_30139-RA,0,0,21039884,0,162124330.9,831226361.7
Sconica_v3_30148-RA,0,0,59192544,0,1356300219,1343297798
Sconica_v3_30150-RA,0,0,0,0,231954130.2,274262901
Sconica_v3_30153-RA,0,0,411160056,468919420,0,0
Sconica_v3_30174-RA,0,0,110715248,113663447.8,1258043213,955069413.6
Sconica_v3_30177-RA,0,0,40963924,70022663.38,623918419.3,778617256.7
Sconica_v3_30186-RA,0,0,0,0,195343472.7,808287711.4
Sconica_v3_30243-RA,0,0,35344200,0,350091488.7,1393449849
Sconica_v3_30250-RA,0,0,0,0,55300040.48,23475020.66
Sconica_v3_30289-RA,0,0,0,0,1193708762,1660461760
Sconica_v3_30298-RA,0,0,0,0,359926323.2,0
Sconica_v3_30299-RA,5347762692,2520434636,0,0,857416929.1,1395515323
Sconica_v3_30300-RA,0,0,72792688,0,752187795.8,1534947639
Sconica_v3_30304-RA,0,0,0,0,0,1300880063
Sconica_v3_30313-RA,0,0,0,0,93047617.91,549633773.5
Sconica_v3_30325-RA,0,0,81510392,58620334.67,0,0
Sconica_v3_30344-RA,0,0,188841592,0,0,0
Sconica_v3_30364-RA,0,0,36991511872,40646150138,1203225033,631452870.3
Sconica_v3_30370-RA,0,0,32790630,0,455721058.9,469550854.6
Sconica_v3_30390-RA,0,0,0,0,190320234.1,656495335.9
Sconica_v3_30401-RA,0,0,5247177980,4132056247,0,0
Sconica_v3_30411-RA,230242116.6,414193860.1,0,0,0,59480356.75
Sconica_v3_30412-RA,1975695418,2234129465,0,0,807701703.1,717358642.6
Sconica_v3_30415-RA,31908183046,27615532306,389959768,488601401.7,20737221142,18124058930
Sconica_v3_30426-RA,0,0,498564164,130154912.9,0,0
Sconica_v3_30428-RA,118641650.6,0,62750687139,67934897771,1820331743,2744571968
Sconica_v3_30460-RA,0,0,408387544,743620062.6,0,0
Sconica_v3_30462-RA,0,0,0,656622195.5,0,0
Sconica_v3_30570-RA,12117860545,13940412948,67483120,25822347.43,8903930081,9625668727
Sconica_v3_30576-RA,4566809198,5056189541,0,0,1915727735,725161220.5
Sconica_v3_30611-RA,482826164.9,791033093.6,0,0,93714756.73,0
Sconica_v3_30619-RA,34679248.75,0,56867828,56561918.83,0,0
Sconica_v3_30632-RA,1005439442,1862843592,957172928,87142572.41,266509884.2,0
Sconica_v3_30652-RA,1498278989,2638551264,0,0,807946079.9,550544076.9
Sconica_v3_30662-RA,0,0,0,0,335376224.4,1963122002
Sconica_v3_30694-RA,0,0,0,0,25222678.64,411503042.1
Sconica_v3_30695-RA,0,0,15278369136,9979121417,726627763.9,1724055543
Sconica_v3_30708-RA,90974075.16,88867427.2,1110713328,815505349.5,14911738571,1265657083
Sconica_v3_30715-RA,0,0,13726045140,10342103119,95996951.72,775819603.4
Sconica_v3_30717-RA,139050081.6,697090159.8,53752966054,57833001646,1350231856,3787526232
Sconica_v3_30718-RA,93849800.88,0,1709972865,802621685.8,11985769085,11576714433
Sconica_v3_30740-RA,75205057.42,780660696.8,0,0,143337097.7,193411190.9
Sconica_v3_30744-RA,0,0,1432123036,534136836.3,0,0
Sconica_v3_30747-RA,0,0,5751812418,6499840195,0,263673713.7
Sconica_v3_30766-RA,0,0,12799107888,13297260412,377851252.5,502701837.3
Sconica_v3_30768-RA,0,0,0,0,50844386.01,0
Sconica_v3_30770-RA,928163601.5,804962471.1,0,0,348458411.3,45704772.97
Sconica_v3_30783-RA,0,0,0,0,65109273.55,0
Sconica_v3_30784-RA,0,0,0,0,536481705.8,961492699.7
Sconica_v3_30796-RA,1.37E+11,51225475525,677922564,626993117.8,96126933329,1.31E+11
Sconica_v3_30802-RA,0,0,0,0,112572803.6,156192263.8
Sconica_v3_30809-RA,0,0,0,0,0,66442808.63
Sconica_v3_30849-RA,0,0,14676774568,15737997079,279770427.7,696053679.2
Sconica_v3_30872-RA,0,0,101392034,121850049.2,0,0
Sconica_v3_30878-RA,0,0,0,0,324431584.6,630480671
Sconica_v3_30899-RA,0,0,0,0,352232487.8,752032798.3
Sconica_v3_30941-RA,0,0,0,0,1200666533,1467253121
Sconica_v3_30967-RA,0,0,0,0,4505563598,17004364934
Sconica_v3_30996-RA,0,0,0,0,204170989.2,399423810.9
Sconica_v3_31010-RA,0,0,52068196,145286115.7,0,0
Sconica_v3_31027-RA,39989610.27,91730244.32,193963684,418520993.4,5057939433,11055248486
Sconica_v3_31037-RA,25785619.38,140446403.7,244441968,494991642.8,6679060453,10560396215
Sconica_v3_31048-RA,0,52157883.67,1486485376,1254887554,986439451.7,1140727759
Sconica_v3_31065-RA,0,0,0,97646170.97,0,0
Sconica_v3_31090-RA,0,0,0,0,0,214755190
Sconica_v3_31113-RA,411299946.9,944307084.9,0,0,272359885,666219776.7
Sconica_v3_31163-RA,0,0,13133995158,15124565947,320093593.5,272652019.8
Sconica_v3_31164-RA,4161869515,1967776734,62327196,36626324.72,256983775.2,959352812.3
Sconica_v3_31193-RA,0,0,0,0,718352850.6,1521424688
Sconica_v3_31200-RA,1563469098,2783423877,0,0,755230928.3,2059385435
Sconica_v3_31260-RA,1369753634,72418035.47,0,0,197289369.8,173748534.8
Sconica_v3_31299-RA,0,0,0,0,59215212.05,0
Sconica_v3_31301-RA,0,0,0,0,0,568185023.8
Sconica_v3_31330-RA,10688503138,24645051287,282111577.9,677610546.5,12546734520,3331642198
Sconica_v3_31362-RA,0,0,376256880,52782751.83,0,0
Sconica_v3_31371-RA,0,0,42866632,0,0,0
Sconica_v3_31378-RA,0,0,29236271281,31141946597,698753032.7,1600358911
Sconica_v3_31385-RA,0,0,0,0,73728776.97,0
Sconica_v3_31395-RA,0,0,68029337,133178194.8,251196758.9,207472831.6
Sconica_v3_31521-RA,0,0,2274146352,1657840927,0,0
Sconica_v3_31529-RA,0,0,5298792,0,0,0
Sconica_v3_31547-RA,0,0,0,0,63911100.38,172774153
Sconica_v3_32712-RA,0,58039976.57,0,0,0,0
Sconica_v3_32754-RA,0,104927726.6,0,49249791.18,4045432793,4435951980
Sconica_v3_32771-RA,957304413.8,3012464242,0,0,735257626.3,183318929
Sconica_v3_32782-RA,0,0,0,0,179397830.2,174519462.3
Sconica_v3_32828-RA,0,0,0,0,710492803.9,1981930378
Sconica_v3_32834-RA,0,0,0,0,0,0
Sconica_v3_32867-RA,0,0,0,0,238423302.5,378994098
Sconica_v3_32871-RA,355607046.2,611649281.3,0,0,461524478.7,518513732.1
Sconica_v3_32873-RA,0,0,0,0,0,49606595.97
Sconica_v3_32998-RA,34437939360,43333745196,1433483168,724227930.5,27781957217,17651050657
Sconica_v3_33153-RA,0,0,1485618816,1783998822,0,0
Sconica_v3_33239-RA,108801701.7,0,0,0,154772735.3,392422914.8
Sconica_v3_33245-RA,0,0,0,0,42200456.24,0
Sconica_v3_33301-RA,0,55901549.72,0,0,0,222703202.6
Sconica_v3_33321-RA,18716116105,27705005930,641609204,336587468.6,19743226136,4234945938
Sconica_v3_33395-RA,224088781.5,1156219299,0,0,601819975.1,219730302.1
Sconica_v3_33437-RA,0,0,60385247,480009113.9,765250064.7,416796357.9
Sconica_v3_33454-RA,0,0,0,0,243932686.1,262903486.9
Sconica_v3_33466-RA,0,0,0,0,117890423.3,0
Sconica_v3_33474-RA,0,0,0,0,0,114177833.7
Sconica_v3_33501-RA,3008236565,4030013721,0,77775705.19,2207429384,756121673.3
Sconica_v3_33523-RA,0,0,0,0,79116435.26,0
Sconica_v3_33610-RA,0,0,0,0,68206564.28,122577013.7
Sconica_v3_33667-RA,0,0,9808972999,10605599584,0,0
Sconica_v3_33772-RA,0,0,13172341016,13563696244,0,0
Sconica_v3_33783-RA,108797044.9,417122192.3,0,0,0,0
Sconica_v3_33824-RA,0,0,3842066585,1811801764,0,0
Sconica_v3_33841-RA,0,0,211944480,83234149.13,0,24039435.83
Sconica_v3_33868-RA,0,0,1167721504,5095346420,1275649800,3521052664
Sconica_v3_33875-RA,0,0,191638320,184569417,3960658778,2127695536
Sconica_v3_33880-RA,0,74886658.85,19261989751,21523893168,1421971508,1572320185
Sconica_v3_33895-RA,0,0,142242450,94237918.22,0,0
Sconica_v3_33915-RA,0,30912298.22,400649104,549589522.1,66892343.14,0
Sconica_v3_33921-RA,0,0,647915046,298099581.3,0,0
Sconica_v3_33937-RA,560595792.5,463864409.6,0,0,235877921.7,598625624.8
Sconica_v3_33954-RA,0,0,0,0,122498083.1,0
Sconica_v3_33976-RA,0,0,0,0,0,171862083.6
Sconica_v3_33977-RA,0,0,3216174612,2656692987,45415959.39,617298519.3
Sconica_v3_34009-RA,0,0,28702980705,31305348163,0,899263942.1
Sconica_v3_34010-RA,0,0,0,0,395528232.3,593231187.8
Sconica_v3_34018-RA,0,0,230347068,0,54314517.97,903771177.3
Sconica_v3_34028-RA,0,0,134297328,28854250.03,0,0
Sconica_v3_34033-RA,0,45158982.79,0,0,0,0
Sconica_v3_34057-RA,0,0,0,0,0,110981260.5
Sconica_v3_34084-RA,0,0,0,77379107.34,0,0
Sconica_v3_34127-RA,0,0,0,0,0,226237356.7
Sconica_v3_34192-RA,0,0,0,51933887.8,1578617051,422119247.6
Sconica_v3_34195-RA,327968451.4,1692233582,116511376,30958715.16,4145341571,5091929882
Sconica_v3_34200-RA,0,0,1919471256,1583528365,11290625535,2515098588
Sconica_v3_34201-RA,0,0,0,0,0,20547690.01
Sconica_v3_34205-RA,0,0,0,0,393205407.7,319773908.3
Sconica_v3_34235-RA,0,1334757304,0,0,341075272.1,0
Sconica_v3_34239-RA,2431287621,2288385599,0,0,1397468770,624586264.8
Sconica_v3_34245-RA,0,0,69059104,0,775819362.6,235941133.9
Sconica_v3_34257-RA,230964412.4,0,0,0,0,0
Sconica_v3_34281-RA,133277528.3,179474832.5,0,0,102506426,1820549791
Sconica_v3_34292-RA,0,0,0,0,1993627541,10802822879
Sconica_v3_34304-RA,282674801.2,264681173.6,0,0,96953306.28,0
Sconica_v3_34328-RA,0,0,0,0,69490760.52,122221149.7
Sconica_v3_34348-RA,258103140.4,38375603.74,407467890.5,484111979.3,1060663348,1786746124
Sconica_v3_34358-RA,0,0,55351201.75,0,946130797.4,1286275116
Sconica_v3_34367-RA,0,0,0,0,253814101.8,52432976.26
Sconica_v3_34371-RA,0,0,0,0,132519191.8,489875256.7
Sconica_v3_34387-RA,63342482144,1.02E+11,6889343688,3606683608,75936681406,48023656021
Sconica_v3_34446-RA,0,53777269.86,40505593200,34207836087,2115480980,5137030960
Sconica_v3_34475-RA,0,0,0,74366715.75,639100625.9,259914054.9
Sconica_v3_34512-RA,0,0,0,221155197.1,0,0
Sconica_v3_34546-RA,0,0,0,0,21592433.3,35721402.71
Sconica_v3_34634-RA,0,0,0,0,2549591381,3242644162
Sconica_v3_34643-RA,0,35086985.93,38493744,0,1980196473,3104936804
Sconica_v3_34690-RA,0,0,84760000,64467851.55,0,0
Sconica_v3_34696-RA,0,0,0,0,0,149760021.4
Sconica_v3_34699-RA,0,0,0,0,149565560.4,1046258316
Sconica_v3_34703-RA,0,0,12809583196,13412896026,0,70060871.97
Sconica_v3_34707-RA,0,0,65727268537,54910914288,2719689438,3847217931
Sconica_v3_34731-RA,0,0,1603899256,4345025688,800680034.8,324346683.4
Sconica_v3_34743-RA,2915073458,4186248290,0,0,1318443587,1796606274
Sconica_v3_34772-RA,0,0,0,0,37280918.62,853496024.1
Sconica_v3_34781-RA,583537346.3,2799949905,0,0,700260789.8,81618439.52
Sconica_v3_34819-RA,0,0,0,0,68763508.88,0
Sconica_v3_34881-RA,1959569331,2247648841,108958136,84700067.06,1594191950,531620639.5
Sconica_v3_34907-RA,0,0,27267872,33836425.85,338979723,0
Sconica_v3_34934-RA,2734676875,3504976029,83713120,0,1683828664,2069488988
Sconica_v3_34936-RA,0,0,119428792,47904336.45,4440003921,5580695978
Sconica_v3_34992-RA,0,0,0,0,832055420.7,1517433249
Sconica_v3_35028-RA,0,0,0,0,316269196.1,739253086.9
Sconica_v3_35100-RA,0,0,0,0,65464644.88,63904512.52
Sconica_v3_35141-RA,0,0,0,0,552606268.8,1629228396
Sconica_v3_35166-RA,0,0,2188934470,1911832531,0,608549040.3
Sconica_v3_35196-RA,0,66488480.48,0,0,63119785.12,123055170.8
Sconica_v3_35246-RA,1744062665,3500523583,0,37527315.21,2394498656,145997852.8
Sconica_v3_35248-RA,0,0,0,0,59788281.25,95782375.85
Sconica_v3_35258-RA,3857408156,7493241760,0,25832216.82,5270995515,1612558233
Sconica_v3_35299-RA,29350663.81,43403013.74,0,0,37129095.96,0
Sconica_v3_35318-RA,0,0,0,0,0,157634646
Sconica_v3_35327-RA,0,91342249.94,448742264,280926023.2,927840414.9,1296243586
Sconica_v3_35422-RA,17999723.47,179984786.5,0,0,44614568.61,0
Sconica_v3_35439-RA,0,0,0,0,186372419.6,0
Sconica_v3_35445-RA,13417841.2,192306164.5,0,15833571.12,66926995668,0
Sconica_v3_35446-RA,102742922.3,0,0,31862477.99,78276382788,724898049.7
Sconica_v3_35491-RA,0,0,4709252396,2909203866,0,222963542
Sconica_v3_35492-RA,32506887.08,0,0,0,0,0
Sconica_v3_35540-RA,0,0,2135650632,1538898097,0,577997867.8
Sconica_v3_35546-RA,0,36719258.6,0,0,0,0
Sconica_v3_35549-RA,1162764051,1340887257,0,0,1595141402,3444070292
Sconica_v3_35560-RA,0,0,144643648,356671972.7,1953233917,2843982521
Sconica_v3_35564-RA,0,0,274640826,315070026.4,0,0
Sconica_v3_35585-RA,0,0,0,0,0,342888492.1
Sconica_v3_35599-RA,0,0,0,0,120811458.7,0
Sconica_v3_35613-RA,0,0,0,0,151522276.6,257572878.4
Sconica_v3_35625-RA,0,0,0,0,0,133142045.6
Sconica_v3_35632-RA,0,0,0,0,58310265.29,767449356.9
Sconica_v3_35633-RA,0,0,0,0,0,131037989.2
Sconica_v3_35645-RA,0,0,0,0,0,176022953.8
Sconica_v3_35665-RA,0,0,0,0,130804262.7,304309742.4
Sconica_v3_35686-RA,34348636.1,0,92259312,0,103591538,439019581.8
Sconica_v3_35699-RA,0,40775630.61,953404656,1305950436,0,185754154.2
Sconica_v3_35700-RA,0,0,0,0,243977104.4,880315546.7
Sconica_v3_35720-RA,0,0,0,0,0,303025846.1
Sconica_v3_35730-RA,0,0,0,0,292876458,0
Sconica_v3_35731-RA,0,0,0,0,18590503.92,0
Sconica_v3_35746-RA,0,0,0,94606944.56,0,0
Sconica_v3_35765-RA,0,0,0,0,0,49518887.71
Sconica_v3_35769-RA,425289135.6,280587749.7,0,0,247128054,102447761.4
Sconica_v3_35775-RA,0,0,27481528,69140541.59,56996891.66,388446397.4
Sconica_v3_35796-RA,0,0,0,0,1908175637,2716076391
Sconica_v3_35824-RA,0,0,0,0,42966659.92,202584916.6
Sconica_v3_35858-RA,0,0,0,0,277176824.4,1272391080
Sconica_v3_35859-RA,0,0,0,87764246.54,1724120598,2882897248
Sconica_v3_35866-RA,0,0,0,0,97181615.25,298119846.3
Sconica_v3_35876-RA,1708643168,2715230049,53412804,0,845997101.1,965162042.9
Sconica_v3_35880-RA,0,0,0,0,676557267.3,463409863.6
Sconica_v3_35886-RA,0,0,3861394384,4454863888,0,0
Sconica_v3_35888-RA,0,0,6367843692,5019470948,74080184.89,309089007
Sconica_v3_35890-RA,1475338623,2569731165,0,0,598905915,939790154.6
Sconica_v3_35906-RA,0,0,699313972,0,0,0
Sconica_v3_35929-RA,509594701.3,304664484.1,0,0,85956158.29,498323275.7
Sconica_v3_35962-RA,0,0,2374600675,578549679,4508875866,6373375438
Sconica_v3_36026-RA,0,0,5944781864,5348978189,0,0
Sconica_v3_36037-RA,0,0,0,0,334818271.6,863124624.4
Sconica_v3_36040-RA,0,0,41588220,0,146333116.7,90740305.27
Sconica_v3_36091-RA,0,0,0,0,421194299.6,1232690980
Sconica_v3_36096-RA,0,0,0,0,139951892.5,933584462.2
Sconica_v3_36108-RA,68212586533,45105613163,353472432,1187994601,55693412227,80445591545
Sconica_v3_36118-RA,346065833.3,341815226.3,0,0,53225072.45,59312239.68
Sconica_v3_36143-RA,5714836870,14198477987,20392458,20358809.25,654123921,0
Sconica_v3_36155-RA,0,0,137542868,200017906.4,0,0
Sconica_v3_36163-RA,31867441658,40003743579,198303826,90702293.99,20795679470,15835395554
Sconica_v3_36164-RA,0,0,0,30836143.47,1110679924,2448761639
Sconica_v3_36179-RA,142829336.1,75940080.75,0,0,0,0
Sconica_v3_36181-RA,114706167.2,0,61797753.75,0,3548060125,12675210899
Sconica_v3_36186-RA,77780160.29,72350651.66,0,0,138077358.8,0
Sconica_v3_36192-RA,0,0,0,0,53560940.2,246681961.3
Sconica_v3_36209-RA,799670639,565338960.9,0,0,143291654,260950542.3
Sconica_v3_36237-RA,31926845.75,262769660.3,3505475411,3863651300,330358077.1,110144815.9
Sconica_v3_36238-RA,0,0,18683684536,12520542491,151576770.4,930396991.7
Sconica_v3_36246-RA,1827944566,2585753498,5.87E+11,6.30E+11,30157976576,42358283982
Sconica_v3_36249-RA,0,0,41498272,0,0,705954627.7
Sconica_v3_36253-RA,0,0,0,0,0,1280123483
Sconica_v3_36294-RA,2072690487,2628276514,0,0,4074771013,986434716
Sconica_v3_36305-RA,0,0,1086639600,871198630.7,0,0
Sconica_v3_36307-RA,0,0,0,138197617.6,149146944.6,174665497.3
Sconica_v3_36312-RA,0,0,0,0,0,839048224.8
Sconica_v3_36318-RA,0,0,0,0,102368330.4,70898407.74
Sconica_v3_36335-RA,0,0,0,0,0,1723375620
Sconica_v3_36350-RA,0,0,50272748,11603106.52,425213099.7,273786593.3
Sconica_v3_36394-RA,0,0,0,0,57552966.7,0
Sconica_v3_36401-RA,105446000.1,595328851.9,0,0,199555547.4,0
Sconica_v3_36423-RA,0,0,21048862,110993226.2,3882396956,11109926597
Sconica_v3_36446-RA,0,0,0,0,45535624.22,0
Sconica_v3_36485-RA,1745365879,1165585140,0,0,408952816.4,0
Sconica_v3_36487-RA,0,0,0,206540972.3,1878849600,820289919.3
Sconica_v3_36603-RA,0,0,0,0,234803427.3,778022411.9
Sconica_v3_36606-RA,0,0,0,0,637832755.9,2541823707
Sconica_v3_36607-RA,0,0,0,0,609260618.3,1716105724
Sconica_v3_36614-RA,4.25E+11,3.80E+11,4301032114,8799764655,2.26E+11,2.29E+11
Sconica_v3_36620-RA,0,0,0,0,108249312.3,0
Sconica_v3_36627-RA,0,0,0,0,0,78045786.68
Sconica_v3_36684-RA,666380070.3,933554989.5,0,0,291451648.8,220155341.4
Sconica_v3_36690-RA,0,0,0,0,0,239934501.6
Sconica_v3_36743-RA,0,0,0,0,248317342.5,1699344522
Sconica_v3_36799-RA,0,0,0,0,0,63797450.1
Sconica_v3_36823-RA,95509731.2,261775123.6,2035627744,2758180084,14328657998,16088243078
Sconica_v3_36839-RA,0,0,0,0,0,48918282.54
Sconica_v3_36852-RA,0,0,620954560,739720218,0,89249813.32
Sconica_v3_36866-RA,0,0,0,0,41720990.38,58863136.86
Sconica_v3_36917-RA,70292717.19,15470603.11,889711491,300053659.1,1708035285,717691844.4
Sconica_v3_36923-RA,14305811.78,57450020.14,0,0,20773452.91,0
Sconica_v3_36947-RA,1663300266,3876369843,58938348,2817168294,0,643801368.6
Sconica_v3_36962-RA,639447619.3,1135503750,44462338,15806834.81,328423730,235244814.7
Sconica_v3_36967-RA,0,0,110766368,27201778.15,0,0
Sconica_v3_37025-RA,0,0,1914683264,3063660650,0,0
Sconica_v3_37046-RA,0,0,23235744,23508056.94,0,0
Sconica_v3_37075-RA,287673627.4,877051709.2,0,0,466091184.3,96557593.5
Sconica_v3_37120-RA,0,0,171637600,65511501.37,1583560640,4752909938
Sconica_v3_37126-RA,0,0,95947006,26816595.92,723084573.5,366719007.7
Sconica_v3_37137-RA,0,0,0,0,249950344.3,109863152.4
Sconica_v3_37147-RA,24639361386,6575599885,297405340,44115171.81,3425894664,8269934251
Sconica_v3_37163-RA,0,0,0,0,29808038.79,169113826.3
Sconica_v3_37174-RA,831157190.2,223070123.8,75321968,0,0,895849568.5
Sconica_v3_37176-RA,0,0,0,0,0,115936742.7
Sconica_v3_37178-RA,0,0,1033197269,1303199436,0,0
Sconica_v3_37199-RA,0,0,0,13081633.34,0,0
Sconica_v3_37202-RA,0,0,0,0,0,557838085.2
Sconica_v3_37266-RA,0,0,0,0,27639928.97,700688594.4
Sconica_v3_37281-RA,0,0,0,0,515528555.4,1792678217
Sconica_v3_37313-RA,0,0,0,0,32390177.19,1333001961
Sconica_v3_37317-RA,0,0,0,0,0,235238905
Sconica_v3_37323-RA,0,0,61723052,0,0,0
Sconica_v3_37372-RA,0,0,218166346,505593389.5,0,0
Sconica_v3_37430-RA,960404343,2308001379,1295064808,1251197067,2637656547,1412206253
Sconica_v3_37433-RA,0,0,3306560639,2675111912,18737829879,587712200.7
Sconica_v3_37434-RA,1064967768,4685301616,265870952,0,1534482285,0
Sconica_v3_37475-RA,38180782431,56049936658,1171323586,1688785583,23200551480,22886848860
Sconica_v3_37504-RA,0,58607300.86,1200433.5,0,253576167.8,438836452.3
Sconica_v3_37549-RA,0,0,0,0,153675670.1,230409219.1
Sconica_v3_37554-RA,0,0,2559146728,1889007971,0,0
Sconica_v3_37556-RA,0,0,0,0,21596333.7,23319419.19
Sconica_v3_37558-RA,0,274145392.6,0,0,0,0
Sconica_v3_37589-RA,0,55139586.49,311962636,1069279417,10437653113,18569456851
Sconica_v3_37599-RA,0,0,0,0,0,93088132.25
Sconica_v3_37603-RA,0,0,544252256,550769990.1,0,0
Sconica_v3_37633-RA,0,0,0,0,358358500.3,791695183.2
Sconica_v3_37635-RA,499794567.6,178770275,0,0,396014938.1,2207687346
Sconica_v3_37754-RA,0,0,0,22624367.38,0,0
Sconica_v3_37759-RA,402734039.8,0,0,0,1472070354,4364286062
Sconica_v3_37770-RA,0,0,0,0,30285916.76,0
Sconica_v3_37777-RA,51150623.77,0,0,0,2673385059,8498288425
Sconica_v3_37780-RA,0,0,0,0,166446064.3,1433735840
Sconica_v3_37782-RA,0,0,181563568,446747406.9,294811444.8,0
Sconica_v3_37825-RA,92484114.16,0,0,0,0,0
Sconica_v3_37828-RA,0,0,0,32395390.19,0,0
Sconica_v3_37834-RA,0,0,1392745051,1477825759,0,0
Sconica_v3_37888-RA,0,0,0,0,0,372220599
Sconica_v3_37911-RA,0,0,0,0,795108452.7,966799015
Sconica_v3_37912-RA,209587731.7,902195911.2,199124882,0,0,179704437.9
Sconica_v3_37919-RA,0,0,1425299632,1279258099,0,0
Sconica_v3_37933-RA,643135949.8,443479406,0,0,73535174.64,47954212.44
Sconica_v3_37939-RA,0,0,0,0,329752651.6,398764109.4
Sconica_v3_37944-RA,0,0,0,0,235160402.2,0
Sconica_v3_37954-RA,196040388.1,202446677.5,0,0,0,0
Sconica_v3_37990-RA,276372988,2345312088,0,0,2165684068,0
Sconica_v3_38022-RA,247065824.8,0,0,0,0,0
Sconica_v3_38048-RA,0,0,0,0,188438929.9,0
Sconica_v3_38064-RA,0,0,0,0,90357852.99,1418186696
Sconica_v3_38104-RA,0,0,948083393,875682372,0,0
Sconica_v3_38135-RA,0,124395323,0,0,0,0
Sconica_v3_38169-RA,0,0,0,0,0,567187882.2
Sconica_v3_38171-RA,11873950.99,116700382.3,0,0,0,0
Sconica_v3_38217-RA,0,0,0,0,5429249033,15498199360
Sconica_v3_38287-RA,0,0,0,0,0,92147617.38
Sconica_v3_38288-RA,0,0,0,0,178982856.5,217819471.5
Sconica_v3_38291-RA,0,0,43639424,51493901.16,27293439.09,0
Sconica_v3_38412-RA,0,68280796.38,1927345992,1311840206,20601805442,24588673495
Sconica_v3_38444-RA,0,0,0,0,41482237.28,0
Sconica_v3_38520-RA,614840224.5,354889062,0,0,259864384.2,321718554.1
Sconica_v3_38539-RA,0,0,0,17241393.14,615665090.5,523331061.7
Sconica_v3_38556-RA,2957871504,1176528711,0,0,985617676.7,693156676.3
Sconica_v3_38571-RA,0,0,0,0,89312701.29,141614128.2
Sconica_v3_38577-RA,376953419.5,689689557.3,1059080003,1287222689,6740452792,7062339496
Sconica_v3_38579-RA,0,0,0,0,507911502.6,737367612
Sconica_v3_38616-RA,35910401.02,65728155.56,3587410207,2576043995,20435369361,8842767970
Sconica_v3_38627-RA,0,0,39036348,81740608.4,1531564487,5499182206
Sconica_v3_38646-RA,0,0,0,0,256844635.2,1050018279
Sconica_v3_38702-RA,0,0,460061938,280877682.7,0,0
Sconica_v3_38709-RA,0,0,0,0,0,337894782.5
Sconica_v3_38749-RA,0,0,0,0,1351144687,2235227631
Sconica_v3_38767-RA,8228168.322,0,0,0,43750446.9,0
Sconica_v3_38776-RA,0,0,11764351,0,776069842,1761698542
Sconica_v3_38835-RA,53839216192,62918582327,3937342547,5128073739,56695587727,26621428159
Sconica_v3_38908-RA,0,0,300035326,162998912.5,0,0
Sconica_v3_38920-RA,23254958.93,0,0,0,108199752.3,0
Sconica_v3_38927-RA,0,0,190206592,215382025.4,2203407963,5648557465
Sconica_v3_38964-RA,2231086077,1524114850,3814476296,3796559915,2285265745,2324112715
Sconica_v3_38969-RA,31860352.82,93401698.6,1.63E+11,1.69E+11,5335073884,16443842739
Sconica_v3_38990-RA,2856982510,2427857175,0,0,1445585500,1244017027
Sconica_v3_39004-RA,0,133241071.5,0,0,0,0
Sconica_v3_39007-RA,468513316.7,192577505.4,0,137564889,171666742.5,1283253833
Sconica_v3_39167-RA,19069769.93,14419300.59,53608268,30344009.84,3483767271,5098570015
Sconica_v3_39169-RA,0,0,0,0,1008927968,1112953022
Sconica_v3_39213-RA,0,0,0,0,0,185988925.4
Sconica_v3_39359-RA,0,0,0,0,0,50444671.59
Sconica_v3_39383-RA,0,0,0,0,219327805.2,218556721.7
Sconica_v3_39385-RA,0,0,0,0,0,166836754.1
Sconica_v3_39461-RA,34327666.03,0,0,0,196415730.2,159126031
Sconica_v3_39500-RA,0,0,0,0,820640753.3,1255114190
Sconica_v3_39702-RA,0,0,0,0,69168470.13,90980710.44
Sconica_v3_39740-RA,1909368593,3503553139,72733609370,84020636806,90329935543,47186995186
Sconica_v3_39776-RA,0,0,0,50613037.29,0,495353462.2
Sconica_v3_39803-RA,0,0,0,0,2298612868,3962433191
Sconica_v3_39836-RA,14610342607,36121360038,950809057,603567223.4,17785648356,6738873318
Sconica_v3_39843-RA,0,0,55222230432,63664226191,1402645327,2466751110
Sconica_v3_39863-RA,38833322053,63588402594,6973387252,5262859196,34772137600,21839734955
Sconica_v3_39869-RA,17730858625,18271802143,190687015,1673127046,6226433777,5531846905
Sconica_v3_39885-RA,0,0,0,0,37942411.63,38768173.55
Sconica_v3_39886-RA,1.15E+11,97534790462,2113122146,5069027426,89783164482,1.21E+11
Sconica_v3_39889-RA,7709253283,5975328039,0,0,795775308,0
Sconica_v3_39894-RA,0,0,0,0,0,126079784.8
Sconica_v3_39906-RA,0,0,485856350,310509668.2,0,0
Sconica_v3_39909-RA,0,0,0,0,421787097.7,0
Sconica_v3_39923-RA,200107856.6,397832649.9,579000872,501030287.7,156029691.8,145062730.6
Sconica_v3_39924-RA,783753756.3,1739410084,0,0,225710708.7,95021050.69
Sconica_v3_39954-RA,125209279.6,0,335276202,0,5139685886,875226802.1
Sconica_v3_39957-RA,19771911043,20793605375,0,148011787,5959149868,10257262998
Sconica_v3_39986-RA,4581611596,3486778067,0,0,1063645169,1462302245
Sconica_v3_40003-RA,0,0,36116726706,44146485249,868140888.2,0
Sconica_v3_40008-RA,0,0,16917496090,14701199616,181304345.3,0
Sconica_v3_40018-RA,84627100.13,194002056.6,0,0,0,0
Sconica_v3_40053-RA,0,0,0,0,412243085.7,2918978986
Sconica_v3_40072-RA,8012910369,10723388029,424733942,519546948.8,16606222103,12656312496
Sconica_v3_40085-RA,6748509327,2571341934,0,0,2049369007,0
Sconica_v3_40090-RA,1376947547,3370119170,0,0,1522480289,374065792
Sconica_v3_40094-RA,0,0,0,0,0,232674271.2
Sconica_v3_40113-RA,0,0,0,0,77291280.4,277351831.8
Sconica_v3_40122-RA,0,0,0,0,310157058.6,422630817.9
Sconica_v3_40130-RA,0,0,0,0,87260858.42,0
Sconica_v3_40132-RA,0,0,0,0,158125549.6,345979243.4
Sconica_v3_40139-RA,2014239085,1176696471,0,0,0,651720519.4
Sconica_v3_40171-RA,0,0,0,63166864.99,962890949.5,1874592631
Sconica_v3_40187-RA,0,0,0,0,51396957.63,0
Sconica_v3_40194-RA,0,33120782,974571048,873347820.5,129514874.3,130378534.8
Sconica_v3_40218-RA,0,0,0,0,190454927.2,604035315.5
Sconica_v3_40220-RA,0,0,4077052608,2735961103,0,0
Sconica_v3_40256-RA,0,0,31911738,59664685.27,102026197.7,608333623.2
Sconica_v3_40257-RA,100404206.8,91699783.12,0,0,0,0
Sconica_v3_40258-RA,0,0,271635394,576409855.9,41512249.58,46464619.28
Sconica_v3_40263-RA,1175373682,2617155480,0,0,1903906468,339433804.9
Sconica_v3_40269-RA,0,0,1310055454,1404655065,0,0
Sconica_v3_40270-RA,0,0,0,0,0,39537464.35
Sconica_v3_40272-RA,0,0,3160861434,3627858013,0,0
Sconica_v3_40301-RA,0,0,0,0,69492190.87,530798844
Sconica_v3_40386-RA,0,0,0,0,547587104.1,2547565565
Sconica_v3_40395-RA,0,0,0,0,174488793.4,246391775.2
Sconica_v3_40403-RA,266227754.3,626306623,0,0,449772366.7,138597784.2
Sconica_v3_40406-RA,0,0,181270256,70816433.65,0,0
Sconica_v3_40466-RA,0,0,364220064,0,1239224493,1597855016
Sconica_v3_40500-RA,0,0,0,0,382778165.6,0
Sconica_v3_40572-RA,0,0,3349240587,4546462181,134722912.5,0
Sconica_v3_40596-RA,1992956339,1745837203,431864934,9917736716,3566646274,4710286356
Sconica_v3_40630-RA,0,0,2210370028,858266800.9,0,0
Sconica_v3_40689-RA,2279007132,2302218330,116543708,152752086.4,233281760.2,243647871.2
Sconica_v3_40700-RA,305770271.6,798286654.9,0,0,0,536638139.6
Sconica_v3_40706-RA,1999553144,1248177889,0,0,242944164.3,701780337.4
Sconica_v3_40710-RA,0,0,0,0,267304265,3096355049
Sconica_v3_40731-RA,102489330.2,427961195.5,0,0,169945105.8,244995311.8
Sconica_v3_40774-RA,0,0,0,0,183974778.3,111814615.3
Sconica_v3_40806-RA,616312544.5,823804791.4,0,0,0,104110267.1
Sconica_v3_40912-RA,6168058822,5658826442,1356240409,553325295.3,6444255671,4957987734
Sconica_v3_40917-RA,0,0,0,0,539336582.4,1084463648
Sconica_v3_40938-RA,0,0,0,0,779474199.6,266824819
Sconica_v3_41018-RA,0,0,0,0,699230149.7,1974830072
Sconica_v3_41046-RA,0,0,0,0,0,293034263.3
Sconica_v3_41097-RA,0,0,0,0,114660405.4,130104383.3
Sconica_v3_41100-RA,34651230.39,25889936.07,14750360,0,365092622.7,285818587.7
Sconica_v3_41121-RA,0,0,3228466456,1452334194,37982077.27,0
Sconica_v3_41161-RA,0,0,0,0,0,30415090.33
Sconica_v3_41164-RA,0,0,0,475285744.1,0,0
Sconica_v3_41172-RA,0,0,1187651102,1310517979,0,0
Sconica_v3_41200-RA,0,0,0,0,900988480.5,200478086.4
Sconica_v3_41201-RA,0,0,0,0,769319699.2,698718880.2
Sconica_v3_41227-RA,0,0,0,0,0,71339722.95
Sconica_v3_41235-RA,88513711.85,126344797.6,0,0,0,0
Sconica_v3_41290-RA,0,0,1282398506,1141975097,0,0
Sconica_v3_41303-RA,971697900.4,1490772295,0,0,182389800.6,250357633.5
Sconica_v3_41315-RA,2484970046,5834522334,72013384,290957797.4,1366623268,229957158.6
Sconica_v3_41342-RA,4040324287,3202657119,0,0,3402388149,3922831525
Sconica_v3_41355-RA,0,0,0,0,40542492.51,67771681.8
Sconica_v3_41359-RA,0,117396385.7,0,0,184293577.9,0
Sconica_v3_41363-RA,0,0,0,0,0,91780672.14
Sconica_v3_41390-RA,318496716.5,177657807.2,0,0,135461367.5,0
Sconica_v3_41393-RA,102735347.7,0,406353152,603577584.2,1945545279,2981413713
Sconica_v3_41435-RA,0,0,0,0,0,21545161.84
Sconica_v3_41475-RA,0,0,167775744,69791995.24,0,0
Sconica_v3_41497-RA,0,0,277708014,661184207.6,0,0
Sconica_v3_41498-RA,0,0,0,0,43395504.04,0
Sconica_v3_41503-RA,0,0,2159775730,1740664669,3742667609,7901308099
Sconica_v3_41541-RA,16490178.7,79444448.01,0,0,58262820.91,0
Sconica_v3_41567-RA,0,0,0,0,20241931.81,0
Sconica_v3_41586-RA,0,0,14256551884,16191653038,449253547.1,388086412.8
Sconica_v3_41587-RA,0,0,33168480,0,762248570.2,1029721703
Sconica_v3_41599-RA,0,0,0,0,512195410.2,577017938.2
Sconica_v3_41608-RA,0,0,158954144,161378969.9,0,0
Sconica_v3_41653-RA,431929647.6,357875908.2,0,0,0,0
Sconica_v3_41696-RA,0,0,0,0,100376403.4,4519529027
Sconica_v3_41715-RA,2091420743,1911550828,0,0,627498984.9,803406481.3
Sconica_v3_41721-RA,0,0,0,0,41906769.86,121267810.6
Sconica_v3_41741-RA,3899234730,5069290742,0,0,1618146677,997456816.3
Sconica_v3_41776-RA,2039487467,2585014872,0,0,1882626191,2769488660
Sconica_v3_41783-RA,0,0,0,0,0,115249560.6
Sconica_v3_41784-RA,0,0,0,0,357901491.7,133582263.9
Sconica_v3_41791-RA,0,0,79014160,0,0,3047034567
Sconica_v3_41798-RA,284296478.1,448685861,0,0,154801301.5,0
Sconica_v3_41851-RA,0,0,192385236,89061379.32,337523921.7,391291517.3
Sconica_v3_41872-RA,25099882.02,0,250312616,653524150.9,0,79184742.06
Sconica_v3_41879-RA,443630104,159777938.4,0,0,0,0
Sconica_v3_41904-RA,1762212772,4928735081,0,0,1442286760,1194567751
Sconica_v3_41905-RA,0,2090453142,122473344,224668310.2,0,0
Sconica_v3_41913-RA,0,0,564346512,484860212.3,0,0
Sconica_v3_41918-RA,1261818013,838692106,0,0,102419382.2,308906894.1
Sconica_v3_41921-RA,0,0,0,0,1214562732,0
Sconica_v3_41933-RA,0,0,17015206,0,1485221607,3476515388
Sconica_v3_41939-RA,0,71517263.86,0,0,5666291834,374004743.1
Sconica_v3_41946-RA,0,12246864.3,0,0,969466913.5,333250358.3
Sconica_v3_41951-RA,0,0,264269136,1356580420,0,0
Sconica_v3_41955-RA,197426887.5,215577690.3,0,0,36206890.4,0
Sconica_v3_41962-RA,224435907,623032944.1,0,0,142861037.6,278996108.9
Sconica_v3_41967-RA,0,0,507819520,576729665.6,0,0
Sconica_v3_41998-RA,0,0,0,0,276545684,877081614.8
Sconica_v3_42016-RA,0,0,0,9858013.81,1147202631,1019379301
Sconica_v3_42019-RA,0,0,0,0,0,326104288.7
Sconica_v3_42028-RA,4501610264,7266485875,0,0,4373059751,2934143699
Sconica_v3_42035-RA,225655276.5,763066470.9,44257160,148943234.3,53032489.32,1072142872
Sconica_v3_42040-RA,0,461484505.2,0,0,0,0
Sconica_v3_42044-RA,0,0,0,0,0,315989232.6
Sconica_v3_42055-RA,0,0,0,0,0,194747702.3
Sconica_v3_42073-RA,0,0,279520908,453039097.7,0,0
Sconica_v3_42077-RA,834460173.8,446105809.9,0,0,2170578206,824829080.2
Sconica_v3_42097-RA,0,0,731481136,132217179.5,0,0
Sconica_v3_42098-RA,0,0,40309816,0,287385001.2,0
Sconica_v3_42100-RA,0,0,0,0,1413428898,0
Sconica_v3_42101-RA,0,0,0,0,475322323,0
Sconica_v3_42116-RA,2120544009,991384373.6,0,0,911315471.4,1378743944
Sconica_v3_42125-RA,210585646,551449683.2,0,0,0,0
Sconica_v3_42158-RA,1930368.66,0,3486028360,3947059236,0,0
Sconica_v3_42184-RA,0,0,860760636,872546560.1,0,0
Sconica_v3_42185-RA,2127466784,2966550622,0,94836184.47,2915984848,1863479730
Sconica_v3_42189-RA,58204558.84,17473136.68,2196863944,2021809159,0,116712580.6
Sconica_v3_42195-RA,0,0,315427294,76314620.89,4811168952,6563162024
Sconica_v3_42202-RA,734823564.7,1106286300,0,0,568647783,587679677.8
Sconica_v3_42204-RA,0,0,0,0,41476717.49,80316185.5
Sconica_v3_42232-RA,13321876150,13361677704,0,0,5669361819,7049765164
Sconica_v3_42233-RA,809256054.6,1041224874,0,0,312799262.6,397830515
Sconica_v3_42235-RA,599640387.8,1262593314,0,0,159301933.5,0
Sconica_v3_42243-RA,0,0,14599142465,14289621660,125785825.6,2149381724
Sconica_v3_42255-RA,0,0,0,0,40863614.03,0
Sconica_v3_42265-RA,0,7882427.714,0,0,0,717859795
Sconica_v3_42269-RA,0,0,169094734,60773344.4,0,0
Sconica_v3_42271-RA,0,0,228898710,158334268.6,3577654805,2076294579
Sconica_v3_42283-RA,0,0,394308320,0,0,0
Sconica_v3_42301-RA,26522332781,39145811866,288822368,111699304.7,14477712182,24471727073
Sconica_v3_42343-RA,3684064148,2644369056,0,0,428965465.7,356881531.7
Sconica_v3_42348-RA,0,0,260010636,166810883.8,542134002.2,1147894661
Sconica_v3_42351-RA,0,0,3469584438,4408304928,0,0
Sconica_v3_42354-RA,0,0,0,0,35971880.17,377893115.9
Sconica_v3_42401-RA,537083699.5,757045855.5,0,0,186563391.2,196237588.4
Sconica_v3_42464-RA,0,0,1640444057,1000336377,0,0
Sconica_v3_42474-RA,0,0,0,0,116117246.4,0
Sconica_v3_42477-RA,0,0,0,0,0,180863844.4
Sconica_v3_42486-RA,0,0,0,34139968.86,98026515.36,829903082.2
Sconica_v3_42490-RA,6951041103,14071969945,0,1458053292,6031656800,1207163748
Sconica_v3_42494-RA,262568751.9,0,68938208,0,6905876324,1513270536
Sconica_v3_42501-RA,0,0,0,0,0,566484447.3
Sconica_v3_42503-RA,0,254003254.3,41134328,0,0,0
Sconica_v3_42520-RA,0,0,0,0,257660732.8,256941369.7
Sconica_v3_42532-RA,1221636158,1313152776,0,0,999592898,1294905736
Sconica_v3_42568-RA,0,0,0,0,0,81769310.13
Sconica_v3_42611-RA,0,0,72897544,0,0,0
Sconica_v3_42613-RA,0,0,101832356,0,640008436.5,1232979926
Sconica_v3_42618-RA,0,0,0,0,56974957.41,0
Sconica_v3_42620-RA,0,0,0,0,0,723384324.1
Sconica_v3_42643-RA,0,0,0,97174081.88,0,0
Sconica_v3_42644-RA,0,0,0,0,0,35891257.06
Sconica_v3_42663-RA,201485210.9,244167379,0,0,15508433.58,0
Sconica_v3_42698-RA,226350845.4,501604541.9,3847564988,4198637568,20214699881,11619267169
Sconica_v3_42718-RA,0,0,0,0,20241871.95,0
Sconica_v3_42726-RA,0,0,178470944,692688254.1,1786347276,1009181688
Sconica_v3_42746-RA,9240343.907,0,354524694,219659162.1,0,0
Sconica_v3_42762-RA,246318138.3,357208776.5,0,0,193328244.1,228336100.7
Sconica_v3_42810-RA,0,0,0,43448871.5,687170531.4,1093074079
Sconica_v3_42860-RA,0,108787111.7,49600832,0,0,0
Sconica_v3_42890-RA,308476464.9,1398616556,0,0,434510750,0
Sconica_v3_42904-RA,1908512113,1944207704,43189260,0,700855891,1078825877
Sconica_v3_42909-RA,0,0,0,0,235513190.1,449555094.4
Sconica_v3_42943-RA,0,0,306089642,305787488.6,7857211801,8034355046
Sconica_v3_42944-RA,0,270284580.5,170257344,366945951.7,396068176.4,0
Sconica_v3_42955-RA,0,0,0,0,275221834.7,0
Sconica_v3_42967-RA,0,0,40089704,0,430297371,1519924533
Sconica_v3_42985-RA,0,0,997438564,1297882081,0,0
Sconica_v3_43031-RA,40061248.24,60194634.41,0,0,130916095.2,129410562.2
Sconica_v3_43051-RA,0,0,1535271542,605095240.8,0,0
Sconica_v3_43053-RA,0,0,0,9641786.023,0,0
Sconica_v3_43080-RA,0,0,0,0,304781719.1,3037363681
Sconica_v3_43081-RA,1498920678,3566086485,0,0,890682579.5,294719790.2
Sconica_v3_43084-RA,0,0,99744700,0,1097664274,2033926085
Sconica_v3_43085-RA,714771360,187413631.1,46958704,0,949429674,268365336.1
Sconica_v3_43087-RA,21068976.83,0,14024442114,12869826658,233225396.6,187571478.8
Sconica_v3_43090-RA,0,0,0,0,326023184,236466315.3
Sconica_v3_43105-RA,2713754017,2653672011,0,0,470698034.4,483730716.5
Sconica_v3_43106-RA,0,0,3281154296,3127520058,70871383,955841469.7
Sconica_v3_43118-RA,0,0,783525144,511840735.1,0,0
Sconica_v3_43122-RA,289606609.8,279767116.4,1.06E+11,1.61E+11,9287591323,21232010133
Sconica_v3_43138-RA,65037336.2,0,0,0,0,0
Sconica_v3_43213-RA,0,0,91041112,0,695206647.5,1478050283
Sconica_v3_43225-RA,0,0,0,0,202755344.9,819894462.6
Sconica_v3_43227-RA,0,0,0,0,0,21921808.57
Sconica_v3_43228-RA,0,0,16153673,0,0,0
Sconica_v3_43236-RA,0,44806642.84,0,0,4582050723,1058132660
Sconica_v3_43244-RA,0,0,0,0,23949397.54,0
Sconica_v3_43256-RA,0,0,0,0,0,3973546.48
Sconica_v3_43274-RA,0,0,31479586,0,1899795838,2988444341
Sconica_v3_43280-RA,0,0,26668686,0,0,0
Sconica_v3_43288-RA,0,0,768534432,516428685.2,0,0
Sconica_v3_43291-RA,4514514096,4293434709,0,0,1166736265,1472599535
Sconica_v3_43301-RA,0,0,434939146,397522012.7,0,0
Sconica_v3_43317-RA,0,0,39499204,0,0,0
Sconica_v3_43339-RA,72435646799,77399329460,0,204708534.6,22076540645,40343926129
Sconica_v3_43343-RA,0,0,641461748.5,400897393.5,1682225476,1119571693
Sconica_v3_43350-RA,82792926.58,525354958,24193641352,36705966499,26979147425,8167289363
Sconica_v3_43369-RA,555958479.4,659103741.6,423690176,151370213.7,1013815577,867860959.5
Sconica_v3_43370-RA,2510457590,2787954726,1.13E+12,1.19E+12,60005837276,32223183593
Sconica_v3_43417-RA,4711107067,702498377.4,0,0,922770636.2,73879609.88
Sconica_v3_43424-RA,0,0,0,0,0,80622911.72
Sconica_v3_43462-RA,0,0,0,0,191428969,0
Sconica_v3_43475-RA,0,0,574553144,18157220.04,1274526116,2872726502
Sconica_v3_43485-RA,443667713.5,235029253.6,1.38E+11,1.08E+11,4611065203,6667930936
Sconica_v3_43486-RA,0,0,0,0,501962709.4,1618470104
Sconica_v3_43645-RA,0,0,1009918440,1347450551,0,0
Sconica_v3_43654-RA,0,0,0,0,70766796.79,0
Sconica_v3_43661-RA,903701562.1,1838251233,0,85818087.7,1725302146,335463096.6
Sconica_v3_43701-RA,0,0,355298716,110952237.3,3060139515,874257227.4
Sconica_v3_43747-RA,0,0,0,126760961,0,0
Sconica_v3_43753-RA,0,0,94532552,0,0,0
Sconica_v3_43756-RA,0,60588619.66,672031344,833303594.3,787829855.7,367449596
Sconica_v3_43816-RA,0,0,1715629486,2115190345,0,36116210.48
Sconica_v3_43850-RA,213182057.6,341639081.1,0,0,183715231.4,0
Sconica_v3_43901-RA,1.86E+11,1.89E+11,2517143393,2463991208,95666593306,56172360061
Sconica_v3_43917-RA,0,0,0,0,0,98055146.56
Sconica_v3_43934-RA,0,0,0,0,0,37695372.66
Sconica_v3_43947-RA,0,0,211512870,171164227.9,0,0
Sconica_v3_44044-RA,2767547575,6280141086,0,0,3604409670,456071625
Sconica_v3_44075-RA,15731027.8,41075426.19,0,0,0,0
Sconica_v3_44090-RA,310092027.8,1040163556,0,0,320809213.3,602229870.4
Sconica_v3_44101-RA,15388437925,18016946476,0,55464250.54,10541019436,9303530134
Sconica_v3_44125-RA,306269701.9,429095159.3,0,0,249193301,0
Sconica_v3_44139-RA,1046291412,561203691.9,78595408,0,4706701294,485253883.6
Sconica_v3_44161-RA,0,0,32108168,0,2654882222,3388025076
Sconica_v3_44164-RA,84096547.87,213495460.3,0,0,50132575.3,142764856.9
Sconica_v3_44207-RA,0,0,111752704,114514544.4,0,741406740.5
Sconica_v3_44240-RA,0,0,1727085556,1589786513,0,0
Sconica_v3_44351-RA,13006706.31,10552246.12,0,0,0,0
Sconica_v3_44405-RA,5729199177,8478144846,0,0,3360677526,3882451858
Sconica_v3_44408-RA,503037408.7,0,0,0,0,0
Sconica_v3_44462-RA,38034338.05,37632344.75,0,162161002.4,1474682583,0
Sconica_v3_44490-RA,0,0,0,0,0,78760374.67
Sconica_v3_44513-RA,0,0,0,0,201159608,136492016.4
Sconica_v3_44515-RA,0,0,0,0,1226038149,980457641
Sconica_v3_44522-RA,0,0,0,0,641832450.8,384601189.6
Sconica_v3_44590-RA,0,0,0,0,238235591.7,198031145.4
Sconica_v3_44597-RA,57568414333,71405452767,4022707882,3973050943,59671286282,36483995481
Sconica_v3_44604-RA,0,0,24447634,60235363.61,100242888.7,22417507.83
Sconica_v3_44628-RA,0,0,119869832,134736832.1,998378216.1,0
Sconica_v3_44637-RA,0,0,40619424,0,1455160408,3014235635
Sconica_v3_44677-RA,0,0,0,0,317356935.5,0
Sconica_v3_44690-RA,85054493.42,164628883.9,678519904,36831251.8,289854289.4,137888721.1
Sconica_v3_44749-RA,0,0,0,0,0,87874579.17
Sconica_v3_44758-RA,0,0,0,0,26748646.22,0
Sconica_v3_44779-RA,93731690.48,36819917.32,0,0,571881461.8,1874374486
Sconica_v3_44781-RA,407250710.1,926303724.6,0,0,385258947.1,0
Sconica_v3_44782-RA,0,0,0,0,205104670.6,50173868.32
Sconica_v3_44789-RA,0,0,555015084,584595800.7,0,0
Sconica_v3_44825-RA,0,0,0,0,128733543.2,640014510.5
Sconica_v3_44899-RA,0,0,113669728,74311710.24,973686155.7,2266254198
Sconica_v3_44928-RA,0,39131100.77,706259017.5,965682012.5,18573247881,7715402050
Sconica_v3_44959-RA,0,0,0,0,158027349.6,264711510.6
Sconica_v3_44972-RA,0,0,0,0,69980692.56,300096314.5
Sconica_v3_44980-RA,0,0,0,0,1157802253,0
Sconica_v3_45016-RA,23378295.37,44321360.07,0,0,0,0
Sconica_v3_45017-RA,0,0,0,0,43510928.21,93290202.39
Sconica_v3_45034-RA,38796823.19,30427033.15,6383508388,6182876037,92121288.25,217582031.3
Sconica_v3_45058-RA,0,0,0,0,0,1127555166
Sconica_v3_45073-RA,0,0,3052836312,2983251132,0,83574404.92
Sconica_v3_45093-RA,0,0,0,0,2815370513,6475504149
Sconica_v3_45098-RA,0,0,64619760,0,179937744.4,428681154.4
Sconica_v3_45115-RA,2122959713,4034995692,2140290908,1429713719,4658590833,3403053219
Sconica_v3_45122-RA,55177665.94,123883846.4,0,0,0,0
Sconica_v3_45129-RA,0,0,249136362,0,519951456.7,1381750410
Sconica_v3_45232-RA,0,0,28095174,40266985.76,0,0
Sconica_v3_45241-RA,91555141.57,0,0,0,0,0
Sconica_v3_45242-RA,0,0,1312763312,327524173.1,0,0
Sconica_v3_45250-RA,0,0,10954765420,8793797162,0,0
Sconica_v3_45251-RA,1195076028,3270245110,0,540311308.1,1749811319,330713503.7
Sconica_v3_45274-RA,118952203.5,0,0,0,0,0
Sconica_v3_45282-RA,0,14158410258,230663920,0,6782228914,12473014674
Sconica_v3_45320-RA,0,0,0,0,0,81101315.71
Sconica_v3_45339-RA,73451041.85,123301822.3,0,0,186918995.6,429177178.2
Sconica_v3_45356-RA,378339611.4,493121515.1,2048273098,1170639273,937788540.8,1712311934
Sconica_v3_45417-RA,0,0,0,0,0,1752648654
Sconica_v3_45438-RA,0,0,0,0,84166976.6,209020447.1
Sconica_v3_45439-RA,15271582.66,0,0,0,98953097.06,200248018.7
Sconica_v3_45450-RA,0,0,0,273806879.6,1991250462,2273494127
Sconica_v3_45454-RA,0,0,0,0,0,39348319.01
Sconica_v3_45461-RA,0,0,0,0,0,105761355.5
Sconica_v3_45467-RA,0,5109026.407,0,0,436200600.7,962084075.7
Sconica_v3_45492-RA,0,0,0,0,68496901.61,0
Sconica_v3_45507-RA,840943716,911290552.1,0,0,200938252.4,47115990.37
Sconica_v3_45557-RA,0,0,13903683286,19670393998,183770886.2,1126695778
Sconica_v3_45560-RA,0,0,0,0,1082905995,130209757.2
Sconica_v3_45588-RA,0,0,0,0,0,72141335.78
Sconica_v3_45594-RA,0,0,0,0,55026300.33,324347464.5
Sconica_v3_45634-RA,0,0,0,29089793.87,0,0
Sconica_v3_45677-RA,0,0,0,0,0,2013218809
Sconica_v3_45726-RA,37399169.75,40078852.44,0,0,0,0
Sconica_v3_45763-RA,0,0,0,0,27566684.6,0
Sconica_v3_45791-RA,0,0,0,0,85197577.42,0
Sconica_v3_45811-RA,577624129.2,469765636.1,955712794,125770566.3,95067008.36,212583135.6
Sconica_v3_45822-RA,0,0,0,0,511038635.5,627361583.4
Sconica_v3_45852-RA,1346429981,1557592824,848986832,1370964859,1352478219,1794878053
Sconica_v3_45855-RA,6597281858,11884156656,123289618,51298294.54,5349184638,797051331.1
Sconica_v3_45899-RA,2528651558,718564707.9,0,0,5720401862,2671678920
Sconica_v3_45908-RA,0,0,9434415648,7637756842,0,50821543.74
Sconica_v3_45955-RA,0,0,10734139808,13067175614,0,0
Sconica_v3_45957-RA,0,0,0,0,77923577.11,108812341.8
Sconica_v3_46007-RA,0,0,78219156,180071424.1,756754366,839473485.2
Sconica_v3_46011-RA,0,0,0,0,0,1236023688
Sconica_v3_46015-RA,0,0,0,75561891.85,3619103378,4097089999
Sconica_v3_46025-RA,0,0,0,0,20837850.49,0
Sconica_v3_46081-RA,2098165147,5461766255,0,0,1903472594,83549034.88
Sconica_v3_46174-RA,0,0,0,0,30058666.38,0
Sconica_v3_46252-RA,0,197757768.4,0,0,0,143949860.3
Sconica_v3_46276-RA,1197154378,1611815037,11426169,0,863411638.5,426923732.9
Sconica_v3_46640-RA,0,0,0,0,0,90569931.18
Sconica_v3_46644-RA,0,0,0,0,1707217880,2969970226
Sconica_v3_46677-RA,267086908.4,911325386,2677446702,12443338859,2657776578,6551935276
Sconica_v3_46679-RA,0,0,0,40275321.24,284908605.2,175049054.4
Sconica_v3_46681-RA,0,0,0,0,39340346.48,0
Sconica_v3_46694-RA,0,0,0,0,582536023.5,703590720.1
Sconica_v3_46725-RA,0,0,0,0,38273145.53,0
Sconica_v3_46737-RA,0,0,0,0,36147552.62,0
Sconica_v3_46763-RA,0,0,0,0,226712267.6,637917196.5
Sconica_v3_46773-RA,0,0,696935504,0,61572535.46,0
Sconica_v3_46821-RA,0,0,0,0,0,99418564.34
Sconica_v3_46823-RA,1471790676,1655030778,0,0,0,242566932.4
Sconica_v3_46831-RA,0,0,1813912204,956164347.5,0,0
Sconica_v3_46846-RA,0,0,0,0,0,135491779.3
Sconica_v3_46875-RA,0,0,26040886,0,251755984.5,843206924.1
Sconica_v3_46877-RA,0,0,4887057580,2894044899,0,0
Sconica_v3_46879-RA,0,0,0,0,474871161.8,596979998.1
Sconica_v3_46898-RA,0,42390378.29,0,0,0,0
Sconica_v3_46909-RA,6645987538,11735117798,43003945.5,478881553.8,3937167509,766781781.8
Sconica_v3_46914-RA,0,0,0,38111028.25,882151304.5,737881640.3
Sconica_v3_46918-RA,371465170.3,50839149.98,0,0,206844264,274597377.8
Sconica_v3_46930-RA,0,0,0,0,90896313.21,0
Sconica_v3_47003-RA,0,0,0,0,0,1768704917
Sconica_v3_47005-RA,0,0,0,0,0,73929103.71
Sconica_v3_47009-RA,0,0,0,0,18382311.32,0
Sconica_v3_47020-RA,0,0,0,0,92110103.74,0
Sconica_v3_47028-RA,0,0,0,0,89728873.84,129864609.9
Sconica_v3_47029-RA,0,0,153947260,149965878.2,1685390781,2489203586
Sconica_v3_47079-RA,186562015.8,58285561.74,1.77E+11,2.55E+11,6985179893,3570617776
Sconica_v3_47088-RA,0,0,0,28328187.61,266182505.7,147562151.8
Sconica_v3_47095-RA,251867016.9,458502450.4,0,0,0,15816805.15
Sconica_v3_47096-RA,0,0,0,0,310884430,719381535
Sconica_v3_47112-RA,0,0,0,0,45379321.45,0
Sconica_v3_47120-RA,0,0,243827460,371394353.4,611129912.6,577102143.2
Sconica_v3_47180-RA,0,0,1786366832,864084042.9,0,0
Sconica_v3_47181-RA,0,0,0,0,0,52189418.14
Sconica_v3_47228-RA,46843070.31,160576232.2,680382976,288184417.5,15496675439,18493567098
Sconica_v3_47239-RA,0,0,0,0,35450111.65,0
Sconica_v3_47246-RA,0,0,20755387591,15661080484,95544243.62,752618366.6
Sconica_v3_47248-RA,73367329.98,173357057,606556528,424925467.5,220701238.2,91483384.67
Sconica_v3_47249-RA,2157333041,1987611326,5390767730,6012250008,1484817534,1830353532
Sconica_v3_47262-RA,0,0,0,0,23079160.57,0
Sconica_v3_47280-RA,0,0,0,0,73924395.67,0
Sconica_v3_47311-RA,1370422178,373800552.5,0,0,387193748.1,0
Sconica_v3_47336-RA,1562304468,3109464716,0,80061102.65,453866811.8,0
Sconica_v3_47358-RA,0,0,459778706,1026431814,2197813772,2792248982
Sconica_v3_47431-RA,0,0,0,0,105808787.2,0
Sconica_v3_47435-RA,0,0,1105475026,836162216.7,0,0
Sconica_v3_47440-RA,274419139.9,367071854.4,0,0,114781891.3,204845695.8
Sconica_v3_47498-RA,0,0,0,0,127743310.6,185328586.5
Sconica_v3_47535-RA,2485420488,3402136632,161093694,169094325.6,1294088832,1319462063
Sconica_v3_47547-RA,1297796669,1984328273,0,0,278691131.8,35758525.96
Sconica_v3_47618-RA,0,0,7885135272,5653213541,41544057.7,0
Sconica_v3_47712-RA,1117593657,2584572101,40574468,51138853.46,2339955661,1401405755
Sconica_v3_47722-RA,1233217208,989834595.8,0,0,544889333.5,210633705.8
Sconica_v3_47732-RA,0,0,0,0,67530364.42,0
Sconica_v3_47766-RA,0,0,0,0,501762043.5,693903827.6
Sconica_v3_47768-RA,0,287477336.4,0,0,4850027281,11724339714
Sconica_v3_47779-RA,0,0,216301496,0,653536176.5,2193355873
Sconica_v3_47786-RA,0,0,0,0,41745082.77,2416497149
Sconica_v3_47799-RA,0,0,0,0,36459521.75,0
Sconica_v3_47815-RA,0,0,1682691960,634489814,0,0
Sconica_v3_47838-RA,0,0,1.03E+11,1.02E+11,3590193249,4729789259
Sconica_v3_47849-RA,0,0,5851993832,12605718102,504159196.4,1253612571
Sconica_v3_47852-RA,0,0,0,0,1595623442,4372472742
Sconica_v3_47868-RA,96466768.83,213350642.9,0,0,202469254.5,252691332.5
Sconica_v3_47870-RA,1694991858,1227325501,250571098,209969179.3,513951364.4,1335708599
Sconica_v3_47900-RA,0,0,300483360,0,914740458.9,3656177289
Sconica_v3_47941-RA,16177291.58,0,0,114249533,2372506678,3000944928
Sconica_v3_47978-RA,8433061610,8624138987,0,0,4004133497,7482190661
Sconica_v3_47988-RA,0,0,217757776,126054904.1,2266293951,3252900112
Sconica_v3_48005-RA,0,0,90286816,0,0,0
Sconica_v3_48073-RA,0,0,524206044,580404725.4,0,0
Sconica_v3_48095-RA,1778367721,2316386524,0,0,1935794753,7123589433
Sconica_v3_48107-RA,426295739.1,437608150.9,705880384,1302815124,9120434236,42207402508
Sconica_v3_48123-RA,0,0,0,0,27908757.39,0
Sconica_v3_48135-RA,0,0,60072032,29214327.34,0,0
Sconica_v3_48149-RA,0,0,0,0,0,38922122.45
Sconica_v3_48182-RA,150802165.1,131175360.4,1234042656,941416379.4,314632155.3,1060481630
Sconica_v3_48190-RA,0,0,17607265460,15149799331,504451379.9,2201062843
Sconica_v3_48197-RA,2522891164,2186726790,0,0,1430267001,1119505263
Sconica_v3_48202-RA,0,0,0,0,60189909.21,0
Sconica_v3_48245-RA,0,108893929.6,0,0,0,63501888.42
Sconica_v3_48254-RA,0,0,0,0,137458398.4,0
Sconica_v3_48262-RA,2485464515,3145812139,0,0,957263667.1,465845677.4
Sconica_v3_48273-RA,0,0,0,0,0,21699149.51
Sconica_v3_48276-RA,0,0,2098441287,2649731027,0,0
Sconica_v3_48280-RA,0,35569181.44,508990748,386822380.7,4057170226,5068599301
Sconica_v3_48299-RA,3132998107,2931225718,81787760,0,2876068068,6541432246
Sconica_v3_48302-RA,0,0,498965080,166234599.2,0,0
Sconica_v3_48303-RA,0,0,0,0,0,49995586
Sconica_v3_48361-RA,0,0,168520800,76472966.18,6305290375,5528633029
Sconica_v3_48390-RA,0,0,41610668,0,0,0
Sconica_v3_48392-RA,0,0,210450726,141137103.6,0,0
Sconica_v3_48412-RA,123856486.8,394931563.8,0,0,59353090.3,0
Sconica_v3_48413-RA,117945259.4,0,0,0,429966511.1,943516940.1
Sconica_v3_48415-RA,0,0,68648816,0,0,0
Sconica_v3_48419-RA,0,116862803.1,0,0,197030160.1,125718304.1
Sconica_v3_48424-RA,0,0,0,0,86278423.47,181099649.3
Sconica_v3_48437-RA,0,0,2163579436,2488323152,0,0
Sconica_v3_48443-RA,0,0,0,19851379.55,0,0
Sconica_v3_48516-RA,0,0,0,0,0,135344974.8
Sconica_v3_48591-RA,0,0,0,0,0,655071259.8
Sconica_v3_48592-RA,0,0,0,0,1455034275,3551782685
Sconica_v3_48624-RA,0,0,0,0,3237581652,6360337219
Sconica_v3_48634-RA,10319534757,27273892387,213657938,58938526.32,11219457837,2158023802
Sconica_v3_48641-RA,0,0,0,46240689.04,3455458080,1756364608
Sconica_v3_48653-RA,0,0,0,0,0,1376799447
Sconica_v3_48675-RA,0,0,0,0,911446352.2,1850154142
Sconica_v3_48718-RA,0,0,0,0,0,2888402802
Sconica_v3_48719-RA,0,0,111195650,0,0,0
Sconica_v3_48721-RA,0,0,0,0,0,449251802.4
Sconica_v3_48742-RA,0,0,0,0,0,129850688.6
Sconica_v3_48744-RA,307914387.9,1184920034,0,0,271441570.4,2573608423
Sconica_v3_48763-RA,120576798.1,64675684.32,0,0,178020295.3,0
Sconica_v3_48784-RA,81327631.12,0,0,0,82127784.83,0
Sconica_v3_48856-RA,205142085.6,213676437.4,1125802570,1377887127,4184553689,6638536795
Sconica_v3_48859-RA,0,0,0,0,2119074557,5050556875
Sconica_v3_48862-RA,0,0,30283825098,34364528715,626114764.5,953527926
Sconica_v3_48892-RA,0,32635384.47,32972965559,29872720885,620024583.3,1731296170
Sconica_v3_48894-RA,0,0,0,0,21033866.16,0
Sconica_v3_48895-RA,7311591242,9010303471,0,0,5939764159,2997221944
Sconica_v3_48909-RA,0,0,0,0,253366661.4,471110076.8
Sconica_v3_48910-RA,0,0,0,0,1005538641,1116481212
Sconica_v3_48914-RA,0,0,0,0,65282170.35,0
Sconica_v3_48934-RA,0,0,56460097623,47111895250,599182106.3,1704040492
Sconica_v3_48936-RA,0,0,13615542532,7762528990,28477182.65,504116615.4
Sconica_v3_48948-RA,0,0,0,0,36155284.11,0
Sconica_v3_48959-RA,164543051.7,1047142989,0,0,128600378.2,124548370.6
Sconica_v3_48961-RA,0,0,0,0,0,195347704.5
Sconica_v3_48968-RA,1257452764,2072181126,0,0,782906786.2,88208728.57
Sconica_v3_48977-RA,279060426,562589947.2,0,0,304702652.5,0
Sconica_v3_49004-RA,0,0,1528676736,639489303.1,0,0
Sconica_v3_49006-RA,0,0,0,0,0,614775241.3
Sconica_v3_49039-RA,0,0,377073600,0,1136287549,1840649317
Sconica_v3_49052-RA,0,0,8990018992,8780722426,46418561.12,427511220.9
Sconica_v3_49053-RA,0,0,1253430684,436564125,186991959.6,205371635.3
Sconica_v3_49088-RA,0,0,0,0,757328526.1,1559968706
Sconica_v3_49142-RA,0,0,0,0,0,42248216.42
Sconica_v3_49155-RA,0,0,0,0,0,333866326.1
Sconica_v3_49220-RA,0,0,543633488,263583180.2,69459084.72,430276828
Sconica_v3_49252-RA,0,0,0,0,529792378,1115454999
Sconica_v3_49289-RA,3076268212,2860884676,525631083,498408705.5,14162936481,65447555411
Sconica_v3_49334-RA,0,0,207782332,151264050.3,0,71013338.18
Sconica_v3_49349-RA,0,0,49647405384,52376583118,1539247618,5417230270
Sconica_v3_49354-RA,1535135428,811563214.9,4.14E+11,3.80E+11,19840087110,13341650393
Sconica_v3_49391-RA,0,0,96140000,0,0,0
Sconica_v3_49397-RA,0,0,0,0,7831412.767,0
Sconica_v3_49434-RA,0,0,0,0,86155230,192670558.1
Sconica_v3_49475-RA,0,0,0,0,205489009.9,317416559.4
Sconica_v3_49521-RA,0,0,0,0,254321929.1,340056213.7
Sconica_v3_49534-RA,0,0,0,0,1240485375,2222523877
Sconica_v3_49567-RA,0,0,19874025224,13041192664,935689333.7,501744859.9
Sconica_v3_49604-RA,0,0,0,0,2.00E+11,1.02E+11
Sconica_v3_49650-RA,112094610.2,147233226.7,0,0,0,81473070.77
Sconica_v3_49673-RA,0,0,5797476056,5083421870,0,0
Sconica_v3_49701-RA,0,134057311.1,0,0,97556740.64,0
Sconica_v3_49715-RA,103565971.9,399389306.2,0,0,0,0
Sconica_v3_49722-RA,1.72E+11,1.48E+11,1827618920,4001327350,80037772448,76529422907
Sconica_v3_49731-RA,0,0,554745424,540423474.7,0,0
Sconica_v3_49865-RA,0,0,55330728,0,0,0
Sconica_v3_50057-RA,9951627.558,91549307.66,0,0,164993256,129304889.6
Sconica_v3_50112-RA,0,0,0,0,144289860.7,1225078544
Sconica_v3_50113-RA,0,0,61815172,0,2328696068,5784804343
Sconica_v3_50186-RA,0,0,0,0,75189814.53,525405308.6
Sconica_v3_50317-RA,0,0,0,0,0,59412180.69
Sconica_v3_50488-RA,0,0,0,0,348215962.5,255687885.9
Sconica_v3_50608-RA,0,0,5359124760,4912040509,110180863.4,172312047.8
Sconica_v3_50852-RA,0,0,0,0,0,48745651.41
Sconica_v3_50875-RA,0,0,143407184,133730148.1,1926097369,683837675.2
Sconica_v3_50958-RA,0,0,22633768,0,0,0
Sconica_v3_50998-RA,2495503661,2306734763,0,0,714155747.3,1325832994
Sconica_v3_51025-RA,0,0,0,0,63462220.22,389593071.5
Sconica_v3_51083-RA,0,0,0,0,0,129756927.2
Sconica_v3_51102-RA,23940838850,28829149584,204101156,647025195.7,4171964036,12282843584
Sconica_v3_51103-RA,0,0,0,0,299819618.9,323374535.8
Sconica_v3_51202-RA,202115045.1,238604476.5,417139024,877151799,7596543084,26324474680
Sconica_v3_51217-RA,0,0,0,0,0,17655212.65
Sconica_v3_51220-RA,33283398.33,0,413602100,361377842.5,5431600404,7849385331
Sconica_v3_51222-RA,0,0,0,0,417124577.1,1245161324
Sconica_v3_51284-RA,0,0,0,0,1622987450,3129657718
Sconica_v3_51336-RA,0,0,96895864,0,0,39718646.92
Sconica_v3_51345-RA,94780721.11,163382455.6,624433732,485385318.4,0,131486351.2
Sconica_v3_51347-RA,0,0,0,0,435279192.2,595851506.6
Sconica_v3_51439-RA,46274107.09,0,0,0,0,108487926.9
Sconica_v3_51453-RA,0,0,0,0,14612706.96,0
Sconica_v3_51481-RA,0,0,0,0,0,84237747.45
Sconica_v3_51503-RA,0,0,171083504,0,2953011279,3384250950
Sconica_v3_51546-RA,48072588.44,15438598.59,1129207345,906569932.4,0,0
Sconica_v3_51547-RA,441257511.7,418989854.9,27896923271,30407622369,816386111.2,3096642401
Sconica_v3_51595-RA,0,0,0,0,215227925.4,668977406.6
Sconica_v3_51643-RA,0,0,0,0,0,79247617.26
Sconica_v3_51646-RA,0,28725251.08,479510096,344774886.8,2765246423,4088388135
Sconica_v3_51662-RA,0,0,0,0,92261028.49,142545333.6
Sconica_v3_51724-RA,0,0,0,0,28206895.53,0
Sconica_v3_51727-RA,0,0,6217067416,4630024878,0,0
Sconica_v3_51754-RA,0,0,0,0,0,88220817.75
Sconica_v3_51822-RA,0,0,224721372,171790753.1,0,0
Sconica_v3_51828-RA,0,0,0,0,146974427.1,726744988.6
Sconica_v3_51829-RA,0,0,93089468,22958666.69,0,0
Sconica_v3_51925-RA,0,0,45809428,0,911406636.1,724242581
Sconica_v3_51932-RA,0,0,0,0,430626420.8,4216115896
Sconica_v3_51962-RA,3671059332,7186065953,25363294,0,2874208716,1491645396
Sconica_v3_51995-RA,0,0,6289929393,4377828168,0,0
Sconica_v3_52019-RA,21844439.9,204630046.4,0,113752499,655807634.3,82146124.84
Sconica_v3_52054-RA,0,0,0,0,77198622.23,333249990.7
Sconica_v3_52121-RA,0,0,0,0,22312270.08,0
Sconica_v3_52214-RA,0,0,1131626304,1270792444,0,0
Sconica_v3_52240-RA,0,0,0,0,0,360487850.5
Sconica_v3_52247-RA,0,0,0,22123594.57,314450789.7,169954601.2
Sconica_v3_52284-RA,0,52393507.02,0,0,0,0
Sconica_v3_52293-RA,0,0,0,0,120015442.8,630543775.9
Sconica_v3_52320-RA,0,1716356000,0,0,0,0
Sconica_v3_52372-RA,73192187.99,91861880.69,575678328,467290713,273559923.3,256549106.2
Sconica_v3_52374-RA,0,0,0,0,162476709.2,67559641.68
Sconica_v3_52376-RA,4239755703,9675880310,103955160,0,3429593727,3102891347
Sconica_v3_52379-RA,0,0,0,0,223165706,387012190.5
Sconica_v3_52389-RA,0,0,0,0,722294272.6,1999029460
Sconica_v3_52393-RA,0,0,24136008,0,0,0
Sconica_v3_52397-RA,37675450910,42511443087,601289760,1178049371,20165993602,15914627140
Sconica_v3_52401-RA,0,0,0,0,0,104806841.9
Sconica_v3_52446-RA,0,0,0,0,0,33458579
Sconica_v3_52484-RA,0,0,0,0,123678739.1,106383284.7
Sconica_v3_52503-RA,0,0,0,0,1890348344,1968064395
Sconica_v3_52542-RA,0,0,0,0,87535027.05,270769313.1
Sconica_v3_52618-RA,0,0,0,0,40747159.63,0
Sconica_v3_52622-RA,185910277.9,739620282.4,261390940,0,229051336.6,188821979.2
Sconica_v3_52636-RA,0,0,42292492,0,64599234.59,444844048.8
Sconica_v3_52670-RA,916970366,1212559780,17348493272,16239501701,1480512899,2674791674
Sconica_v3_52701-RA,0,0,0,0,29885964.91,125213935.7
Sconica_v3_52744-RA,0,0,0,0,32223279.06,148579250.6
Sconica_v3_52753-RA,25339514.84,0,399680640,442032167.4,0,0
Sconica_v3_52757-RA,0,0,0,0,31913323.15,88108032.34
Sconica_v3_52761-RA,0,0,0,0,0,95415014.24
Sconica_v3_52774-RA,0,0,49500848,0,0,0
Sconica_v3_52785-RA,0,0,24345667728,30179133856,441203322.6,631414571.3
Sconica_v3_52789-RA,0,0,0,0,0,145105953
Sconica_v3_52790-RA,0,379043191.7,0,0,0,0
Sconica_v3_52800-RA,270226296.7,576675763.2,0,0,102870711.9,40389524.36
Sconica_v3_52819-RA,2275045107,2066198545,27615739,0,1848072923,1049379552
Sconica_v3_52848-RA,0,0,643312708,777836647.3,287158506.9,469114702.5
Sconica_v3_52859-RA,0,157595795.7,93325112,44237901.51,0,0
Sconica_v3_52901-RA,0,0,194088992,121622081.5,3491714204,9883123497
Sconica_v3_52904-RA,64422579.67,23540865.96,0,0,0,4308191053
Sconica_v3_52923-RA,0,0,0,74349706.21,0,0
Sconica_v3_52955-RA,0,0,188058860,179677925.9,0,0
Sconica_v3_52962-RA,0,0,142162072,355657692,1131758173,1082047579
Sconica_v3_53006-RA,0,0,0,32058993.68,1399401818,3041654884
Sconica_v3_53013-RA,0,0,0,8463251.114,190310476.8,0
Sconica_v3_53021-RA,0,0,0,0,0,9657028.57
Sconica_v3_53043-RA,0,0,0,0,107033967,436135776.5
Sconica_v3_53062-RA,0,91572018.23,971377736,495396247.8,5930319005,17177554781
Sconica_v3_53074-RA,0,0,2235920128,0,0,0
Sconica_v3_53081-RA,598181115.6,0,0,0,0,0
Sconica_v3_53098-RA,0,0,0,0,203677726.9,730727697
Sconica_v3_53107-RA,0,0,995718428,1068406704,0,0
Sconica_v3_53113-RA,0,0,15816054,0,1395221192,1707027724
Sconica_v3_53117-RA,0,0,0,0,360255897.7,2825275116
Sconica_v3_53128-RA,0,0,70082372,0,0,0
Sconica_v3_53166-RA,22843765.46,0,0,0,201567745.1,371328975
Sconica_v3_53173-RA,6837912029,7162382339,0,12110099.13,2640719513,2475892703
Sconica_v3_53223-RA,0,1156482.013,8620402640,6963284173,21422852.46,38645869
Sconica_v3_53224-RA,1301966468,2780130039,0,0,1563140191,1031120544
Sconica_v3_53235-RA,0,0,582580964,171317609.3,0,0
Sconica_v3_53238-RA,0,0,65485245612,64016732741,1631451877,2871671134
Sconica_v3_53252-RA,15062465.9,27742283.01,0,0,56224996.49,27534168.05
Sconica_v3_53259-RA,0,0,0,0,26677985.31,0
Sconica_v3_53269-RA,0,0,0,63367644.86,188137105.6,980743583
Sconica_v3_53283-RA,0,0,0,0,451684099,0
Sconica_v3_53288-RA,122911680.5,0,0,63493315.16,2798209305,2254441540
Sconica_v3_53308-RA,0,0,0,0,0,126545743.5
Sconica_v3_53314-RA,0,0,0,0,56196124.69,187025447.2
Sconica_v3_53323-RA,0,0,81185072,107420140.5,0,0
Sconica_v3_53325-RA,0,0,0,0,396987272.4,75122239.28
Sconica_v3_53342-RA,0,0,43079256,105862681.2,0,0
Sconica_v3_53357-RA,0,0,13831495,0,48257940.79,0
Sconica_v3_53359-RA,0,0,0,0,0,33547444.49
Sconica_v3_53378-RA,0,0,5300065240,6154429177,10143596.42,187609905.8
Sconica_v3_53398-RA,65764676.89,60616205.93,182022776,263972300.3,2482761583,3241771524
Sconica_v3_53413-RA,0,0,106440152,359458725.7,4472685185,5107293863
Sconica_v3_53424-RA,35664015.53,19634399.39,0,0,375765027.6,1680386159
Sconica_v3_53425-RA,0,0,186940416,0,0,0
Sconica_v3_53429-RA,0,0,19370224,0,270498744.4,479374524.2
Sconica_v3_53445-RA,0,0,0,0,25531150.63,82457181.34
Sconica_v3_53455-RA,11509762056,44782194836,2605251812,4066590635,19838753707,4244161267
Sconica_v3_53480-RA,0,0,567006772,408997984.8,4334147917,4846626707
Sconica_v3_53488-RA,0,0,0,0,245102113.5,530379427.2
Sconica_v3_53495-RA,52212908.96,45349974.99,0,0,0,0
Sconica_v3_53507-RA,425622855.4,0,0,0,0,0
Sconica_v3_53516-RA,0,0,0,0,0,920857219.5
Sconica_v3_53517-RA,0,0,71659632,80812112.06,988344107.9,1300681583
Sconica_v3_53534-RA,4.09E+11,3.25E+11,67938859640,72629078021,5.73E+11,2.25E+11
Sconica_v3_53559-RA,0,0,0,0,23753741.04,0
Sconica_v3_53568-RA,0,29801113.85,0,0,40124065.73,0
Sconica_v3_53596-RA,0,0,0,0,162340518.1,27323440.22
Sconica_v3_53598-RA,0,0,0,0,36390719.67,0
Sconica_v3_53615-RA,0,0,42094694042,41747054730,1617129076,2833234887
Sconica_v3_53629-RA,17077807.41,34052051.15,0,0,30393228.22,766762605.7
Sconica_v3_53633-RA,0,37530354.73,1688659382,750651123.5,6460419472,8680894303
Sconica_v3_53642-RA,5038742843,6506620398,0,46115853.92,2598438324,607800993.1
Sconica_v3_53674-RA,0,0,63896960,0,56917440.66,911142949.7
Sconica_v3_53682-RA,0,0,105250654,199102884.9,0,0
Sconica_v3_53690-RA,0,0,0,0,304049004.4,537023109.6
Sconica_v3_53695-RA,0,0,67098200,53927420.54,126173402,0
Sconica_v3_53706-RA,0,0,0,433997283.1,2674276928,2005119751
Sconica_v3_53755-RA,0,0,1889484019,1238901227,0,0
Sconica_v3_53761-RA,0,0,0,0,1068762257,2187898096
Sconica_v3_53788-RA,0,0,340625868,442628274.9,0,0
Sconica_v3_53809-RA,182259069.7,50682454.13,0,0,0,0
Sconica_v3_53834-RA,0,0,0,0,26925686.02,12353645.49
Sconica_v3_53843-RA,4796223429,5341675052,54629856,351513496,5777729990,3276999206
Sconica_v3_53910-RA,755855094.9,1346384725,0,0,737761577.3,618573505.1
Sconica_v3_53977-RA,0,0,0,0,0,946420943.9
Sconica_v3_53978-RA,0,0,0,0,29355336.99,6103721327
Sconica_v3_53987-RA,0,27840889.31,535125144,580025350.5,1098825627,4018510646
Sconica_v3_53991-RA,6915468374,3335270519,0,0,2184795908,939842175.4
Sconica_v3_54009-RA,0,0,0,0,0,456867132.9
Sconica_v3_54012-RA,0,0,0,55498852.4,0,0
Sconica_v3_54021-RA,0,0,87800152,0,3408400332,0
Sconica_v3_54112-RA,0,0,16413736,0,253646009.6,317751288.8
Sconica_v3_54223-RA,0,0,0,0,110294413,624823304.5
Sconica_v3_54227-RA,0,0,43506168,0,529325596.5,1451875897
Sconica_v3_54238-RA,0,0,0,0,317494060.9,962890014.6
Sconica_v3_54248-RA,7236316553,1334932742,0,0,0,0
Sconica_v3_54415-RA,0,0,0,0,271185744.3,607577352
Sconica_v3_54458-RA,0,0,0,0,0,76433722.42
Sconica_v3_54468-RA,7908584728,9230574307,0,0,4003284513,6656784522
Sconica_v3_54506-RA,422237124.7,387902272.4,0,12903105.01,352239904.2,73079358.16
Sconica_v3_54555-RA,169672367.9,116535656.5,0,0,0,0
Sconica_v3_54602-RA,0,0,433000635,95078516.54,1615350004,1883221557
Sconica_v3_54622-RA,0,0,201448416,0,871591493,1097911251
Sconica_v3_54626-RA,104162897.6,281177520.5,0,0,0,0
Sconica_v3_54647-RA,0,2498578089,0,0,1093992235,0
Sconica_v3_54671-RA,0,0,2371114756,860673865.1,0,0
Sconica_v3_54692-RA,827347000.3,1362582559,0,0,612515198,271435998.2
Sconica_v3_54695-RA,258797353.8,756314216.8,0,0,315152181.5,60342714.1
Sconica_v3_54774-RA,0,0,0,0,0,1768372864
Sconica_v3_54780-RA,0,0,0,0,967039552.9,36266649705
Sconica_v3_54787-RA,3846416267,5891873080,53460636,0,2959867080,89643417.92
Sconica_v3_54803-RA,0,0,0,0,48189116.66,0
Sconica_v3_54808-RA,0,255708369.8,0,0,0,0
Sconica_v3_54835-RA,0,0,0,0,0,112874040.5
Sconica_v3_54876-RA,0,0,0,0,0,410871857.9
Sconica_v3_54877-RA,0,0,0,0,163905138.4,0
Sconica_v3_54894-RA,0,0,0,0,0,55780902.53
Sconica_v3_54912-RA,0,0,0,0,695231943.4,729449759.2
Sconica_v3_54917-RA,0,0,90690024,0,604114920.4,3000709381
Sconica_v3_54924-RA,0,22500487.38,0,0,0,0
Sconica_v3_54927-RA,0,0,0,0,201080418.5,356928647.9
Sconica_v3_54953-RA,0,76900906.35,0,0,117072189.5,0
Sconica_v3_54991-RA,0,0,0,1128737652,0,0
Sconica_v3_55000-RA,0,0,0,0,114315657.8,15476514994
Sconica_v3_55024-RA,0,0,34572667,55554689,680792429.3,1306063247
Sconica_v3_55060-RA,45248228.47,0,0,0,195251772.3,233280562
Sconica_v3_55062-RA,0,0,0,0,98729091.76,0
Sconica_v3_55082-RA,120010609.9,203385232.5,2770549056,3886861401,8995742534,9069455960
Sconica_v3_55103-RA,0,0,0,0,75977002.55,663146122.6
Sconica_v3_55114-RA,0,0,0,0,326130870.4,1145699640
Sconica_v3_55149-RA,0,0,0,0,48617105.41,42595767.29
Sconica_v3_55157-RA,46619258.39,33200576,2170627933,1775637738,20623525247,22765364260
Sconica_v3_55216-RA,30925371.19,33014568.54,0,0,3915533014,6895253077
Sconica_v3_55223-RA,0,100277042.7,0,0,0,0
Sconica_v3_55246-RA,404890940.3,1824603934,0,0,299635041.3,731354496.3
Sconica_v3_55247-RA,0,0,170121424,808806632.4,441189309,3572703770
Sconica_v3_55253-RA,4590803822,4619258118,0,0,1114589734,2455880926
Sconica_v3_55357-RA,9071906869,7867764540,0,0,460347556,324858454.8
Sconica_v3_55394-RA,399107828.7,1133859362,0,0,390554230.9,121106045.4
Sconica_v3_55395-RA,0,0,0,0,0,417599116.5
Sconica_v3_55511-RA,0,0,0,0,0,201998944.8
Sconica_v3_55523-RA,0,0,972040420,746304836.4,1087787367,1356642421
Sconica_v3_55532-RA,0,0,0,0,0,68225631.77
Sconica_v3_55533-RA,0,0,0,0,0,98368913.79
Sconica_v3_55612-RA,0,0,0,0,0,571443800.3
Sconica_v3_55621-RA,25058176.18,39681403.13,829005876,682742553.5,1549494815,5265963400
Sconica_v3_55687-RA,0,0,0,0,0,145275781.5
Sconica_v3_55710-RA,0,0,0,0,24187413.41,0
Sconica_v3_55731-RA,0,0,4557853040,4001209106,0,64751398.03
Sconica_v3_55751-RA,0,0,0,0,0,159990949.8
Sconica_v3_55850-RA,0,0,739820210,176081844.8,0,0
Sconica_v3_55865-RA,0,0,0,0,463918039.8,87194639.15
Sconica_v3_55908-RA,9428794.463,49520425.86,0,0,0,0
Sconica_v3_55933-RA,0,110785278.4,0,935833942.8,0,0
Sconica_v3_55947-RA,0,0,0,0,0,37985601.89
Sconica_v3_55991-RA,44087130502,39611507909,2358350620,6004051572,26128540301,30579490020
Sconica_v3_56023-RA,0,0,0,0,0,81285783.31
Sconica_v3_56131-RA,180332005.3,252125320.9,0,0,77029673.08,0
Sconica_v3_56141-RA,0,0,0,0,34139047.37,0
Sconica_v3_56211-RA,0,0,0,0,0,127670283.8
Sconica_v3_56271-RA,0,55401417,1076707512,361731065.9,3491019208,3225268715
Sconica_v3_56276-RA,0,0,0,0,244654499.9,150057782.6
Sconica_v3_56384-RA,2613603933,4612843098,3738603020,3171031323,2483337800,1418023059
Sconica_v3_56642-RA,0,0,0,0,523507217.9,117312795.2
Sconica_v3_56751-RA,0,0,525409356,113747159.6,0,0
Sconica_v3_56765-RA,1833177232,1696797265,0,126070819.8,1524959190,1569640506
Sconica_v3_56779-RA,3336438730,7129246883,0,0,3194702690,897991690
Sconica_v3_56790-RA,0,0,11329698048,10402749757,346527340.6,1113861818
Sconica_v3_56873-RA,0,0,0,0,54671685.13,149210219.5
Sconica_v3_56876-RA,0,0,0,0,302770296.4,233971431.1
Sconica_v3_56881-RA,10786508.49,56497725.59,0,0,0,0
Sconica_v3_56894-RA,0,0,0,0,289164649.2,339307724.3
Sconica_v3_56896-RA,0,0,11101797,0,306261836.5,334503356.8
Sconica_v3_56898-RA,0,136155227.9,0,0,0,0
Sconica_v3_56916-RA,0,0,328934090,325970073,0,0
Sconica_v3_56959-RA,0,0,0,0,41537725.06,0
Sconica_v3_56976-RA,0,0,0,0,0,101106942.6
Sconica_v3_57040-RA,0,0,0,0,168984142,0
Sconica_v3_57049-RA,0,0,0,0,240619997.5,519207398.1
Sconica_v3_57054-RA,0,0,784714496,0,0,0
Sconica_v3_57058-RA,0,0,0,0,755793876.2,477452187.3
Sconica_v3_57073-RA,0,0,1376786368,1030607761,0,0
Sconica_v3_57144-RA,0,0,521605418,531497109.3,0,0
Sconica_v3_57154-RA,0,0,392670912,249156464.5,0,0
Sconica_v3_57167-RA,511583203.3,422650828.2,0,0,258662638.2,0
Sconica_v3_57182-RA,0,0,0,0,34196753.16,0
Sconica_v3_57183-RA,0,0,0,0,423291288.5,173264781.1
Sconica_v3_57229-RA,127245172,201791005.3,0,0,788144953.4,604872618
Sconica_v3_57238-RA,260930025.9,100332150.3,0,0,0,78878636.1
Sconica_v3_57246-RA,0,0,0,0,593411939.3,895910152.3
Sconica_v3_57259-RA,0,0,0,0,645310739.6,788245202.4
Sconica_v3_57261-RA,0,45428104.85,199127293,517761759.8,3252108928,1919886677
Sconica_v3_57263-RA,2536067441,4547240326,584234340,598411986.9,2850663245,1694738483
Sconica_v3_57274-RA,0,0,23407256,0,0,0
Sconica_v3_57324-RA,0,0,0,0,39715484.47,595526436.9
Sconica_v3_57362-RA,0,0,37580216,313166382.2,2296010954,1060219166
Sconica_v3_57366-RA,0,0,0,0,135982603.6,91138742.67
Sconica_v3_57367-RA,226084979.8,1448308693,0,0,1292353015,634141330.7
Sconica_v3_57381-RA,0,0,669673472,383508153.4,1498852275,2523796012
Sconica_v3_57394-RA,1334336564,1243397793,0,0,1176223566,169190779.2
Sconica_v3_57423-RA,1240513489,3120542765,43267676,0,919063754.9,456645048.2
Sconica_v3_57471-RA,6826277087,19913549391,926787340,1208354048,9725757416,5702108181
Sconica_v3_57472-RA,127988853.4,850867518.8,127569660,202949080.6,531313780.6,162312829.6
Sconica_v3_57475-RA,0,0,0,0,0,404071894.9
Sconica_v3_57498-RA,0,0,0,0,320444475.4,274475458.1
Sconica_v3_57524-RA,0,0,117320584,0,0,0
Sconica_v3_57529-RA,931072774,1071973971,0,0,168520302.9,0
Sconica_v3_57551-RA,0,0,0,0,0,64410500.51
Sconica_v3_57552-RA,208851786.6,177995654.2,57966263888,46877277366,1861277531,3721216651
Sconica_v3_57553-RA,1485953188,5698400528,297086544,616639740.4,252316596.4,270841980.2
Sconica_v3_57570-RA,0,0,238194536,132389503.4,0,0
Sconica_v3_57571-RA,2510841972,5024107640,0,0,2040968330,1062241941
Sconica_v3_57574-RA,46329208928,71768945785,5991469108,4458974096,57905401087,24262996907
Sconica_v3_57602-RA,0,0,0,0,18503575.06,0
Sconica_v3_57629-RA,0,0,33226324,0,0,0
Sconica_v3_57646-RA,46217500.17,0,413167124,187172042.6,4084842250,3619746847
Sconica_v3_57663-RA,160716088.2,253479084.4,1128341928,312083952.5,133018178.6,471332483.1
Sconica_v3_57673-RA,0,0,49631608,0,0,0
Sconica_v3_57678-RA,0,0,0,0,177521989,0
Sconica_v3_57684-RA,0,0,72241628,88830341.81,957730210.9,1886976459
Sconica_v3_57686-RA,0,0,0,0,0,200967626.2
Sconica_v3_57690-RA,0,0,0,0,214378989.4,234911182.1
Sconica_v3_57691-RA,0,0,0,0,0,123593423.3
Sconica_v3_57716-RA,0,0,0,0,191577603.3,697963125.7
Sconica_v3_57732-RA,0,0,50606894,91218307.47,289114832.5,570119656.6
Sconica_v3_57739-RA,0,0,0,0,58591355.71,236648881.9
Sconica_v3_57740-RA,0,82488980.3,0,0,225590546.1,201548572.8
Sconica_v3_57776-RA,0,0,56337324,0,589424063.6,432032945.8
Sconica_v3_57803-RA,0,0,0,0,288291808.3,696601393.5
Sconica_v3_57819-RA,11989427.78,4973579.395,7231685912,6362391447,0,117880739.5
Sconica_v3_57820-RA,5590077891,5473582850,0,0,2738280084,4303913440
Sconica_v3_57824-RA,0,0,4010224740,2514079497,0,31623373.26
Sconica_v3_57841-RA,52708865,0,0,0,0,0
Sconica_v3_57842-RA,13076722883,7268080217,0,0,2912561852,3107774007
Sconica_v3_57893-RA,1737776609,4805566824,53727004,0,1557965775,611928122.8
Sconica_v3_57894-RA,292831599.9,749990137.1,0,0,207742698.4,374986097
Sconica_v3_57897-RA,1059329128,1758071320,0,0,457498016.4,662958904
Sconica_v3_57901-RA,0,0,0,0,0,558468169.6
Sconica_v3_57906-RA,0,0,0,0,77066399.24,90362008.84
Sconica_v3_57910-RA,187250665.5,170880474.5,0,0,1902693487,531542124.4
Sconica_v3_57913-RA,5419563732,984852706.4,73649152,76554851.64,1747747001,2139440701
Sconica_v3_57963-RA,0,0,0,0,122954849.1,0
Sconica_v3_57964-RA,1972039796,3818592965,5322900560,5228901911,6115022590,2791415133
Sconica_v3_57968-RA,4271182403,5861872018,2.42E+11,2.08E+11,11791999661,28849835342
Sconica_v3_57988-RA,0,0,0,81497184.64,769739609.8,712238759.1
Sconica_v3_58000-RA,0,0,0,0,101681223.3,0
Sconica_v3_58013-RA,0,0,0,0,606622585.7,0
Sconica_v3_58027-RA,0,0,0,0,1537324177,3214378900
Sconica_v3_58042-RA,626712571.1,762221064.9,0,165581493.7,2410888635,0
Sconica_v3_58043-RA,0,0,9162220960,7892779252,119956470.5,131534294.4
Sconica_v3_58044-RA,0,0,0,0,0,271340869.8
Sconica_v3_58047-RA,0,0,0,0,215428006.9,1081077511
Sconica_v3_58077-RA,0,0,0,0,0,241132719.7
Sconica_v3_58078-RA,0,0,0,0,0,181658496.6
Sconica_v3_58079-RA,0,0,0,0,97365041.25,252536522.2
Sconica_v3_58085-RA,0,0,0,0,66991264.63,0
Sconica_v3_58086-RA,0,0,529637592,0,1321974055,923316703.4
Sconica_v3_58098-RA,0,0,0,0,952618778.6,1356991526
Sconica_v3_58117-RA,0,0,494407752,380645827.1,308592610,345672166.8
Sconica_v3_58154-RA,0,0,69306144,0,0,0
Sconica_v3_58165-RA,0,0,0,0,30063896.32,0
Sconica_v3_58170-RA,0,0,0,179013915.6,96492123.16,487026311.8
Sconica_v3_58176-RA,320079253.8,429771943,0,0,0,0
Sconica_v3_58180-RA,1212128045,1367811881,0,0,738109202.8,1248269850
Sconica_v3_58184-RA,0,0,4937168608,4003287529,0,0
Sconica_v3_58193-RA,0,0,6626064410,4925664820,0,0
Sconica_v3_58194-RA,118003344.5,336717048.7,24711383403,17411623999,905477745.2,1231741719
Sconica_v3_58228-RA,2.47E+11,2.63E+11,18444336523,21847089949,1.63E+11,1.33E+11
Sconica_v3_58257-RA,0,0,0,0,0,30503191.99
Sconica_v3_58258-RA,23285544.55,0,373482192,141049884.8,231788026.1,775619856.2
Sconica_v3_58264-RA,0,0,0,0,0,77919611.29
Sconica_v3_58272-RA,0,0,86452288,151820647.4,0,0
Sconica_v3_58277-RA,32500754.94,0,0,0,0,0
Sconica_v3_58284-RA,62770276.98,21770711.65,2611628506,1622642552,1109404178,575458080
Sconica_v3_58285-RA,0,0,62106776,16915248.72,370134323.5,484543074.5
Sconica_v3_58289-RA,4983407093,5839816485,0,0,1381182134,1449327886
Sconica_v3_58307-RA,20819097.62,51432922.44,0,0,0,0
Sconica_v3_58308-RA,0,0,1632934686,358601706.5,0,0
Sconica_v3_58312-RA,0,0,0,0,126602180,448787842.3
Sconica_v3_58314-RA,39422074.83,0,0,0,552528557,1536306618
Sconica_v3_58328-RA,0,0,98805800,0,0,0
Sconica_v3_58331-RA,0,0,49812222,0,3125932111,3373837215
Sconica_v3_58345-RA,0,0,0,0,343185610,303153537.7
Sconica_v3_58350-RA,0,0,357229088,309485369.4,435153642.1,0
Sconica_v3_58362-RA,0,0,0,0,0,175955024.6
Sconica_v3_58363-RA,0,0,0,0,2330177956,8629678442
Sconica_v3_58364-RA,98985388.34,70267094.18,0,0,1192094925,29457368523
Sconica_v3_58378-RA,0,0,0,0,0,164762699.5
Sconica_v3_58389-RA,1249956280,1191487916,280189248,457504383.8,1046734640,782322011.9
Sconica_v3_58395-RA,306344649.3,450208314.5,2.35E+11,2.15E+11,11430141357,27480908244
Sconica_v3_58398-RA,371684799.5,291037186.2,0,0,50359696.51,0
Sconica_v3_58405-RA,85655863.6,531476272.2,0,0,66319979.66,0
mito_atp1,7309244105,5322312127,1.24E+12,1.19E+12,48719915453,1.17E+11
mito_atp4,480968817.8,213846744.4,36911011638,83860108878,3196022118,8480319869
mito_atp6,679784908.7,0,114912356,127131276,112093260.6,161648194.8
mito_atp8,83699130.65,0,51965364731,40261509411,2647280222,4577139025
mito_atp9,4996986097,500731356.1,19190052066,18445279711,1278257780,43863078.74
mito_ccmFn,0,0,376969444,196174006.1,0,0
mito_cob,0,0,8996231240,8969344058,600942189.3,1016775528
mito_cox1,0,0,0,804540055.6,139068249.8,0
mito_cox2,99725461.9,115449531.6,42955243570,50361380560,3805149623,3711033227
mito_cox3,0,0,807461496,1936714306,0,547756126.4
mito_nad1,0,0,2832828032,1545411493,110477750.7,0
mito_nad2,0,0,2512188240,5008313579,500429731.8,561997611.5
mito_nad3,0,0,1956679424,1816441883,0,0
mito_nad4,0,0,560328208,335387279.3,215773776.9,448546966.2
mito_nad5,0,0,9938762272,9658956797,526456217.7,496251954.9
mito_nad6,0,0,0,1011805402,0,0
mito_nad7,0,0,65100824424,59199666905,2076199619,2226463318
mito_nad9,0,0,81248346920,63875959908,1426540415,2249215048
mito_rpl5,0,0,1211665224,997232620.1,0,0
mito_rps13-1,0,0,620382000,655932259.5,0,0
mito_rps3,0,0,5489370660,3483089205,0,0
plastid_accD,237433902,563538833.2,38674004,108127954.1,322156805.2,81570186.19
plastid_atpA,8.06E+11,8.11E+11,10830372988,21769026453,4.18E+11,3.98E+11
plastid_atpB,1.35E+12,1.20E+12,12516820086,22758453278,6.21E+11,5.65E+11
plastid_atpE,79120994939,59516933970,0,702226285.8,35368224309,31898196866
plastid_atpF,1.74E+11,1.87E+11,1804591100,4298060271,61599752718,63166168329
plastid_atpH,187749421,113422863.8,0,0,64383616.68,3609455.662
plastid_atpI,7647381820,1959961583,96197536,19903579.9,7668659422,11019383096
plastid_clpP,10637440795,13035968082,1285934520,1071225220,7007236378,6205431048
plastid_ndhA,3667065315,1177975807,0,0,2652306362,3248274479
plastid_ndhB,902307050.7,747188584.8,0,0,233932227.4,0
plastid_ndhD,0,0,0,0,473014910.9,323439070.7
plastid_ndhE,0,4943784929,0,0,619386111.6,1756446068
plastid_ndhF,4642934704,2415499216,0,0,1894259461,1912312794
plastid_ndhH,9760322271,8580044613,0,270021899.1,6658837745,4538429531
plastid_ndhI,5899710638,3603163187,81192496,138065481.3,2482584139,1913983415
plastid_ndhJ,1972572415,999068308.1,0,50180278.01,1896169105,934875172.6
plastid_ndhK,7198152331,4778066535,0,0,2917217056,3130894524
plastid_petA,3.05E+11,2.43E+11,2243193400,6082316073,1.44E+11,1.07E+11
plastid_petB,45616092025,28401432030,1666641226,2372312994,39283060122,20659787514
plastid_petD,58797034383,41661439688,0,243409657.8,37608592232,30606221428
plastid_psaA,6.79E+11,5.40E+11,4921200094,6496585934,1.78E+11,2.26E+11
plastid_psaB,5.18E+11,3.32E+11,3075752465,6540047865,1.66E+11,2.47E+11
plastid_psaC,1.62E+11,35733825648,1080014473,719395163.1,27903400843,42261362425
plastid_psbA,4.11E+11,3.36E+11,3581798115,7746270283,1.79E+11,1.71E+11
plastid_psbB,8.24E+11,6.37E+11,6960900875,17032727344,2.69E+11,2.60E+11
plastid_psbC,7.49E+11,6.31E+11,5824233946,9998161840,3.95E+11,3.56E+11
plastid_psbD,3.90E+11,3.40E+11,4072349640,4613936288,2.15E+11,2.22E+11
plastid_psbE,2.12E+11,2.17E+11,1745026688,4436580634,79994014962,63477910766
plastid_psbF,10048961268,0,1131262608,2648444922,12853275037,6033380704
plastid_psbH,42547071318,54727698048,940214580,2224149117,21809598940,0
plastid_psbJ,1002910182,319819444.1,0,0,0,0
plastid_psbL,390820595.1,502830220.2,0,0,93993162.86,76860866.58
plastid_rbcL,2.30E+12,3.45E+12,4.80E+11,5.05E+11,3.39E+12,1.93E+12
plastid_rpl14,5581731382,7712110066,190312432,2510737316,6270227477,2724132583
plastid_rpl16,3942096029,8029647965,518321550,149984916.1,4905425059,557543741.1
plastid_rpl2,6992367988,13103309459,28305060,499025602,7344342475,2578819284
plastid_rpl20,5822629179,6973171276,0,38174416.43,8089967996,1630689745
plastid_rpl22,4013396227,6771714905,152919053,126568847,5428864495,1608323116
plastid_rpl32,105277573.2,2392191630,101012536,55399483.37,2645167310,257696699.1
plastid_rpl33,176309632.7,347159595.3,36802196,302864523.9,47134388.8,0
plastid_rpl36,0,29360397.2,0,0,0,0
plastid_rpoA,1158387538,536041121.4,0,0,131650026,158586802.1
plastid_rpoB,734759723.7,792366048.9,0,0,33196051.22,0
plastid_rpoC1,43264290.82,100540912.3,0,0,19378994.71,0
plastid_rpoC2,414847802.1,396754067.2,0,0,30489446.53,0
plastid_rps11,1789298655,6374829072,0,123499668.7,3237155418,463088147.9
plastid_rps12,3099542191,1953550549,0,274171165.7,2544149747,742055754
plastid_rps14,913012565.6,1342884831,52361660,72806826.73,1776048316,517964975.4
plastid_rps15,585765172.7,2345583291,159356944,65615142.79,2959624596,907326922.5
plastid_rps16,3000916018,4493117816,116540720,325839332,4050952911,1646441199
plastid_rps18,3512379719,4720778926,61056484,15737994.3,2859884028,1176204840
plastid_rps19,7133847147,8563606174,533086411,35197268.99,5361199680,1761941853
plastid_rps2,1577651762,3019268683,214544844,144186456.9,3335808411,1103298555
plastid_rps3,10540130503,12558138090,662583348,431227627.9,10740288633,2749527729
plastid_rps4,11190201037,14569025150,439042500,231238831,12246411899,2938747768
plastid_rps7,6890889614,11287250970,95529568,61729966.29,11821912831,3379352704
plastid_rps8,6055628478,8292880060,286880400,102009781.5,5027197327,1341153718
plastid_ycf1,830816664.6,906856291,98651115,8150644986,461792144.5,303991739.7
plastid_ycf2,475724864,289340595.9,0,0,71695861.13,95995593.3
plastid_ycf3,1048896020,957706824,0,38928218.71,358969735.5,119231109
plastid_ycf4,1657586421,1026305777,0,0,599690885,200449623.7