Protein,Cp1_noPF,Cp2_noPF,Mt1_noPF,Mt2_noPF,Lf1_noPF,Lf2_noPF
AT1G01050.1,0,0,0,0,168095860,251984510
AT1G01080.1,1571612866,174635152.8,0,0,1182363230,1808578748
AT1G01090.1,1508810389,336248025,0,0,244486552,583701939.4
AT1G01100.1,0,0,0,91835652.2,50186676,0
AT1G01140.1,0,0,0,0,0,26761006.71
AT1G01170.1,0,0,11987750248,9330046098,563003576,993332310.8
AT1G01290.1,0,0,291714555.5,423771593.2,0,0
AT1G01300.1,0,0,0,0,85142544,98867289.43
AT1G01320.1,0,0,77088262.95,22181403.15,141214396,37283192.25
AT1G01370.1,0,0,633343154.6,0,0,0
AT1G01420.1,0,0,0,0,0,132866483.7
AT1G01470.1,0,0,60144084.04,0,1005941760,799787514.1
AT1G01620.1,0,0,36553602.74,0,688616208,145978537.4
AT1G01725.1,0,12171658.64,852624776,907298200.9,0,29629725.04
AT1G01790.1,1230969541,199756789.7,45563135.53,0,493004276,1071832604
AT1G01800.1,0,0,0,19361107.67,1031631256,562202284.2
AT1G01820.1,0,0,363027283,227282448.7,156428792,0
AT1G01900.1,0,0,0,0,18562710,0
AT1G01910.1,0,0,0,0,97807332,39988562.3
AT1G01960.1,0,0,0,0,89163346,63415138.13
AT1G02090.1,0,0,0,0,64075748,0
AT1G02100.1,0,0,0,0,0,21483110.14
AT1G02120.1,0,0,0,0,20395104,0
AT1G02130.1,0,39159977.97,0,0,68498704,77583780.66
AT1G02140.1,0,0,0,0,143198024,213524452.6
AT1G02150.1,142384400.6,0,0,0,37230428,30051751.57
AT1G02160.1,0,0,230887714.3,503942975.8,0,0
AT1G02170.1,0,0,0,0,72442776,0
AT1G02270.1,0,0,55290760.84,53389085.32,0,0
AT1G02280.1,172145605.5,31772410.6,82896752.93,23045872.07,0,51008956.75
AT1G02305.1,0,0,85226628.67,0,73979812,0
AT1G02335.1,0,0,0,0,55143108,0
AT1G02360.1,0,0,0,0,44550132,37622012.53
AT1G02370.1,0,0,498929137.3,275390716,0,0
AT1G02410.1,0,0,524717658.7,162143241.5,0,0
AT1G02475.1,419020250.2,307535031.5,116582816.1,0,121720320,0
AT1G02500.1,0,0,0,101315978.3,404394432,239385002.8
AT1G02560.1,2624826881,759347214.5,0,0,1268598534,1532677050
AT1G02730.1,0,0,0,93028715.28,0,0
AT1G02780.1,23112392.44,48916122.39,459841628.1,325065071.4,1169172880,781266667.9
AT1G02820.1,0,0,0,45933288.22,0,0
AT1G02910.1,584554775.4,1392061437,0,0,209544064,117143284
AT1G02920.1,0,29900922.92,0,0,334661984,327812673.1
AT1G02930.1,25013617.47,43867477.95,147295412.8,201893799.3,1227724136,727241685
AT1G02950.1,0,0,0,0,58679512,41910583.85
AT1G03000.1,0,0,0,41324924.36,0,0
AT1G03030.1,73588587.29,52935047.14,0,0,0,68850266.36
AT1G03090.1,0,0,8877611489,7790531637,113008976,221217310.2
AT1G03100.1,0,111289056.7,0,0,762486528,915831764.4
AT1G03130.1,9081948091,12898039418,0,0,3654888960,0
AT1G03160.1,1568393290,2469130394,0,0,268442885,641867105.6
AT1G03220.1,0,0,0,0,293346500,95091204.51
AT1G03230.1,0,0,0,0,263093488,54241135.78
AT1G03310.1,107997905.8,16653331.84,0,0,63818728,175470649.8
AT1G03330.1,0,0,0,0,138170932,0
AT1G03350.1,0,0,0,0,29827098,0
AT1G03400.1,0,0,0,0,12131670,0
AT1G03475.1,9728248156,1418220258,0,0,4791970291,4221373582
AT1G03600.1,14353922267,25928489285,4861293053,6117762707,9723483962,7634326166
AT1G03630.1,5977376901,3725869139,1599310614,772647736.9,1725869800,745920367.3
AT1G03680.1,4838988914,1281046146,42023685.05,0,7039331824,6324228436
AT1G03860.1,0,0,13754962808,14322147792,351621514,418635160.3
AT1G03870.1,0,0,40578360.31,0,1181505404,1149382886
AT1G03900.1,0,0,0,0,125369368,17027024.76
AT1G04040.1,0,9761074.936,38536057677,32239359615,76044232,46018131.29
AT1G04080.1,0,0,0,0,235162590,240860782.6
AT1G04170.1,0,0,0,39132878.57,349748696,55314659.34
AT1G04190.1,0,0,0,0,0,99371562.35
AT1G04210.1,0,31204814.79,0,0,0,0
AT1G04270.1,0,0,0,151148047.2,1093958080,1083790090
AT1G04280.1,0,0,115915705.1,72980598.53,0,0
AT1G04410.1,13408468.66,46831434.65,853612147.8,689392314,3988927752,3440179222
AT1G04420.1,1707182296,201729682,0,0,1936989264,2633036460
AT1G04430.1,0,0,834791466.7,860404700.3,80611622,0
AT1G04510.1,0,0,0,0,0,67181357.23
AT1G04530.1,0,0,0,30433324.61,296421624,183524451.3
AT1G04620.1,823229348.1,2078339760,0,0,180664604,458507629.2
AT1G04630.1,0,0,777675401.8,834166260.1,0,0
AT1G04640.1,0,0,8007509530,7536381076,369410250.3,295771722.3
AT1G04690.1,0,0,340293405.9,68556761.5,1337402025,1632444915
AT1G04820.1,0,0,60536758.98,0,515048636,0
AT1G04850.1,0,0,0,0,93123552,109495773.4
AT1G04900.1,0,0,91819541.95,218930354.6,0,36575734.09
AT1G04910.1,0,0,39735389.83,22833235.48,0,0
AT1G04940.1,55280060.97,33474510.86,0,0,0,0
AT1G04980.1,0,0,0,0,94414828,16249602.83
AT1G05010.1,0,0,0,0,550423307,345450390.5
AT1G05030.1,13011670.42,18497264.19,0,0,0,0
AT1G05060.1,0,0,82347416.89,0,0,11065726.38
AT1G05140.1,167587488.1,304123559.6,0,0,0,0
AT1G05150.1,0,0,0,0,19735790,0
AT1G05180.1,0,0,0,0,173349360,0
AT1G05190.1,12170898355,2827397481,3156680316,2295410272,7929118176,7480903705
AT1G05205.1,0,0,0,110430086.8,0,0
AT1G05270.1,0,231522.3566,1269323213,1435576636,0,0
AT1G05350.1,0,0,0,0,79140964,14268029.84
AT1G05385.1,103944100.7,197610576.4,0,0,100487492,247804129
AT1G05430.1,0,0,154402148.5,93426705.89,0,0
AT1G05500.1,0,0,60892640.57,99414966.5,96449798,25276672.05
AT1G05560.1,0,0,0,0,119374484,135419471.8
AT1G05940.1,0,0,0,0,12266864,11947129.81
AT1G06000.1,0,0,0,0,0,352482563.7
AT1G06130.1,68035545.18,0,2586316231,1430625594,60054712,267205749.4
AT1G06190.1,391097555.1,261624141.2,0,0,78989380,0
AT1G06200.1,0,0,81820892.52,83893129.57,0,0
AT1G06210.1,0,0,0,0,61331544,39978779.14
AT1G06220.1,0,0,0,0,36071224,18692382.23
AT1G06290.1,0,0,582498142.7,339902534.1,223118948,151984809.1
AT1G06400.1,0,72820720.89,0,108553333.4,476420288,89271711.49
AT1G06410.1,0,0,0,0,68558418,52152660.95
AT1G06430.1,2145342827,4630590828,0,0,1361964248,929229767.4
AT1G06460.1,0,0,2089079247,3729115660,76419624,114971139.1
AT1G06510.1,120040583.6,0,0,0,74253152,95296376.01
AT1G06530.1,0,0,14478717965,15563938357,416975714,98185285.52
AT1G06640.1,0,0,0,0,206223800,90336339.79
AT1G06680.1,1.51E+11,1.60E+11,3767968337,1935831990,79899297468,74085440443
AT1G06690.1,1528305031,559418317.4,128404150.4,0,862014624,1822878501
AT1G06700.1,0,0,27940147.9,3702606745,0,0
AT1G06760.1,0,0,921024050,610738689.1,0,0
AT1G06820.1,593221171.4,196268289.9,0,0,81894142,48751982.23
AT1G06890.1,0,0,218728920.6,91599502.87,0,0
AT1G06950.1,7134940990,1597949682,756305904.9,692296972.1,3566973952,2401471668
AT1G07010.1,0,0,0,0,0,59496028.19
AT1G07030.1,0,0,0,108875353.2,0,0
AT1G07040.1,184710592.8,12326442.42,1205644390,348913560.7,112951004,68022623.07
AT1G07090.1,0,0,100648315.9,57267034.66,0,0
AT1G07110.1,0,0,59916993.25,20581606.45,317838320,319479866.8
AT1G07140.1,0,0,20779368.08,0,1161171261,788250694.6
AT1G07180.1,0,0,569271984.7,731978804.2,0,0
AT1G07210.1,0,0,152388565.9,60307483.08,0,0
AT1G07240.1,0,0,0,0,24372914,0
AT1G07250.1,0,0,0,0,81616552,117321841.7
AT1G07320.1,7715488780,2785882983,209026571.9,80224453.09,3242541683,3937371350
AT1G07440.1,0,0,0,0,0,478233804.3
AT1G07510.1,0,0,339259071.1,230898772,0,0
AT1G07615.1,0,0,80888718.42,47364451.29,0,0
AT1G07670.1,0,0,144416071.1,201385976,158230347,144658843.7
AT1G07700.1,187647696,13184869.69,0,0,91861520,61820384.33
AT1G07750.1,0,0,0,0,321516988,290708884.5
AT1G07790.1,0,0,290837077,374055079.1,0,121789241.3
AT1G07830.1,0,0,29401895.07,271297933.2,0,0
AT1G07890.1,33767346.85,112040041,743750740,989994053.2,12876077417,13876519384
AT1G07920.1,2235251938,3311350884,50050875318,45591614948,79457474782,65334309042
AT1G07990.1,0,0,0,0,20928352,29493012.04
AT1G08110.1,323588916.3,50535014.61,302450539.2,196291049.7,1399628028,2148530066
AT1G08160.1,0,0,0,0,124419204,56254770.31
AT1G08190.1,0,0,0,0,0,32686346.18
AT1G08200.1,0,0,0,0,354142640,90240887.42
AT1G08220.1,0,0,325384581.1,193963969.3,0,0
AT1G08360.1,0,0,277744253.4,197778655.4,133665488,794309597.4
AT1G08370.1,0,0,0,0,38935260,40239621.89
AT1G08380.1,176114762.9,0,0,0,0,0
AT1G08420.1,0,0,0,0,74512784,141227286.6
AT1G08450.1,0,0,1015085736,799361549.9,2187929178,422269801.7
AT1G08480.1,0,0,7722422503,8970942357,473488416,415389938.5
AT1G08490.1,64357246.7,14615383.22,0,0,151818860,0
AT1G08520.1,2484327922,93248472.15,88699566.12,37674815.74,425806568,210562946.8
AT1G08530.1,26498578.43,0,0,0,0,0
AT1G08550.1,1536320393,2358823648,0,0,670020344,719279144.2
AT1G08620.1,0,0,0,52391167.82,0,0
AT1G08640.1,376493611.8,256769161,65810628.73,0,348096800,657256153.3
AT1G08660.1,0,0,0,0,0,13191143.6
AT1G08750.1,0,0,0,0,36282732,0
AT1G08820.1,0,0,0,0,0,27409510.38
AT1G08830.1,0,0,674257915.2,554379908.3,3730683104,3627792286
AT1G08880.1,0,38325989.13,146191683.4,0,0,0
AT1G08930.1,0,0,429227489.6,22767154.48,34281702,13189264.7
AT1G08970.1,0,0,0,0,152704036,0
AT1G08980.1,0,0,0,0,315335440,508617910.7
AT1G09010.1,0,0,0,0,320741100,209828151.1
AT1G09020.1,0,0,0,0,228781480,176747517.4
AT1G09070.1,0,0,273146974.8,134824174.1,165108944,0
AT1G09080.1,0,0,0,0,35325836,0
AT1G09130.1,1783046930,383663742,46846977.59,0,882164276,1110822117
AT1G09210.1,0,0,269102784.3,164908454.2,1892246934,1420076257
AT1G09220.1,0,0,0,0,65897988,45561592.06
AT1G09270.1,0,0,0,0,114321304,0
AT1G09300.1,0,0,242923655.2,125773868,0,0
AT1G09310.1,0,0,472014220,209164620.2,2411444878,2909861349
AT1G09330.1,0,0,0,0,76553360,0
AT1G09340.1,36958716734,6740676558,10723875759,10428143616,32276325417,36149731746
AT1G09430.1,0,0,0,0,373746240,473074368.6
AT1G09490.1,0,0,0,0,45731832,82097237.95
AT1G09560.1,0,167059469.5,0,0,387081223,241862375.4
AT1G09590.1,87291172.79,44586526.53,802282849.7,1615703269,1942562338,1764372654
AT1G09620.1,0,0,669206827,207178824.7,1535971522,1226991171
AT1G09630.1,0,12726934.95,0,0,157124040,111046352.7
AT1G09640.1,36432464.15,91370966.48,0,0,3424270868,3167798573
AT1G09740.1,0,0,0,0,52870220,101965751
AT1G09750.1,0,0,389795223.1,730956603.4,3777535972,2460944700
AT1G09760.1,0,0,0,0,249287408,356637348.8
AT1G09770.1,0,0,0,0,0,22613365.71
AT1G09780.1,0,0,27174859.25,145069414,1245227036,1012281136
AT1G09794.1,0,0,57211985.31,145051531.8,0,0
AT1G09795.1,969695636.9,159835355.4,0,0,343364236.8,389197356.8
AT1G09830.1,605916188.2,27919332.39,0,0,623727938.6,637598637.3
AT1G09850.1,0,13178773.84,0,31676159.41,56690060,208556326.4
AT1G09870.1,0,0,29490233.3,0,65883076,136024279.8
AT1G10130.1,0,0,80472548.64,81381781.87,0,0
AT1G10200.1,0,27116741.05,599266023.7,269718658.3,519763182,157199177.4
AT1G10270.1,0,0,213171281.4,141894000.7,0,0
AT1G10290.1,0,0,108716008.5,0,184618075,137389960.3
AT1G10310.1,0,0,626620242.2,368526897.2,54623554,71805188.59
AT1G10360.1,0,0,0,0,65325484,159527105.6
AT1G10370.1,0,0,0,0,477870208,435935088.2
AT1G10390.1,0,16197621.17,170941563.4,27170482.99,23690720,99849444.8
AT1G10510.1,900902433.2,220630362.7,51712383.42,0,272811768,284634306.8
AT1G10522.1,88178243.07,61925285.39,0,0,38087988,44364585.11
AT1G10590.1,0,0,136395337.5,86122963.5,195879760,141840209.3
AT1G10670.1,0,0,0,198636012.4,35634828,36791796.76
AT1G10700.1,101243675.9,0,0,0,0,47486010.01
AT1G10760.1,3348564171,868651637.4,0,0,4771846884,12840169377
AT1G10830.1,78277904.67,59287442.98,0,0,0,0
AT1G10840.1,0,0,0,0,531130032,432778744.8
AT1G10950.1,0,0,1179017482,1678593775,269304460,227611103.2
AT1G11170.1,0,0,0,229207281.1,0,0
AT1G11260.1,0,0,34611515.36,28425779.02,617002504,0
AT1G11310.1,0,0,0,0,16736384,0
AT1G11360.1,0,0,0,0,46751184,0
AT1G11390.1,0,0,180576412.6,215079125.3,0,0
AT1G11430.1,387945942.5,134083618.8,0,0,245676496,0
AT1G11475.1,0,0,52829750.43,38047923.83,0,0
AT1G11530.1,0,0,0,0,159599342,170295036.2
AT1G11580.1,0,7152948.45,9559026.881,0,35605288,171236302.4
AT1G11650.1,0,0,0,0,366324336,138703688.8
AT1G11660.1,0,0,0,0,123670664,34278587.63
AT1G11720.1,277102750.1,21070767.95,0,0,37598672,73365344.88
AT1G11750.1,1249102374,160759640.4,0,0,1060765080,1406854883
AT1G11820.1,0,0,0,0,0,39897262.83
AT1G11840.1,0,0,262457103.9,218525503.5,4176649520,6240437707
AT1G11860.1,688683044,578501047.5,5.71E+11,5.06E+11,22606651901,26833559093
AT1G11870.1,343157342.2,6807148.509,125757113.5,127354559.2,138420064,141455277.6
AT1G11890.1,0,0,0,88038262.32,0,0
AT1G11905.1,0,0,0,0,17502562,0
AT1G11910.1,0,39208270.89,357400401.9,93027470.32,979827774,1308048034
AT1G11930.1,9471661.466,0,0,0,310193032,366885444.9
AT1G12000.1,0,0,0,0,55337052,49922257.28
AT1G12050.1,0,0,112323917,0,432027476,305795386
AT1G12080.1,0,0,0,0,411992256,0
AT1G12230.1,993058594.1,508102663.9,30222903.98,0,1761853828,1446812831
AT1G12240.1,0,0,0,0,379684690,0
AT1G12250.1,1319499391,893594022.4,0,0,345853320,622354157.6
AT1G12270.1,0,0,0,0,2760372524,2682983448
AT1G12310.1,0,0,58804921.93,39361917.66,455355232,459151051.2
AT1G12350.1,0,0,0,0,39212564,160152634.1
AT1G12360.1,0,0,0,0,39741396,0
AT1G12410.1,864782119.5,376220338.6,0,0,765304480,517309122.8
AT1G12520.1,107560939.9,0,0,0,92803020,38974287.42
AT1G12640.1,0,0,24478701.7,0,29093960,0
AT1G12750.1,0,0,88971781.93,169965775.4,0,0
AT1G12760.1,0,0,0,59715282.26,0,0
AT1G12780.1,0,0,0,0,517051800,262824981.1
AT1G12800.1,595203310.2,10618791.32,0,0,309728768,0
AT1G12840.1,10507471.01,49552056.45,2891760722,1807383360,7238989460,6260204954
AT1G12900.1,10086468490,2468903961,10856437.68,257484094.4,4682360411,9299042801
AT1G12920.1,0,0,0,0,35067560,23142830.92
AT1G13020.1,0,0,14190475.97,15549888.44,542186498,139482920.9
AT1G13060.1,0,0,0,58311315.21,398788312,164556096.4
AT1G13100.1,0,0,0,0,53418312,0
AT1G13110.1,0,0,110684664.9,403019702.2,461018444,853945420
AT1G13220.1,0,0,934329624.4,0,0,0
AT1G13270.1,505309004.2,305291133.8,0,21522071.1,106298152,191388323
AT1G13280.1,1056624774,630757499.2,1104954320,1438488166,394598768,770559538.5
AT1G13320.1,0,0,11361673.44,0,353165952,192382700.9
AT1G13440.1,0,0,742168702,729140811.3,2043127336,1467320916
AT1G13470.1,0,0,40741923.03,34887916.12,43871864,34150680.76
AT1G13560.1,0,0,0,0,0,77604026.6
AT1G13690.1,0,0,0,0,0,16221310.91
AT1G13750.1,0,3444237.833,0,0,60571454,94849152.9
AT1G13820.1,45509192.09,94758342.66,0,0,39794832,0
AT1G13900.1,0,0,0,0,398175576,347114482.1
AT1G13930.1,50113307.87,192908311.6,5482375208,5678454765,32180041734,32791213842
AT1G13960.1,0,9348113.106,92918256.1,0,0,0
AT1G14000.1,0,0,72201488.22,50948054.48,461927786,212239750.5
AT1G14030.1,982830882.2,119723404.2,0,0,452416848,447599836.6
AT1G14060.1,0,0,0,19071281.99,0,0
AT1G14140.1,0,0,218602012.3,436263141.2,0,0
AT1G14150.1,728999312.3,963781601.3,0,0,538630793,587115381.7
AT1G14210.1,0,0,0,0,31894948,0
AT1G14270.1,40443783.65,131392324.4,0,0,23865410,29108544.17
AT1G14310.1,0,0,50130462.62,0,0,0
AT1G14320.1,0,48231010.2,214497128.4,550582411.8,131317408,0
AT1G14345.1,1680931677,1202703668,0,0,550282256,234775081.7
AT1G14380.1,0,0,0,0,0,32003342.69
AT1G14410.1,220007639.2,148079506.3,0,0,40034204,23402093.24
AT1G14450.1,0,0,389555974.4,0,0,0
AT1G14610.1,0,0,143784282.6,96787251.8,676988926,617396152.8
AT1G14620.1,0,0,292236244.4,198119614.3,0,0
AT1G14630.1,0,0,18183739.71,0,0,0
AT1G14650.1,0,0,0,0,14425824,126092637.6
AT1G14670.1,0,0,196840276.3,214250688.6,135823536,37641827.94
AT1G14810.1,2158911446,858556482.7,0,0,1671664492,2217715919
AT1G14830.1,0,0,0,0,76627348,92316776.85
AT1G14850.1,0,0,88233906.03,114903946.8,15575766,17502301.44
AT1G14880.1,0,0,149929852.2,156072292.7,535238510,137991137.2
AT1G14930.1,0,0,0,0,0,0
AT1G14980.1,0,0,38574029905,33885692659,1326803764,1739187005
AT1G15060.1,30504006.98,12395225.81,118518563.9,55832908.99,40384620,51645218.59
AT1G15120.1,0,7343060.771,12447669049,10748360103,273297088,352916071.9
AT1G15130.1,0,0,0,0,70806058,108735643.8
AT1G15140.1,2721746231,290566570.2,0,0,1812826160,1522024288
AT1G15220.1,0,0,51723879.75,61113270.85,0,0
AT1G15250.1,0,0,197282994.7,400425984.2,329211928,223158030.5
AT1G15270.1,0,0,30983207.28,23658584.75,329804048,122459194.4
AT1G15340.1,0,0,0,0,940659344,1099366435
AT1G15390.1,15293936.69,0,59622981.56,0,45303116,0
AT1G15410.1,0,0,0,0,0,178140194
AT1G15480.1,0,0,98005115.44,313349166,0,0
AT1G15500.1,11319195.82,0,0,0,0,0
AT1G15690.1,169604521.6,130197067.1,7797108011,11428234758,14230895705,11759273427
AT1G15710.1,96369565.55,0,0,0,28482498,0
AT1G15730.1,276537243.9,0,0,0,0,0
AT1G15790.1,0,0,0,34895948.43,0,0
AT1G15810.1,0,0,745056264.6,264698389.6,0,0
AT1G15820.1,1.79E+11,3.33E+11,14667711225,13476550443,1.01E+11,85813570680
AT1G15930.1,0,0,0,0,312644464,243281483.3
AT1G15950.1,0,0,0,0,176046248,41125891.12
AT1G15980.1,3529097568,5418588572,0,0,2295251592,2272040791
AT1G16000.1,0,0,251526016.5,190036551.1,0,0
AT1G16030.1,0,0,224781520.3,328163024.3,0,0
AT1G16080.1,1214621572,72752413.12,0,0,2404277380,1245555443
AT1G16210.1,0,0,0,0,349552204,230406007.7
AT1G16240.1,0,0,26151856.47,12290843.28,61634720,36345013.86
AT1G16350.1,0,0,0,0,383144472,327795696.4
AT1G16410.1,0,0,0,0,83027030,0
AT1G16460.1,0,0,0,0,418151056,409840127.6
AT1G16470.1,0,0,185233956.6,0,1227105660,1740950314
AT1G16560.1,0,0,0,0,0,48157908.66
AT1G16610.1,0,0,0,79691780.6,0,0
AT1G16700.1,0,0,1151533168,1852711054,62153488,0
AT1G16720.1,1394829526,366209001.9,0,0,1266454128,826553204
AT1G16740.1,0,0,358305211.7,446194854.6,0,0
AT1G16790.1,105502895.7,314697884.1,0,0,414100936,39625090.86
AT1G16800.1,0,0,0,0,762880512,867960350.3
AT1G16850.1,0,0,0,0,81398152,0
AT1G16860.1,0,0,0,0,24352524,0
AT1G16870.1,0,0,1359757941,1308831553,47469605,44256625.98
AT1G16880.1,7986614097,526576977.3,33634148.69,0,6057121893,3338674165
AT1G16890.1,0,0,0,0,0,102388411
AT1G16950.1,0,0,10440479026,0,364558560,391606982.7
AT1G17050.1,199390665.8,0,0,0,185563872,143801904.6
AT1G17100.1,0,0,0,0,1383527412,443304445.4
AT1G17147.1,62191384.73,40055929.07,0,0,0,186602597.1
AT1G17160.1,227832351.4,54865504.59,0,0,170745640,52342167.79
AT1G17220.1,1387293622,49397036.97,0,16333062.24,538003379.5,468820343.2
AT1G17290.1,55765152.41,14871981.24,5968706304,4975809477,4228320924,3418987718
AT1G17350.1,0,0,207835562.1,229678361.4,0,0
AT1G17370.1,0,0,0,0,27590990,0
AT1G17420.1,0,4390450.754,0,0,0,0
AT1G17470.1,0,0,0,0,0,26156855.8
AT1G17510.1,0,153353149.9,0,0,0,0
AT1G17530.1,0,0,0,59964953.04,0,0
AT1G17600.1,0,0,52258497.43,0,0,0
AT1G17650.1,903319070.3,63683931.62,212609991.4,213519265.5,786878886,741052541
AT1G17720.1,0,0,0,0,106229054,113891815.6
AT1G17745.1,285243513.1,393846551.4,0,0,159733900,44222244
AT1G17840.1,0,0,0,0,21772216,0
AT1G17860.1,0,12698870.15,0,0,342698076,150215934
AT1G17880.1,0,0,0,0,384926568,337415140.6
AT1G17890.1,0,0,0,0,271519540,153468774.5
AT1G18060.1,256056623.6,268744994,0,0,69077512,0
AT1G18070.1,0,0,48182938.06,24323177.91,1302598180,875422732.4
AT1G18080.1,0,0,328238002.7,326718988.9,3059327101,3928274052
AT1G18170.1,1088460621,2380799665,0,0,580082105,598105488.3
AT1G18210.1,0,0,0,0,1747874244,1270582653
AT1G18260.1,0,0,0,0,93875329,0
AT1G18270.1,0,0,5846002.177,0,268070912,400185375.1
AT1G18360.1,22856668.59,29003722.69,0,0,0,0
AT1G18450.1,0,0,37438343.64,54895774.76,0,90955455.33
AT1G18480.1,0,0,240301125.2,232904548.3,0,0
AT1G18485.1,10865445.94,0,0,0,0,0
AT1G18490.1,0,0,448229873.9,295559044.6,0,0
AT1G18500.1,215698537.5,20818176.28,0,0,96130214,0
AT1G18540.1,0,15919891.19,276443972.4,532935690.3,1329258656,528941347
AT1G18590.1,0,0,0,0,109700170,202265049.3
AT1G18630.1,0,0,477887464.2,286786224.4,0,0
AT1G18640.2,311541925.4,89396918.11,0,0,113046112,213526700.9
AT1G18680.1,0,0,58700096.29,0,0,0
AT1G18720.1,0,0,0,0,44056580,0
AT1G18730.1,581194136.2,813213146.9,0,0,179774132,343085512.4
AT1G18830.1,13784936.63,0,0,0,0,0
AT1G19120.1,0,0,0,0,0,37179902.18
AT1G19130.1,0,0,0,0,204965960,337349175.2
AT1G19140.1,0,0,2939798624,1684876754,0,69608435.47
AT1G19150.1,959370166.6,979529792.1,0,0,890161828,631607392.6
AT1G19240.1,0,0,15347709.26,51225214.21,0,0
AT1G19360.1,0,0,167595689.8,106510121.7,78494752,27993242.49
AT1G19520.1,0,0,1176105459,599760062.1,0,0
AT1G19570.1,465373546.2,361018054.8,1243427313,1089264631,13735386945,19662146809
AT1G19580.1,0,0,6247023117,7055571820,151724178.5,235283254.2
AT1G19670.1,0,0,108973309.7,199139481.6,142340304,289659724.5
AT1G19690.1,0,0,0,0,0,14810344.57
AT1G19700.1,0,0,0,58449711.99,0,0
AT1G19740.1,65695584.13,0,0,0,0,0
AT1G19800.1,31471186.77,49540287.89,0,0,51395280,25163931.65
AT1G19870.1,0,0,0,0,57390678,8076587.79
AT1G19880.1,0,0,0,68085837.62,0,0
AT1G19920.1,74700659.41,0,0,0,131833932,762989795
AT1G20010.1,0,0,327687374.3,190254552,1070028132,1336442097
AT1G20020.1,27348149393,23859801346,286561353.9,301595642.1,15831938226,15088370268
AT1G20050.1,0,0,184647042,0,0,139346199.3
AT1G20110.1,0,0,0,0,71651428,17704322.83
AT1G20160.1,0,0,0,0,0,72685355.16
AT1G20190.1,0,0,0,0,122970864,0
AT1G20200.1,0,0,27876859.45,26712454.75,699399128,608728349.5
AT1G20220.1,0,0,0,0,47131956,29861252.66
AT1G20225.1,0,0,0,0,414484280,376250015.9
AT1G20330.1,0,0,51940541,167060473.3,158567504,186125328.8
AT1G20340.1,93227398821,52854106060,546660985.8,215263507.3,42625936176,1898488625
AT1G20430.1,0,0,242947277.5,155883733.1,0,0
AT1G20440.1,128604457.5,181870953.9,493164493.9,852623676,11984608219,4519190675
AT1G20450.1,112033442.9,181377129.9,571560127,813514500,5025559078,2175986592
AT1G20510.1,0,0,539734785.9,502287630.3,78032424,365268819.1
AT1G20560.1,0,0,564334279.4,0,0,0
AT1G20580.1,0,0,43503869.68,0,194895911.5,91992092.34
AT1G20620.1,4035385147,6283954532,83392856554,80430371262,23008465082,43086719981
AT1G20630.1,0,0,410574192.2,0,134986924,0
AT1G20693.1,0,117792981.7,4040766.717,0,151607696,0
AT1G20760.1,0,0,181829150.8,0,0,25719737.95
AT1G20810.1,982858407.5,1246593742,0,0,865785168,566215667.1
AT1G20816.1,52668361.2,20175026.73,0,0,0,0
AT1G20830.1,33195054.81,19898238.67,0,0,0,0
AT1G20950.1,0,0,0,0,239946940,365307538.9
AT1G20960.1,0,0,0,0,679444630,53632733.2
AT1G21060.1,0,0,0,0,76187584,0
AT1G21065.1,20402419.74,0,415130511.2,0,298268304,189427568.2
AT1G21080.1,0,0,0,0,151537228,110315585.5
AT1G21250.1,0,0,312589220.9,352227866.7,127898312,230497575.5
AT1G21350.1,15239296.88,0,0,0,0,0
AT1G21400.1,0,0,510029469.3,428437561.4,0,0
AT1G21440.1,605209938.1,221647724,0,0,462176690,804667992.6
AT1G21500.1,3363703714,10026576673,172076660.6,0,1770210304,1400244360
AT1G21600.1,209430744.2,77552061.82,0,0,50672736,35489584.33
AT1G21640.1,34178466.93,0,0,0,0,0
AT1G21670.1,0,0,0,0,459309062,607233760.3
AT1G21680.1,0,0,0,0,1020890153,2185429787
AT1G21720.1,0,0,0,0,262177388,307899270.5
AT1G21750.1,65970483.88,0,1900939628,1795920000,9281097229,5715829222
AT1G21770.1,0,0,279695484.4,29425307.64,63043072,80165100.42
AT1G21900.1,0,0,30432993.71,0,106044114,97233226.9
AT1G21930.1,0,0,98763881.01,0,0,0
AT1G22200.1,0,0,0,0,0,14549315.01
AT1G22270.1,0,0,0,0,0,23030371.82
AT1G22280.1,0,0,0,0,261453276,107332131.9
AT1G22300.1,16114667.68,15366254.14,131549388.8,949066393.8,2935770192,2906596724
AT1G22330.1,0,0,0,0,69758968,50422486.82
AT1G22410.1,127007433.7,29733390.57,0,0,204521286,0
AT1G22430.1,0,0,0,0,109627298,33679757.76
AT1G22450.1,0,10320072.4,19467310805,29746648588,1871320412,2643133415
AT1G22520.1,0,0,3305909081,2519070699,162743650,188860806.8
AT1G22530.1,0,3431122.392,351240672.2,144353782.5,4610849930,2199560191
AT1G22630.1,139655432.8,0,0,0,0,0
AT1G22700.1,821659213.4,1402411074,0,0,167005640,203894632.6
AT1G22740.1,0,0,0,0,41092864,113374134.9
AT1G22800.1,0,0,753574159.6,703551486.4,0,75636133.07
AT1G22840.1,0,0,7512749713,15827941303,558474080,355311992.7
AT1G22850.1,93242564.27,130682447.1,0,0,12709032,0
AT1G22940.1,306752223.1,24918682.92,0,0,259051744,453260034.4
AT1G23100.1,0,0,2497980169,2919857266,0,0
AT1G23130.1,0,23516318.83,0,0,947377316,1396726751
AT1G23180.1,148631104.5,0,0,0,0,42353085.01
AT1G23190.1,0,0,134787520.7,198732453.4,1236718112,1663066537
AT1G23290.1,0,0,75684463.93,0,0,0
AT1G23310.1,167046272.1,277103954.5,11812589999,6222324856,18358980970,14081934217
AT1G23730.1,0,0,0,0,63681232,0
AT1G23740.1,8159639003,1071288578,24526045.68,0,9615106778,9466147991
AT1G23800.1,0,0,1153504809,887778564.5,290624252,274043456.6
AT1G23820.1,0,0,0,0,444880640,500564205.6
AT1G23860.1,0,0,60985253.59,0,0,0
AT1G23900.1,0,0,0,0,131024356,162032824.9
AT1G24020.1,0,0,0,33774783.37,786168917,775694262.9
AT1G24040.1,0,113097382.1,0,0,0,0
AT1G24050.1,0,0,0,0,75272328,76222959.46
AT1G24100.1,0,0,0,0,355036118,104867323.2
AT1G24160.1,0,65931248.29,0,0,0,0
AT1G24180.1,0,0,9283064653,13574181602,417729496,426446832.9
AT1G24340.1,0,0,2136033379,1858462546,0,0
AT1G24360.1,4087984799,3022777939,801263581.3,428186402.7,3514790931,3126387080
AT1G24460.1,0,0,27798737.92,366298567.9,0,0
AT1G24490.1,607829741.4,512570730.4,0,0,51433080,0
AT1G24510.1,0,0,0,0,631790576,570776396.9
AT1G24610.1,0,0,258724469.8,166845583.1,0,108867929.1
AT1G24764.1,0,0,0,0,0,88409418.08
AT1G24793.1,0,0,74908958.58,54912871.31,0,0
AT1G25220.1,118552347.9,39277171.91,0,0,0,0
AT1G25350.1,0,0,0,0,166644656,73273246.61
AT1G25375.1,0,0,0,0,78469208,72975276.82
AT1G25380.1,0,0,2283600859,1940614668,43044056,0
AT1G25490.1,0,0,0,0,206138682,335485213.8
AT1G25570.1,0,0,0,0,63974426,0
AT1G26090.1,239427189.3,120790551.3,0,0,180949196,215231940.4
AT1G26110.1,0,0,0,193759932.5,126437396,49666742.02
AT1G26160.1,54474626.14,0,0,0,0,0
AT1G26190.1,0,0,0,27220221.41,0,0
AT1G26220.1,0,0,0,0,64157708,77221966.94
AT1G26230.1,28467471.85,0,0,137175271.6,0,0
AT1G26340.1,0,20433809.89,0,43744990.62,107571084,83177053.14
AT1G26420.1,0,0,37139115.27,0,0,0
AT1G26460.1,0,0,4089293709,5442380161,32487406,28245798.75
AT1G26550.1,0,23043156.72,490946961.1,892262170.9,66925620,0
AT1G26560.1,0,0,0,0,185908180,28417115.71
AT1G26630.1,86342121.32,36238534,596021158.4,999783571.7,4691350408,3810412290
AT1G26670.1,0,0,1358160432,0,0,21081004.24
AT1G26690.1,0,0,0,0,0,16515792.39
AT1G26740.1,0,0,215836127.3,218177201.3,0,0
AT1G26750.1,0,0,439989088.8,706283192.7,0,0
AT1G26850.1,0,14503378.75,350330988.6,563425540.7,224034832,25329118.03
AT1G26880.1,0,0,88601064.73,0,135979776,177728661.4
AT1G26940.1,0,0,0,0,17688870,0
AT1G27020.1,0,0,0,0,83706300,151252760
AT1G27030.1,0,0,0,0,25011624,144634551.2
AT1G27090.1,0,0,206919426.8,250807917.8,315618616,168129036.9
AT1G27130.1,0,0,63230558.64,75094321.78,757958992,813724127.6
AT1G27300.1,18987099.48,0,0,0,0,0
AT1G27310.1,0,0,0,0,0,184839378
AT1G27320.1,0,0,0,0,21436794,0
AT1G27350.1,0,0,0,0,167041984,0
AT1G27385.1,0,0,0,0,32790766,0
AT1G27390.1,0,0,2014706578,1510076432,45099490.5,131175702
AT1G27400.1,0,0,62373700.17,0,196950672,152741269
AT1G27435.1,0,0,182405716.1,79952073.47,0,0
AT1G27450.1,407637638.7,96397989.81,0,0,1451192216,1425192906
AT1G27480.1,0,28241646.83,0,0,0,102224304.7
AT1G27530.1,0,0,0,0,31282952,121141096.2
AT1G27650.1,0,0,39701007.9,0,0,0
AT1G27680.1,0,0,0,0,10978987,55458598.05
AT1G27930.1,0,0,136327493.9,116349804.7,0,0
AT1G27950.1,0,0,0,0,0,21632284
AT1G27970.1,0,0,167902868.7,24817301.62,772259114,241557882.1
AT1G27980.1,0,0,0,0,0,23992378.95
AT1G28120.1,0,0,0,0,49111856,50654800.36
AT1G28140.1,485220847,641735817.3,0,0,0,104564713.1
AT1G28150.1,89209592.26,0,0,0,53307812,0
AT1G28200.1,0,0,29104198.7,0,790047569.5,581734506.4
AT1G28210.1,0,0,0,43475377.21,0,0
AT1G28290.1,0,66037811.93,0,0,50716388,118219959.8
AT1G28330.1,0,0,23793563.63,0,319828064,247411121.3
AT1G28340.1,0,0,0,0,14202762,0
AT1G28350.1,0,0,0,0,75893576,100818067.8
AT1G28380.1,0,0,0,0,41214164,0
AT1G28420.1,0,0,24910237.3,0,0,0
AT1G28510.1,0,0,1877782094,2046264693,0,0
AT1G28530.1,9040387.359,0,0,0,0,0
AT1G28540.1,0,0,243988592.9,148330572.9,0,0
AT1G28600.1,0,0,0,0,0,30216398.97
AT1G29040.1,30808007.42,0,0,0,0,0
AT1G29070.1,52412776.21,0,0,0,0,0
AT1G29150.1,0,0,0,0,1111723590,975379299.2
AT1G29250.1,0,0,0,178072113.3,221389488,116866559.7
AT1G29310.1,0,7319461.864,61710951.91,60865177.91,22565282,343687861.8
AT1G29350.1,0,0,0,0,0,107634160.1
AT1G29470.1,0,0,59332137.1,0,204203336,367541401.9
AT1G29530.1,0,0,33053535.48,0,0,0
AT1G29630.1,0,0,0,0,0,280438164.4
AT1G29660.1,0,0,0,0,350661460,483708817.8
AT1G29670.1,98904351.16,78294992.81,1127941026,870700899.3,4216640180,2552083781
AT1G29700.1,178687825.5,49535228.74,0,0,161214616,235648252.4
AT1G29790.1,0,0,57313952.16,156216799.4,0,34906264.51
AT1G29810.1,0,0,303698268.5,356168473.4,0,60358584.64
AT1G29840.1,3303611.684,0,0,0,0,40761702.48
AT1G29850.1,0,0,0,0,243790580,142537663.2
AT1G29880.1,0,0,362119077.2,230393490.2,2288008124,2486155712
AT1G29900.1,3483439953,786381904,0,0,2287289590,1863016432
AT1G29920.1,119377825.4,75967103.03,0,0,79686784,0
AT1G29930.1,0,0,0,0,177907168,72921791.54
AT1G29990.1,0,0,0,0,233128594,296111041.8
AT1G30000.1,0,0,57477587.54,0,0,0
AT1G30120.1,173632134.4,108037062.1,0,19628524.1,216876520,60066736.84
AT1G30230.1,17311115.86,0,233646342,329836907.7,3165345648,2795246664
AT1G30360.1,0,0,1517276033,831997928.4,3485839847,2043298123
AT1G30380.1,13412032065,26390914921,5598048963,4271532031,15651470080,14214066160
AT1G30400.1,0,0,0,0,45416789,23255590.64
AT1G30470.1,0,0,0,0,121219869,0
AT1G30510.1,242440898.5,191429074.4,0,0,0,0
AT1G30530.1,0,0,0,0,0,59111605.41
AT1G30580.1,0,0,716325862.5,931587059.3,2478134392,2373564739
AT1G30630.1,0,0,26190857.33,0,402625306,249640193.6
AT1G30680.1,0,0,163961812.6,225446101.5,0,0
AT1G30690.1,0,0,0,0,444547166,42653687.41
AT1G30910.1,0,0,0,0,0,37805878.38
AT1G31020.1,0,0,196152930.7,0,0,0
AT1G31160.1,543830408.6,107066928.3,1028514119,977405308.7,522804496,641227541.3
AT1G31170.1,154439913.2,39089241.34,164928155.8,70374624.01,85228072,130814279.1
AT1G31180.1,1242244610,195020116.3,0,0,513329362,1146242648
AT1G31190.1,673156931.4,113369893.8,0,0,450715224,797312224.2
AT1G31220.1,187326919.2,70807786.17,0,0,0,0
AT1G31230.1,861449960.8,105946920.9,0,0,182509000,511783235.1
AT1G31330.1,2.03E+11,2.85E+11,14425225064,15539418742,1.04E+11,1.14E+11
AT1G31340.1,0,0,0,110474752.2,184037344,193875427.3
AT1G31440.1,0,0,0,0,69902985,0
AT1G31630.1,0,8438494.358,0,0,0,0
AT1G31690.1,0,0,0,0,39820360,26383740.93
AT1G31730.1,0,0,0,0,230856300,211489381.5
AT1G31800.1,510353079.9,0,0,0,38069468,39804906.88
AT1G31812.1,10031214.85,0,253735782.3,116634251.1,1392935796,541664341.9
AT1G31817.1,0,0,411297896.5,223961401.9,0,0
AT1G31850.1,0,0,0,3597275.269,14810931,0
AT1G31860.1,183231119.9,21651157.19,0,0,123233528,85465580.28
AT1G32050.1,0,0,0,47879225,0,0
AT1G32060.1,43465102284,8107160426,1152988281,1113304172,46676679224,51072351205
AT1G32080.1,318912352,46971279.65,121311178.5,52566224.31,627733912,507339194
AT1G32160.1,120948823.4,0,0,0,95875194,200689851.1
AT1G32200.1,1002092101,99036941.71,0,0,1126667992,415165488.4
AT1G32210.1,0,0,0,0,90472336,129017905.5
AT1G32220.1,746937528,1142429963,50119543.65,0,777265408,907158374.9
AT1G32260.1,0,0,36477023.4,0,0,0
AT1G32400.1,0,0,0,21421772.05,0,0
AT1G32440.1,202737194.6,33589911.5,0,0,124675464,196460487.7
AT1G32470.1,348793673.5,251769438.5,86906017207,88775403784,8393843754,8873195857
AT1G32500.1,677640905.8,94847257.69,0,0,309250339,178471456.8
AT1G32520.1,56827597.46,0,0,0,0,94997912.33
AT1G32550.1,156098136.2,37249537.07,0,0,0,64394702.77
AT1G32580.1,0,0,473757191.4,235859041.4,0,0
AT1G32900.1,1778251774,9431145594,0,0,0,392146376
AT1G32928.1,0,0,42106807.86,0,0,0
AT1G32990.1,10222539893,1712163842,254291159.7,783040576,6462392560,5718398564
AT1G33140.1,23384851.42,33757580.95,1061933528,2526952842,6355050472,6300893159
AT1G33170.1,0,0,88565308.84,0,20343642,0
AT1G33240.1,0,0,650713870.4,525486011.6,0,0
AT1G33270.1,0,11119346.27,11835315.95,0,21067530,0
AT1G33290.1,10925945.42,0,0,0,0,0
AT1G33330.1,16184507.51,0,0,0,0,0
AT1G33490.1,0,0,0,0,107477904,0
AT1G33590.1,264850464.3,1398396127,203516091.9,0,6121806448,5176066700
AT1G33600.1,0,762612582.2,69623281.51,0,1126537648,1451691583
AT1G33610.1,0,0,0,0,285112800,0
AT1G33680.1,0,0,0,0,0,21212855.72
AT1G33780.1,110177663.1,0,0,0,21033896,0
AT1G33810.1,555639858.2,360368359.2,138702475.5,96167322.35,264952011,344881637
AT1G33990.1,0,0,0,0,23788584,0
AT1G34000.1,2481494255,4391218746,197068525.6,128930663.4,2281703836,1522664356
AT1G34060.1,0,0,0,0,0,52816567.3
AT1G34070.1,0,408944269.7,516011906.9,917780831.8,0,0
AT1G34130.1,0,0,76508373.69,0,23290554,101340013.1
AT1G34220.1,0,0,0,0,146072528,39771129.65
AT1G34350.1,0,0,51962457.96,0,0,0
AT1G34360.1,0,0,80963267.41,69578040.28,0,0
AT1G34430.1,2569707524,507256371.7,44541149.83,0,987263520,626312699
AT1G34550.1,0,0,58074672.87,0,0,0
AT1G34750.1,0,0,0,0,25021748,0
AT1G34760.1,0,0,0,0,25339062,0
AT1G35160.1,0,0,286850531.3,32504869.06,1398803772,1297271498
AT1G35340.1,106731126.4,0,0,0,0,0
AT1G35420.1,603623873.6,100880155.6,0,0,335831172,387805533.8
AT1G35580.1,0,0,0,0,328641520,33195414.05
AT1G35620.1,0,0,62094565.53,98348542.99,413314258,497942673.1
AT1G35680.1,2804217964,681628773.8,95026364.79,25144236.39,1386827412,1349104546
AT1G35720.1,376933876.8,399334395.3,2074660706,1698205036,18182584642,22228355401
AT1G36160.1,0,0,0,0,29134693,177886641.4
AT1G36280.1,20912819.11,0,0,0,0,0
AT1G36310.1,0,0,0,0,84202312,0
AT1G36390.1,322386388,22697514.19,0,0,227752426,119101107.7
AT1G37130.1,0,0,0,0,234629584,41159599.65
AT1G41830.1,0,134735388.7,0,0,808199372,1125642576
AT1G41880.1,0,0,292006016.9,194423818.3,0,0
AT1G42430.1,19130539.1,38517991.22,0,0,0,0
AT1G42480.1,0,0,0,0,14258928,0
AT1G42550.1,0,0,0,0,98563268,156283346.1
AT1G42960.1,1547583662,458474226,199291934.1,42011638.83,452077416,640765739.9
AT1G42970.1,71102996560,11622499713,2152928854,2475745111,48804430300,92400256221
AT1G42990.1,0,0,0,0,302688832,0
AT1G43170.1,294044334.9,374534720.8,2136814812,3042877778,13746207456,11828033748
AT1G43190.1,0,0,0,0,46199444,0
AT1G43560.1,338246421.2,110948061.1,0,0,229961536,120276776.8
AT1G43670.1,0,0,222103070.5,214535582.7,3507986832,5338164491
AT1G43690.1,0,0,0,0,0,27341434.1
AT1G43700.1,0,0,0,0,132865584,0
AT1G43890.1,0,34254634.78,0,0,244859376,257777802.6
AT1G44170.1,0,0,23435961.42,72418113.61,46445892,40564518.99
AT1G44446.1,142210043.6,121533485.6,0,0,0,0
AT1G44575.1,57024109974,1.02E+11,2700153680,2138064800,43378574557,59413931178
AT1G44790.1,0,0,0,0,36091504,21528890.86
AT1G44820.1,0,0,0,0,0,167677083.2
AT1G44835.1,0,0,0,0,40664104,65594799.71
AT1G44920.1,0,0,0,0,1616738.625,0
AT1G45000.1,0,0,0,0,77849816,57776622.83
AT1G45145.1,0,0,0,0,1085866272,586663844.7
AT1G45201.1,189115519.7,18145420.86,880483068,299122861.6,498818168,1665477080
AT1G45230.1,45363552.04,0,0,0,0,0
AT1G45474.1,1002554934,1243106362,0,0,908779048,784016768.4
AT1G45545.1,0,0,0,0,131254600,64713424.2
AT1G47128.1,0,212365453.4,0,241885193.3,4829944132,3763731263
AT1G47200.1,0,0,91351079.15,82496891.91,576971580,496851762.8
AT1G47260.1,0,0,32883890195,40337593122,1341749412,2210463283
AT1G47278.1,0,0,140297159.6,93748760.69,0,0
AT1G47420.1,0,0,16988891997,18110541285,234231156,767340114.5
AT1G47530.1,0,0,0,0,171348464,86681784.22
AT1G47550.1,0,0,0,0,25617216,0
AT1G47710.1,0,0,0,0,98285120,352612935.7
AT1G47830.1,0,0,0,0,175512648,0
AT1G48030.1,64679441.84,146573666.7,1.04E+11,67412609818,4579386778,6671310055
AT1G48090.1,0,0,0,0,0,30607608.33
AT1G48200.1,0,0,155504793.3,315237651.6,0,0
AT1G48320.1,0,0,178557269.2,0,0,0
AT1G48350.1,3455162635,342882401,0,0,3055139484,2425366492
AT1G48410.1,0,0,195541338.6,165470945.8,227256502,278820271.2
AT1G48420.1,257064937,52771026.91,1292020500,977413941.8,546168936,1184861266
AT1G48440.1,0,0,22383557.61,0,0,0
AT1G48460.1,86618842.29,52260970.62,0,0,28021446,37757847.28
AT1G48520.1,801599229.8,59538336.98,436027249.5,621777855.5,596938660,517453991.3
AT1G48600.1,0,0,29733644.55,0,852736052,381624865.8
AT1G48610.1,8272599.324,66644354.2,5257667791,4334661637,313630416,282580526.1
AT1G48620.1,12376982.91,42461359.69,2748217999,2836721091,188434860,98744445.93
AT1G48830.1,0,0,188576447.6,154665301.5,1607321782,1151347858
AT1G48850.1,1187375033,312418913.5,0,0,918880802,804632488.7
AT1G48860.1,266196672.5,18181528.85,0,0,179822228,116300807.1
AT1G48900.1,0,0,26528976.95,0,365214076,0
AT1G48920.1,0,196063390.3,0,208208092.6,2451657218,1907953265
AT1G48970.1,0,0,0,0,0,597588516.1
AT1G49040.1,0,0,0,0,0,117365612.5
AT1G49140.1,0,0,2667186536,2187390872,0,60050608.37
AT1G49240.1,0,0,64333949.07,0,1389290112,1049484122
AT1G49300.1,0,0,0,0,43231348,214128513.4
AT1G49380.1,68867639.94,12708790.41,0,0,0,0
AT1G49400.1,0,0,322222084.2,385041152.5,0,0
AT1G49410.1,0,0,387289744,881043276.8,0,0
AT1G49480.1,0,0,127471423.1,128566416.5,0,0
AT1G49630.1,0,0,0,14143438.13,0,22330001.95
AT1G49650.1,12262500.54,0,27937705.89,49182866.37,91173154,47138382.53
AT1G49660.1,0,0,0,0,125260360,61822698.06
AT1G49670.1,0,0,535394775.2,144549667.1,137708136,230258113.6
AT1G49750.1,263006859.2,1623325295,38649934.7,0,3491626216,3184242780
AT1G49760.1,0,0,132842253.3,153409412.9,572753032,313909171.1
AT1G49780.1,0,6115427476,29634328946,33984977324,456169120,15367283262
AT1G49820.1,0,0,0,0,187422618,142861999.8
AT1G49970.1,1280195709,389025101.3,0,0,1233215792,743882897.6
AT1G49975.1,470419017.3,889517360.1,139511169.5,0,138371927,234254435.6
AT1G49980.1,0,0,0,0,104501000,0
AT1G50020.1,53132214.41,138809689.8,0,0,0,0
AT1G50140.1,0,0,29061137.16,0,28288966,0
AT1G50170.1,31971900.92,0,0,0,0,0
AT1G50200.1,0,0,319665186.6,446589398.4,2492860744,3757272434
AT1G50240.2,0,0,0,0,195130144,430900068.9
AT1G50250.1,2828696299,4830986849,13339435.13,0,1527534294,1433986345
AT1G50320.1,152483149.6,0,0,0,237281336,780220593.3
AT1G50370.1,0,0,0,0,236924208,132319318.2
AT1G50380.1,0,0,41870725.2,0,198456322,301061466.7
AT1G50430.1,0,0,57014420.45,0,52133340,0
AT1G50450.1,809015648.7,1618878616,0,0,823466782,1034300856
AT1G50460.1,0,0,158239380.7,112492031.1,0,0
AT1G50480.1,9478353.535,0,159718280.6,165921476,2275124324,4591190571
AT1G50500.1,0,0,0,0,25011370,0
AT1G50510.1,0,0,41488514.22,0,0,0
AT1G50570.1,0,0,0,0,17078086,0
AT1G50670.1,0,0,0,0,116202460,111284262.1
AT1G50900.1,333949116.8,0,0,0,86203374,27027567.75
AT1G50940.1,0,0,7184879047,5760318743,210213196,279323034.5
AT1G51060.1,20148792.55,0,780778412.3,0,59352643,40826681.26
AT1G51100.1,570078223.3,0,0,0,175144894,211575667
AT1G51110.1,2086826017,3175490694,0,0,757014404,755954277.4
AT1G51160.1,0,0,0,0,34177536,24314452.34
AT1G51390.1,0,0,1169515160,1213166411,0,45683512.22
AT1G51400.1,1237814385,182491721,125253105.1,370348847.5,0,112013262.1
AT1G51510.1,0,0,0,0,205783312,117465024.5
AT1G51560.1,88998562.06,23728024.34,0,0,44165852,0
AT1G51570.1,0,52282703.45,0,0,75001352,81765821.61
AT1G51590.1,0,0,38134450.38,39572378.9,0,0
AT1G51610.1,0,0,37600554.08,0,0,0
AT1G51630.1,0,0,35633409.29,37630223.59,144919664,0
AT1G51650.1,0,0,24265879345,20014684188,292279936,505604001.6
AT1G51660.1,0,0,361898985.6,152177155.3,0,0
AT1G51680.1,0,0,0,0,42782224,0
AT1G51690.1,0,0,0,0,0,76202819.8
AT1G51710.1,0,0,0,0,219894018,97509843.81
AT1G51730.1,0,0,0,0,28147946,0
AT1G51760.1,0,0,0,0,0,129221380.6
AT1G51805.1,0,0,0,107757120.8,199748824,112653694.1
AT1G51980.1,0,41426097.6,65828915711,76760461219,3114088334,2625070080
AT1G52000.1,59928754.42,9227999.451,1443718209,493569864.7,1619814118,1118887449
AT1G52040.1,140358815,256590664.9,2781658130,2573444903,947425409,546555620.1
AT1G52220.1,2074179624,1098066780,0,0,1662891128,1468099953
AT1G52230.1,44332237.05,0,0,0,138780604.5,126329595.8
AT1G52340.1,0,0,0,0,101766826,0
AT1G52360.1,0,0,0,0,268289000,206965883.3
AT1G52370.1,0,0,38886228.93,0,0,0
AT1G52380.1,0,0,0,0,29939852,134186574.6
AT1G52400.1,1980035489,2669246024,21848153402,29973808031,3476617235,5420643719
AT1G52410.1,50197956.7,89905347.62,0,0,1693199417,2540990972
AT1G52420.1,0,0,66604319.19,0,0,0
AT1G52510.1,1925416275,879320069.8,60746858.92,0,914582864,1547200277
AT1G52590.1,26713511.25,38149979.45,0,0,0,0
AT1G52600.1,0,0,88437245.82,34697750.36,132897814,223884359.3
AT1G52670.1,208300739.8,54119048.78,0,0,122792356,0
AT1G52730.1,0,0,0,0,114162936,182286153.7
AT1G52740.1,0,0,1849335431,844987810.7,0,0
AT1G52760.1,0,32210919.51,0,305046693.9,229502008,91472783.92
AT1G52780.1,0,0,189935599.6,93082870.98,31076074,0
AT1G52870.1,0,9240083.682,0,0,0,0
AT1G53000.1,0,0,7295343808,6601392145,186828344,83069504.95
AT1G53070.1,0,0,0,0,114822484,124188151.1
AT1G53120.1,12112266.61,0,0,25815730.08,0,0
AT1G53210.1,15685703.87,8909542.42,663547544,405248534.1,1956802672,1428290471
AT1G53240.1,87249788.93,52608262.58,63022052823,51960679295,3201649632,3587669138
AT1G53280.1,346227237,189467634.1,0,16302311.1,1306781140,1927045564
AT1G53310.1,0,0,69223195.13,48072476.52,1341941187,1837606649
AT1G53400.1,0,0,0,0,21730258,26200824.19
AT1G53430.1,0,0,12026365.36,12370930.06,0,14167158.73
AT1G53440.1,0,0,19533151.65,0,0,0
AT1G53460.1,0,0,86694672.06,61171664.06,0,0
AT1G53500.1,0,0,0,0,0,42006764.16
AT1G53520.1,114533130.9,41317677.2,0,0,140379240,133992783.9
AT1G53530.1,0,0,0,139487592.4,0,0
AT1G53580.1,0,0,1843670745,669969795.6,918089712,609770903.4
AT1G53645.1,0,0,324318005.8,415245378.2,0,0
AT1G53670.1,314492264.7,0,85869269.82,0,49743176,66504476.81
AT1G53750.1,0,0,41471177.95,0,1452621774,1233562290
AT1G53760.1,0,0,1337583257,1169713876,0,0
AT1G53840.1,0,0,0,0,0,35887286.1
AT1G53850.1,0,0,50520879.08,47727266.83,1902639168,1977404569
AT1G54010.1,0,0,0,0,60057464,0
AT1G54030.1,0,0,0,0,132820240,0
AT1G54060.1,0,0,265405237.6,335234798.3,0,0
AT1G54100.1,0,0,0,0,437653696,1123267553
AT1G54150.1,0,0,73542098.21,64516068.78,0,0
AT1G54220.1,0,0,10813929631,10412006871,145407428,114683553.7
AT1G54270.1,0,0,315780911.1,252724621.3,238983616,752444601
AT1G54290.1,0,0,122212139.2,91071480.66,65250484,0
AT1G54340.1,0,0,42800737.69,0,0,0
AT1G54350.1,136827946.5,150816497.2,0,0,41817876,175905912.3
AT1G54410.1,0,497834999.1,1118410833,2662071602,1786945504,1093374649
AT1G54500.1,1738630881,2223591453,0,0,530859450,545906144.7
AT1G54520.1,347667556.9,361268709.2,0,0,149757228,44783345.57
AT1G54570.1,16845074.43,67509980.89,0,0,0,36771964.17
AT1G54630.1,0,0,0,0,0,225033313.7
AT1G54690.1,0,0,92099905.88,0,0,0
AT1G54780.1,27846466932,62546117834,1299412926,879511150.7,20573600427,15396479588
AT1G54990.1,0,0,0,56615809.82,180308204,297360771.8
AT1G55090.1,0,0,0,0,19621004,37055478.25
AT1G55120.1,0,0,0,0,23668800,0
AT1G55160.1,0,0,8098949849,6966849916,526844400,675910422.8
AT1G55210.1,0,0,0,0,353106048,547050877.5
AT1G55260.1,0,0,0,0,849329136,383363927.7
AT1G55280.1,0,22123190.34,0,0,0,0
AT1G55370.1,0,5976099.269,0,0,0,0
AT1G55450.1,31355852.16,0,1905198329,1211971687,247357848,308501926.9
AT1G55480.1,9271324938,4632765093,126475764.3,105525572.6,7208487142,7970136563
AT1G55490.1,6091262855,1334354181,158177904.6,21845320.93,3036601964,3015751268
AT1G55510.1,0,0,44411294.81,0,0,0
AT1G55540.1,0,0,0,0,43200152,0
AT1G55670.1,43674376865,76688871364,5303198123,4945548319,25751716398,15574010274
AT1G55805.1,2309731517,0,303096250.7,261147908.4,0,0
AT1G55830.1,0,109521886.6,0,0,0,58864984.32
AT1G55850.1,0,0,0,0,0,35532814.05
AT1G55890.1,0,0,3301995207,2732925836,48904250,0
AT1G55900.1,0,0,1268363894,1573644172,17001376,0
AT1G55910.1,0,0,0,0,37251168,31544475.79
AT1G55930.1,0,5258331.13,0,0,0,0
AT1G56000.1,0,0,558114376.2,213377373.5,70445748,70185633.31
AT1G56050.1,405891738.2,101869112.7,1047711385,644315693.8,519690028,326191086.4
AT1G56070.1,76443808.63,214393243.2,8774662065,10695466372,27718254836,23660233453
AT1G56110.1,0,0,0,0,165660880,673406724.2
AT1G56130.1,0,0,0,0,43924904,0
AT1G56180.1,0,0,0,0,0,19461721.67
AT1G56190.1,3693140248,811455258.2,0,0,2871408630,3458317648
AT1G56200.1,71232908.16,46830899.79,0,0,0,0
AT1G56330.1,0,0,0,0,0,238218994.5
AT1G56340.1,6700586.539,21188924.13,193033409.9,224135066.9,2555926136,1814476506
AT1G56450.1,0,0,0,0,306423704,206014874.7
AT1G56500.1,5050304282,7244515360,0,0,1942982469,1725605572
AT1G56560.1,0,0,2698960745,2683965325,0,0
AT1G57540.1,0,0,0,140266457.1,0,0
AT1G57590.1,0,0,0,0,0,47762880.3
AT1G57610.1,0,0,1691072953,1551994586,0,0
AT1G57720.1,0,0,511567995.9,0,3819702074,3058729591
AT1G57770.1,443224629.3,41486155.7,0,0,157091612,613075927.9
AT1G57990.1,0,0,0,0,23454328,0
AT1G58080.1,156642468.3,0,0,0,76392380,33038604.35
AT1G58180.1,0,0,182057611.7,0,0,0
AT1G58270.1,19783624.27,37458223,660741593.4,508397797,563412656,291460032
AT1G58290.1,595128902.9,162967976.8,0,0,33972832,35190894.39
AT1G58380.1,0,0,0,59203680.03,828356068,969964813
AT1G59610.1,0,0,117351974.3,115433675,414093388,494799065.4
AT1G59700.1,0,0,0,0,191872944,275441761.3
AT1G59840.1,377794001.8,329650388.5,0,0,0,120340925.6
AT1G59870.1,0,0,4072220017,3960000931,3170987870,3978130003
AT1G59900.1,0,0,44753369095,38325576734,1621998244,1892367219
AT1G59910.1,0,0,62983693.39,0,0,0
AT1G59990.1,55976681.6,0,0,0,0,0
AT1G60000.1,92356436.26,0,0,0,67282920,181852430.7
AT1G60070.1,0,0,0,0,52441204,0
AT1G60420.1,0,0,0,0,112510656,37299309.98
AT1G60550.1,0,0,98222138.66,166597693.2,44150052,33568458.22
AT1G60710.1,0,0,0,0,685323322,323566658.3
AT1G60770.1,0,0,1385270288,1491208285,0,0
AT1G60780.1,0,0,22001466.43,0,0,84124200.86
AT1G60950.1,142050653.8,0,0,0,0,0
AT1G60990.1,14108682.9,0,0,0,0,0
AT1G61150.1,0,0,0,0,0,23735566.71
AT1G61250.1,0,0,0,0,520570944,108667679.2
AT1G61520.1,1.38E+11,2.49E+11,8065641003,11327747193,67425100431,66612237536
AT1G61570.1,0,0,2411840706,1187593694,0,0
AT1G61730.1,0,29832031117,2111604138,1965385942,0,13343922.8
AT1G61770.1,0,0,39653852.54,0,0,0
AT1G61790.1,0,0,292616541,253418575.8,72266632,178670294.8
AT1G61870.1,0,0,1225609894,740807284.6,0,0
AT1G61900.1,0,0,0,0,65670692,28446508.13
AT1G61980.1,0,0,25903844.13,0,0,0
AT1G61990.1,0,0,83765572.31,357577376.9,0,0
AT1G62020.1,0,0,0,0,179424996,141210694.4
AT1G62180.1,236174306.8,0,0,0,36329512,35408740.13
AT1G62330.1,0,0,91435055.91,147460567.4,0,0
AT1G62380.1,0,0,0,0,1152562152,472454636.8
AT1G62390.1,0,0,0,0,48302096,96628659.4
AT1G62430.1,0,0,0,0,30312300,109209805
AT1G62480.1,35986380.66,0,0,0,6611533058,1056685743
AT1G62570.1,0,0,0,0,0,98432007.54
AT1G62640.1,229520690.6,104830254.6,0,0,371064040,293622127.4
AT1G62660.1,0,0,0,0,183875560,0
AT1G62730.1,0,0,177504296.9,542499358.8,0,0
AT1G62740.1,0,88236083.78,0,0,191301198,214938223.4
AT1G62750.1,8914703491,976461861.9,140126560.1,0,10832946002,10814691525
AT1G62780.1,1085755602,65479774.16,0,0,447174706,991264192.7
AT1G62810.1,0,0,0,0,42266804,40763239.96
AT1G62820.1,0,0,0,0,187943642,265482988.9
AT1G62920.1,0,0,0,0,26680394,0
AT1G63000.1,0,0,39802777.2,0,450370344,242021019
AT1G63160.1,0,0,0,0,24066564,0
AT1G63310.1,0,0,0,0,13509949,0
AT1G63460.1,0,0,0,0,155556224,34225190.39
AT1G63500.1,0,0,0,0,32388036,21140164.87
AT1G63610.1,108659458.5,0,0,0,162992784,0
AT1G63660.1,0,0,0,0,13054448,39049022.52
AT1G63680.1,109578778.3,52539269.31,0,0,13498464.25,0
AT1G63770.1,1639529276,258005515.2,478316172.9,516919108.9,4250087284,4033318370
AT1G63940.1,4767991916,1626840257,11950440341,10347344315,3206556468,3181633137
AT1G63970.1,74777155.45,12715955.98,42601119.56,0,369651144,303427458.1
AT1G64100.1,0,0,32715956.26,0,0,0
AT1G64150.1,61316982.91,52233581.17,0,0,0,0
AT1G64190.1,1338069358,345697970.2,0,0,400253848,456297400.6
AT1G64200.1,0,0,16568345.72,0,0,0
AT1G64330.1,0,0,58368462.79,0,19897716,0
AT1G64355.1,164095345.2,356933841,0,0,44171776,0
AT1G64400.1,0,0,0,0,75301560,0
AT1G64430.1,53674379.55,82054559.76,0,0,0,11247636.03
AT1G64500.1,0,0,16027582.21,0,98294992,14000107.41
AT1G64510.1,526905940.3,39883053.22,0,0,261932964,373603719.5
AT1G64520.1,0,0,0,6621670.712,676577578,346919151.8
AT1G64550.1,0,0,43276894.87,0,87651760,26749563.68
AT1G64650.1,0,0,0,0,40194080,0
AT1G64680.1,133406903.9,734409328.4,0,0,0,82235424.02
AT1G64710.1,0,0,0,0,321421876,443006114.8
AT1G64740.1,0,0,0,0,149127632,137938450.8
AT1G64770.1,2226512267,4313499172,0,33065429.95,883709827,1917812468
AT1G64790.1,0,0,0,0,100722296,44862202.43
AT1G64850.1,0,47270331.16,64793996.09,0,175564928,154523556.3
AT1G64880.1,0,0,932772567.3,736040536.4,0,0
AT1G64890.1,0,0,2201785.157,0,23793544,27329172.94
AT1G64900.1,0,0,0,0,0,119897312.2
AT1G64970.1,173436840.6,346242475.7,0,0,55334248,114912843.8
AT1G65010.1,0,0,122719904.9,0,0,0
AT1G65020.1,0,0,0,0,28247212,0
AT1G65032.1,0,0,318254187.6,194187941.9,0,0
AT1G65130.1,0,7059816.339,0,0,0,0
AT1G65220.1,0,0,0,0,0,30973472.95
AT1G65230.1,1001969481,1154826228,0,0,289703231.5,0
AT1G65260.1,4007782773,1560320142,139850270.9,102150463.3,3083296636,3096240078
AT1G65270.1,0,0,96234277.53,60972211.05,113589640,23556302.55
AT1G65290.1,0,0,7712681757,9113232286,84346624,0
AT1G65320.1,0,0,0,0,5838136.5,0
AT1G65410.1,53477534.62,18037367.75,0,0,0,0
AT1G65540.1,0,0,8099889314,11037663947,158584467,208925276.7
AT1G65590.1,0,10091662.74,0,0,632276476,95034360.83
AT1G65650.1,0,0,0,0,5249961.5,0
AT1G65820.1,0,0,0,0,276559561.3,320852423
AT1G65930.1,0,20757121.68,255468061.7,24889768.86,6024721090,5710543807
AT1G65950.1,0,0,20808574.12,0,0,0
AT1G65960.1,0,41232328.44,274395608.9,325458182.1,3354274016,3403691026
AT1G65980.1,0,0,0,0,2027705584,2762539457
AT1G66070.1,0,0,0,0,27193350,0
AT1G66130.1,0,0,0,0,313349224,272224136.8
AT1G66200.1,0,0,0,0,341325104,418151770
AT1G66240.1,0,0,497449477.8,624519621.3,545187892,367588544
AT1G66260.1,0,0,0,0,26696974,18652523.8
AT1G66410.1,0,54421036.08,0,0,438857280,0
AT1G66430.1,1869100980,199071836.6,0,0,1063023036,831025864.7
AT1G66520.1,0,0,67058411.57,0,0,0
AT1G66530.1,0,0,0,0,35245376,26779286.79
AT1G66580.1,0,0,168654695.7,281288158,464212852,282058499.2
AT1G66670.1,1434235254,235820200.1,0,0,769327552,1252631602
AT1G66680.1,0,0,0,0,12552536,0
AT1G66820.1,269297718.1,0,0,0,0,209926783.7
AT1G66940.1,0,0,20316120.7,0,24536132,0
AT1G66970.1,0,0,208193651.2,0,2312944152,4899647729
AT1G67080.1,42840110.36,36005925.03,0,0,0,0
AT1G67090.1,1.23E+11,13396706156,5610794133,1048273698,1.13E+11,1.06E+11
AT1G67230.1,0,19662069.35,0,0,27757482,29486853.55
AT1G67280.1,2737434059,389658757.9,0,0,3013158944,3623741095
AT1G67350.1,0,0,10167736090,7396107776,376279856,126946020.8
AT1G67360.1,0,0,0,0,29871966,276985988.9
AT1G67430.1,0,0,60656978.5,0,0,0
AT1G67440.1,0,0,0,0,0,59831472.89
AT1G67550.1,0,0,0,0,83275116,163791607.7
AT1G67560.1,0,99930435.17,0,0,0,0
AT1G67620.1,0,0,82818577.87,82950482.9,0,0
AT1G67680.1,0,0,0,0,50680276,87424603.26
AT1G67700.1,3282816269,983063962.1,1859572097,1857858324,1715974252,1770556376
AT1G67730.1,0,0,262178298.7,144116155.2,67401024,61007122.67
AT1G67785.1,0,0,255781155.7,771576388.5,0,0
AT1G67830.1,0,9312534.061,0,0,0,32803089.16
AT1G67930.1,0,0,0,30702718.33,31942022,0
AT1G68010.1,194482562.2,100976187.1,29986957279,26438975308,24525796401,22064261880
AT1G68070.1,0,0,0,0,0,7658404.416
AT1G68100.1,0,0,0,0,13123982,0
AT1G68260.1,105664567.4,0,0,0,50762572,0
AT1G68530.1,0,0,0,0,80272032,0
AT1G68560.1,0,218011602.5,274263798.8,138958701.4,2982658186,1679813026
AT1G68590.1,385187882.5,76791472.89,45956514.01,0,833439682,943141145.6
AT1G68680.1,0,0,984564670.6,1303162940,37951284,43152083.14
AT1G68760.1,0,0,0,0,70113904,113710597.4
AT1G68830.1,3040961322,6740153497,10688061.65,0,1150218972,1466825236
AT1G68910.1,0,0,101867202.5,28207362.03,0,0
AT1G68990.1,0,0,44808986.33,0,0,0
AT1G69200.1,697166045.8,232936432.3,0,0,69516588,0
AT1G69210.1,0,0,74756534.04,73268972.88,0,0
AT1G69250.1,0,0,0,0,22243836,29435908.54
AT1G69295.1,0,14201763.81,0,0,115314376,264928102.8
AT1G69340.1,0,0,0,0,6662602240,33273065.2
AT1G69390.1,50760058.8,0,0,0,0,0
AT1G69410.1,0,0,0,0,106743928,113744795.5
AT1G69450.1,0,0,0,55161896.3,0,0
AT1G69460.1,0,0,0,0,40553360,48981114.53
AT1G69510.1,0,0,0,0,97605600,122013268.3
AT1G69520.1,0,0,127140767.2,0,0,0
AT1G69523.1,0,0,0,0,0,35211524.43
AT1G69530.1,0,0,23031170.72,0,322684848,103933171
AT1G69620.1,0,0,0,172487315.8,0,252427148.6
AT1G69740.1,2553055308,199426045.4,0,0,1807533786,344229542
AT1G69750.1,0,0,338662078.9,79976816.19,0,0
AT1G69800.1,0,0,19134446.87,0,41380112,89171551.13
AT1G69830.1,2895109607,553072051.2,0,0,1797351931,4406302086
AT1G69840.1,0,0,108349703.8,251622323.7,1437114538,101869800.4
AT1G69960.1,0,0,0,0,27472230,0
AT1G70070.1,229014270.2,0,0,0,11076764,0
AT1G70190.1,0,0,423729670.8,85333596.54,0,0
AT1G70280.1,0,0,0,56928146.29,0,0
AT1G70310.1,0,0,0,0,465724582,361855026.6
AT1G70320.1,0,0,0,0,81941032,87699475.48
AT1G70330.1,0,0,0,0,94284248,57876975.38
AT1G70410.1,0,0,603150284.5,817116998.9,2881101880,1386665154
AT1G70570.1,227179058.7,23243215.53,0,0,611289511,656351988.4
AT1G70580.1,0,0,157315980.5,25016311.91,276648368,324852807.7
AT1G70600.1,0,0,0,157550329.8,0,0
AT1G70610.1,28578528.46,0,0,0,20758418,0
AT1G70670.1,0,0,0,0,7421975,8155261.057
AT1G70730.1,0,0,179196414.3,222751721.7,2850054750,4103147522
AT1G70760.1,358201962.6,551213267.3,0,0,54752832,56921970.64
AT1G70770.1,0,0,449597761.5,369030010.3,151439776,431229690
AT1G70790.1,0,0,0,0,0,19950508.17
AT1G70810.1,0,0,0,0,0,108688710
AT1G70820.1,1263744274,38791785.94,0,0,569110500,635105279.1
AT1G70830.1,0,0,0,0,127157844,35419193.25
AT1G70840.1,0,0,33847496.14,150867605.3,0,0
AT1G70890.1,0,53957904.67,113086949.7,128135727.5,5368220896,5038973492
AT1G70940.1,0,0,0,0,19698606,0
AT1G71040.1,0,122737957.4,0,0,1259030256,0
AT1G71220.1,0,0,104266954.7,0,464235842,243243703.5
AT1G71240.1,32050841.54,0,0,0,0,0
AT1G71260.1,0,0,263044145.9,236473065.5,0,0
AT1G71270.1,0,0,0,0,0,22400373.7
AT1G71290.1,0,0,0,0,430430816,0
AT1G71300.1,59982719.77,0,0,0,0,0
AT1G71310.1,0,0,2886947342,2300139746,114439843,33623056.88
AT1G71370.1,0,0,173904339,75043165.3,0,0
AT1G71410.1,0,0,0,0,87836752,0
AT1G71480.1,149091702.9,155919018.4,0,0,50726416,190293687.1
AT1G71500.1,10547814262,13771553878,162293647.6,115551849.6,4993299592,5346453981
AT1G71695.1,55870862.83,163863416.7,129647780.8,99861200.92,774095680,656792361.6
AT1G71720.1,165302589.5,142469521.4,0,0,48019448,59004400.79
AT1G71730.1,0,0,410928255,505378708.5,0,0
AT1G71810.1,200420858.3,587244567.6,0,0,93913154,262179374.2
AT1G71820.1,0,0,0,0,55184084,53035591.11
AT1G71840.1,0,0,0,0,26267128,0
AT1G71860.1,0,0,0,0,304370140,61291177.87
AT1G71950.1,0,0,0,0,298537736,185710364.8
AT1G72020.1,0,0,4763275491,5093836977,0,105629737.5
AT1G72040.1,0,0,0,0,0,0
AT1G72150.1,0,65291020.14,1400925210,1132333637,10288778122,5130027099
AT1G72160.1,0,0,131603867.7,95785353.1,1533536528,1209356412
AT1G72170.1,0,0,3532814599,2884288707,64674236,129417269.2
AT1G72190.1,0,0,90917185.66,96932485.86,0,0
AT1G72230.1,0,0,0,0,276971252,68098513.42
AT1G72330.1,0,0,628758562.7,374395971.4,208963770,0
AT1G72370.1,0,71010840.03,1344787450,1426013346,7002665592,7696318081
AT1G72440.1,23825751.25,0,0,0,0,0
AT1G72550.1,0,0,10213496.38,0,508028002,448917930.6
AT1G72610.1,509755866,736203481.6,1551823169,1515765906,0,0
AT1G72640.1,206688989.7,0,0,0,153667020,118004004.5
AT1G72680.1,0,0,0,0,48346432,40149889.96
AT1G72750.1,0,0,1914706230,1819287732,0,0
AT1G72820.1,0,0,45246041.32,28413652.32,0,0
AT1G72880.1,0,0,0,0,33698721,0
AT1G72930.1,0,0,0,0,104685568,153136542.1
AT1G73020.1,0,0,87450116.19,109015580.8,0,0
AT1G73030.1,76512622.26,0,97509870.78,0,163552790,26559316.01
AT1G73060.1,782946269.9,826287812.2,0,0,0,376301819.8
AT1G73100.1,0,0,59106518.39,158962765.2,0,0
AT1G73110.1,1179470073,47688173.99,23360396.94,41971745.65,272286464,246505128.9
AT1G73140.1,0,0,0,0,146945440,0
AT1G73170.1,56666041.73,0,0,0,44825524,0
AT1G73230.1,0,0,0,0,162410052,263913527.3
AT1G73430.1,0,0,0,0,38146220,24949966.91
AT1G73470.1,0,0,0,0,37811572,0
AT1G73530.1,63086216.02,17061237.07,0,0,0,0
AT1G73570.1,334492380.6,0,0,0,0,0
AT1G73600.1,0,0,0,0,70531592,0
AT1G73650.1,0,0,0,323845488.1,0,321485004.4
AT1G73740.1,0,12640491.1,0,0,0,0
AT1G73750.1,0,34541871.18,0,0,58894746,0
AT1G73885.1,494253159,688555324.3,0,0,96127360,89692601.01
AT1G73940.1,0,0,0,248161941.4,0,0
AT1G73980.1,0,0,865004164.2,430324187.9,0,0
AT1G73990.1,1033212289,1357422944,258519432.9,829038162.6,159527156,493663054.2
AT1G74020.1,0,0,27359858.43,0,0,14838168.39
AT1G74030.1,38657601.03,13950681.09,0,0,25320930,0
AT1G74040.1,8678993.524,0,0,0,0,0
AT1G74050.1,28826959.77,74996637.44,337629361.6,538030766.4,1726984447,1927686419
AT1G74070.1,765736411.7,1695669371,16261156.58,0,509724714,620117269.2
AT1G74090.1,0,0,0,0,336429984,188504077.5
AT1G74100.1,0,0,0,0,281815804,0
AT1G74160.1,0,0,95429733.1,183444335.8,286485216,349176070.5
AT1G74210.1,0,0,0,0,43140064,0
AT1G74230.1,0,0,8948249930,10694478143,201418256,364733991.5
AT1G74260.1,1307061815,233967312.3,0,0,820901173,1187245601
AT1G74270.1,0,0,0,0,140814704,133392034.3
AT1G74310.1,0,0,25261239.95,0,0,0
AT1G74360.1,318590774.1,71215934.29,0,0,0,0
AT1G74380.1,0,0,84535446.75,55146301.03,29312958,0
AT1G74400.1,0,21680114.83,0,0,0,0
AT1G74470.1,20984394442,17331395249,394905852.5,350015348.9,6466029932,3830687025
AT1G74480.1,0,0,0,0,0,92816950.56
AT1G74560.1,0,0,0,0,138826688,114396251.8
AT1G74640.1,144154337.2,60483004.15,0,0,239030667.5,0
AT1G74730.1,11084438046,3664340469,138624949.2,426728210,1254479360,0
AT1G74790.1,0,0,0,0,45614412,0
AT1G74850.1,350533981,54929985.42,0,0,19091546,0
AT1G74880.1,712103614.3,419680872.7,0,0,1219708736,672835066.4
AT1G74910.1,0,0,0,0,603388212,229217390.3
AT1G74920.1,14146193.89,0,0,0,1200899556,1598404901
AT1G74960.1,680309213.9,9259517.977,0,0,330896446,251705350.8
AT1G74970.1,4164174802,975156272.7,132074284.3,89962835.09,3940553424,2390309328
AT1G75040.1,0,116787699.3,85683901.02,0,5265039292,690802026.1
AT1G75200.1,0,21421418,431768992.1,532584505.5,0,0
AT1G75210.1,0,0,105371016.9,135105897.5,0,0
AT1G75220.1,0,0,0,22630144.13,0,0
AT1G75270.1,0,0,0,48365454.55,308533740,625146809.7
AT1G75280.1,0,0,0,0,1178621060,2205633059
AT1G75330.1,927848009.9,264096319.8,0,0,664507708,951193729.6
AT1G75350.1,2004506460,229609289.4,39606107.08,0,1397652708,1353483925
AT1G75500.1,0,0,33650161.98,0,0,79126032.66
AT1G75630.1,0,0,1534740861,1693177579,1908308266,2008074129
AT1G75690.1,93943716.21,0,0,0,0,0
AT1G75840.1,0,0,0,0,340890318,439561727.6
AT1G75950.1,0,0,0,0,560273976,375656106.6
AT1G75990.1,0,0,0,0,82040634,55991836.08
AT1G76010.1,0,0,252328860.6,227039182.5,663479040,436730488.5
AT1G76020.1,0,0,0,0,49017216,0
AT1G76030.1,0,55379611.24,1089696508,1917192740,3642095168,3851708614
AT1G76040.1,0,0,0,0,23940660,0
AT1G76060.1,0,0,103791171,250329061.4,0,0
AT1G76065.1,0,0,0,42537800.26,0,0
AT1G76080.1,1763963804,138840258,0,0,758919680,560240930.2
AT1G76100.1,7400398245,6198208187,0,0,3462661616,4648718393
AT1G76110.1,0,0,124027150,75269940.83,0,0
AT1G76140.1,76357506.04,13469257.47,258277720.7,34547516.49,774973438,578133281.5
AT1G76150.1,0,0,427070639.9,110655118,179757700,129035844.1
AT1G76160.1,0,0,0,0,938007156,799111010.5
AT1G76180.1,1234324296,1578085271,2379306776,556223036.1,9515041129,4233941521
AT1G76200.1,0,0,2100302761,3048483194,140612420,67300438.64
AT1G76280.1,0,0,28151040.6,0,0,0
AT1G76300.1,0,0,0,0,19860890,0
AT1G76400.1,0,0,121952654.7,0,99211790,171450402.4
AT1G76450.1,784922605.3,444538655.5,0,0,441819220,257658558
AT1G76520.1,0,0,0,0,0,28390832.59
AT1G76680.1,0,0,0,0,898650994,1568249540
AT1G76730.1,231684834.4,76106797.39,0,0,115610916,312882188.4
AT1G76810.1,0,0,0,0,130434542,21218683.53
AT1G76850.1,0,0,0,0,103772377,22584653.99
AT1G76860.1,0,0,0,0,56558256,53331143.03
AT1G76880.1,0,0,575645815.1,374858683.2,0,0
AT1G76890.2,0,0,191817477.7,254186692,0,0
AT1G76990.1,0,0,132066142.6,0,50482600,26513719.96
AT1G77060.1,165739090,34842023.72,0,0,319363008,175442030.4
AT1G77090.1,2566219280,2075758590,0,0,1475554138,2336007122
AT1G77120.1,0,0,0,0,45995920,131214929.1
AT1G77122.1,27208062.07,0,0,0,53326820,0
AT1G77130.1,0,0,40115492.73,45290227.18,0,0
AT1G77140.1,0,0,0,0,65867023,16658815.27
AT1G77180.1,0,0,0,0,25286276,20648846.69
AT1G77370.1,0,0,30951516.53,0,0,0
AT1G77420.1,30054650.33,0,0,0,0,0
AT1G77490.1,9933882754,16250982156,110317883.5,0,4983079951,6422264228
AT1G77510.1,37424593.28,10946344.32,757145351.3,339278918,4431209956,2027855092
AT1G77590.1,383325180.8,98078347.07,214461900.1,71890244.53,262104420,408819939
AT1G77670.1,0,0,44298284.08,0,34287344,54731290.13
AT1G77750.1,0,0,152296062.5,384599924.6,0,0
AT1G78010.1,26913661.41,0,0,37198316.18,13280719,0
AT1G78060.1,57509716.95,67514181.9,44002484.22,0,1105728920,1219658752
AT1G78140.1,167491618.5,369412042.6,0,0,0,0
AT1G78150.1,0,57380388.95,0,0,77431850,0
AT1G78240.1,0,0,0,0,26314504,19468895.84
AT1G78300.1,0,14157899.55,296931705.8,161316042.2,1773017124,1342847478
AT1G78340.1,5813006126,5168537234,0,0,0,11967539320
AT1G78370.1,58759971.78,27307659.05,40318016.81,0,4681193744,5725221326
AT1G78380.1,680389528.7,301443861.2,314122275.9,807887170.8,18533418259,10654610649
AT1G78560.1,38522055.92,0,0,0,78351920,103238815.8
AT1G78570.1,0,0,0,0,269825268,152338725
AT1G78590.1,0,0,65546470.55,0,0,0
AT1G78620.1,191302275,74995049.79,0,0,176733324,205160428.7
AT1G78630.1,4458863253,1564869745,25249651.85,49988409.48,2414238084,2061809085
AT1G78670.1,0,0,0,0,119933456,97117323.51
AT1G78680.1,0,0,0,0,211725968,237347357.1
AT1G78690.1,0,0,34399044.79,0,0,0
AT1G78820.1,0,40374619.68,0,0,327403224,342127647.5
AT1G78830.1,0,111438904.4,363138619,351456491.7,1129410096,825921683.6
AT1G78850.1,0,38288775.89,0,0,858885900,412186469
AT1G78870.1,0,0,0,0,49112516,0
AT1G78890.1,0,0,65352921.76,0,0,0
AT1G78900.1,537585030.8,716334002.7,13991803408,17930026564,22931024298,21548344061
AT1G78915.1,425387171.6,700445688.4,0,0,108755581,86115681.55
AT1G78920.1,0,0,238456557.9,0,171129893,127659386.2
AT1G78995.1,48497863.39,0,0,0,0,0
AT1G79010.1,0,0,4583254848,5486015510,143582304,0
AT1G79040.1,51768462666,85442867671,4857759034,3146365417,31494260046,31598685066
AT1G79050.1,67250454.36,39793357.91,0,0,123228544,56636962.03
AT1G79080.1,16425634.09,0,0,0,0,0
AT1G79090.1,0,0,0,0,17241656,0
AT1G79230.1,155231499.2,27831221.34,13269318424,14436326814,934253872,1094988430
AT1G79280.1,0,0,110695520.2,85201664.22,12380515,17221969.68
AT1G79340.1,0,0,88336218.29,127566941.2,1182510588,1122638872
AT1G79380.1,0,0,0,0,69888560,65675877.97
AT1G79390.1,0,0,212487375.8,325668719.9,0,0
AT1G79410.1,0,0,0,0,0,321838778.5
AT1G79440.1,34249848.74,22166684.77,26550040463,24426539929,2327277832,2755820352
AT1G79500.1,0,0,0,0,83866352,0
AT1G79530.1,28758514.66,56053076.74,112536043.4,231093869.3,0,0
AT1G79550.1,17554818.25,153327801.7,417549922.5,506568883.1,5426457046,4086798329
AT1G79560.1,178860912.9,0,0,0,0,0
AT1G79590.1,0,0,0,0,13934036,0
AT1G79600.1,217604700.5,1405400170,0,0,40402244,262787355.9
AT1G79650.1,0,0,0,177916187.2,0,0
AT1G79690.1,0,0,0,0,934396572,469580958.1
AT1G79720.1,0,0,0,0,40950076,22624209.65
AT1G79750.1,0,0,2250669152,531101387.1,0,0
AT1G79790.1,151772131.6,27219941.52,0,0,80012964,229482828.2
AT1G79850.1,4389897455,1112914669,660123227,632114737.2,2417861270,1583352690
AT1G79870.1,19263211.6,0,32783471.09,41582324.53,1063738040,1542287280
AT1G79890.1,0,0,83695057.22,63650582.92,0,0
AT1G79920.1,0,0,0,0,174169828,145892797.4
AT1G79930.1,0,0,0,96948716.93,780885720,648394087.9
AT1G79940.1,0,0,0,43553150.5,0,0
AT1G80030.1,800839047.8,1406707658,37179018.5,0,492262864,257920638.1
AT1G80070.1,0,0,0,0,99424225,140173370.2
AT1G80230.1,0,0,5145135942,6130574976,61117064,366150085.6
AT1G80270.1,175317397.3,222739193.5,2471952778,3025116131,28226387.5,1810150266
AT1G80300.1,17869408.81,43141354.35,0,0,225884062,409566081.1
AT1G80310.1,0,0,0,0,0,23965294.89
AT1G80360.1,0,0,23722385.79,0,0,112424507
AT1G80380.1,4624936970,782963628.8,56706736.8,37085327.87,6536616036,6170119196
AT1G80410.1,0,0,64945074.72,0,444363472,530620803.7
AT1G80460.1,0,0,19996576.19,0,731767504,274822557.7
AT1G80480.1,1198293645,133917901.7,26933731.96,32618423.26,243006064,477572337.3
AT1G80490.1,0,0,0,0,189590516,367789579.7
AT1G80560.1,314417834.8,32489763.21,0,0,239060136,105618142.1
AT1G80600.1,1195971171,243771734.4,0,0,1875881680,2892270953
AT1G80620.1,0,0,289790525.8,200177241.1,0,0
AT1G80670.1,0,0,0,76651500.29,14762508,13575127.25
AT1G80720.1,0,0,81916301.88,53021486.34,0,0
AT1G80770.1,16549008.95,0,0,0,0,0
AT1G80890.1,0,0,949163354.6,838985048.6,0,0
AT2G01140.1,871383113.3,793693687.4,44956139.38,39613988.48,662426400,567380695.6
AT2G01220.1,0,0,39075197.02,0,0,0
AT2G01250.1,7110427.868,22583934.77,598146577.9,332739265.6,1695413797,1774546194
AT2G01270.1,0,0,91577523.76,85535379.69,0,48111724.25
AT2G01350.1,207047881.7,28077797.55,0,0,97465828,62486273.72
AT2G01460.1,0,0,0,0,31150266,0
AT2G01470.1,0,52176192.28,103224638.9,33334144.6,183625610,113599733.8
AT2G01600.1,0,0,0,0,0,26003979.97
AT2G01630.1,0,0,0,0,52004562,29264600.17
AT2G01690.1,0,0,0,0,40021040,107264875.9
AT2G01720.1,0,0,138225344.6,362273417.2,652163272,677419872.6
AT2G01755.1,0,0,0,0,26988412,55707596.21
AT2G01870.1,0,0,0,0,17862526,0
AT2G01918.1,0,0,0,0,0,72453247.76
AT2G01970.1,0,0,763725844.2,239804607.9,178187792,0
AT2G02040.1,0,0,0,0,69704902,196465539.2
AT2G02050.1,0,0,15590650050,20210113451,377242430,403861665.8
AT2G02070.1,0,0,52310116.22,0,0,0
AT2G02100.1,0,0,59218173.02,0,0,0
AT2G02390.1,0,0,0,0,218763040,180822094
AT2G02470.1,0,0,0,0,55951380,61987113.55
AT2G02500.1,202502786.8,59768261.5,0,0,209285726,320214404.7
AT2G02510.1,0,0,727338647.6,1078478001,0,0
AT2G02560.1,0,0,0,0,0,27520247.33
AT2G02730.1,0,0,13741397.63,0,0,0
AT2G02740.1,390924042,197635941.5,0,0,186905372,136628104.3
AT2G02850.1,0,0,49952455.55,62361771.2,0,104387808.8
AT2G02990.1,0,0,0,0,241428328,0
AT2G03120.1,0,0,0,0,77972561.5,0
AT2G03140.1,0,0,0,0,0,25666526.45
AT2G03390.1,22106635.03,0,0,0,215964810,139492805
AT2G03420.1,989755710.8,3197840781,0,0,618409232,674287526.4
AT2G03430.1,0,0,0,0,42556876,0
AT2G03440.1,85161666.66,24999310.19,557936654.6,614894906.6,1281308400,1015128347
AT2G03510.1,0,6903677.643,564674114.5,372007065.7,528111804,222329614.2
AT2G03550.1,0,0,0,0,87484428,124970030.8
AT2G03680.1,0,0,0,70001788.88,113372008,64428879.41
AT2G03690.1,0,0,0,46077117.55,0,0
AT2G03750.1,0,0,0,0,139788892,76179575.14
AT2G03760.1,0,0,0,0,16075319,7430709.748
AT2G03810.1,0,0,0,0,38197072,0
AT2G03870.1,0,0,0,0,0,113133403.9
AT2G03980.1,0,0,0,0,63381836,76980316.88
AT2G04030.1,4804892200,645614815.8,0,0,1972761556,3668573056
AT2G04039.1,555536180.3,231521155.5,0,0,374086716,507099901.8
AT2G04230.1,0,0,0,0,0,334948899.7
AT2G04280.1,0,0,66929015.38,92849387.99,0,0
AT2G04350.1,0,0,82481702.2,89373763.31,138579436,186093211.5
AT2G04360.1,0,0,0,0,2230890.75,6824877.49
AT2G04390.1,9605148.818,38566030.26,689866467.6,757600407.3,4849505134,4758424306
AT2G04400.1,1121862831,466093988.5,0,0,501836210,839455121.7
AT2G04450.1,0,0,0,0,388119912,0
AT2G04520.1,0,0,37336487.66,0,219927680,198531799
AT2G04540.1,0,0,1259380099,863538683.7,33697992,0
AT2G04690.1,0,0,0,0,303435142,25653886.29
AT2G04700.1,1458288901,269073598,0,0,594937216,1547358637
AT2G04780.1,0,0,43605506.43,72650108.64,159523860,97695783.97
AT2G04842.1,623305910.5,0,0,0,353785684,388374992.7
AT2G04865.1,0,0,9678212.109,41874410.45,0,0
AT2G04880.1,0,0,149013677.3,158336088.4,0,0
AT2G04900.1,0,0,129267389.8,174024340.3,0,0
AT2G04940.1,0,0,1130381288,1035133777,0,0
AT2G05070.1,29004620.42,0,0,0,0,0
AT2G05310.1,495517680,1574022867,40951645.7,0,262545536,405723807.3
AT2G05380.1,4711972.07,19767928.87,2779898528,2420664060,4070606.719,199975618.2
AT2G05520.1,139998375.6,95409034.39,6133644646,1024024003,195636224,315444938.2
AT2G05620.1,1694715943,3749265620,208442991.6,231625456.6,0,1259784435
AT2G05710.1,637567873.9,380485729.6,68078916988,55058404792,3499549311,10786855656
AT2G05830.1,0,0,0,0,164941584,305135059.7
AT2G05840.1,0,0,37598474.04,0,267779916,358979997.4
AT2G05900.1,0,0,0,0,86089200,0
AT2G05920.1,0,0,19451684.46,0,402709160,160499340.4
AT2G05990.1,3787137409,1517065691,347132517.8,235341697.8,4601842534,3521326696
AT2G06050.1,0,0,358472789.2,374022530.4,699752832,394778265.1
AT2G06530.1,0,0,0,273992394.6,246233801,42079405.63
AT2G06850.1,133942348.7,173707557.1,313702095.1,307253173.2,3756005236,901045038.2
AT2G07050.1,0,0,137074681.6,96897686.94,125398330,139597241.7
AT2G07190.1,0,0,0,40545620.25,0,0
AT2G07340.1,0,0,0,0,0,51245689.46
AT2G07360.1,0,0,0,0,82544930,0
AT2G09990.1,0,15330009.06,134783832.8,288643799.2,793253912,825052141.8
AT2G10940.1,118240196.6,141286501.1,852736723.8,408693327.7,4808703744,0
AT2G11000.1,0,0,0,0,35660768,0
AT2G11890.1,0,0,0,0,27959254,25324993.04
AT2G12190.1,0,0,0,0,0,39582513.93
AT2G13360.1,497256431.8,310060254.1,13838322232,10594877052,18081627304,16081669237
AT2G13370.1,0,24267768.62,0,0,0,0
AT2G13540.1,0,0,0,0,109522144,151883653.5
AT2G13560.1,0,6888955.937,19850105507,16922740984,800977657,978634393.9
AT2G14120.1,0,0,46705167.4,116192280.9,35006160,84578868.7
AT2G14170.1,7381655.881,7709235.134,11578205570,8705847333,536244726.8,645251743.9
AT2G14260.1,140038227.4,23075491.92,0,0,870062594,628765694
AT2G14610.1,0,0,21057914.52,0,1506878584,0
AT2G14720.1,0,0,0,0,412487981,386397050.8
AT2G14750.1,64151658.05,352067181.9,0,0,290673602,226409251.9
AT2G14835.1,0,0,57908376.26,42249189.57,0,0
AT2G14880.1,37076480.58,68367234.35,38366841.98,0,12227822,0
AT2G15020.1,0,0,36177458.55,43507709.51,0,0
AT2G15050.1,0,18698128.68,0,0,0,75142680.46
AT2G15290.1,586681280,368495914.1,26334951.49,0,655066832,819172153.6
AT2G15320.1,0,0,0,0,15803501,0
AT2G15430.1,0,0,15835715.82,67281321.44,0,0
AT2G15570.1,34061019.63,0,0,0,0,0
AT2G15620.1,5043006744,1128965861,0,0,4092888490,1903368140
AT2G15690.1,0,0,0,125734648.5,0,0
AT2G15860.1,0,0,0,0,0,10997258.22
AT2G15890.1,190897143.6,373656827.9,0,0,0,47000682.83
AT2G15970.1,0,0,1701937451,0,47243576,0
AT2G16070.1,18711851.06,10402204.39,0,0,0,0
AT2G16270.1,0,0,61619438.18,0,0,0
AT2G16460.1,0,0,1108187708,1170538584,0,26200173.55
AT2G16485.1,0,0,0,0,5919991,0
AT2G16595.1,0,0,0,0,23591560,41701027.54
AT2G16600.1,6307387.639,20459533.41,1514165673,1647922884,4143741000,6160812670
AT2G16640.1,0,12179106.03,0,0,0,0
AT2G16710.1,0,0,323363346.3,204908221.8,0,0
AT2G16780.1,0,0,0,0,83326752,105151093.9
AT2G16930.1,0,0,222724397,347579510.9,0,0
AT2G16950.1,0,0,0,0,669600912,382971321.5
AT2G17120.1,0,0,101392939.2,133128131.1,503996418,262493265.2
AT2G17130.1,0,0,5667670267,4430946571,0,120536747.7
AT2G17140.1,0,0,0,0,0,29253719.73
AT2G17200.1,0,0,0,0,308936820,62989022.05
AT2G17265.1,532812194.9,164502488.8,0,0,472326245,351753009.8
AT2G17280.1,0,0,0,0,0,14274924.87
AT2G17340.1,0,0,0,0,533300796,346728472.5
AT2G17380.1,0,0,0,0,0,145440768.6
AT2G17390.1,0,0,0,33638763.32,431301256,273281194.7
AT2G17410.1,0,0,21732332.45,0,0,0
AT2G17420.1,0,0,121317655.7,0,374385712,362117876.7
AT2G17630.1,17547467.73,0,0,0,0,16517456.56
AT2G17650.1,0,0,1696833913,952942132.9,0,49636205.08
AT2G17695.1,364812940.5,210724530.9,87493236.35,84662347.51,191544480,150482157.9
AT2G17720.1,0,0,75933997.75,100109793.2,46296244,0
AT2G17790.1,0,0,0,0,83835162,93614037.58
AT2G17840.1,0,0,304384688.7,162847462,2402071776,1300717038
AT2G17870.1,0,0,0,0,90332488,85438395.29
AT2G17930.1,0,0,15631789.75,61791327.2,0,0
AT2G17972.1,528686276.2,630293851.9,0,0,208707086,170045501.2
AT2G17980.1,0,0,26846412269,64461477.01,1133934752,150511932.5
AT2G18020.1,14083028.57,0,243019399.8,241531764.9,937992504,837650455.2
AT2G18030.1,0,0,12076259.7,0,0,0
AT2G18040.1,0,0,173662689.8,127099572.4,247311737,163303424.6
AT2G18050.1,0,4488188.396,54455015.72,0,0,0
AT2G18080.1,0,0,0,0,72738704,92932630.62
AT2G18110.1,0,0,0,48261683.59,324932728,313492839.3
AT2G18210.1,0,0,107282477.1,112929391,0,0
AT2G18230.1,0,0,0,0,139921616,803416293.3
AT2G18250.1,0,0,0,0,41683696,0
AT2G18330.1,0,0,1837349550,1944766492,0,0
AT2G18400.1,0,0,0,38875009.04,0,0
AT2G18660.1,28787858.74,103709939.1,183434500.2,167410657.8,314114044,0
AT2G18690.1,0,0,0,0,334332384,0
AT2G18710.1,1637523384,1371496460,0,0,213003152,403405632.3
AT2G18750.1,0,0,134332750.3,0,0,0
AT2G18770.1,0,0,147217655.9,243741130.2,0,0
AT2G18960.1,0,0,986818243.5,949301882.4,1995653237,2218109985
AT2G19080.1,0,0,2430406943,2901629327,0,0
AT2G19330.1,119901886.6,82430899.92,0,0,0,0
AT2G19480.1,0,0,43348681.94,0,668293120,116213870.9
AT2G19490.1,0,0,219166556.2,137709991.3,0,0
AT2G19520.1,0,10667404.99,155599012.2,89377609.7,131863768,168694218.3
AT2G19570.1,0,0,0,0,35100700,0
AT2G19680.1,0,0,9482854360,8984652896,209541776,651806065.8
AT2G19730.1,20936643.82,52581460.45,661830701.3,537116467.6,1775782380,2228880939
AT2G19740.1,0,0,0,0,0,133536832
AT2G19760.1,0,0,0,0,996122188,603596031.1
AT2G19790.1,0,0,0,0,51895952,0
AT2G19860.1,0,0,11078768136,9889436355,241973447.7,562666821.6
AT2G19870.1,26199617.45,0,0,0,0,0
AT2G19900.1,0,0,0,0,0,119878140.9
AT2G19940.1,2130074479,815371808.5,0,0,2569521376,3340464963
AT2G19950.1,0,0,36592550.07,0,0,0
AT2G20050.1,0,0,33344971.32,0,0,0
AT2G20060.1,0,0,709703167,529116627,17620332,19358176.07
AT2G20120.1,0,0,0,0,0,10077122.63
AT2G20140.1,0,0,65724016.23,0,1486319392,845860845.2
AT2G20190.1,0,0,0,0,34278568,0
AT2G20230.1,0,0,36246535.96,0,423065444,270168685.5
AT2G20260.1,19464534647,36562883669,1560533123,254413217,10042756780,6653469000
AT2G20270.1,395419902.1,0,514485035.9,318379747.2,130362072,166745016.1
AT2G20280.1,0,0,0,0,23647263,0
AT2G20360.1,0,0,46434134934,50533511004,1688488849,2852149249
AT2G20390.1,0,0,301445007.7,82897815.16,0,0
AT2G20420.1,10658371.78,36718221.45,95986576299,79433018158,5099457090,6629280856
AT2G20450.1,0,0,902619446.8,329403702.1,798918144,249527786
AT2G20490.1,0,0,0,0,31982844,0
AT2G20530.1,0,0,5893647114,4934141784,81849376,311934527.5
AT2G20580.1,0,0,0,0,1079196560,1053804905
AT2G20610.1,26656223.91,0,0,0,673919864,351351530.8
AT2G20630.1,0,0,68015808.78,40847516.04,756355225.3,409737101.7
AT2G20690.1,1620413167,540617355.5,0,0,731777596,1532096699
AT2G20760.1,0,0,162449398.7,131141749.8,619236052,394002678
AT2G20810.1,0,0,0,13844167.91,0,0
AT2G20820.1,0,0,85954236.89,0,0,96445678.25
AT2G20830.1,0,0,267809643.2,207019523.3,0,0
AT2G20860.1,0,0,1016391931,1138231827,0,0
AT2G20890.1,11641209192,8105010836,1950895021,1056303716,7963249234,6269439962
AT2G20900.1,0,0,0,0,26534760,0
AT2G20920.1,315906693.8,117123672.9,0,0,0,36399916.36
AT2G20940.1,0,0,108948920.2,352472457.7,0,0
AT2G20990.1,0,6455542.99,1586759483,938792556.5,1727099276,1772542293
AT2G21130.1,0,0,0,0,0,108613575.5
AT2G21160.1,0,50632717.98,702349587.8,554583682,530415728,537051303
AT2G21170.1,12640018049,3089032290,79321015.08,75655095.72,9671163659,13914235945
AT2G21190.1,0,0,0,0,0,18483092.19
AT2G21250.1,0,0,0,0,576594984,584195817.2
AT2G21270.1,0,0,0,0,53172736,45013262.71
AT2G21280.1,661417575,207690116.9,1390438899,0,476856976,1021828929
AT2G21330.1,19642896513,9611423020,311695583.7,282310035.9,17925828384,18841584621
AT2G21340.1,49226985.3,0,0,0,27552694,38212682.61
AT2G21370.1,135258311.1,0,0,0,79155488.5,404810446.6
AT2G21385.1,1003721084,115863011.5,0,0,516344404.9,772744906.5
AT2G21390.1,0,0,0,23170224.79,337049708,290247113.4
AT2G21410.1,0,0,18260575.23,0,227678618,158910178.2
AT2G21480.1,127328653,0,0,0,0,0
AT2G21520.1,213373385.5,440608446.1,0,117418724.8,139659004,176569722
AT2G21530.1,3297508928,719343513.7,0,0,1478856279,2106763215
AT2G21580.1,0,0,219613715.1,0,74310800,130810362.4
AT2G21600.1,0,0,80301263.49,59691794.49,0,0
AT2G21620.1,0,0,0,0,905256808,714028898.6
AT2G21640.1,0,0,39497951.06,72023255.37,0,0
AT2G21660.1,143582087.9,253074390.5,2073459909,2915920026,2920922576,5021636294
AT2G21710.1,0,41471599.45,0,0,0,0
AT2G21860.1,218544291.1,80260305.72,0,0,94334194,130444299.2
AT2G21870.1,0,167173809,78112421297,81009482216,4716574288,9137586805
AT2G21960.1,2266852095,4056538977,0,0,862054788,1497814662
AT2G22125.1,0,0,0,0,62392924,0
AT2G22170.1,0,63595835.8,35656391.76,0,1629647616,1564191324
AT2G22230.1,2079534268,638855980.6,51968499.27,53987387.76,505666855,119338813.1
AT2G22250.1,314772237.5,36095485.77,0,0,289443380,130660780.6
AT2G22300.1,0,5307221.955,0,0,0,0
AT2G22360.1,125989182.2,227623147.5,0,0,43100728,0
AT2G22400.1,0,0,0,0,0,34798409.25
AT2G22420.1,0,0,0,0,0,80571204.61
AT2G22425.1,0,0,0,0,91914008,43065520.64
AT2G22450.1,151141664.9,10141614.4,0,0,0,0
AT2G22475.1,0,0,0,0,28101224,0
AT2G22480.1,301545998.2,258580776.8,0,0,206437484,453645794.9
AT2G22500.1,0,0,5722851759,5305901252,269152808,0
AT2G22540.1,0,0,0,0,0,2369276.861
AT2G22570.1,0,0,0,0,0,14300498.3
AT2G22680.1,0,0,0,73031791.63,0,0
AT2G22780.1,0,0,1164847481,707477746.9,1396544080,1368177868
AT2G22870.1,23426408.48,0,0,0,0,0
AT2G22970.1,0,0,0,0,127121660,138176394.5
AT2G22990.1,0,0,0,0,125352168,0
AT2G23010.1,0,0,0,0,0,27781502.36
AT2G23090.1,0,0,27351104.9,0,22609740,15678263.94
AT2G23120.1,0,0,125663095.9,42024511.17,194509413,127714889.9
AT2G23310.1,0,0,201476122.5,205425603.5,0,0
AT2G23350.1,0,0,0,37542697.01,270562376,166708769.4
AT2G23360.1,0,0,0,277534121.9,0,0
AT2G23370.1,0,0,987393385.2,1107508673,0,0
AT2G23390.1,0,0,0,0,0,29017888.9
AT2G23600.1,0,0,0,76722081.78,1092206528,1637220807
AT2G23610.1,0,0,0,0,83496980,110414656.1
AT2G23670.1,2405718088,6881025231,0,0,1713772992,1899329187
AT2G23810.1,0,0,0,0,147224944,0
AT2G23820.1,0,0,427069703.2,193564613.8,68344960,0
AT2G23890.1,0,0,37646875.89,0,0,0
AT2G23930.1,0,0,0,0,75713208,163855685.7
AT2G24020.1,538050396.2,23210630.68,0,0,1007612714,613423019.6
AT2G24060.1,396398775.2,6977610.307,0,0,123176756,111242084.6
AT2G24090.1,800712299.8,173333615.3,0,0,0,109949470.7
AT2G24180.1,0,0,33347316.47,41794573.32,72649500,79702397.33
AT2G24200.1,0,0,0,103739746.1,3420931200,4137435800
AT2G24270.1,0,8862788.064,196497558.1,87729500.96,3245837944,3388211609
AT2G24280.1,0,14843464.51,135736084.7,0,422987032,466096553.5
AT2G24390.1,0,0,0,0,85007598,74932638.85
AT2G24420.1,0,0,267558059.6,258367154.6,565194994,1092088717
AT2G24590.1,0,0,161830559.6,195471008.2,145242288,0
AT2G24765.1,0,0,0,0,28918362,287903786.8
AT2G24820.1,1206873687,1066986213,1799487836,757896883.1,2166835192,1813602401
AT2G24940.1,22746774.01,45302330.42,290780395.7,137808908.9,1623840448,3997550132
AT2G25060.1,0,0,0,0,130378940,40021910.08
AT2G25070.1,0,0,0,0,226765940,92424271.36
AT2G25080.1,4546361641,1078996311,1417054773,1160857481,2343483116,2902152956
AT2G25110.1,0,0,56109406.74,126261605.5,61262070,0
AT2G25140.1,0,0,111779839.7,35144404.21,0,0
AT2G25310.1,0,0,38910521.62,0,124306520,137087895.6
AT2G25430.1,0,0,0,0,0,17388621.59
AT2G25450.1,0,0,31887957.79,127138961.7,774814496,115829339.7
AT2G25530.1,0,0,151846995.5,51674306.37,0,0
AT2G25570.1,0,0,122682622.1,46714509.69,0,0
AT2G25830.1,364445619.1,29880259.8,1392189341,1263368780,255627728,360591514.7
AT2G25840.1,519643070.5,0,682682213.3,463841293.2,545917028,364489961.1
AT2G25870.1,27576944.52,0,63467253.08,34004734.53,37250668,0
AT2G25910.1,0,0,0,0,0,13052937.14
AT2G25950.1,0,0,0,0,77360704,67061008.9
AT2G25970.1,0,0,0,0,321465016,448469532.3
AT2G26060.1,0,0,0,0,34788218,96037422.44
AT2G26080.1,14748911.91,0,55452129597,50789542164,1581732736,3059408929
AT2G26100.1,0,0,130495152.2,134618406.4,0,0
AT2G26140.1,0,0,4028350193,2140625962,11224753,25657769.71
AT2G26210.1,0,0,0,0,140853640,87552279.29
AT2G26230.1,0,0,1056717451,583096784.6,158097556,91240096.75
AT2G26240.1,0,0,77943437.12,35456466.88,15840762.94,14440232.63
AT2G26250.1,0,0,0,0,15405179,0
AT2G26280.1,0,0,0,0,31405476,0
AT2G26340.1,1275555768,1389195851,0,0,362799756,401155965
AT2G26380.1,0,0,0,0,0,85459404.61
AT2G26500.1,0,0,0,0,79728440,0
AT2G26540.1,155071816.6,0,0,0,82850477,45133495.08
AT2G26550.1,0,13153286,0,0,0,0
AT2G26560.1,0,0,0,0,0,25244612.66
AT2G26570.1,0,0,0,0,88419138,0
AT2G26670.1,817057295.7,74225153.44,0,0,470983488,431096642.6
AT2G26730.1,0,0,27937234.31,0,358201528,354249420.4
AT2G26740.1,0,0,0,0,953009632,578661477.6
AT2G26780.1,0,0,0,0,12810567,0
AT2G26800.1,0,0,4608315376,3853831287,59684816,130304940.7
AT2G26830.1,0,0,0,0,0,53498654.95
AT2G26890.1,0,0,0,0,0,12735649.04
AT2G26900.1,1198059267,532490127.2,94467253.04,0,1097750944,1137070084
AT2G26930.1,536636667.5,79689890.9,0,0,220808170,218121038.9
AT2G26975.1,0,0,0,0,30474892,0
AT2G27020.1,0,50012117.08,55161165.82,17885979.93,1408087312,1655400860
AT2G27140.1,0,0,0,0,0,14263696.57
AT2G27150.1,0,0,0,0,0,0
AT2G27170.1,0,0,22597667.23,0,0,0
AT2G27190.1,0,0,0,0,36078028,0
AT2G27290.1,531411648.9,705276488.3,0,0,140506120,0
AT2G27330.1,0,0,56957142.72,0,0,0
AT2G27420.1,0,0,0,0,0,162569934.6
AT2G27450.1,0,0,0,0,0,91315523.28
AT2G27460.1,0,0,0,0,0,74170318.99
AT2G27490.1,0,0,0,75840777.62,0,0
AT2G27510.1,35660618.61,0,0,0,0,0
AT2G27530.1,0,18203578.19,280680073.8,169981833.4,1432178402,1360019426
AT2G27600.1,0,0,58123523.36,63062469.82,231057850,73446405.96
AT2G27680.1,3046421656,673798766.6,124542509.4,0,1602032857,2834429826
AT2G27710.1,0,14597387.62,80918802.61,0,1776359000,1404137143
AT2G27720.1,0,0,15918096.85,0,2418646052,1611476777
AT2G27730.1,0,27068641.09,24966520841,29460517588,1807277460,2315286606
AT2G27820.1,45949126.75,0,0,0,0,47728598.72
AT2G27860.1,0,0,0,0,227006480,295164516.9
AT2G27920.1,0,0,0,0,21560618,91055455.72
AT2G28000.1,29623699674,6511319570,396676179.3,322575287.9,20521257339,19961503147
AT2G28100.1,0,0,0,0,269087530,44380896.1
AT2G28190.1,12957075862,2749041889,140776380.7,0,6505917859,7233991413
AT2G28305.1,0,49050815.16,0,0,0,0
AT2G28430.1,0,0,4930880681,4884180039,0,0
AT2G28470.1,0,0,0,0,582745896,477776892.5
AT2G28520.1,0,0,334072340.3,238878944.6,0,0
AT2G28605.1,148909107.3,92696425.3,0,0,94801788,0
AT2G28720.1,0,0,2573380649,2901168557,0,392808481.8
AT2G28790.1,80983623.02,22288452.93,203862363.4,283686068,0,0
AT2G28800.1,1368235158,1858786105,0,0,319039216,140592963.8
AT2G28900.1,6534991744,6647758067,11946351594,12994462512,8484188742,13042671920
AT2G28950.1,33073306.62,110091024.3,0,0,0,260054268.3
AT2G29080.1,0,0,1596531828,1416158062,0,24479215.69
AT2G29320.1,0,0,0,0,53407376,156206569
AT2G29340.1,0,0,0,0,278932684,108673425.4
AT2G29350.1,0,0,0,0,88217992,0
AT2G29360.1,0,0,0,0,46641596,58900410.7
AT2G29420.1,0,0,0,0,298607348,789475170.5
AT2G29450.1,0,0,0,0,1859678440,1712806942
AT2G29530.1,0,0,4931125804,2903188960,0,0
AT2G29550.1,0,0,0,0,61106748,50819688.26
AT2G29560.1,0,0,71137514.16,0,23259486,0
AT2G29570.1,0,0,0,0,294466046,192071654
AT2G29630.1,286770365.3,0,0,0,378895507,126799906.8
AT2G29650.1,0,57564544.2,0,0,24655162,0
AT2G29690.1,142283295.5,35442002.13,0,0,183311752,153967264.7
AT2G29700.1,0,0,85708883.24,78690461.11,87397758,66041254.08
AT2G29720.1,34449478.54,237141847.2,2819420759,1815982156,101323728,66584584.48
AT2G29960.1,0,0,318778522.3,350635984.1,194195888,461026400.9
AT2G29970.1,0,0,0,0,200285456,263652169.2
AT2G29990.1,0,0,1105170699,1032727758,0,0
AT2G30000.1,0,0,16979362.53,0,0,0
AT2G30050.1,0,0,10368074.89,0,101991109,26093814.97
AT2G30060.1,0,0,0,0,297319500,236947891.2
AT2G30110.1,0,0,16649150.15,0,829421702.5,700084702.9
AT2G30140.1,0,0,0,0,221497236,0
AT2G30170.1,394067689.1,0,0,0,571496640,621714048.9
AT2G30200.1,1403325967,127093230.7,540152297.7,257970150.9,928340692,517753826.1
AT2G30330.1,0,0,0,0,14015313,0
AT2G30390.1,112324714.6,363372210.1,0,0,92334000,190729819.3
AT2G30410.1,0,0,0,0,206900440,251486299
AT2G30490.1,0,0,0,30714954.87,325574234,325809141.7
AT2G30520.1,0,0,0,0,109277004,0
AT2G30620.1,49921819.02,380695890.6,14111797809,12396932561,420177040,293344466.9
AT2G30695.1,1004771938,168831194.4,0,0,622015648,890158013.4
AT2G30720.1,0,0,832749822.6,921372560.5,0,0
AT2G30740.1,0,0,0,0,55023500,0
AT2G30860.1,1426731546,609126333.9,1932217751,1887077130,19248715814,22557359297
AT2G30870.1,75570211.75,31488170.93,21858177.77,197482781.3,6537525098,8758792056
AT2G30880.1,0,0,0,0,15755798,0
AT2G30920.1,0,0,0,249783290.2,0,0
AT2G30930.1,25237464.15,46544526.61,725493830.5,1147319648,1901231288,1169992053
AT2G30950.1,15380708093,24288895493,550516921.8,682226645.6,6616321840,5497365064
AT2G30970.1,0,0,45272066843,31814154972,2107634181,3664138572
AT2G31040.1,266601851.3,259674904.5,0,0,0,0
AT2G31060.1,0,0,712079833.6,1171955271,0,0
AT2G31140.1,0,0,646513911,950195867.5,35672420,0
AT2G31170.1,90022995.62,0,1177522681,162970756.2,24754326,146735600.7
AT2G31190.1,22657458.43,0,0,0,0,0
AT2G31240.1,0,39635429.3,98285618.3,55543769.03,0,0
AT2G31340.1,0,0,523712700.8,303886266.1,0,0
AT2G31350.1,0,0,31337739.76,38863538.12,0,0
AT2G31390.1,0,0,0,0,580655476,319454567.1
AT2G31490.1,0,0,6461783382,6155011129,0,0
AT2G31570.1,0,0,1259886806,565795951.8,547177024,870421661
AT2G31610.1,0,12893518.61,78768555.14,0,853586784,914208464.3
AT2G31660.1,0,0,0,0,90468872,0
AT2G31670.1,766918164.2,245636175.8,1196379177,488014909.6,1588913252,1023148208
AT2G31710.1,0,0,0,0,17813998,0
AT2G31725.1,0,0,1237844770,1020882979,0,0
AT2G31750.1,0,0,0,0,0,35773190.75
AT2G31790.1,0,0,0,0,162803512,147946601.7
AT2G31810.1,474171435.2,164141083.2,0,0,120361234,0
AT2G31880.1,0,0,92822263,0,128964634,0
AT2G31955.1,0,0,89364941.2,359854249.7,0,0
AT2G32060.1,0,0,19438111.9,0,351828128,301816472.8
AT2G32080.1,0,0,0,0,421694510,561246154.3
AT2G32090.1,0,0,0,0,330963064,333166792.8
AT2G32180.1,57135132.01,14959452.49,0,0,0,0
AT2G32240.1,0,0,28692056.46,106581384,2857175811,1731515231
AT2G32260.1,0,0,0,0,0,50863781.19
AT2G32290.1,55183286.53,102508418.4,0,0,0,0
AT2G32480.1,106801250.1,220354949.9,0,0,0,0
AT2G32520.1,0,0,88465433.5,569458473.4,667338086,852092133.9
AT2G32640.1,137153635.3,226292626.2,0,0,0,0
AT2G32680.1,0,0,0,0,94884752,0
AT2G32720.1,0,0,0,0,0,63994615.34
AT2G32730.1,0,0,0,0,1191291914,939246750.1
AT2G32810.1,0,0,0,0,706937086,644931304.6
AT2G32880.1,0,0,0,0,125862440,0
AT2G32920.1,0,0,41239046.36,29212556.21,435432184,320360026.9
AT2G33040.1,1404987.456,21578466.36,50960390429,46198477449,3459738428,5104975781
AT2G33120.1,0,0,219214081.1,212314172.2,375480952,157557727.2
AT2G33150.1,83427361.87,289378065.5,12786675046,8389550648,4449867086,2575690788
AT2G33210.1,0,1618537.296,19845032907,15805826726,581179902,964881392.1
AT2G33220.1,0,0,3332878959,3423649222,181471920,280285310.1
AT2G33255.1,0,0,396799856.8,334849813.2,0,46357704.2
AT2G33330.1,0,4062809.318,0,0,29550240,0
AT2G33340.1,0,0,0,0,177237110,273169991.8
AT2G33380.1,0,0,0,0,177635280,355372426.7
AT2G33450.1,2893847689,501293809.3,76451786.75,0,1173598096,568649289.8
AT2G33470.1,0,0,0,79245745.91,215034096,73818337.82
AT2G33530.1,0,0,0,0,164765672,152363075.6
AT2G33585.1,0,0,576730251.9,269835038.6,0,0
AT2G33590.1,0,0,0,0,0,70021011.67
AT2G33600.1,0,0,864211690.9,650283619,18574480,0
AT2G33610.1,0,0,37274803.86,0,0,0
AT2G33740.1,0,0,0,0,54086164,61957884.32
AT2G33800.1,10490174494,1751965086,390759482.3,260809628.4,5929719000,4854744233
AT2G33820.1,0,0,94423480.31,26253853.96,0,0
AT2G33830.1,0,22175213.72,187343923.5,305149916.4,452638884,342598611.2
AT2G33845.1,0,0,27141884.4,0,143935834,0
AT2G34040.1,0,0,466088164.1,358106143.1,342120130,769020170.3
AT2G34160.1,0,0,26499369.44,0,113450864,0
AT2G34310.1,0,0,6263602.62,0,185487056,0
AT2G34420.1,16228957.01,25996417.12,0,0,0,0
AT2G34430.1,11878291349,16724664894,1000609139,599304735.1,10912773559,5066071056
AT2G34460.1,4390834983,6422239969,384800377.8,758697041,2668456140,3086093185
AT2G34470.1,0,0,0,37686063.65,247840508,80974654.74
AT2G34480.1,17253366.16,13917969.29,423824705.3,524346867.8,1373873942,1360506769
AT2G34510.1,0,0,0,0,139086222,32893065.89
AT2G34520.1,0,0,49960483.23,0,0,0
AT2G34585.1,0,0,0,5389976.881,29592500,12322961.18
AT2G34630.1,0,0,2201803516,2449840595,0,0
AT2G34640.1,356043287.8,204152567.5,0,0,33674319,0
AT2G34810.1,0,219871409.7,0,0,443057900,389639975
AT2G35010.1,0,0,7347684837,6314953528,408608676,568669448.7
AT2G35020.1,0,0,0,0,29111050,0
AT2G35040.1,1458751512,393738488.1,0,0,1581810824,989064423.6
AT2G35050.1,0,0,0,0,80364977,16209197.91
AT2G35100.1,0,0,0,34265093.98,0,0
AT2G35120.1,0,0,1184991573,1330814484,471021634,838629660.1
AT2G35240.1,0,0,143470167.6,157186921.7,10933784,0
AT2G35370.1,378322156.7,172126515,83472326920,83242028213,4544752582,7111625414
AT2G35390.1,35532438.52,20644724.95,0,0,0,0
AT2G35410.1,4723618388,912932450.5,30528219.54,0,3005802914,2375883212
AT2G35450.1,172138523.6,0,0,0,278577100,283136985.2
AT2G35490.1,8892459077,13510228530,228159517.3,0,5851523474,5508628472
AT2G35500.1,141521400,0,0,0,62566868,0
AT2G35605.1,0,0,3008640545,3572444504,0,0
AT2G35660.1,138137841.7,354548586.9,0,0,0,77694977.13
AT2G35690.1,0,0,0,26633493.09,0,27504552.62
AT2G35720.1,0,0,1666617193,1710844043,0,0
AT2G35736.1,0,0,294268337.1,74051312.82,0,0
AT2G35780.1,0,0,0,0,249902340,37281304.76
AT2G35790.1,0,0,962153628.8,1708493084,0,0
AT2G35795.1,0,0,133466630.4,147502841.9,0,0
AT2G35800.1,130350120.1,0,0,0,0,0
AT2G35810.1,0,0,0,0,66270668,0
AT2G35820.1,0,0,0,0,63881564,60317959.62
AT2G35830.1,0,0,0,0,76084392,0
AT2G35840.1,0,0,0,0,895876460,1170278689
AT2G35860.1,0,0,0,0,41279700,24151138.42
AT2G35880.1,0,0,9152716.294,0,17995216,22598867.05
AT2G35900.1,0,0,327597035,0,0,0
AT2G35940.1,0,0,72689027.03,0,0,34676542.78
AT2G36020.1,0,0,74135987.01,156623774.4,0,0
AT2G36070.1,0,0,3010364824,3566273270,23906978,0
AT2G36130.1,0,0,0,0,181112512,471502153
AT2G36145.1,69582587.27,43662930.39,0,0,531922856,465693897.9
AT2G36160.1,0,0,174614633.9,92080509.58,700150976,631837649.1
AT2G36230.1,91394321.11,41087734.05,0,0,194486996,0
AT2G36250.1,554154002.3,9118392.535,0,0,470502956,636204296.8
AT2G36325.1,0,0,0,0,0,111426994.1
AT2G36340.1,0,0,76068441.43,0,0,0
AT2G36390.1,778103981,51571568.56,0,0,746522949,2183819023
AT2G36430.1,0,0,0,0,20420780,0
AT2G36460.1,30628002.91,0,524045146.2,485409401.1,4765773155,5522984807
AT2G36500.1,0,0,21515941.4,0,0,0
AT2G36530.1,382714015.2,189852696.6,1611896661,1353952114,16028051981,13921129414
AT2G36580.1,0,0,0,0,0,67699851.81
AT2G36830.1,72720655.51,33863254.29,102191768.6,72211730.11,4469247677,1534684622
AT2G36835.1,326968298.4,177203670.8,169489854.5,0,204114835,323260063.8
AT2G36850.1,0,0,0,0,70440288,0
AT2G36870.1,0,0,0,0,125212130,61542885.94
AT2G36880.1,0,0,247463266.3,254109594.4,1829049296,1935411224
AT2G36885.1,217266955.2,215505032.2,0,0,0,0
AT2G36970.1,0,0,0,0,0,16190255.39
AT2G37020.1,17569354.48,0,52382311.15,0,45788148,59402285.07
AT2G37040.1,0,0,0,0,0,111359525.5
AT2G37130.1,0,0,0,0,247689436,0
AT2G37170.1,0,0,74180524.46,279062797.9,1043929680,147128861.8
AT2G37190.1,0,0,17448021.6,0,0,128548442.6
AT2G37220.1,8480220353,1053806222,84958203.97,124028198.5,6119415422,7005506949
AT2G37230.1,0,0,2808678562,2981580383,13592860,0
AT2G37240.1,123788410.6,46096802.42,0,0,102839404,286763924.2
AT2G37400.1,94257537.69,45684340.74,0,0,35125760,25016999.59
AT2G37410.1,0,0,497662353.8,341908976.9,0,0
AT2G37470.1,0,37557327.41,775811104.6,1466032775,0,0
AT2G37500.1,521435934.5,121024362,0,0,180281476,527560040.4
AT2G37550.1,0,0,0,0,146988716,216736550
AT2G37620.1,0,0,133950327.7,156023225,831877960,489306133.6
AT2G37640.1,0,0,0,0,0,53622262.89
AT2G37660.1,10412027517,3331391446,72107014.37,67545019.64,10805934842,10312325015
AT2G37690.1,207904677.1,186361256.3,0,0,63679608,176048017.2
AT2G37710.1,0,0,157213324.1,39757145.4,185986336,145336301.8
AT2G37790.1,0,0,0,0,56435128,104458004.5
AT2G37860.1,90021613.1,30516828.58,0,0,136546204,31680961.17
AT2G37970.1,0,52079870.48,1014535894,745334812.7,339213746,415731662
AT2G38000.1,0,0,0,0,101090214,0
AT2G38010.1,0,0,0,0,176909682,170560409.7
AT2G38020.1,0,0,0,0,41857264,0
AT2G38040.1,6449654851,1913314933,185563429.7,76281404.74,2613068206,1703639672
AT2G38140.1,1134923976,342032205.7,0,0,1172913073,750543836.9
AT2G38230.1,0,0,28026801.19,44630425.78,1155299672,1256729225
AT2G38270.1,1738029466,360026424.2,0,0,801150056,833755765.6
AT2G38280.1,0,0,73925836.09,0,0,13589469.16
AT2G38290.1,0,0,0,0,264845040,0
AT2G38380.1,0,0,51830048.76,0,0,0
AT2G38400.1,0,0,114228849,27878792.83,0,0
AT2G38480.1,0,0,0,0,9637217,0
AT2G38530.1,56311709.24,50059536.62,36499837.63,74602263.57,1196202240,0
AT2G38540.1,1877060588,1827238200,4392660868,1952280798,4573832408,4652708118
AT2G38550.1,816971461.7,609153481.4,42045342,0,574072932,751046893.4
AT2G38660.1,0,0,1083683630,762621568.1,0,0
AT2G38670.1,0,0,4701507123,3743852596,96793910,138076505.8
AT2G38700.1,0,0,0,0,110511452,160373776.3
AT2G38740.1,0,0,0,0,85433042,83306843.2
AT2G38750.1,0,0,15681486.53,124577835.7,438386612,0
AT2G38770.1,0,0,0,0,21608636,17784634.49
AT2G38780.1,10763619.84,0,0,0,0,0
AT2G38790.1,0,0,0,0,9629523,0
AT2G38810.1,0,0,222435924.4,0,0,0
AT2G38860.1,0,0,0,0,199470940,192951696
AT2G39010.1,0,0,152646412.5,202911905.7,1717951354,346563575.9
AT2G39020.1,0,0,0,0,231403904,207378189
AT2G39050.1,0,0,0,0,50172356,106617982.7
AT2G39080.1,228428535.3,68864760.42,0,0,545724214,242776065.9
AT2G39190.1,10074821.25,60279350.27,0,0,0,0
AT2G39270.1,0,0,396253054.4,413404883.4,0,0
AT2G39290.1,43478767.64,17246981.66,0,0,0,0
AT2G39330.1,126780866.3,75520011.01,98123433.35,140178815.7,0,0
AT2G39380.1,0,62082472.64,0,0,0,0
AT2G39390.1,0,0,0,0,230283376,190134532.5
AT2G39460.1,93967978.87,283794983,1004068124,632867800.7,3696195548,3914414190
AT2G39470.1,2712692343,3108218100,65790531.81,0,1728721596,1822379791
AT2G39500.1,0,0,259373344,298526333.4,0,0
AT2G39725.1,0,0,71067756.14,0,0,0
AT2G39730.1,2.20E+11,26562188598,32245116909,32726122778,1.89E+11,1.84E+11
AT2G39770.1,0,0,0,0,469820324,180694049.6
AT2G39780.1,0,0,0,0,58920724,191968007.4
AT2G39795.1,0,0,988053789.5,1024300740,21013746,0
AT2G39800.1,18864092.38,0,314857533.8,357693228,1716091751,1056757691
AT2G39850.1,0,0,165019410.2,216435997,388433610,1055306025
AT2G39910.1,0,0,138340152.4,0,0,0
AT2G39930.1,110118538.1,44040033.05,0,0,52348904,139902289.1
AT2G39940.1,0,0,0,0,0,29434972.31
AT2G39960.1,0,0,204599724.4,217815417.7,318377640,222614446.7
AT2G39990.1,0,0,83268632.51,43822131.45,576492592,780736425.3
AT2G40010.1,0,0,158410515.4,0,0,0
AT2G40060.1,0,0,17152883.23,74039995.01,446031072,206345656.6
AT2G40090.1,0,0,494744135.8,703067864.1,0,0
AT2G40100.1,1289649409,2697820064,62714544.75,105080981.7,219668140.3,3277338820
AT2G40140.1,0,0,1508909924,2600905377,0,0
AT2G40290.1,0,0,0,0,474097742,167101998.4
AT2G40300.1,1218452228,313643268.9,0,0,332875976,327809718.4
AT2G40380.1,0,0,290588394.2,248650537.7,86892632,0
AT2G40490.1,6093317773,933631871.2,0,0,3313280328,1337668495
AT2G40510.1,0,11037810.92,315464895.8,499319163.2,1610163244,1313852734
AT2G40600.1,0,0,1420190674,1328027036,121234224,366725186.6
AT2G40660.1,0,0,6950533.322,0,394964036,543787180.2
AT2G40690.1,0,86600373.59,0,0,58070106,0
AT2G40730.1,0,0,0,0,16191289,0
AT2G40765.1,0,0,13925968047,10188191164,400182032,387664025.8
AT2G40800.1,0,0,583542524.5,577294269.2,0,0
AT2G40840.1,0,0,0,0,1938864379,7325370220
AT2G40880.1,0,0,0,0,146594040,93234663.13
AT2G40890.1,0,0,0,0,21647916,0
AT2G40940.1,0,0,406575440.3,0,0,0
AT2G41040.1,240111631.3,366293315.7,0,0,0,35451684.25
AT2G41090.1,0,0,0,0,0,212644621.1
AT2G41100.1,0,0,0,0,74696698,0
AT2G41110.1,0,34270135.5,0,0,1190461184,1112469049
AT2G41220.1,120453228.1,174281119.3,0,0,32309874,0
AT2G41250.1,0,0,145539953.5,62252441.21,0,0
AT2G41430.1,0,0,0,0,28526856,0
AT2G41475.1,0,0,322320509.2,430898012.3,334917056,0
AT2G41490.1,0,0,16065919.04,0,0,13655273.57
AT2G41520.1,0,0,0,0,33346494,0
AT2G41530.1,10915021.12,60970249.42,132287792.4,85510097.71,1713665750,3083817802
AT2G41560.1,0,0,315751925.5,240180255.8,432092036,298776319.4
AT2G41600.1,0,0,422605130.6,492744740.1,0,0
AT2G41620.1,0,0,77094464.86,105037718.6,14517194,0
AT2G41680.1,2467081555,82661090.19,0,0,2168534588,2465710718
AT2G41740.1,0,0,15181744.03,0,1590623304,659854840.6
AT2G41790.1,0,0,0,0,561186020,324380360.1
AT2G41840.1,15487564.92,0,148148445.8,175341160.2,2309337412,1971776190
AT2G41945.1,0,0,37045023.78,0,0,0
AT2G41950.1,109646909,0,0,0,42400380,115588055.8
AT2G42130.1,1834126998,1587817824,0,0,1264181896,1401653947
AT2G42210.1,0,0,12279826380,11772944710,281957984,410803706.6
AT2G42220.1,5449858400,11651834149,154818826.8,0,1917078648,2727977355
AT2G42310.1,0,0,1869669457,3053821763,0,192645497.7
AT2G42490.1,0,0,533292199.3,824011665.8,0,0
AT2G42500.1,0,0,27172422.33,0,444050824,121113842.5
AT2G42520.1,0,0,111429191.4,88231747.69,87880056,269875564.3
AT2G42530.1,3751080968,1882822285,205459172.2,26547987.07,10846086322,7961825546
AT2G42540.1,11152983432,9200102505,235115874.1,304358145.2,34063549048,22868944419
AT2G42590.1,0,17447600.72,187311152.6,273985018,4949306396,5087097160
AT2G42600.1,0,0,51497883.78,106934213.2,3117117858,2604560139
AT2G42690.1,0,0,35032984.66,0,777088608,554019270.1
AT2G42710.1,25762636.28,0,1148190059,1118650979,0,0
AT2G42740.1,6529244.098,19591408.88,1220798564,973359126.9,5774763380,4710307807
AT2G42790.1,0,0,867585802,460802172.9,113018172,124418405.3
AT2G42810.1,0,0,0,0,127039978,100637137.3
AT2G42910.1,0,0,0,0,329922260,280939231.4
AT2G42975.1,15934887.48,386353400.4,0,0,0,36044694.9
AT2G43030.1,13182659943,3228632989,484030976.6,341743591.4,8284424510,5520198115
AT2G43080.1,0,0,83459726.54,0,0,0
AT2G43090.1,1651030969,418834578.8,0,0,710892300,595321004.7
AT2G43100.1,0,0,0,0,97754792,0
AT2G43180.1,123855876.1,56440892.64,0,0,38101642.25,116742825.1
AT2G43230.1,0,0,0,23761824.76,0,0
AT2G43235.1,16418527.73,11558616.84,0,42578607.6,18957438,0
AT2G43350.1,0,0,0,0,0,89878678.6
AT2G43360.1,0,0,100684194.2,44890761.93,0,0
AT2G43400.1,0,0,1611116039,996823020.3,0,0
AT2G43420.1,0,0,0,0,0,72399401.73
AT2G43460.1,0,41931661.77,646922548.2,660292846.1,1389891945,215039313.5
AT2G43530.1,36054317.64,0,90836481.91,322094230.8,0,0
AT2G43560.1,4427267362,5185507275,0,0,2373059590,2997882548
AT2G43570.1,0,0,0,0,314088112,0
AT2G43630.1,309901067.7,0,30179952.05,39803738.14,0,37897903.65
AT2G43710.1,658199780.3,72156606.1,0,0,370442343,391370005.2
AT2G43750.1,6610715283,1554994793,0,0,6533554648,5248341446
AT2G43760.1,0,0,0,0,66452032,33014407.35
AT2G43770.1,0,0,0,0,96815222,62563448.16
AT2G43780.1,0,0,2047714638,57126700.54,0,0
AT2G43790.1,0,0,0,0,472311216,213561276.9
AT2G43820.1,0,0,0,0,21855032,17314514.59
AT2G43850.1,0,0,60316722.75,0,0,0
AT2G43910.1,0,0,46889664.42,41671405.64,1472720912,900343459.4
AT2G43940.1,0,0,0,0,13323937,0
AT2G43945.1,1061795555,338855803.8,0,0,702767130,958488263.7
AT2G43950.1,350591704.8,183193897.9,0,35057373.62,169424854,226490931.4
AT2G43960.1,0,0,0,0,0,14463436.44
AT2G44020.1,0,0,126662295.4,162120938.8,0,0
AT2G44040.1,523292124.1,102712822,0,0,378509336,441653101.3
AT2G44050.1,1182494189,369402281.4,0,0,1179759296,1032165559
AT2G44060.1,23039142.87,18568361.35,774842212.3,532168489.6,2729409058,1752834581
AT2G44065.1,0,0,241387707.1,277150568.2,0,0
AT2G44100.1,0,0,37192793.71,0,316784160,288140766.5
AT2G44120.1,0,0,180880609.1,0,667056848,469466194.9
AT2G44160.1,0,0,0,0,936467353.3,676463439.8
AT2G44210.1,0,0,0,0,128811344,277119173.8
AT2G44230.1,0,0,0,0,19424718,0
AT2G44290.1,0,0,0,0,177046512,0
AT2G44310.1,0,0,0,0,670825992,655397891.9
AT2G44350.1,0,0,41584616173,36987007482,1741418040,1789712214
AT2G44490.1,0,0,113264164,276855514.7,241232334,110120615.8
AT2G44525.1,0,0,938723971.2,1209118442,0,0
AT2G44530.1,79904303.97,143265471.5,0,0,0,0
AT2G44610.1,0,196627215.4,222617224.9,1042523095,666500592,667934699.8
AT2G44620.1,0,0,4254755491,4528349908,0,0
AT2G44640.1,1773648319,715135290.2,324804563.2,209123283.5,828963280,1072448402
AT2G44650.1,1007106591,0,0,0,1685097696,1918882356
AT2G44730.1,0,0,170526241.2,121939126,0,0
AT2G44750.1,0,0,0,0,16173535,0
AT2G44760.1,154418866.5,0,0,0,101519062,0
AT2G44790.1,0,0,105481136.9,0,231082832,159610189.5
AT2G44870.1,59180049.96,285374343.6,0,0,0,56219378.29
AT2G44890.1,24418979.37,0,0,0,0,0
AT2G44920.1,1857103071,988002615.5,0,0,1262258288,1649007848
AT2G45000.1,0,0,26400230.78,0,55674740,0
AT2G45030.1,0,0,250928439.2,0,0,0
AT2G45060.1,0,0,7128886287,8524064595,166177650,142054451.1
AT2G45070.1,0,0,62684493.06,0,0,100342064.3
AT2G45140.1,0,14720079.93,50885498.89,57359421.24,186830566,188148710
AT2G45180.1,0,0,0,0,24061464,0
AT2G45200.1,0,0,146774912,0,0,0
AT2G45220.1,0,7846277.313,0,0,0,0
AT2G45240.1,0,0,0,0,51193192,0
AT2G45290.1,195594556.1,54978447.6,0,0,46125900,30297292.56
AT2G45300.1,203814553.9,9705859.333,0,0,120863432,67876824.79
AT2G45440.1,0,0,0,0,0,23134546.58
AT2G45470.1,0,21526300.9,0,234785361.1,5900654064,4094531892
AT2G45600.1,0,0,0,0,58258760,0
AT2G45640.1,0,0,0,0,52407144,21622999.02
AT2G45740.1,5068382.522,0,789380447.3,748736255.8,501362640,213853075.3
AT2G45770.1,343643425.5,41611434.29,0,0,411519024,105727268.5
AT2G45790.1,0,0,68674311.55,0,1443500496,808876138.2
AT2G45810.1,0,0,0,0,49341293,0
AT2G45820.1,0,22844544.22,617373504.9,162381517.9,3734027900,3187632271
AT2G45850.1,0,0,156827692.3,0,0,0
AT2G45960.1,0,0,710590403.4,716816267.7,3816836832,1806687525
AT2G45980.1,0,0,535839933.1,1117638222,0,0
AT2G45990.1,917933182.5,362872568.4,0,0,783088732,2166997957
AT2G46090.1,0,183038961.8,0,0,0,0
AT2G46100.1,59719730.85,61065454.11,0,0,59581068,0
AT2G46110.1,0,0,1908160707,1181258593,0,0
AT2G46170.1,0,0,0,57901590.7,0,0
AT2G46190.1,0,88054902.4,0,0,0,0
AT2G46220.1,25746239.91,7864674.897,0,0,0,0
AT2G46280.1,0,0,170968369.5,85148259.16,655210626,1537698214
AT2G46310.1,30867550.12,60591661.52,0,0,60988592,56719049.52
AT2G46320.1,0,0,251996101.8,116926741.5,0,0
AT2G46470.1,0,0,172494090.8,250844387.7,0,0
AT2G46505.1,0,0,840366885.8,1839956829,0,0
AT2G46520.1,0,0,0,0,363957880,318063801.6
AT2G46540.1,0,0,9406136833,11199120802,0,111006902.3
AT2G46600.1,0,0,0,0,20821202,0
AT2G46650.1,0,0,102823032,147604455.8,158292496,158281062.6
AT2G46820.1,20699568563,25562551015,1893850492,1043476983,11710818474,12467616367
AT2G46910.1,301185285.7,220606851,0,0,0,0
AT2G46915.1,0,26633452.2,0,0,0,0
AT2G46930.1,0,0,0,0,0,28202369.34
AT2G47000.1,0,0,0,0,172400416,0
AT2G47010.1,0,0,0,0,0,26778425.72
AT2G47020.1,0,0,77701499.24,28270299.01,0,0
AT2G47060.1,0,0,0,58076543.99,0,0
AT2G47110.1,0,0,440416849.3,446190880,391350944,491492579.7
AT2G47380.1,0,0,652775914.7,234446439.5,0,0
AT2G47390.1,2336971273,462014557.1,924177644.2,1127697340,2646049562,2998977276
AT2G47400.1,1498753794,404737996.6,0,0,1471534046,2250313330
AT2G47450.1,1522694216,109287251.6,0,0,808945452,106000461.5
AT2G47470.1,0,0,1665946867,1076628155,3711889556,3456152780
AT2G47490.1,0,0,522401225.4,993505535.4,0,0
AT2G47510.1,0,0,20783391502,17946800599,672514112,1046492285
AT2G47610.1,0,0,292264070,110897951.5,987259952,560770663.9
AT2G47620.1,0,0,0,70200852.42,0,0
AT2G47640.1,0,0,0,0,111292656,102525547
AT2G47650.1,0,0,0,43176673.7,0,24550815.71
AT2G47710.1,0,0,209979691.8,194356404.1,529012376,480084646.7
AT2G47730.1,836959557.5,194273182.3,652010493.6,313033961.8,9763247548,4661874196
AT2G47750.1,0,0,0,263535461.8,0,0
AT2G47830.1,0,0,21043419.2,18293815.36,0,0
AT2G47840.1,562819430.9,102851597.3,71859723.43,0,201216164,342630230.5
AT2G47910.1,161997777.3,0,0,0,82373824,119993803.8
AT2G47940.1,1358792463,85424014.84,0,0,699672606,507112616
AT2G47960.1,0,0,0,0,25259512,0
AT2G47970.1,0,0,0,0,52872204,83948752.47
AT2G47980.1,0,7493407.431,16701288.94,0,0,0
AT2G48070.1,687138238.4,586996867.5,0,0,147975048,0
AT3G01060.1,429915056.9,872578246.3,0,0,305658334,257340489.4
AT3G01090.1,0,0,0,0,48535252,21041306.86
AT3G01120.1,323343142.4,29490625.22,0,0,402046802,70632678.18
AT3G01130.1,0,0,11703879275,12639154080,60345572,61781735.91
AT3G01180.1,237678846.6,195121415.2,0,0,0,0
AT3G01280.1,79143162.98,150333383.5,74832495139,81800727011,4725255512,4197508253
AT3G01290.1,0,0,460622272.5,507924276.7,1018512848,118062544.5
AT3G01310.1,0,0,0,0,108930335.5,142944364.3
AT3G01340.1,0,0,20444219.41,0,520194622,429011012.9
AT3G01390.1,50719727.09,28804558.41,2257042575,2656983381,1377718735,2609348418
AT3G01440.1,1551987295,1921053347,0,0,760632700,925230417.6
AT3G01480.1,7938713434,10074262418,0,0,5963264897,5566299771
AT3G01490.1,0,0,0,0,31324518,0
AT3G01500.1,38068343027,1015894990,3922511729,3679727226,45456244494,37643251309
AT3G01510.1,841668375.1,100621465.5,0,0,690513448,840887581.6
AT3G01520.1,0,0,0,0,148454454,81817552.54
AT3G01660.1,224667557.6,56229327.61,0,0,67885720,329111114.8
AT3G01670.1,0,0,263420509.2,597223003,63452562,0
AT3G01680.1,0,23195001.32,459833466,175313185.3,42532304,172125255.8
AT3G01720.1,0,0,32061042.59,0,0,0
AT3G01740.1,0,0,255299495.1,181202445.1,0,0
AT3G01770.1,144953207.4,14195730.59,0,0,0,0
AT3G01790.1,0,0,781724787.4,272331458.5,0,0
AT3G01800.1,0,0,1025963167,1409969096,28134742,0
AT3G01830.1,0,0,0,0,32600002,0
AT3G01910.1,0,14173400.27,4867195125,4892946954,1345914160,1748048868
AT3G01920.1,0,0,0,0,42426852,0
AT3G01980.1,0,0,0,45729860.66,21485220,0
AT3G02080.1,0,0,0,0,1039123320,952282211.3
AT3G02090.1,143065566.4,178131392.9,1.43E+11,1.52E+11,6243126986,9323150829
AT3G02110.1,0,0,0,0,33900272,0
AT3G02200.1,0,0,0,0,508879132,180251754.6
AT3G02230.1,0,0,0,0,416513476,206840682.1
AT3G02260.1,0,0,0,0,6475682.5,6279859.293
AT3G02350.1,0,0,58258211.44,56520931.67,0,0
AT3G02360.1,0,0,130160993.9,182670529.2,59350555012,2085984178
AT3G02420.1,0,0,24573891.84,52613205.68,31631210,21961052.71
AT3G02450.1,21434226.71,10559779.24,0,0,0,0
AT3G02490.1,0,0,83456155.28,81511016.22,0,0
AT3G02520.1,0,0,0,44913281.03,502947296,396556892.2
AT3G02530.1,0,0,0,0,183985832,100475498.3
AT3G02540.1,0,0,0,0,81870704,220831377.8
AT3G02550.1,0,0,0,0,138652304,194230318
AT3G02560.1,0,0,152868090.4,212400047.7,882901420,654560059.7
AT3G02630.1,137801420.8,32939104.68,0,0,0,0
AT3G02650.1,0,0,886076232.4,901053262.6,31344920,0
AT3G02660.1,174972867.6,0,238306373.9,299092851.1,231437422,194894789.1
AT3G02710.1,0,0,0,0,0,11578642.24
AT3G02720.1,0,0,0,0,0,187921408.3
AT3G02730.1,1447193239,285000945.1,468258370.9,0,1204230288,1803051661
AT3G02740.1,0,0,0,0,36623668,42681224.56
AT3G02760.1,0,0,0,0,245421016,85853245.51
AT3G02770.1,0,0,0,0,0,18436014368
AT3G02780.1,29203995.39,0,231867816.1,250570743.1,153166776,66338348.3
AT3G02830.1,0,0,0,0,133473776,0
AT3G02870.1,0,0,0,0,280026856,479824293.5
AT3G02880.1,0,0,154557795,86238465.03,896425536,436876258.8
AT3G02900.1,59264679.34,0,0,0,0,0
AT3G03060.1,0,0,919246765.5,1323781110,0,0
AT3G03070.1,0,0,2177663712,2132397144,0,0
AT3G03100.1,75144446.33,0,14692819197,12819229926,584167486,864098291.2
AT3G03150.1,0,0,67937164.69,646441170.9,263308376,239309825.4
AT3G03250.1,0,0,194204570.1,120496302.3,3455548298,4593902993
AT3G03330.1,0,0,26652275.75,0,0,0
AT3G03420.1,0,0,216192771.1,182443788.6,0,0
AT3G03470.1,0,0,48175851.63,0,0,0
AT3G03520.1,0,0,0,0,24465138,15991822.16
AT3G03590.1,0,4578006.42,2075851368,2608808354,0,0
AT3G03600.1,0,0,729360467.5,818516199,0,0
AT3G03630.1,77780509.48,0,0,0,0,0
AT3G03640.1,0,0,0,0,14239100,0
AT3G03710.1,1725807978,143318298,0,0,1480072318,937056146.5
AT3G03780.1,0,0,86779699.03,80397359.2,2016294904,1820291709
AT3G03890.1,159732536.1,49895204.96,0,0,240253760,61046766.37
AT3G03920.1,0,17193859.79,0,0,119472642,110178217.5
AT3G03960.1,0,0,57073564.11,89911527.15,1314971500,1474957105
AT3G03980.1,0,0,0,0,19943228,66520955.29
AT3G03990.1,0,0,0,0,31541482,0
AT3G04120.1,0,0,119848401.5,137985120.5,0,0
AT3G04190.1,0,0,0,0,164257760,100312757.7
AT3G04230.1,0,34268425.99,0,236298565,970969088,987417184.1
AT3G04260.1,344471183.5,289307052.1,0,0,0,4651498.417
AT3G04340.1,102175188,37608404.64,0,0,0,0
AT3G04400.1,175154114.2,102269230.3,2313566585,2186536243,2516577344,3897895860
AT3G04520.1,0,0,0,0,43548564,52044365.49
AT3G04550.1,573851735.2,130699705.6,0,0,251834232,289323652.7
AT3G04590.1,0,2985290.928,249795685.9,159461627.5,10604194,40055261.21
AT3G04600.1,0,14395998.43,0,0,120144852,80311429.09
AT3G04610.1,0,0,0,0,153904728,114999189.4
AT3G04650.1,123980352.7,0,0,0,0,0
AT3G04720.1,0,0,0,0,264310847,576111336.9
AT3G04760.1,0,0,0,0,12500631,0
AT3G04790.1,12189384482,3235028906,0,0,13153107148,14278053963
AT3G04830.1,0,0,0,0,81471328,109705063.5
AT3G04840.1,0,0,0,0,1864786704,1703456649
AT3G04870.1,1391600991,308977249.2,0,0,337813448,652146947.6
AT3G04880.1,0,0,0,0,31187852,352847997.8
AT3G04890.1,0,28892546.74,0,0,31587422,52157855.3
AT3G04920.1,0,0,144105805.2,385144597.3,844652672,936721103.8
AT3G04930.1,0,38369375.24,596032165.4,1423809131,0,0
AT3G04940.1,0,0,0,0,113308736,86488878.17
AT3G04950.1,0,0,110725998.2,0,0,0
AT3G05000.1,0,0,0,0,0,44179263.37
AT3G05060.1,0,17744820.01,0,0,112320740,49110199.2
AT3G05180.1,0,0,0,0,0,40442259.56
AT3G05200.1,0,0,0,0,3978405,5504789.752
AT3G05230.1,0,0,0,43242057.33,0,0
AT3G05280.1,0,0,0,25584585.55,0,0
AT3G05290.1,0,0,0,0,255574320,236664133.4
AT3G05350.1,594957874.2,14699394.82,294693609.5,259909606.6,423705708,571832424.2
AT3G05420.1,0,0,0,0,185223432,240710447
AT3G05530.1,0,0,22436779.76,0,703001596,877359510.4
AT3G05560.1,0,53052871.57,660153021.9,265721369.4,1348677344,294027943.9
AT3G05570.1,0,0,54392356.89,0,0,0
AT3G05590.1,0,0,310281891.7,0,249429456,0
AT3G05625.1,0,28730186.94,0,0,124637084,75764293.32
AT3G05710.1,0,0,0,0,19413564,0
AT3G05810.1,0,0,25486262.17,0,0,0
AT3G05900.1,0,0,0,0,2990621434,537247580.2
AT3G05910.1,0,0,88119373.51,12600763.06,32670856,140144974.1
AT3G05970.1,0,11582518.72,1253952631,1392811819,446175758,134129980.1
AT3G06040.1,0,0,719862361,387204015.1,0,0
AT3G06050.1,2366847.414,12253314.16,55831596996,45775903842,2384859672,5333746729
AT3G06200.1,0,0,61495736.62,69711963.2,32340482,45594737.99
AT3G06300.1,0,0,13349043.87,0,42750084,25413200.38
AT3G06310.1,0,0,1229978546,1028012231,0,0
AT3G06350.1,514577704.8,105834553.3,0,0,541041584,346623932.7
AT3G06400.1,0,0,367858493,208635735.9,0,0
AT3G06430.1,28989820.97,0,0,0,0,0
AT3G06483.1,0,0,5130821003,4842698049,0,77179944.02
AT3G06500.1,0,0,29823606.54,0,0,0
AT3G06510.1,1322389253,610204045.3,990985887,344852918.7,902941938,1923563832
AT3G06580.1,0,0,0,0,310158280,105631296.5
AT3G06610.1,0,0,0,0,0,48507375.32
AT3G06650.1,0,0,0,14055705.17,435401144,489390171
AT3G06720.1,0,0,0,0,22543312,104676663.2
AT3G06730.1,124036341.4,224745925.8,0,0,0,0
AT3G06790.1,0,0,40958543.5,0,0,0
AT3G06810.1,0,0,532969047.9,301274742.5,139537074,96089026.68
AT3G06850.1,0,0,3528789916,2377532335,89614416,70501954.04
AT3G06860.1,8059879.13,18416091.06,2422960407,1352163642,506406896,221890600.3
AT3G06980.1,21956642.96,0,0,0,0,0
AT3G07020.1,0,0,0,0,19629502,0
AT3G07060.1,0,0,253974892,624803428.5,0,0
AT3G07100.1,0,0,0,0,78038136,153075546.6
AT3G07110.1,0,0,107706125.9,846631484.1,1382930776,1153185391
AT3G07160.1,0,0,49209851.12,0,15909309,22072953.5
AT3G07170.1,0,0,0,0,88437846,76423829.88
AT3G07230.1,0,0,0,199175395.7,573097270,114806203.9
AT3G07390.1,157248024.5,168467943.5,504680194,399093938.4,2792186808,3762181865
AT3G07430.1,0,0,0,0,0,59684321.8
AT3G07470.1,0,0,0,0,442609344,261119301.4
AT3G07480.1,0,0,9083708660,8051985512,395242497,770378959.1
AT3G07568.1,0,0,2629430378,2413341953,0,35459053.83
AT3G07630.1,65133631.96,0,0,0,0,0
AT3G07640.1,0,0,0,0,37449044,0
AT3G07660.1,0,0,0,0,17850450,0
AT3G07670.1,118386096.1,0,0,0,0,0
AT3G07680.1,0,0,72428876,58469365.03,190313112,0
AT3G07700.1,0,124269142.7,0,0,0,0
AT3G07720.1,0,0,0,0,239942988,127479574.4
AT3G07770.1,0,0,6463867786,6840140280,102861948,90656676.01
AT3G07910.1,0,0,79125369.69,0,0,0
AT3G07950.1,0,0,37453564.17,0,30458178,0
AT3G08010.1,219980770.2,132623590.8,0,0,0,78982083.21
AT3G08030.1,0,10856903.74,428384436.2,533087036,1552652131,447234295.1
AT3G08510.1,0,0,366168083.5,388938408.8,1017570496,494207084.5
AT3G08530.1,0,0,90072483.09,257127014.4,403790200,548081884.2
AT3G08550.1,0,0,127546636.2,0,0,0
AT3G08580.1,358212396.9,342071133,2.12E+11,2.27E+11,9514473257,12113192531
AT3G08590.1,0,0,79718437.68,0,2055127032,1921551720
AT3G08600.1,0,0,0,0,94067608,0
AT3G08610.1,0,0,2256789483,1499755283,111464601,112189172.7
AT3G08630.1,0,0,0,15773338.53,0,0
AT3G08640.1,190144573.9,80549784.8,0,0,58774676,79732219.22
AT3G08740.1,1195860762,107398166,0,0,1707887063,1737341294
AT3G08780.1,0,0,0,0,0,18063698.26
AT3G08840.1,0,0,0,0,0,52155373
AT3G08850.1,0,0,0,0,0,26992287.39
AT3G08920.1,1137053634,1587113558,0,0,174483928,371827228.8
AT3G08940.1,52544997476,87176979536,2430392614,0,21187535088,20435419406
AT3G08943.1,0,0,0,0,147787205,133140421.5
AT3G08950.1,0,0,1058584129,641873281.5,45335548,101795874.9
AT3G08980.1,0,0,0,58312333.81,0,0
AT3G09050.1,385518761,976084081.7,0,0,347614440,367087097
AT3G09090.1,0,0,0,0,18785932,0
AT3G09150.1,16925624.94,0,0,0,88693442,27906424.46
AT3G09200.1,0,0,55920897.49,55889216.73,1141847796,704433903.6
AT3G09210.1,62053566.72,15780474.41,0,0,0,0
AT3G09250.1,5621207.211,0,0,0,0,0
AT3G09260.1,0,0,0,0,251824304,0
AT3G09300.1,0,0,0,0,7178150,10246922.51
AT3G09350.1,0,0,0,0,137268940,0
AT3G09410.1,0,0,0,0,52472004,93379795.75
AT3G09440.1,0,26150674.5,185548981.5,223317185.8,1315363670,2652895250
AT3G09480.1,0,0,0,0,0,0
AT3G09500.1,0,0,65135546.77,20103595.63,0,0
AT3G09580.1,128709984.2,595741277.7,0,0,34663864,286956699.2
AT3G09630.1,21473845.04,0,809491835.1,685837504.7,2287939376,1955771147
AT3G09640.1,0,0,100821049,138663363.2,0,0
AT3G09700.1,0,0,0,45177897.97,0,0
AT3G09740.1,0,0,54893966.59,74098920.83,118566424,172412788.6
AT3G09810.1,0,0,4535802541,3832968667,198728968,172930725.9
AT3G09820.1,0,0,110189963.2,205364324.3,1112045320,992097549.9
AT3G09840.1,0,0,109863324.6,107451763.1,3925739188,3947404824
AT3G09880.1,0,0,0,0,12711693,0
AT3G09980.1,0,0,0,0,169798820,168509474.2
AT3G10040.1,0,0,107579852.3,73721884.8,0,0
AT3G10050.1,20173023.17,0,0,0,0,0
AT3G10060.1,2816797921,5347417125,180606167.9,0,1761020115,1011166475
AT3G10110.1,0,0,246228203.3,159264677.7,0,0
AT3G10130.1,270978256.5,869578771,0,0,0,0
AT3G10160.1,0,0,501917041.6,484205639.4,0,0
AT3G10260.1,0,0,24201879.7,37538476.14,10580757,2074903.818
AT3G10270.1,84554935.37,57012442.34,0,59859584.28,0,0
AT3G10300.1,0,0,0,0,108961016,121455488.6
AT3G10350.1,298915224,52407013.88,33686412.39,0,43003560,55260005.92
AT3G10370.1,0,0,10847352585,10247994942,176251376,325295581.6
AT3G10380.1,0,0,2648241.936,0,83750514,0
AT3G10405.1,28553490.61,0,0,0,0,0
AT3G10410.1,0,0,0,0,278179392,926119206.8
AT3G10420.1,10686437.11,0,0,0,0,0
AT3G10520.1,5808139.937,0,0,0,957971764,1218126259
AT3G10620.1,8001094.064,0,0,0,0,45856693.05
AT3G10670.1,1053899482,180785973.3,0,0,497838324,470864482.5
AT3G10690.1,473667663,394131623.8,1849974454,2247184712,89691866,62736066.39
AT3G10710.1,4538693075,0,0,0,0,0
AT3G10730.1,0,0,60640473.24,64229904.74,0,0
AT3G10740.1,0,0,0,0,206607408.8,0
AT3G10840.1,141915922.2,48737799.8,0,0,0,103183801.6
AT3G10850.1,0,0,0,0,675557628,622081373.7
AT3G10860.1,0,0,19266801245,21013886255,332544448,427224864.7
AT3G10920.1,68589302.23,40804181.57,62444702366,52734418365,5415278880,6025240778
AT3G10940.1,130237012.7,27433309.16,0,0,97907428,296194170.8
AT3G11070.1,0,0,4435580658,7822557262,121108938,50196029
AT3G11100.1,0,0,25728268.89,0,0,0
AT3G11130.1,0,0,192331172.6,266833754.8,652825353,733912204.5
AT3G11170.1,186609640.6,0,0,0,19834396,0
AT3G11250.1,0,0,0,0,26488072,17054995.12
AT3G11340.1,0,0,0,0,67768978,0
AT3G11400.1,0,0,26712770.42,0,309828298,214138735.7
AT3G11510.1,21623121.43,0,0,153271387.3,1011189696,668095567.9
AT3G11560.1,64968192.67,88855345.85,0,0,19273336,0
AT3G11630.1,7985955291,357918768.1,0,0,2919059680,5741144564
AT3G11660.1,0,9130286.351,0,0,213682794,0
AT3G11700.1,0,0,0,0,43036004,0
AT3G11710.1,0,20182724.62,0,0,1384041164,738835431.9
AT3G11750.1,0,0,0,0,45842812,0
AT3G11770.1,0,0,97269339.99,72448139.09,170898168,0
AT3G11780.1,0,0,0,0,278755608,0
AT3G11820.1,0,0,103477751.9,97553578.71,528989984,401229646.9
AT3G11830.1,0,0,62953884.5,53447365.36,1320302544,1434812923
AT3G11910.1,0,0,0,0,249518774,161073755.3
AT3G11930.1,0,0,0,0,987760536,355743667.1
AT3G11940.1,94630859.13,78699820.07,1487957505,1465647856,3190303964,5627400449
AT3G11945.1,57536146.46,49865803.01,64200048.67,0,91713360,87033183.46
AT3G12050.1,0,0,0,0,222925940,210444291.6
AT3G12080.1,35684670.68,0,0,0,0,0
AT3G12110.1,0,0,44232732.04,78126315.13,36091036,0
AT3G12130.1,0,0,0,0,29728295,0
AT3G12260.1,0,0,25770556104,30840421495,1326342932,1814110170
AT3G12290.1,0,13694814.27,117149802,43787981.64,1664708168,1183324240
AT3G12345.1,1588395225,1399119769,0,0,380253249.8,244536974.5
AT3G12370.1,0,0,499232008.3,403142383.8,0,0
AT3G12390.1,0,0,0,140234484.3,222346388,53697837.59
AT3G12400.1,0,0,0,0,16921236,0
AT3G12490.1,0,0,127518784.9,0,1723649310,2089148610
AT3G12580.1,0,0,0,0,332299764,76656347.42
AT3G12650.1,0,0,467284165.1,516078725.3,44215968,55340036.29
AT3G12685.1,27905982.8,39688431,0,0,0,0
AT3G12740.1,0,0,0,0,103877888,26994157.7
AT3G12780.1,52248550218,12643213597,1271383175,841466154.6,58680524068,67759273811
AT3G12800.1,0,0,1304015810,879454769.6,603805188,524994917.8
AT3G12810.1,0,0,16590332.77,0,0,0
AT3G12940.1,0,0,0,41668636.11,0,0
AT3G13070.1,8873824.203,0,0,0,20410568,0
AT3G13110.1,0,0,2475024160,938521701.4,92160220,51877527.83
AT3G13120.1,1654373373,322105403.7,136838675.4,0,737144928,655665664.1
AT3G13150.1,0,0,88883070.27,83399625,0,0
AT3G13160.1,0,0,3074789579,2074552688,0,0
AT3G13235.1,0,0,0,0,803285532,467750160.9
AT3G13290.1,0,0,0,0,0,6585795.619
AT3G13300.1,0,0,0,84520002.81,549577062,540595751.8
AT3G13330.1,0,0,0,0,39422624,0
AT3G13360.1,0,0,0,20882866.44,0,0
AT3G13450.1,0,0,0,42834370.02,0,0
AT3G13460.1,0,0,5175999.251,0,51898888,159384348
AT3G13470.1,368289465.2,38708468.29,0,0,526626547,476083197
AT3G13490.1,73802757.9,0,269378140.6,112663422.6,38751012,0
AT3G13530.1,0,0,0,0,7154655,1539365.339
AT3G13560.1,0,0,0,0,259309512,338990865
AT3G13580.1,0,0,80732666.53,0,287947336,444747626.8
AT3G13720.1,0,0,146301252.9,0,319161872,117537599.4
AT3G13772.1,0,0,137943938.7,160677602.4,0,0
AT3G13790.1,0,10893709.07,0,0,163186790,0
AT3G13800.1,75306206.55,17520569.88,159749234,62907732.13,0,82764816.22
AT3G13845.1,0,0,713580966.5,303436130.3,0,0
AT3G13860.1,0,0,21599092793,20766627562,368998160,381257678.5
AT3G13870.1,0,0,52291478.65,185792437.5,463827928,328406428.8
AT3G13920.1,0,0,323893365.5,165634251.7,1477064176,1454718977
AT3G13930.1,0,0,39085100042,32899661418,1688853724,1779667608
AT3G14067.1,0,0,0,0,3188827980,3326372902
AT3G14100.1,0,0,0,0,36984316,0
AT3G14110.1,4140994215,4192515986,0,19539953.96,1017514616,401248643
AT3G14150.1,0,0,106229708.8,43474012.41,72839897,75449265.27
AT3G14180.1,0,0,50032327.02,25977293.41,0,0
AT3G14210.1,4322876567,5099881269,66023293051,60477676678,62142876019,1.07E+11
AT3G14270.1,33966239.62,0,0,0,0,0
AT3G14310.1,864736204.4,3533133161,188747870.3,0,10368024833,19332450554
AT3G14390.1,82305232.95,0,0,0,54382852,46568553.2
AT3G14415.1,70795552.37,23968527.54,8130130727,3575100407,14483032724,7344011657
AT3G14420.1,349510302.8,221518699.7,24929624337,13575995111,21722669320,29266504165
AT3G14600.1,0,0,0,0,57336688,0
AT3G14660.1,0,0,0,0,0,108377937.9
AT3G14690.1,0,0,0,0,0,39228834.24
AT3G14790.1,0,0,0,0,72230392,0
AT3G14920.1,0,0,0,0,221565932,158020073.9
AT3G14930.1,1525139028,164633649.2,0,0,1672076820,451112407.6
AT3G14990.1,0,0,0,39278971.46,1297204260,883550867.5
AT3G15000.1,27120425.04,0,2986138768,3733349844,252246664,46263827.96
AT3G15020.1,0,0,2591905888,2214512376,201333040,237003305.9
AT3G15090.1,0,0,9738789056,8896408971,232561916,440116389.4
AT3G15110.1,127938399.6,244018896.2,0,0,25254690,0
AT3G15180.1,0,0,0,0,0,26100128.07
AT3G15190.1,4098047615,1087212073,192454881.8,87487171.77,1615743036,1761866553
AT3G15260.1,0,0,0,0,120950784,211337306.6
AT3G15290.1,0,0,37993800.02,0,0,0
AT3G15356.1,0,146212680.1,51004693.68,0,444563532,746591157.9
AT3G15360.1,7211740006,2232344304,0,29353070.08,7377528540,7563298746
AT3G15395.1,0,0,468734166.1,633202331.7,0,0
AT3G15520.1,3635525021,4559777728,0,0,2987783624,2600523383
AT3G15590.1,0,0,1141983608,1217073713,0,0
AT3G15640.1,0,0,12949714970,17853681820,552344816,1054111050
AT3G15660.1,0,0,8766018675,7748753576,112018592,71385461.83
AT3G15730.1,34708246.67,7212979148,2076062787,1914034157,12891593283,14790192178
AT3G15790.1,0,0,0,0,241798002,127200449.5
AT3G15840.1,1065576640,496890975,0,0,695669156,877196649.5
AT3G15880.1,0,0,0,25338241.88,0,40934204.75
AT3G15900.1,63759387.31,64513448.64,0,0,49106264,64905814.89
AT3G15980.1,0,0,0,0,38726544,0
AT3G16000.1,5005905554,9237569220,0,0,2013651160,1271798549
AT3G16030.1,0,9946861.002,0,0,0,0
AT3G16100.1,0,0,0,35582419.9,64766060,51363362.23
AT3G16110.1,0,0,0,0,277142316,495847234.6
AT3G16140.1,125160449.9,60923546.75,108396934.5,71863013.56,231467155.5,250353124.7
AT3G16230.1,0,0,163369049.2,287603556.3,0,0
AT3G16240.1,0,0,0,0,3052730216,873448495.3
AT3G16250.1,46464618.98,843737335.8,0,0,300079720,91394750.55
AT3G16290.1,121352628.9,36951304.77,0,0,0,42277246.2
AT3G16370.1,0,0,0,0,78502792,114981918.6
AT3G16400.1,0,0,0,0,962834652,644473841.1
AT3G16420.1,0,0,102386268.2,140080555.5,500639346,148107577.2
AT3G16460.1,0,0,0,0,23775122,0
AT3G16470.1,380491118.3,431084291.9,1813273077,2855684022,1240569704,479924585.9
AT3G16480.1,0,0,3959694980,5444741532,172121197.5,223309728.3
AT3G16520.1,0,0,0,72471320.61,244410592,206151407.3
AT3G16530.1,0,11734728.92,0,0,282261136,560306208.6
AT3G16570.1,0,53761883.11,0,0,0,0
AT3G16640.1,0,141932006.7,1104894185,1264991684,620039992,3392607195
AT3G16670.1,0,51073298.61,300927318.5,0,749246400,242539973
AT3G16780.1,0,0,8425515.292,0,0,0
AT3G16830.1,0,0,0,0,84831846,46511350.92
AT3G16850.1,0,0,0,0,371490168,234879630.1
AT3G16890.1,35035481.27,0,0,0,0,0
AT3G16910.1,0,0,218271718.3,545113648.6,765235784,707467898.6
AT3G16940.1,0,0,43860781.09,49088322.75,0,0
AT3G16950.1,319332325.7,46887012.47,0,0,0,24748124.82
AT3G16990.1,0,0,0,0,79172852,82471903.35
AT3G17020.1,16234378.72,18088147.08,0,0,925734608,1625437618
AT3G17040.1,58622683.27,0,0,0,0,0
AT3G17170.1,65749825.67,0,0,0,0,0
AT3G17210.1,0,0,0,0,1004696192,1291902334
AT3G17240.1,25248890.49,0,37043842969,27926872781,1747091372,3053071889
AT3G17300.1,0,0,121232855.6,165863111.1,0,0
AT3G17390.1,0,0,425316786.5,239878852.7,1613698044,1848796483
AT3G17410.1,0,0,0,0,109998984,0
AT3G17440.1,0,0,20663489.64,32265777.1,38258272,35040439.38
AT3G17465.1,0,0,595606306.6,636846042.4,0,0
AT3G17590.1,0,0,21385930.88,0,0,0
AT3G17760.1,0,0,0,0,530529932,453977512
AT3G17770.1,0,0,0,0,85674286,123229762.1
AT3G17810.1,2124150000,1105776637,0,0,1113287397,1214361549
AT3G17820.1,0,0,0,0,84093648,0
AT3G17830.1,0,0,0,0,0,111936517.2
AT3G17840.1,0,0,0,0,20789594,21725026.47
AT3G17880.1,0,0,0,0,0,113199526.1
AT3G17900.1,0,0,0,0,0,19525687.99
AT3G17910.1,0,0,774708252.1,528654494.2,0,0
AT3G17930.1,579489968.2,862429450.7,0,0,52052348,74330603.58
AT3G17940.1,0,0,0,0,73525808,0
AT3G17970.1,269725008,87900396.2,101960004.1,174176817.8,191421002,327385108.6
AT3G18035.1,0,0,2393576775,2156967394,95374716,50336628.64
AT3G18060.1,0,0,0,0,371580016,258878176.2
AT3G18080.1,38950369776,1870178329,0,0,2553944976,1.23E+11
AT3G18110.1,0,0,30904300,0,0,0
AT3G18130.1,0,0,0,0,222134024,477529829.1
AT3G18165.1,0,0,0,0,0,12545509.81
AT3G18190.1,0,0,86861832.81,96908838.31,2032948294,1590223831
AT3G18210.1,0,0,18571209.44,0,0,0
AT3G18240.1,0,0,30972396.01,0,0,0
AT3G18270.1,44559389.86,0,0,0,33939808,0
AT3G18280.1,0,0,329168448.5,0,0,0
AT3G18390.1,64196377.65,0,0,0,0,0
AT3G18410.1,0,0,3371116810,2293792245,88567694,272210149.1
AT3G18420.1,51628326.29,91126822.51,0,0,135620800,60367208.25
AT3G18480.1,0,0,326436764.5,246305260.5,24910494,0
AT3G18490.1,0,0,0,0,802877576,1177943520
AT3G18500.1,61500677.18,0,0,0,0,25197603.67
AT3G18580.1,0,0,1095330541,784470191.1,0,0
AT3G18680.1,60614574.35,0,0,0,0,0
AT3G18740.1,0,0,57021833.16,82384020.11,52800276,0
AT3G18760.1,0,0,400896777.3,367899564.6,0,0
AT3G18780.1,0,0,28390844.91,37278233.2,26433261,94613427.28
AT3G18820.1,0,0,0,27895420.02,115192628,144907358.7
AT3G18830.1,0,0,0,0,0,50320983.32
AT3G18860.1,0,0,0,0,131236122,39490029.15
AT3G18890.1,11079443904,12522792978,102830513.5,66531610.07,5179327795,4425952562
AT3G18940.1,0,0,0,0,0,35741335.35
AT3G18990.1,0,0,405686559.6,312310001.8,0,0
AT3G19000.1,0,0,0,0,0,28979630.21
AT3G19010.1,0,0,0,0,253863052,274914671.1
AT3G19120.1,0,0,35899509.87,46657234.94,0,0
AT3G19130.1,0,0,0,0,50201816,0
AT3G19170.1,4840577950,1360787905,482230832,417758463.4,3898234714,5114140603
AT3G19240.1,0,0,52759808.89,36357466.52,14254709,0
AT3G19290.1,0,0,0,0,0,39545610.21
AT3G19310.1,0,0,0,0,18684428,0
AT3G19340.1,0,0,75434159.97,0,0,19302418.93
AT3G19420.1,0,0,0,0,170519292,68879100.48
AT3G19450.1,0,0,0,0,968932908,824246648.2
AT3G19480.1,626321505.7,111497028.3,0,0,321602962,449955033.6
AT3G19490.1,671357997,584650021.5,0,0,158652944,0
AT3G19508.1,0,0,588995538.2,250319634.3,0,0
AT3G19620.1,0,0,0,0,62148634,212805710.4
AT3G19710.1,0,0,0,0,32577562,103120292.7
AT3G19720.1,18195814.82,0,0,0,0,0
AT3G19740.1,0,0,430422340.7,284935853.2,0,0
AT3G19760.1,0,0,0,0,715141560,698407670.5
AT3G19770.1,0,0,0,0,29200708,0
AT3G19810.1,51534254.32,0,0,0,0,0
AT3G19820.1,0,0,335567662.6,480881979.6,351535522,210963979
AT3G19830.1,0,51403752.7,0,0,0,0
AT3G19870.1,0,0,0,0,241021472,0
AT3G19895.1,0,0,0,45616100.08,0,0
AT3G19900.1,27987126.9,0,0,0,0,0
AT3G19990.1,0,0,0,0,41291384,24550437.78
AT3G20000.1,0,0,15852980108,14806980850,199003169,1046244473
AT3G20050.1,0,0,48086353.58,0,1547926824,1362084656
AT3G20120.1,0,0,68390680.97,88531558.84,0,0
AT3G20250.1,4847087323,0,5114364686,8665849146,357752480,16570864102
AT3G20320.1,864493717.4,377291195.9,0,0,126039602,286650866
AT3G20330.1,882889079.6,443187496.4,0,0,806471832,792017130
AT3G20390.1,6114439407,1454798613,7945707577,6385358888,6150823600,8105322866
AT3G20410.1,0,0,0,0,61023299,41302252.12
AT3G20440.1,11742522.76,0,0,0,0,0
AT3G20510.1,0,0,0,0,67765800,115364290.7
AT3G20540.1,0,65939724.77,0,0,0,0
AT3G20630.1,0,0,0,0,11552200,123818806.7
AT3G20670.1,0,0,389659821.3,188806751.7,93282264,0
AT3G20680.1,137237830.5,16423891.4,0,0,76454342,64305258.58
AT3G20790.1,0,0,0,0,85086728,98910081.09
AT3G20820.1,0,126707109.1,359663073.8,364447634.2,2074186784,637028478.5
AT3G20970.1,0,0,1986190372,1488705067,0,0
AT3G21055.1,1017106153,344993517.7,600338885.1,560219346.4,596912224,527654711.2
AT3G21110.1,274199037.7,16229331.8,0,0,210728066,159827420.3
AT3G21140.1,89876250.78,17644479.16,0,0,32782526,35809753.05
AT3G21160.1,0,0,52749816.51,0,19855410,41931086.4
AT3G21200.1,221704003.5,0,0,0,86376608,0
AT3G21360.1,0,0,0,0,22976956,123020987.4
AT3G21390.1,16543907.69,21226893.95,532973562.3,796397589.8,0,0
AT3G21400.1,0,0,1141831491,734472183.2,25266038,32571765.53
AT3G21465.1,0,0,31084254.56,0,0,0
AT3G21630.1,0,0,0,0,38388184,0
AT3G21750.1,0,0,0,0,64937458,298972382
AT3G21790.1,0,0,0,0,40139840,144864925.7
AT3G21865.1,0,0,0,0,63003514,26344043.55
AT3G22060.1,73142206.24,45071324.33,436522350.8,350604846.8,397533280,238413493.9
AT3G22110.1,0,7354285.168,0,105607044.1,1613778672,1346893470
AT3G22120.1,0,87572210.18,0,0,0,0
AT3G22200.1,0,0,52016417582,44520631175,2459798321,4215824256
AT3G22210.1,48739589.67,77371389.06,0,0,41129932,14415602.88
AT3G22220.1,0,0,299485594.3,210182569.4,0,0
AT3G22230.1,0,0,0,46615012.87,347122336,116864232
AT3G22231.1,0,0,0,33849750.51,44672396,52740163.74
AT3G22300.1,0,0,290350023.8,235306739.2,0,0
AT3G22330.1,0,0,2167374029,2123806980,0,0
AT3G22370.1,0,0,3359622611,1503305951,81816870,96904784.58
AT3G22380.1,0,0,26048534.78,0,0,4954543.385
AT3G22480.1,0,0,0,0,896066428,0
AT3G22520.1,0,0,827889774.9,1078814472,18796638,18743885.54
AT3G22560.1,0,63335434.54,0,0,0,0
AT3G22630.1,0,0,0,0,168817984,166703719
AT3G22845.1,0,0,78134778.41,40852718.9,157849328,86747139.85
AT3G22890.1,1313049678,338867284.6,0,0,361790412,304943931.7
AT3G22960.1,1913835763,315936164.5,0,0,1219096000,580475528
AT3G22990.1,0,0,39596386.18,28987238.68,0,0
AT3G23010.1,0,0,0,0,47850400,0
AT3G23060.1,0,0,0,0,0,44555150.58
AT3G23300.1,0,0,577760884,428572939,8429736,0
AT3G23390.1,0,0,42024085.25,0,151967360,0
AT3G23400.1,25884433321,52058757996,1634235589,1497753170,10592712791,16064006858
AT3G23450.1,0,271150186.8,921418143.5,0,2840634824,798121851.7
AT3G23490.1,0,0,55984277.71,0,673637028,1183689352
AT3G23570.1,0,0,0,0,247402808,455043718.5
AT3G23600.1,0,0,0,0,1457298602,1808360412
AT3G23640.1,44055310.99,0,0,0,29786744,168261186.8
AT3G23700.1,1482760177,101910385.1,0,0,733760240,491855572.3
AT3G23710.1,7955916.687,0,0,0,0,0
AT3G23790.1,0,8336035.242,0,0,0,0
AT3G23810.1,0,0,74738287.75,0,764197252,170495047.6
AT3G23820.1,0,0,104389227.5,179947849.7,18662692,0
AT3G23940.1,1883197796,458065283.2,0,0,2318828860,2414509669
AT3G23990.1,0,0,26669524441,21894209057,870399345.5,1284393653
AT3G24160.1,0,0,0,0,65275996,0
AT3G24170.1,0,33182156.92,0,113479915.7,1236716127,4319306100
AT3G24190.1,29807177.31,175864090.1,0,0,0,0
AT3G24200.1,0,0,886934200.5,790101405.1,0,0
AT3G24350.1,0,0,0,42451272.31,0,0
AT3G24420.1,0,0,0,0,490993672,195493745.7
AT3G24430.1,494641639.3,6676614.859,0,0,213108676,274556958.7
AT3G24480.1,27155348.01,79308562.69,0,0,0,0
AT3G24490.1,0,0,37121909.01,0,0,0
AT3G24503.1,0,0,36617449.44,0,1539921180,979223530.1
AT3G24550.1,0,0,23860191.38,0,33392154,16899622.51
AT3G24570.1,0,0,413604639.4,298765248.9,0,0
AT3G24590.1,9012207560,664318871.9,0,0,238360942,243325234.8
AT3G24830.1,137591916.6,18179937.81,955145724.6,708270006.7,2122155920,1635703696
AT3G25010.1,0,0,0,140003990.5,0,0
AT3G25070.1,0,0,134042368.5,79645830.31,0,28236339.84
AT3G25140.1,0,0,233562854.7,195912855.3,0,0
AT3G25220.1,0,0,0,0,142758368,188689425
AT3G25230.1,0,0,31836823.33,34338649.73,1643749140,1220062968
AT3G25480.1,165494900.1,203885707.3,0,0,82634304,49343938.55
AT3G25520.1,0,0,73178951.76,17402236.97,588353792,460055164.6
AT3G25530.1,0,9352044.141,130241702.7,33983713.38,2471632836,2350175452
AT3G25545.1,0,0,0,0,136519176,0
AT3G25660.1,418733335.7,35775476.64,464391839.5,755622802.3,576370074,191700018.5
AT3G25680.1,86187025.71,46873690.11,0,0,0,66008842.53
AT3G25690.1,35957811.01,0,12397510.81,0,152768346,173291831
AT3G25760.1,4598151798,9111632170,714217039.9,490458932.3,1004465158,1031238145
AT3G25770.1,12096948532,9598153810,772457448.6,541216406.5,2200993853,3307843449
AT3G25780.1,229827576.7,300066196.2,0,0,0,0
AT3G25800.1,0,0,51643963.67,0,248894896,402087357.9
AT3G25805.1,57956413.87,135645667.5,0,0,0,111499444.4
AT3G25860.1,4143513143,1275857662,0,17192035.37,1899145662,1106550126
AT3G25920.1,3293762156,2367232144,300903800.7,80283773.37,4951481654,3570523695
AT3G26050.1,0,0,215783371.7,0,0,0
AT3G26060.1,22316105814,25065314376,3760290673,4906492599,14949602320,17591771764
AT3G26070.1,3365743178,5276152340,64004200.62,0,1925783186,2926369439
AT3G26080.1,0,183382178,0,0,29514702,49773238.03
AT3G26085.1,65269609.66,34452968.85,0,0,0,0
AT3G26170.1,0,0,40220718.58,34687427.86,32250496,237421155.9
AT3G26210.1,0,0,56379073.49,0,48005832,0
AT3G26290.1,0,0,88711205.2,29776975.14,32305786,101149529.2
AT3G26340.1,0,0,0,0,0,25185780.57
AT3G26360.1,0,0,253195183.2,309730457.6,0,0
AT3G26380.1,0,0,0,0,56794964,59107682.26
AT3G26420.1,0,0,28570085.73,0,19537500,148133529.6
AT3G26450.1,0,0,221327346.6,77268563.66,2929165428,2409995074
AT3G26520.1,287200789.5,0,2320875187,3580355783,9338987287,4587179777
AT3G26560.1,0,0,0,0,0,12544101.18
AT3G26570.1,260797358,84906966.47,0,0,333190764,0
AT3G26580.1,24274901.9,109165873.6,0,0,0,0
AT3G26590.1,0,0,0,0,0,24671728.78
AT3G26618.1,0,0,0,0,46528500,0
AT3G26650.1,39336200022,6366587379,1807192429,410438076.7,29423807420,45599291321
AT3G26710.1,671591635.9,1701408312,0,0,202067600,676406821.6
AT3G26720.1,0,0,0,0,169259804,314099204.1
AT3G26740.1,2272848289,4181352114,25958106.31,60229200.48,743850150,292625654.9
AT3G26760.1,0,0,24463792.15,0,0,0
AT3G26840.1,112146100.3,917040303.6,0,0,0,0
AT3G26900.1,249885974.8,0,0,0,46560356,0
AT3G26950.1,0,0,24187951.55,0,0,0
AT3G27020.1,0,0,0,0,14910489,0
AT3G27080.1,0,0,1990795099,2584520840,79478168,42013788.03
AT3G27110.1,16303760.77,27733423.62,0,0,0,0
AT3G27160.1,620970722.6,166237455.8,265159914.5,219796679.4,378577896,292720650.9
AT3G27230.1,0,0,39258404.21,87769717.44,13993425,0
AT3G27240.1,0,0,7245065539,7814005132,117399724,206129863.4
AT3G27280.1,0,0,1137121607,1131993348,43309516,0
AT3G27300.1,0,0,0,0,377869904,588539316.7
AT3G27310.1,0,0,0,0,33984968,31605337.09
AT3G27340.1,0,0,33915546.27,100751209.8,0,0
AT3G27360.1,23425937.72,0,3982190036,2227706437,201852448,197975747.9
AT3G27380.1,0,0,2799430786,3609633880,120107240,166986837.9
AT3G27430.1,0,0,0,0,71498136,107213398.3
AT3G27530.1,0,0,0,0,0,15592101.92
AT3G27570.1,0,0,3408200174,3874370680,76133776,76275715.72
AT3G27690.1,205465768.7,0,0,0,33271326,0
AT3G27740.1,1031004935,281546003.3,0,0,776241084,669727139.6
AT3G27820.1,0,0,681990830,943488440.2,347854404,378867721.9
AT3G27830.1,25725145499,10001140573,1304627430,881894195.9,25050026447,17914459551
AT3G27890.1,301612386.3,33025372.5,575124247.4,1125206887,786168760,759698066.7
AT3G27925.1,2257777245,3749339373,62631487.58,0,1584050884,3209465771
AT3G27930.1,0,0,764352060.3,321573175.7,0,0
AT3G28200.1,0,0,0,0,258654664,89115946.45
AT3G28220.1,1945987922,1117566805,2076276846,2472343158,4226394564,771224475.5
AT3G28270.1,0,0,0,0,1398200600,619485203.1
AT3G28290.1,0,0,194122984.3,138829751.6,2026938940,525277991.8
AT3G28460.1,20758265.97,0,0,0,0,0
AT3G28480.1,0,0,191092421.2,221861223.4,48564240,0
AT3G28510.1,0,0,0,0,34714424,0
AT3G28700.1,0,0,434271216,60014538.34,0,0
AT3G28710.1,0,0,196589421.7,82425390.01,171396320,330637334.9
AT3G28715.1,0,0,133339385.6,155937249.6,93201400,103236127.3
AT3G28720.1,0,0,0,0,24538568,40146583.09
AT3G28760.1,48544664.38,0,0,0,33993104,20780601.54
AT3G28900.1,0,0,0,24436197.84,45433420,46166601.9
AT3G28930.1,0,0,0,0,293622328,382493484.1
AT3G28940.1,0,18637660.98,50227526.33,236396031.2,1550521920,4151205563
AT3G28950.1,0,0,0,0,89936976,0
AT3G29010.1,0,0,123472631.7,50473066.18,0,0
AT3G29090.1,0,0,0,0,0,40384853.28
AT3G29185.1,349209806,0,0,0,90995648,36120087.08
AT3G29240.1,25833548.86,0,0,0,0,0
AT3G29250.1,0,0,0,0,171761160,104848201.4
AT3G29320.1,5403074970,906678718.9,0,0,3963366720,4140554750
AT3G29340.1,0,0,0,74249953.61,0,0
AT3G29350.1,0,0,0,0,58668668,0
AT3G29360.1,0,0,0,0,744812088,401312830.6
AT3G29637.1,0,5571667.235,25677427.57,0,0,0
AT3G32930.1,50191525.18,33092571.62,0,69719056.8,0,0
AT3G42050.1,0,0,1652418545,1345681660,2364070232,1686934380
AT3G42170.1,0,41012400.35,320069336.1,917887106.1,39447756,32684243.96
AT3G43240.1,0,0,240729196.6,176661109.3,0,0
AT3G43300.1,0,0,5649415.534,19597102.22,851548988,507544949.6
AT3G43520.1,498229512.8,771868106.5,124767322.6,75384809.89,763476074.5,977927303.3
AT3G43540.1,652743593.5,545714166.8,16606878.82,0,250753760,338600937.2
AT3G43800.1,0,0,0,0,541381168,345707420.7
AT3G43980.1,0,192144109.8,115427987.9,146722905.3,1106683104,750116582.7
AT3G44100.1,0,0,176458581.9,29758800.08,1389807296,2028636662
AT3G44110.1,0,23762062.28,253271173.7,421278933.3,960538994,1029329061
AT3G44240.1,0,0,455728597.4,0,0,0
AT3G44310.1,99227744.94,129195111.8,1079326459,1465698250,9834186322,11446542974
AT3G44330.1,0,0,63515736.5,84225393.69,163143960,194721331.3
AT3G44340.1,0,0,27885113.36,0,87230584,0
AT3G44380.1,9381930.828,0,0,0,0,0
AT3G44590.1,0,0,0,0,77796192,0
AT3G44600.1,0,0,0,0,73019680,0
AT3G44620.1,354763414.2,103302800.6,0,0,471650868,489609557.6
AT3G44860.1,0,0,0,0,342460448,1277681253
AT3G44880.1,958040755.9,2310729998,0,0,413666360,412310862.9
AT3G44890.1,9156776622,2215208831,1936440257,1902246437,4453889504,3792006315
AT3G45030.1,0,27047339.87,470410073.9,443677152.3,1995841256,1379585402
AT3G45050.1,239145290.8,221874859.8,0,0,0,0
AT3G45140.1,1.87E+11,54379923715,2453078989,2748461248,57077625698,68431970942
AT3G45190.1,0,0,0,0,88420274,22796149.32
AT3G45230.1,0,0,0,0,18574902,0
AT3G45300.1,0,0,8740256128,6420754843,62786864,143942829.6
AT3G45640.1,0,0,0,0,147150096,56630266.71
AT3G45740.1,0,0,584696134.3,291668579.1,0,0
AT3G45770.1,21015639.38,18443284.18,1459298232,1000460062,305787608,172481944.9
AT3G45780.1,0,0,587033675.2,572346880.4,342896128,277840415.6
AT3G45830.1,0,0,0,210891384.3,0,0
AT3G45970.1,0,0,0,0,32683936,0
AT3G45980.1,0,0,559824014.8,748099745.8,0,0
AT3G46000.1,0,0,0,0,167330432,185220259.8
AT3G46030.1,0,0,418054724.3,0,0,0
AT3G46100.1,157822190.8,4569316.674,78295028.61,120343385.4,101523584,0
AT3G46220.1,0,0,0,0,29095330,30685282.02
AT3G46320.1,1693835539,5227928717,1.77E+11,2.03E+11,6908624180,7199327902
AT3G46430.1,12169877.46,14976840.44,8364832726,11033263474,609883648,780324265.7
AT3G46460.1,0,0,0,0,41284426,61909786.64
AT3G46560.1,0,0,9733830033,6811951545,125984296,111019915
AT3G46630.1,43767706.92,0,278235445.1,0,0,0
AT3G46740.1,3007001927,1108033916,141473601.4,221688953.1,1502977672,1019157997
AT3G46780.1,51531349344,63798440086,1830415028,2139887613,17590297624,12389455097
AT3G46830.1,0,24041119.25,0,39769378.61,178581176,71104984.05
AT3G46950.1,0,0,64183844.19,0,0,0
AT3G46970.1,0,26753711336,695291405.7,466035542.7,10557527138,23944123498
AT3G46980.1,0,0,0,0,0,14910650.95
AT3G47000.1,0,0,0,0,31749894,55014175.05
AT3G47070.1,9642789280,9397082669,4184871507,5902386923,8097802294,10055010787
AT3G47110.1,0,0,21880491181,27884056519,0,949652328
AT3G47370.1,0,0,137189326.3,0,605313600,618458220.5
AT3G47390.1,61186577.99,7103520.652,0,0,80832072,0
AT3G47430.1,0,0,245611571.6,0,47274848,0
AT3G47470.1,84152268956,1.20E+11,3921140567,1808547608,51900676396,47864898118
AT3G47520.1,4217075114,1402884097,276479297.5,121903411.7,3651796472,3532397030
AT3G47560.1,0,0,0,0,280786740,206155113.6
AT3G47590.1,20572194.27,0,0,0,0,138853150.4
AT3G47630.1,0,0,558646768.5,421277022.5,26413814,21597143.22
AT3G47650.1,524964570.5,0,26177859.59,0,250109792,260996195.9
AT3G47690.1,0,0,0,0,237728512,0
AT3G47800.1,93082361.29,165815491.9,0,0,2345420896,1814453199
AT3G47810.1,0,0,0,0,57232832,98896011.89
AT3G47833.1,0,0,1603583459,832933528.1,127687440,139842804.2
AT3G47860.1,1803729277,2265465373,0,0,657299552,941853812.9
AT3G47930.1,0,0,14379199294,14407572747,249254479,487646685.6
AT3G47960.1,0,0,0,0,94333548,71966593.54
AT3G48000.1,0,0,46571205465,37120995569,3107762980,3805927025
AT3G48030.1,0,0,321648669.7,157895869,0,0
AT3G48090.1,0,0,0,0,713169512,104693628.1
AT3G48110.1,727287346.7,32926399.26,670253749.3,632154178.1,513060912,115503653.5
AT3G48140.1,0,0,12301933335,14506196691,722000216,931907047.4
AT3G48170.1,0,0,111785593,177740964.3,122357160,109582986.6
AT3G48310.1,0,0,27463083.26,0,2433163,7034284.563
AT3G48330.1,0,0,0,0,0,12185304.44
AT3G48420.1,2843586825,338777874,0,0,2888749118,2526213328
AT3G48500.1,407212170.9,102899148.9,0,0,0,0
AT3G48530.1,0,0,0,0,366400344,0
AT3G48560.1,412959143.4,35549279.62,0,0,37752440,58496889.71
AT3G48680.1,0,0,2771982240,1738543805,108625832,151062843
AT3G48690.1,0,0,0,0,526069100,543134358.2
AT3G48720.1,0,0,0,0,0,30381443.62
AT3G48730.1,1957990086,290188782.9,0,0,928659848,413771510.6
AT3G48750.1,0,0,0,0,559002660,256719144.9
AT3G48850.1,0,0,139397213.4,97157397.28,0,0
AT3G48870.1,139086058,16998516.53,0,0,0,0
AT3G48890.1,0,0,69321267,179876823.9,301833504,380579154.3
AT3G48930.1,0,4765724.998,538439499.8,573390197.3,1290892328,1054820346
AT3G48990.1,0,0,113121901.4,105259913.7,2020086960,1068071576
AT3G49010.1,77693722.41,111724996.2,1043640167,656788906.8,5396501136,4943268036
AT3G49080.1,0,0,888594013.3,618516790.7,0,0
AT3G49120.1,9524750.911,14054060.13,0,76329034.39,3668532224,6302085537
AT3G49140.1,25508756.54,0,0,0,0,0
AT3G49240.1,0,0,1440102286,1536338273,29951554,38882652.97
AT3G49360.1,0,0,0,0,31121918,0
AT3G49470.1,0,0,177727446.8,92316192.88,367056375,162243470
AT3G49560.1,594040046.9,283337696.5,39738349.31,37064742.78,275200380,55339516.64
AT3G49680.1,682611470.2,32789378.35,0,0,437630872,143996083
AT3G49720.1,0,0,1489184005,1736786466,230983776,146004289.1
AT3G49725.1,0,0,51860022.07,35735955.92,0,0
AT3G49870.1,0,0,159316375.4,507004535.3,302488556,239514975.4
AT3G49910.1,102449095.2,69877581.33,1181973444,1258741398,3599640960,4344788230
AT3G50000.1,0,0,0,0,101501314,0
AT3G50210.1,0,0,0,0,25773290,21443090.66
AT3G50360.1,0,0,0,0,112466916,22462987.21
AT3G50440.1,0,0,0,0,77792672,31533876.65
AT3G50500.1,0,0,13687331.73,21604914.11,133503792,114849133
AT3G50590.1,0,0,32280655.67,0,52344996,42254718.74
AT3G50670.1,0,0,0,0,13672033,0
AT3G50790.1,0,13549532.68,0,0,0,0
AT3G50820.1,63463910166,96866293891,2152785496,1336723574,27687344480,24500353642
AT3G50830.1,0,0,0,0,0,91698346.31
AT3G50840.1,0,0,0,0,40103308,0
AT3G50920.1,0,7161773.604,0,0,0,0
AT3G50930.1,0,0,3577214268,3319956115,18499478,0
AT3G50950.1,0,0,0,0,28265590,43514583.99
AT3G50970.1,0,0,42200009.72,0,265194622,29874125.81
AT3G51000.1,0,0,0,0,136752172,137706592.4
AT3G51010.1,0,0,309504790.6,192187373.4,0,0
AT3G51050.1,0,0,15384511.55,42977317.23,0,0
AT3G51100.1,0,0,210887638.2,203199955.5,0,0
AT3G51140.1,602126797.3,196854236.7,253933080.8,50992207.24,84856000,271160911.7
AT3G51160.1,0,0,0,0,542247035,365333018.9
AT3G51240.1,0,0,0,0,0,16728010.3
AT3G51310.1,0,0,0,0,0,35197390.81
AT3G51420.1,0,0,0,81073967.54,169482956,295296671.1
AT3G51430.1,0,0,0,0,42497248,0
AT3G51450.1,0,0,79760354.68,0,0,0
AT3G51460.1,0,0,0,0,137065750,182297182.3
AT3G51510.1,0,429416838.1,0,0,161204544,112623305.3
AT3G51550.1,0,0,0,0,823215104,0
AT3G51600.1,69270532.84,211660799.4,282232238,365494544.4,2802435904,2795448478
AT3G51730.1,0,0,0,0,136426368,73222518.48
AT3G51740.1,0,0,0,20600147.68,0,0
AT3G51780.1,0,0,0,0,30801236,39973475.28
AT3G51790.1,0,0,153324752.2,641508152.5,0,0
AT3G51800.1,0,0,212345780.3,221360373.9,1581156800,1685830388
AT3G51820.1,1152693387,1324476202,0,0,338293792,408381863.5
AT3G51830.1,0,0,176434951.9,84702179.52,0,0
AT3G51840.1,15509152.58,12922859.62,1397114395,433696078.2,306455256,49657373.3
AT3G51890.1,0,0,0,0,283862928,325083257.3
AT3G52070.1,0,42470233.08,0,0,0,0
AT3G52090.1,0,0,0,0,17764274,0
AT3G52140.1,0,0,20055736.42,0,153575117,82934711.64
AT3G52150.1,7063612166,1445996153,0,0,3488142368,1794586049
AT3G52155.1,67319970.69,0,0,0,0,51774697.29
AT3G52170.1,0,13314903.6,0,0,0,0
AT3G52180.1,1554636692,346093754.8,18892254.07,23436179.89,932260392,4534334274
AT3G52200.1,0,0,10926352922,10399879375,825824816,623143726.9
AT3G52230.1,1146860155,420293932.3,328109199.2,214860773.2,268952948,206368290.3
AT3G52300.1,18749387.99,88459484.23,93181688691,1.00E+11,5540707826,4770237864
AT3G52380.1,6667277253,326487068,0,0,1655449518,1464997501
AT3G52390.1,0,0,0,0,0,15563404.15
AT3G52400.1,0,0,41303971.32,0,95430136,0
AT3G52430.1,0,0,0,0,89987672,0
AT3G52500.1,0,23270128.53,0,0,1911575168,166526591.4
AT3G52560.1,0,0,33884126.36,0,161481138,143359399.2
AT3G52570.1,0,0,1659296811,1194515870,0,41434554.54
AT3G52580.1,0,0,33931330.15,0,52487780,33190539.65
AT3G52730.1,0,13466497.7,13173805998,12617917014,169972196,646192357.3
AT3G52750.1,343311906.7,0,0,0,185203254,187134501.7
AT3G52840.1,0,0,0,0,197106650,77209007.91
AT3G52850.1,0,0,0,0,0,38296380.59
AT3G52880.1,42771931.15,37146895.15,581317185.2,760923747.5,8102285092,11623132235
AT3G52920.1,0,0,0,0,23381272,29457978.62
AT3G52930.1,68322387.8,81550408.92,2192562997,1246310613,8522138796,5418431042
AT3G52950.1,0,0,853815169,834360969.6,15486690,0
AT3G52960.1,15473737192,4451014945,2378266813,3022275911,14256171052,14447054954
AT3G52990.1,0,0,0,72646533.55,231440768,618526865.8
AT3G53000.1,0,0,0,0,95918592,0
AT3G53020.1,0,0,891804551.4,1108711599,1864277200,1315331818
AT3G53110.1,0,0,0,0,408393590,363879843.9
AT3G53130.1,595776781.7,51992912.52,0,0,171327143,500571991.8
AT3G53180.1,0,0,0,0,360322042,272138154.1
AT3G53390.1,0,0,0,0,0,19624814.41
AT3G53420.1,0,0,1753474320,1570517885,6400527528,2470879141
AT3G53430.1,0,0,47132418.01,0,235947440,219229855.7
AT3G53460.1,2887449328,387170148.5,0,0,651538876,462440348.8
AT3G53470.1,2242665899,1351881817,0,0,0,1779040883
AT3G53520.1,0,0,362224817.3,27433224.17,20510614,0
AT3G53560.1,183564382,20033841.2,0,0,44061916,127277100
AT3G53580.1,1042682034,214114743.9,0,0,1350148992,596757059.2
AT3G53610.1,0,44593510.15,0,0,87802442,83718906.19
AT3G53700.1,10126303.11,0,0,0,0,0
AT3G53740.1,0,0,0,126814606.7,420298752,401625659.8
AT3G53810.1,21369942.87,0,159663539.2,0,0,0
AT3G53870.1,0,16448481.31,92040155.54,0,1025831500,1130607405
AT3G53890.1,0,0,139715916.7,0,253716768,204191064.9
AT3G53900.1,1099103896,68981102.14,0,0,747694832,696432668.3
AT3G53970.1,0,0,0,0,153753968,253824666.4
AT3G53990.1,0,13178634.2,917825168.7,783472243.7,3663310844,2959111987
AT3G54010.1,0,0,0,0,18340496,35408386.9
AT3G54050.1,18028894611,2684551420,103600229.9,55158808.87,16288474692,20304822692
AT3G54090.1,276918826.9,62651982.78,0,0,0,0
AT3G54110.1,0,7862201.18,23462747816,23691640233,1256763896,1128601316
AT3G54140.1,0,0,29526611.16,0,50882976,45434883.4
AT3G54200.1,0,0,0,0,43522928,0
AT3G54210.1,3306361413,1039623268,74512720.03,100067284.8,1194694192,880298675.5
AT3G54350.1,0,0,50560792.51,0,0,0
AT3G54360.1,0,0,0,0,65020856,61658447.91
AT3G54400.1,199415442.8,851838223.9,446407769,526206988.9,1304805200,1614380114
AT3G54420.1,0,0,0,0,20599076,0
AT3G54440.1,631324621.7,0,0,0,2434408030,1873463226
AT3G54470.1,0,0,0,79342408.29,692322408,422329868.5
AT3G54540.1,0,12731453.32,0,0,267341485,74365855.49
AT3G54600.1,0,0,0,0,204687120,120041568.7
AT3G54610.1,0,0,0,110641676.5,0,0
AT3G54640.1,1370790613,508913284.8,0,0,167152206,173720554.9
AT3G54660.1,2769976672,648965318.9,1408056454,494280796,2101033204,2999481516
AT3G54670.1,0,0,91122953.43,0,0,0
AT3G54760.1,0,0,287325979.8,229491647.6,78070492,124639619.4
AT3G54780.1,0,71617808.82,0,0,0,0
AT3G54826.1,0,0,52587267.04,32080717.67,0,100597998.2
AT3G54840.1,0,0,0,0,47589700,33469121.35
AT3G54850.1,671960199.4,633455494.4,1688902838,2282025163,0,1857534824
AT3G54860.1,0,0,0,0,51002930,28418337.53
AT3G54890.1,31915865146,70011977421,2524262866,2354012140,14217618768,14473902621
AT3G54900.1,316244852.7,84337111.05,28672092.1,0,121703272,142756218.9
AT3G54960.1,0,0,0,0,969278577.5,504542709.2
AT3G54980.1,0,0,53133819.5,30856560.58,0,0
AT3G55000.1,0,0,0,0,6684787.5,0
AT3G55010.1,298493619.9,171400202.6,0,0,338016264,290221736.4
AT3G55040.1,666781620.2,111821060.8,0,0,775936028,1063001846
AT3G55120.1,0,0,0,0,0,662654898.5
AT3G55170.1,0,0,0,0,114209008,0
AT3G55220.1,0,0,9221499.92,0,167996276,74394026.09
AT3G55250.1,785650791.9,373735792.3,0,0,800354030.3,578558526.8
AT3G55260.1,0,0,0,0,474657124,663307922.4
AT3G55330.1,5879355917,5962398240,279352664.3,320653990.3,4443956562,4918766859
AT3G55360.1,0,0,0,0,169159592,88443541.04
AT3G55400.1,306745090.1,0,226158063.3,248179941.7,116825544,72484755.29
AT3G55410.1,0,0,64306843507,66319643883,1954537494,2240006241
AT3G55430.1,0,0,0,0,46906880,0
AT3G55440.1,48485448.24,124438142.5,1188867606,1088566992,12013548893,6947690891
AT3G55560.1,0,0,21969534.15,0,0,0
AT3G55605.1,0,0,205583744.2,238846988.4,0,0
AT3G55610.1,0,0,0,0,130294429,57444064.12
AT3G55620.1,0,0,0,0,162100208,117003377.9
AT3G55630.1,0,0,503298887.4,706077589.7,0,28199887.04
AT3G55760.1,465134729.9,2123786615,0,0,518228241,464708499
AT3G55770.1,0,0,62696183.12,0,90297392,52199280.73
AT3G55800.1,34266704421,5291264890,413030870.4,239684905.4,38379379552,40162192030
AT3G56010.1,348817524.6,321055176.6,0,0,0,0
AT3G56030.1,0,0,46234440.4,13317089.41,0,0
AT3G56070.1,0,0,8001075423,7449115867,277293040,326338027.1
AT3G56090.1,406946519,49271425.37,0,0,76148248,77792044.29
AT3G56110.1,0,0,103500046.1,0,43283588,54905604.73
AT3G56130.1,436380051.6,37846082.91,0,0,136433052,0
AT3G56140.1,298907231,189397399.3,0,0,23239970,0
AT3G56150.1,0,0,12723656.15,11622482.79,243806264,134929298.1
AT3G56160.1,0,0,0,0,38796720,10460290.3
AT3G56190.1,0,0,91930560.57,71799828.59,27188677192,22504933878
AT3G56210.1,0,0,409792776.8,357501590.9,0,0
AT3G56240.1,0,0,403485312.9,122751474.8,1169537848,1293194811
AT3G56290.1,0,8967434.851,0,0,0,36553664
AT3G56310.1,0,0,0,0,749126872,429564032
AT3G56430.1,0,0,921878431.3,1048746510,15238435,0
AT3G56460.1,0,0,644802531.6,697445503.2,724666254,435462704
AT3G56490.1,0,0,50740308.63,0,680917400,1050369296
AT3G56650.1,2570006444,3283698457,120723815.4,0,1901595174,2227574608
AT3G56690.1,0,26947580.43,0,0,0,0
AT3G56840.1,0,0,44530632.34,40587169.91,0,0
AT3G56900.1,0,0,0,32095787,0,0
AT3G56910.1,2335492393,784992023.6,74554999,105632775.5,614763840,407478926.8
AT3G56940.1,5171539551,3233065932,29564314.54,0,807310776.5,288322102.7
AT3G56950.1,0,0,0,0,0,28567060.45
AT3G57020.1,0,0,29966227.33,141268016.2,432850172,42809230.2
AT3G57030.1,0,0,0,0,413712494,695705313
AT3G57050.1,539366705,184688696.8,0,0,374163643,392145039.3
AT3G57090.1,22675901.1,31908183.23,100673880.6,0,56769636,166465594.8
AT3G57150.1,0,0,0,0,135690321,81983043.84
AT3G57180.1,13974676.73,0,0,0,0,0
AT3G57240.1,0,0,0,0,55240358,207159218.9
AT3G57260.1,21609317.66,39170340.42,123127879.4,39873222.8,5129163044,13800329.96
AT3G57280.1,369721725,253214882,0,42779445.38,287424410,243380495.9
AT3G57290.1,0,0,33329546.87,48520095.71,422960032,372267582.8
AT3G57300.1,0,0,45371067.76,59026107.83,0,0
AT3G57320.1,0,0,0,0,17700222,24645490.75
AT3G57330.1,0,0,62443870.49,56462305.44,181298492,51965383.01
AT3G57410.1,0,0,0,0,785804778,124712487.9
AT3G57420.1,0,0,0,0,0,0
AT3G57490.1,0,0,0,0,19109112,0
AT3G57530.1,0,0,0,25729093.95,50620380,80296138.07
AT3G57560.1,806298496.4,191716861.7,0,0,645448072,359670051
AT3G57610.1,1990840099,1035233677,0,0,2657169706,1956777380
AT3G57650.1,0,0,50454614.58,0,0,0
AT3G57785.1,0,0,41361470.82,0,0,0
AT3G57790.1,0,0,0,0,27256038,0
AT3G57810.1,0,0,0,82301266.98,0,0
AT3G57890.1,0,0,0,0,288145032,543113447.8
AT3G58010.1,2337706473,5882222063,0,0,699788072,1460604514
AT3G58140.1,1405377260,148093013.2,904147271.2,1036729847,950384168,1381201770
AT3G58170.1,0,0,44808419.17,16813203.47,0,54756310.62
AT3G58510.1,0,0,60918124.95,0,112821140,72767567.2
AT3G58600.1,0,0,0,0,50217208,50912572.44
AT3G58610.1,9544221574,1517048249,0,0,7212022095,3504728579
AT3G58730.1,0,21894936.39,804172961.5,1679144687,2241672280,1467941274
AT3G58750.1,0,0,1363139578,213931579.8,41156500,46894536.84
AT3G58830.1,0,10964501.56,0,0,0,0
AT3G58840.1,0,0,927079649.9,755242532.4,28318052,0
AT3G58990.1,0,28195618.59,0,0,0,0
AT3G59010.1,0,0,0,0,103999388,183455065.2
AT3G59020.1,0,0,0,0,63875152,0
AT3G59040.1,28146625.65,0,0,0,0,0
AT3G59280.1,0,0,1161147410,1143584663,0,0
AT3G59350.1,0,0,0,0,14773082,0
AT3G59400.1,173241920.7,0,0,0,0,0
AT3G59500.1,0,0,22493371.79,0,41177920,66584137.84
AT3G59650.1,0,0,125832800.7,145786396.9,0,0
AT3G59760.1,69747097.24,143422357.5,9425664688,8217245304,465490454,587946332.9
AT3G59770.1,0,0,0,0,0,22039062.46
AT3G59780.1,5887473082,13691411090,110629158.8,87072920.14,2987451016,3017622007
AT3G59820.1,0,0,4223867918,4545116158,0,33987525.75
AT3G59840.1,26603938.64,23293139.26,0,0,0,55936847.68
AT3G59910.1,0,0,103101289.1,100142401.8,0,0
AT3G59920.1,4704373.585,0,0,0,521223748.5,346257575.3
AT3G59970.1,0,0,0,0,975000870,859256642.5
AT3G59980.1,213360587.7,0,949463013.8,276705851.6,506567920,739807437.5
AT3G59990.1,0,0,0,0,114736472,26601987.42
AT3G60190.1,0,0,0,0,341549380,301901480.7
AT3G60240.2,0,0,26049732.84,0,61466347,75573988.75
AT3G60245.1,0,0,296229639.3,167112719.9,332110936,300552632.9
AT3G60320.1,0,0,0,0,1519400064,0
AT3G60340.1,0,0,0,0,49880628,156362034.4
AT3G60370.1,2264879995,2916112064,0,0,189891564,84040511.47
AT3G60415.1,0,0,0,0,26215710,0
AT3G60440.1,32682226.12,0,0,0,0,96994832.17
AT3G60450.1,0,0,0,0,346784632,198086231.5
AT3G60510.1,0,0,710723796.6,247768401.3,0,0
AT3G60590.1,28091172.51,0,0,0,0,0
AT3G60600.1,0,0,31853374.48,0,0,62333578.26
AT3G60620.1,33821802.02,0,0,0,0,0
AT3G60750.1,71277125364,13311032221,1413579456,728733712.1,65467502160,72384474339
AT3G60770.1,0,0,79103870.78,34770407.34,0,0
AT3G60810.1,129486265.7,583315268.8,0,0,0,14363670.11
AT3G60820.1,0,0,26310620.56,0,1290909476,1584474373
AT3G60830.1,0,0,58210681.37,0,38905268,0
AT3G60860.1,0,0,0,0,11088432,0
AT3G60880.1,26343965.01,10685924.44,0,0,0,0
AT3G60900.1,0,0,0,0,0,62344905.34
AT3G60960.1,0,0,54966023.86,0,0,0
AT3G61050.1,0,0,437123389.6,452789177,164112868,595608899.4
AT3G61070.1,0,0,45285958.57,0,78363352,64858041.47
AT3G61080.1,52510345.67,27781016.65,0,0,23541802.5,67884527.47
AT3G61110.1,0,0,128958941.4,671624418.8,591703488,679744966.3
AT3G61130.1,0,0,1190744470,53149187.8,0,0
AT3G61140.1,0,0,0,0,52922660,0
AT3G61220.1,0,0,13222158.52,0,303753324,581226576.6
AT3G61260.1,0,0,954889538.6,1187199901,3030541028,1653669387
AT3G61310.1,0,0,56810999.1,43409207.99,0,0
AT3G61350.1,0,0,0,0,19357864,0
AT3G61430.1,0,0,0,142155003.4,306951688,0
AT3G61440.1,51495837.77,57040273.46,1.20E+11,1.11E+11,5802098927,6889575811
AT3G61470.1,39876633878,51767437435,997534049.9,981049172.5,14253238503,16955457914
AT3G61520.1,0,0,347201590.1,407416453,0,0
AT3G61530.1,0,0,787055891.5,432539929.5,0,51672364.92
AT3G61540.1,35109685.34,0,47860102.7,76582326.86,168980304,280876259.3
AT3G61780.1,0,0,471616880.3,740523467.3,0,0
AT3G61820.1,0,0,0,0,269242232,211143960.3
AT3G61870.1,5518227542,8854761894,120627343,81799455.48,3156093915,2686554430
AT3G61990.1,0,0,0,0,0,51189313.9
AT3G62010.1,0,0,0,0,370375648,0
AT3G62030.1,30311586596,7186933468,462151075.7,646543111.1,25353321978,31069709218
AT3G62110.1,0,0,0,0,111582888,120035539
AT3G62120.1,0,15641255.67,20187067.36,39326279.89,1272768948,679833768.5
AT3G62240.1,0,0,0,0,0,10885066.47
AT3G62360.1,0,0,254178015.1,350729146.3,350219254,547077487
AT3G62370.1,0,0,0,0,0,47630588.62
AT3G62400.1,0,0,370552838.1,838391835.8,0,0
AT3G62410.1,865172501.2,82046663.85,41988538.39,0,1922355320,2228442488
AT3G62450.1,0,0,385616683.6,241082507.9,0,0
AT3G62530.1,139299112,0,10465070523,12135191545,146067100,338967476.4
AT3G62560.1,0,0,0,0,28281840,45058996.19
AT3G62580.1,0,0,0,9063616.127,79097464,48832555.87
AT3G62600.1,0,0,50273705.39,151078815.6,358306439,48184720.02
AT3G62700.1,0,0,77941063.94,43767702.8,278429804,773341438.8
AT3G62750.1,0,0,0,0,212856692,233677555.6
AT3G62790.1,0,0,2935282156,950230656.4,99347536,0
AT3G62810.1,0,0,727680231.5,623877968.3,0,0
AT3G62830.1,0,0,13210502.87,0,0,0
AT3G62870.1,0,20665044.63,36258644.07,21692558.86,300190856,945244091.1
AT3G62910.1,141400955.7,0,0,0,105580452,53610091.92
AT3G62920.1,0,0,290335826.7,528768993.9,0,0
AT3G63080.1,0,0,132360801.7,0,0,0
AT3G63130.1,0,0,271551518.3,59817781.63,115969248,74989877.64
AT3G63140.1,19704149373,2963995921,267889712.2,344628586.5,13954412349,17299848850
AT3G63150.1,0,0,1156897140,475307085.1,0,0
AT3G63160.1,5455968718,4263895376,14164700630,13066875124,12804862592,12679844785
AT3G63170.1,1080543551,329628308.7,57045310.15,0,1065178376,1700332711
AT3G63190.1,11029273257,3128430849,348045061.5,200901207.9,9744072920,7728474644
AT3G63260.1,0,0,57970469.2,0,126902888,0
AT3G63410.1,3876610673,1403863307,698442282.7,541610824.5,2070208776,3535443758
AT3G63460.1,0,0,54053434.31,89710321.55,1979886468,1429168072
AT3G63490.1,15479413688,4690787661,42425084.2,0,8039568466,7031823207
AT3G63520.1,0,0,3225945534,3361628371,1600253638,2908170501
AT3G63540.1,2226414269,848014681.3,0,0,1432007188,1571529889
AT3G66654.1,0,0,885163268.2,964066969.3,50693168,0
AT4G00026.1,0,0,439767242.8,594855461.3,0,0
AT4G00030.1,154443615.2,139949942.3,0,0,97817120,35855269.65
AT4G00090.1,0,0,23120288.97,0,0,0
AT4G00100.1,0,0,39489006.35,57512584.43,33436638,18843329.77
AT4G00170.1,0,0,0,0,17550234,0
AT4G00238.1,0,0,326117147.4,158761907.5,0,0
AT4G00240.1,0,0,0,0,19243746,0
AT4G00260.1,0,23490288.52,0,0,0,0
AT4G00270.1,0,0,726631233.2,211357558.1,0,0
AT4G00290.1,41575290.31,0,835338103.3,1352607251,81477264,82339525.77
AT4G00355.1,0,0,238602102.4,67485794.23,0,0
AT4G00370.1,39610036.28,0,0,0,51285242,0
AT4G00430.1,0,0,75020343,120527499.5,0,0
AT4G00490.1,806462299.9,109301478.6,0,0,1106772731,1343630314
AT4G00520.2,0,0,0,0,0,75824546.93
AT4G00530.1,0,0,1158223982,375062237.2,0,0
AT4G00570.1,0,0,38482253704,34794646926,1278246070,2323658642
AT4G00585.1,0,0,4328139542,5334606946,0,0
AT4G00620.1,350621836.3,75289268.97,0,0,266103084,307345156.2
AT4G00630.1,226626127.9,55072206.81,0,0,41338492,88677894.52
AT4G00740.1,0,0,347061049.3,210305285.1,0,0
AT4G00860.1,0,0,10313058804,10774845385,304730500,306519978.1
AT4G01037.1,136673405.5,12797611.5,0,0,0,0
AT4G01050.1,22200907111,33417863349,1059349392,245483090.2,7664934880,9394199870
AT4G01070.1,0,0,0,0,45688396,140398395.8
AT4G01100.1,0,0,10233759414,13728013694,129016394,144898249.8
AT4G01130.1,0,0,0,0,25981702,0
AT4G01150.1,35420246460,56127205728,785341987.2,734321451.7,18353069569,19175439555
AT4G01310.1,10323100578,1539101877,39851505.34,41356214.76,6774749216,4446989223
AT4G01320.1,0,0,0,0,0,52468696.09
AT4G01370.1,0,0,0,0,440227170,54282454.39
AT4G01480.1,0,0,0,0,0,286445957.5
AT4G01610.1,0,0,0,0,259745194,158039644.5
AT4G01650.1,0,0,0,0,0,15737379.48
AT4G01660.1,0,0,1401068174,1591163751,0,0
AT4G01690.1,4074820980,3610634107,0,0,1050169900,413040455.6
AT4G01700.1,0,0,0,0,294548428,171938550.6
AT4G01800.1,2891214615,769758804.7,19084789.6,0,1316753190,1096337767
AT4G01850.1,0,0,0,0,227241208,74720878.32
AT4G01870.1,0,0,0,0,48565212,0
AT4G01883.1,78896259.14,42742861.61,0,0,114555516,57622385.61
AT4G01897.1,0,0,0,0,0,208292373.3
AT4G01900.1,1491316848,459470022.4,0,0,1107553072,1002123734
AT4G01935.1,32018991.84,11202345.7,0,0,0,0
AT4G01940.1,57430574.9,19467423.43,0,0,90796296,75184029.12
AT4G01990.1,0,0,51994627.29,0,0,0
AT4G02010.1,0,86498185.29,0,0,108749384,0
AT4G02080.1,0,0,0,39583706.69,88486856,151747509.5
AT4G02120.1,0,0,0,0,24805594,59676535.65
AT4G02340.1,0,0,0,0,37028920,69444870.32
AT4G02350.1,0,0,37590413.86,0,18587776,24215489.1
AT4G02405.1,10953124.18,0,0,0,0,0
AT4G02450.1,0,8669537.686,0,0,2382966976,1295255273
AT4G02500.1,0,0,130439923.9,37212616.56,0,0
AT4G02510.1,2339632082,725590148.5,407561568.1,349040013.8,1269297184,1590311150
AT4G02520.1,1257177568,1698846911,4248653502,4392569706,33263727248,20716545155
AT4G02530.1,13338884190,21025492302,497020740.9,277294890.2,6117858176,6798070777
AT4G02570.1,0,0,37214307.91,0,84416672,45110166.67
AT4G02580.1,0,0,19950739657,21223808694,1241436334,1610422276
AT4G02610.1,0,0,0,0,23882896,0
AT4G02620.1,17284817.58,22602999.24,335609565.6,181104359.6,463088384,602155714.3
AT4G02725.1,319814027.2,497521613,0,0,0,376012679.8
AT4G02770.1,586543526.1,1253435958,0,42170590.75,0,0
AT4G02860.1,0,0,0,0,13464764,0
AT4G02930.1,0,0,36648241812,33132668767,1516161231,2434729547
AT4G02980.1,0,0,0,0,0,34615632.09
AT4G02990.1,24119346.21,0,0,0,0,0
AT4G03080.1,0,0,0,0,551933266,231231067.7
AT4G03140.1,0,0,28979115.54,73348826.65,0,0
AT4G03150.1,47546715.27,0,0,0,0,25696053.09
AT4G03200.1,0,0,311710354.3,156456567.1,212995308,279951883.9
AT4G03220.1,0,0,149693063.4,163795907.3,0,0
AT4G03240.1,0,0,1106507740,658698573.4,0,0
AT4G03280.1,43237507290,68221074770,784768047.4,1595554316,21664048516,24700413315
AT4G03520.1,3131731036,1398202034,0,0,3801519136,4828064909
AT4G03550.1,0,0,0,0,13782462,0
AT4G03560.1,0,0,199829725.4,311521799.8,444766914,161815038
AT4G04020.1,4529908670,15663993143,42459143.68,0,4151804332,7624878302
AT4G04040.1,0,0,0,0,136522340,157738170.2
AT4G04180.1,0,0,72343943.33,35839074.43,0,0
AT4G04190.1,0,0,122161626.7,83656966.92,0,0
AT4G04210.1,0,0,0,0,36996220,26702591.2
AT4G04320.1,41220835.37,51394020.32,2722086126,2556810863,0,63030495.26
AT4G04340.1,0,0,55382996.6,0,36743520,124657442.1
AT4G04350.1,93036608.62,0,0,0,238577550,6715030474
AT4G04470.1,0,0,190554856.7,46466899.42,0,23630941.02
AT4G04620.1,0,0,0,0,0,25857097.29
AT4G04640.1,76988532060,1.20E+11,3800106253,3378125331,37417212947,55202303682
AT4G04720.1,0,0,61905334.88,148856148.5,255170854,137359253.8
AT4G04770.1,253915520.3,18026743.37,240510916.7,200653564.2,77392238,160058447.6
AT4G04850.1,57182920.29,78656115.76,0,0,38130676,0
AT4G04910.1,0,0,96409098.25,64660702.01,447326107,522602686.2
AT4G04950.1,0,0,0,0,207808040,251150678.2
AT4G05020.1,0,0,14994529803,11475379565,472104369,556132487.4
AT4G05070.1,0,0,13310212.52,0,0,0
AT4G05090.1,46405575.27,14771333.19,0,0,0,71527216.72
AT4G05150.1,0,0,0,0,74886020,151906082.2
AT4G05160.1,0,0,509145634.6,207514239.6,234876676,162974258.7
AT4G05180.1,74548046535,92231909927,46140119208,47041696854,90144114086,95545022433
AT4G05350.1,0,0,24429473654,21969374894,0,0
AT4G05390.1,144696770.9,0,0,0,228700416,173476268
AT4G05400.1,0,0,822235128,853406015.9,0,63787876.31
AT4G05420.1,0,0,0,0,92555604,57621728.53
AT4G05530.1,0,0,2043199684,1087789691,366347310,499645052.4
AT4G05590.1,0,0,269064033.3,0,0,0
AT4G07990.1,0,0,20489562.37,24547157.27,0,0
AT4G08280.1,20541994.12,0,349824956.3,75563910.82,218290968,0
AT4G08390.1,1494576970,416069357.3,5257977809,4627117729,242433748,1445192817
AT4G08430.1,0,48921047.83,0,0,0,0
AT4G08520.1,0,0,0,0,0,31563084.4
AT4G08790.1,0,0,0,0,0,43736684.91
AT4G08870.1,0,0,20401263485,33710449025,1110356884,2146082881
AT4G08900.1,0,0,3466299311,2943096498,102813416,209029120.8
AT4G08920.1,0,0,0,0,28445878,0
AT4G09000.1,0,0,429288272.2,530930219.4,4301640120,2937334901
AT4G09010.1,28269984795,50670436036,1712008799,1133882248,13343783866,17913740172
AT4G09020.1,597395182.7,63124717.92,0,0,181076982,1608369101
AT4G09040.1,1071705235,187206935.9,0,0,313866720,365870777
AT4G09320.1,106177913.4,71896540.81,645756933.6,1001093774,9639191752,8600540130
AT4G09350.1,0,161152611.9,0,0,32956858,32021202.98
AT4G09570.1,0,0,0,0,77692908,0
AT4G09620.1,116283645.1,0,0,0,0,0
AT4G09650.1,40979449235,1.02E+11,1591427190,1266086540,33926916234,47081078528
AT4G09670.1,0,0,29604097.97,0,1024043506,996164555
AT4G09720.1,0,0,53305402.89,28215484.22,133883056,83408935.07
AT4G09730.1,47522550.27,0,0,0,8023685.5,0
AT4G09750.1,0,10747071.71,71553008.42,56752733.63,0,164032778.9
AT4G09800.1,24489516.56,22045679.97,1581914231,1813840106,6202856360,6575764453
AT4G10000.1,458949198.9,1163485464,0,0,68751926,211628035.7
AT4G10030.1,47112081.02,0,0,0,0,0
AT4G10040.1,0,0,2419576182,2203585797,0,149230412.7
AT4G10050.1,0,0,0,0,93417584.5,42197423.05
AT4G10060.1,0,0,133839674.9,390309470.9,328052027,143739374.9
AT4G10120.1,0,0,0,0,0,533584536.4
AT4G10300.1,1976848418,454706308.7,0,0,2304114264,3450046866
AT4G10320.1,0,0,0,32581124.43,488050572,447857518.5
AT4G10340.1,3.56E+11,5.41E+11,18868191392,17343567517,1.60E+11,1.79E+11
AT4G10360.1,0,0,0,0,28669950,39133639.55
AT4G10450.1,0,0,0,53258133.32,38862376,71950862.32
AT4G10480.1,0,0,0,0,321095430,187922531.3
AT4G10750.1,294369553.8,36081844.37,0,0,107510464,95372927.73
AT4G10790.1,0,0,16191681.52,0,83824114,49692761.02
AT4G10840.1,0,0,0,0,100922922,38467384.04
AT4G11010.1,0,0,58235204862,49774325320,2414396061,3217765131
AT4G11060.1,0,0,738956835.9,396218057.4,0,0
AT4G11120.1,0,0,2987975034,2571081157,47608292,22914854.95
AT4G11150.1,0,65959345.25,5515308068,4627524383,5071018736,6322434745
AT4G11160.1,0,0,0,50653085.85,0,0
AT4G11175.1,86273923.42,28342088.38,0,0,72534664,0
AT4G11260.1,0,0,0,33042967.44,545380982,264246771
AT4G11290.1,0,0,0,0,39889380,122806775.8
AT4G11320.1,37865819.65,48941321.65,147414199.8,250546216.8,0,0
AT4G11380.1,0,0,0,0,136147896,160936035.2
AT4G11420.1,0,0,47748922.2,31245863.12,2114056440,528592573
AT4G11600.1,0,0,2474313775,1559249898,2371740768,4410740186
AT4G11740.1,0,0,0,0,194613360,0
AT4G11820.1,0,0,0,0,0,0
AT4G11850.1,0,0,75756303.26,24710310.08,81289508,0
AT4G11860.1,0,0,0,0,20063144,39690131.91
AT4G11890.1,63918739.57,158636095.9,0,0,0,0
AT4G11960.1,165815750.5,1227758863,0,0,192395384,181823766.3
AT4G11980.1,0,19370191.02,0,57002790.54,0,0
AT4G12060.1,1476942384,253792724.8,0,0,648898212.5,1033575472
AT4G12130.1,0,0,1182655128,746543504.4,20158284,0
AT4G12290.1,0,0,0,0,278989612,2370194445
AT4G12300.1,0,0,0,0,0,31321084.33
AT4G12320.1,0,0,33212845.07,0,0,110502292.2
AT4G12334.1,0,45351874.16,0,0,0,0
AT4G12340.1,0,0,2591454266,2439853714,275649016,96998397.78
AT4G12390.1,0,6827925.871,0,0,39396896,88946907.79
AT4G12420.1,0,0,1889237194,1491836148,3743724360,1625149101
AT4G12590.1,0,0,0,0,194433672,226530096.3
AT4G12650.1,0,0,0,0,100464880,0
AT4G12720.1,0,0,31196227.82,0,672093080,74572706.18
AT4G12730.1,0,0,124699809.7,132782903.1,862820968,1110287314
AT4G12800.1,67990086499,80106810824,837911969.6,813107225,61809600057,53835917253
AT4G12830.1,326051099.3,292196363.1,0,0,0,192804626.5
AT4G12840.1,0,30375900.32,0,0,0,0
AT4G12880.1,13252323.95,0,28198486.55,0,716947712,647239950
AT4G12910.1,0,0,0,0,0,118257597.9
AT4G12980.1,0,0,0,23424089.81,125324556,231792154.3
AT4G13010.1,151725675.5,195644892.8,917861936.5,284743617,803459143,1355527358
AT4G13050.1,34892207.22,0,0,0,8931139,0
AT4G13180.1,0,0,0,0,110229276,0
AT4G13200.1,1153880792,2049361319,0,0,199260104,253005119.5
AT4G13220.1,279276150.2,402376463.3,0,0,0,0
AT4G13340.1,0,68156073.86,0,0,0,0
AT4G13350.1,0,0,0,0,107628556,49074102.86
AT4G13360.1,97958871.96,12049028.95,2897189625,1777789549,564452998,303876914.5
AT4G13430.1,2679285616,428231224.3,0,0,1566278336,996117911.1
AT4G13500.1,342415893.6,0,0,0,275399960,269496005.2
AT4G13510.1,0,0,0,0,113727548,36954250.68
AT4G13550.1,43272350.4,16796237.04,0,0,74211451,24193663.81
AT4G13577.1,0,0,56599074.03,0,0,0
AT4G13615.1,0,0,6432285.805,0,96654128,83325099.66
AT4G13670.1,161552907,271064951.4,0,0,48205324,53316023.8
AT4G13730.1,0,0,0,0,15853745,0
AT4G13770.1,0,0,34854704.84,16649130.25,99195288,124377780.3
AT4G13780.1,0,0,0,0,423289226,240043203.8
AT4G13840.1,0,0,0,0,50373080,66414779.24
AT4G13850.1,0,0,9587746839,8997201289,770724577,1105310162
AT4G13930.1,0,12883469.72,56603473.73,482255278.6,3519272158,2781702554
AT4G13940.1,41281986.8,37262515.83,977282088.2,751109513,8300978673,9360263207
AT4G14030.1,0,0,0,0,451985656,246090886.5
AT4G14040.1,0,0,0,0,379157004,408492682.1
AT4G14070.1,1722669733,938693814,0,0,536383400,1257698277
AT4G14090.1,0,0,0,0,0,1234896320
AT4G14100.1,0,0,0,0,40155460,64629923.77
AT4G14110.1,0,0,0,0,45882012,56250565.87
AT4G14145.1,0,0,57415481.85,89195254.9,0,0
AT4G14160.1,0,0,14411125.26,56321212.36,214590080,261920361
AT4G14210.1,1753153042,2258582963,0,0,1110506751,960745106.1
AT4G14300.1,0,0,0,0,0,43728941.7
AT4G14430.1,0,0,101639404.3,47961042.75,64523276,14221834.69
AT4G14570.1,0,0,0,0,304041160,594495098.7
AT4G14605.1,14593072.4,0,0,0,0,0
AT4G14615.1,0,0,268339055.6,677557558.4,0,0
AT4G14680.1,67251685.81,0,0,0,0,0
AT4G14710.1,0,0,0,0,117814920,9146404290
AT4G14716.1,0,0,0,0,0,125269924.6
AT4G14800.1,0,0,0,0,112130864,200224053.7
AT4G14870.1,854648292.1,923417187.9,0,0,172949806,255467065.8
AT4G14880.1,0,0,2953123550,1273356023,9891751694,6636067546
AT4G14890.1,471812445.5,35832758.9,0,0,293600218,310818897.4
AT4G14900.1,0,0,0,546978330.1,0,0
AT4G14960.1,0,0,0,0,295216942,305783174.7
AT4G15000.1,0,0,102284713.1,42222898.98,950031040,0
AT4G15010.1,0,0,384153768.9,97572963.78,0,0
AT4G15020.1,0,0,106507727.5,15596036.79,0,0
AT4G15110.1,1199619405,524966442,0,0,883416360,1050919586
AT4G15490.1,0,0,0,0,44683796,62100410.09
AT4G15510.1,3793808343,1145111945,18213934.78,0,1233052384,1061218008
AT4G15530.1,1134697437,2099058654,0,0,1153160428,1697261172
AT4G15545.1,0,0,79403322.2,50059450.34,702682476,334718804.4
AT4G15560.1,415551262.1,112202270.5,0,0,85504088,0
AT4G15610.1,0,0,0,0,72359570,0
AT4G15640.1,0,0,116560980.7,386758982.3,0,0
AT4G15802.1,0,0,102174414.5,86010196.56,0,0
AT4G15930.1,0,0,0,0,0,20659390
AT4G15940.1,0,0,2004300858,1212013909,0,0
AT4G16060.1,253412341.7,255086791.3,0,0,116107096,394325679
AT4G16130.1,0,0,0,0,18731938,18783521.73
AT4G16143.1,0,0,15375478.9,0,1120890072,727894182.7
AT4G16150.1,0,0,26595128.02,0,0,0
AT4G16155.1,1420939039,357211833.4,0,0,444308426,225558718.3
AT4G16190.1,0,0,31013553.39,0,55824736,103040060.4
AT4G16210.1,0,14996279.81,400483240.7,419011181.4,39829244,45163080.76
AT4G16260.1,0,0,0,0,0,128198559.4
AT4G16370.1,0,0,0,0,23067756,0
AT4G16390.1,499730529.1,8305073.577,0,0,621070972,0
AT4G16450.1,0,0,13418929978,13282376923,609834106,576911692.1
AT4G16500.1,16341152.74,56493701.38,0,0,1698580256,1117862207
AT4G16580.1,0,0,260015548,146997984.6,0,0
AT4G16660.1,0,0,66980506.71,37370543.21,704659077,465241769.8
AT4G16700.1,0,0,158417918,175639447.7,0,0
AT4G16720.1,20410608.01,13726173.69,255013399.5,578983915,958095780,912085541
AT4G16760.1,0,0,3123153167,2182285812,913717586,438555760.1
AT4G16770.1,0,0,0,0,0,68589329.13
AT4G16800.1,0,0,3215321376,2228239808,0,69749357.21
AT4G16830.1,0,0,3766284276,4653266935,736882652,1255342800
AT4G16970.1,0,19170304.85,0,0,0,0
AT4G16990.1,0,0,0,0,77428552,19615660.42
AT4G17010.1,0,0,73608736.15,29591486.3,0,0
AT4G17040.1,1046037093,176369603.5,0,0,714292056,1169321249
AT4G17050.1,0,0,33182669.11,0,78904096,64507471.08
AT4G17085.1,0,0,361394304.2,557287525.6,29919074,28198257.23
AT4G17090.1,0,0,97625737.75,101645191.6,3973701359,873987425.2
AT4G17100.1,0,0,0,0,353488983,360284013.1
AT4G17140.1,79907654.96,90343152.62,993061711.6,1052245256,83607816,0
AT4G17170.1,0,59045436.76,391491966.9,420325039.5,984750693,583479924.4
AT4G17190.1,0,0,0,0,0,34872431.44
AT4G17210.1,15825047.83,54158794.97,0,0,0,0
AT4G17260.1,0,0,0,0,0,47537717.32
AT4G17300.1,453644874.6,24621487.33,254669361,364810696,498996816,125735419.2
AT4G17330.1,0,0,0,0,0,18544400.13
AT4G17340.1,0,0,0,0,34933955.81,611132667.3
AT4G17360.1,0,0,702563067.8,265113989.4,22156520,0
AT4G17370.1,0,0,0,0,36308340,48642608.83
AT4G17510.1,0,0,0,0,103268188,79722427.47
AT4G17520.1,0,11489947.7,636631651.2,1115998918,663661190,433241541.3
AT4G17530.1,0,66873552.61,0,0,186917872,0
AT4G17560.1,760765096.6,158692872.1,0,0,389800144,297664358.9
AT4G17600.1,3407127475,4314716409,0,0,1354717568,526507367.2
AT4G17650.1,0,0,394247579.1,440783405.9,0,62983823.4
AT4G17720.1,0,0,24179006.84,0,209436152,0
AT4G17740.1,311115960,292093343.7,0,0,33711892,49213991.74
AT4G17750.1,0,0,40595233.91,19176462.68,0,0
AT4G17770.1,0,0,0,0,0,99454766.45
AT4G17830.1,0,0,19074286.13,0,220549200,952030718
AT4G17870.1,0,0,0,0,193875008,131570777.6
AT4G17890.1,0,0,0,0,0,15992483.53
AT4G17950.1,0,0,55103184.54,39075227.67,0,0
AT4G18030.1,0,0,730611161.4,27585020.9,0,0
AT4G18040.1,0,0,0,0,49307520,0
AT4G18070.1,0,0,0,0,14303065,0
AT4G18100.1,0,0,383919279.4,395596683.4,1335248976,299166226.5
AT4G18130.1,0,0,0,61360305.24,0,0
AT4G18240.1,282814912.5,57444653.13,0,0,23707992,0
AT4G18370.1,61616622.18,212285689.4,0,0,0,317027826
AT4G18440.1,6457052616,388524420.3,0,0,1136925712,1031265478
AT4G18480.1,1661807046,91520008.15,0,0,335985472,395484515.3
AT4G18670.1,0,23083710.28,0,0,0,0
AT4G18740.1,73456781.54,10722220.29,0,0,0,0
AT4G18800.1,0,16438112.52,0,0,18778470,14250911.46
AT4G18810.1,714954272.3,52947278.63,0,0,1169740752,1579183810
AT4G18930.1,0,0,0,0,0,62038730.66
AT4G19003.1,0,0,0,0,0,62925442.25
AT4G19006.1,0,0,0,0,110394088,108839842.2
AT4G19100.1,251972946.5,0,0,0,0,0
AT4G19120.1,0,0,18356667.74,121126890.4,25372214,52124507.52
AT4G19170.1,941371997.7,2591548817,75167383.89,48231288.63,843714127,1248530633
AT4G19210.1,0,0,0,0,65972304,213422352.2
AT4G19410.1,56303839.9,205485207.1,77487200.98,0,249268584,1059321175
AT4G19440.1,135514123.5,110072966.1,328113008.8,0,0,4764933312
AT4G19490.1,0,0,0,0,4805838.5,5960582.247
AT4G19510.1,0,0,0,0,0,82907863.79
AT4G19540.1,0,0,195212704.1,189325160.5,0,0
AT4G19640.1,0,0,0,0,114045040,99417396.76
AT4G19710.1,318979260.5,0,0,0,53166214,0
AT4G19830.1,114647733,72060163.28,0,0,0,34950033.2
AT4G19880.1,0,0,112336601.2,91583248.5,275921400,380611269.5
AT4G20020.1,0,0,251124534.5,300413051.4,0,0
AT4G20070.1,0,0,0,0,0,57057672.25
AT4G20130.1,155219870.7,166986006.1,0,0,45232448,27344637.9
AT4G20150.1,0,0,5274594995,4260415372,128221208,140552817.7
AT4G20260.1,366777168.3,256078042.6,3280656329,4455427826,13790832096,12245030816
AT4G20360.1,41290178147,8848425097,5861828627,5053304540,24858451677,25737788679
AT4G20410.1,0,0,18265209.45,24931496.61,52403016,0
AT4G20430.1,0,0,133822241.7,0,0,0
AT4G20440.1,0,0,0,0,214583476,267939134.3
AT4G20760.1,31873228.19,0,10888086761,7339439423,207256144,487215749.9
AT4G20830.1,17878458.47,65735374.4,26245481.48,0,1418840264,629536218.7
AT4G20840.1,0,0,0,0,0,14002712.1
AT4G20850.1,795725926.7,133441085.3,0,0,4203684226,3348029299
AT4G20860.1,0,0,0,0,311589088,0
AT4G20890.1,0,0,0,0,302244080,367084032.7
AT4G20930.1,0,0,576388135.3,765427984.3,0,0
AT4G20960.1,184284310,0,0,0,119002416,56164235.28
AT4G20980.1,0,0,0,0,48510332,48495985.97
AT4G21090.1,0,0,2265681018,1681689239,142636844,61983471.7
AT4G21105.1,0,0,21469402631,17729309458,501529520,86869579.66
AT4G21150.1,0,18325465.26,512805350.5,729859498.7,18067810660,17759663540
AT4G21192.1,0,0,43649054.85,0,0,0
AT4G21210.1,616847474.4,88641467.05,12059937.97,0,102605512,371338637.8
AT4G21280.1,69870074475,1.46E+11,43037628493,31980743507,68312457360,68572528987
AT4G21445.1,0,0,0,0,22472111.25,0
AT4G21450.1,0,0,0,0,49563968,43356498.78
AT4G21460.1,94813296.02,163446972.4,0,0,0,0
AT4G21470.1,0,0,318014143.7,136705699.2,0,0
AT4G21570.1,0,0,0,0,85913272,58550969.8
AT4G21580.1,0,0,0,0,1141783534,1384480578
AT4G21585.1,0,0,0,0,1923072256,0
AT4G21620.1,0,0,0,0,32227344,0
AT4G21650.1,0,28057254.6,0,0,196952510,127451472.6
AT4G21705.1,0,0,0,156605466.2,0,0
AT4G21710.1,0,0,114740508.5,106944480.8,0,0
AT4G21790.1,0,0,0,56913839.25,0,0
AT4G21800.1,0,0,0,0,0,17268220.66
AT4G21860.1,1601132493,557141703.7,1102168231,505082871.9,2193489375,2629209332
AT4G21960.1,0,0,493934060,425268456.2,219065596,454603073.7
AT4G22000.1,0,0,194886600.8,150492912.8,0,0
AT4G22010.1,0,12456655.75,0,0,495298856,268880872.9
AT4G22220.1,0,0,4435688484,5287886136,230224840,412249767.5
AT4G22240.1,1814448425,8224128555,0,0,572899476,3432786476
AT4G22260.1,60910554.37,249786254.1,0,0,0,40009331.12
AT4G22310.1,0,0,7250519706,5981563450,61288406,46094439.29
AT4G22380.1,0,0,0,0,15683000,0
AT4G22670.1,0,0,15895379.49,71168934.19,1053268648,871939669.7
AT4G22690.1,0,0,1259925757,1208305425,745153243.5,2858783183
AT4G22720.1,0,0,0,0,21203666,0
AT4G22880.1,0,0,0,0,0,212829556.3
AT4G22890.1,3143458085,6457878346,0,205690666.5,2852258887,3970707731
AT4G22930.1,273042371.1,106855414,0,0,96164928,37501522.48
AT4G23100.1,4373763969,1614533751,0,0,2325834932,2218544573
AT4G23160.1,0,0,15871262.68,0,21982740,0
AT4G23170.1,0,0,0,0,0,68869849.86
AT4G23180.1,0,0,28845579.66,27151272.68,168746592,222422315.9
AT4G23220.1,0,0,0,0,39899372,0
AT4G23400.1,0,0,81928843.33,48076068.26,907376520,138419904.2
AT4G23460.1,0,0,0,0,34398164,24469344.49
AT4G23530.1,0,0,0,13778721.87,0,0
AT4G23570.1,0,0,0,0,67446726,0
AT4G23590.1,0,0,47174972.28,0,0,0
AT4G23600.1,138858602.9,28668639.37,48177483.04,196763261.9,3926309176,14830945021
AT4G23620.1,0,0,1186905134,527755980.4,0,0
AT4G23630.1,0,0,1497574312,860836787.4,495941392,543474990.9
AT4G23650.1,0,2810284.743,82795896.83,0,1106057688,1029131078
AT4G23670.1,0,29361410.52,1259730668,837876702.6,17690103523,10367431718
AT4G23710.1,0,409352034.4,101642718.1,113575398,463723128,394038205.2
AT4G23730.1,0,0,0,0,49836958,84969046.28
AT4G23760.1,0,0,1202202362,360213490.2,27650314,24295319.77
AT4G23850.1,0,97059811.99,153750753.8,778050479.2,2059063806,881871015.8
AT4G23885.1,0,0,252866579.4,219381362.5,0,0
AT4G23890.1,3737212526,6868006486,0,126100866,1757612107,912720762.6
AT4G23900.1,0,0,516086880.3,455811613.5,0,0
AT4G23920.1,0,0,0,0,48289114,18607136.04
AT4G23940.1,245295787.8,38909367.06,164800212.6,0,0,11208760
AT4G24090.1,64739737.6,127194048,0,0,35612948,31258537.39
AT4G24190.1,13860418.68,63252097,3595015784,1991700591,13165287796,6477323620
AT4G24220.1,0,0,0,0,464141010,433906820.8
AT4G24280.1,7007668427,2119539815,0,0,5775375407,5945855813
AT4G24330.1,0,0,33583348.15,53085668.28,46106964,43968938.32
AT4G24350.1,0,0,0,0,47872600,188987858.6
AT4G24450.1,0,0,0,0,97817568,95158080.44
AT4G24460.1,0,0,0,0,23911720,0
AT4G24510.1,0,0,0,0,210365522,0
AT4G24520.1,0,0,0,0,44471604,28940420.27
AT4G24550.1,0,0,0,0,66009644,0
AT4G24570.1,0,0,90838990.2,0,0,0
AT4G24620.1,3349146389,679185575.7,0,0,3670644320,3398453275
AT4G24750.1,1566455660,2332843804,73076020.08,0,365454032,135116189.5
AT4G24770.1,9767994345,1682718743,0,0,10898190704,3411321607
AT4G24780.1,0,11484667.67,0,0,0,0
AT4G24800.1,0,0,0,0,395819374,141192682.7
AT4G24810.1,45345956.28,0,0,0,0,11498839.49
AT4G24820.1,0,0,27499621.71,0,634903248,570626859.1
AT4G24830.1,3929834247,1271534126,0,0,3074170004,2802746340
AT4G24840.1,0,0,31669178.26,48279797.07,0,0
AT4G24930.1,802006323.7,587758097.1,0,0,358993520,162505656.9
AT4G25000.1,0,0,0,0,58463862,0
AT4G25050.1,594410435.4,280135081.5,0,0,394193520,0
AT4G25080.1,6037974468,3666785260,531762254,761789339.9,2956076766,1974885487
AT4G25100.1,573343091.4,310835175.1,74106585.96,113805362.5,1422562608,5699915212
AT4G25130.1,1536200325,392981216.6,2518709541,2049378434,401384332,1526001875
AT4G25210.1,0,79731416.85,1659171327,1861329809,0,0
AT4G25280.1,0,0,1135585507,444568080,0,0
AT4G25290.1,41402517.28,0,0,0,0,0
AT4G25315.1,0,0,126297441.1,148257000.5,0,0
AT4G25370.1,1867111719,417223641.2,18977366.44,0,1255204470,921909666.3
AT4G25450.1,975725541.2,315659747.9,75190692.64,193482916,802523936,499410892.3
AT4G25550.1,0,0,0,0,33628708,0
AT4G25570.1,0,0,0,0,582857520,294990696.1
AT4G25650.1,638880288.5,62074268.67,0,0,141244472,399783457
AT4G25740.1,0,0,0,0,64157920,0
AT4G25840.1,0,0,0,0,0,50845108.15
AT4G25900.1,45368630.42,629009719.4,199592768.4,399554082.1,1702968093,2273290347
AT4G25970.1,0,0,0,43525834.65,119230261,281416772.5
AT4G26110.1,0,0,0,0,0,17767454.91
AT4G26210.1,0,0,23469933267,43541228299,147302792,136089214.5
AT4G26270.1,0,0,0,0,0,33236659.65
AT4G26300.1,292700288.9,95656424.73,323259741.6,252799578.5,384826324,439752241.6
AT4G26310.1,0,0,166218421.5,397712725.2,0,0
AT4G26410.1,0,0,5841085148,7260917214,72624992,42943583.31
AT4G26500.1,928981542.3,113708853.1,48844127.56,0,561262872,418325126.9
AT4G26530.1,0,0,1604196050,1820289140,6038344788,3983181944
AT4G26555.1,385546145.8,206609820.9,0,0,401994354,145645618
AT4G26620.1,0,0,333593695.2,323769259.3,0,0
AT4G26630.1,0,110251730.5,0,0,302837204,43436632.23
AT4G26690.1,0,0,0,57505054.76,1468174216,1304966631
AT4G26720.1,0,0,0,0,71504144,0
AT4G26780.1,0,0,5233750948,4391458697,176744774,16640175.52
AT4G26840.1,0,0,60857422.53,23188301.65,117663382,82203931.52
AT4G26860.1,0,0,1717691938,2014200499,0,0
AT4G26870.1,0,0,0,0,26979014,0
AT4G26900.1,1317855674,243670849.4,0,0,942189184,909925207.5
AT4G26910.1,0,4591512.002,7459031324,6890069780,729190564,705297315.8
AT4G26940.1,0,0,72752583.14,0,0,0
AT4G26965.1,0,0,379626998.9,86991465.22,0,0
AT4G26970.1,2209475.052,7205527.001,46676948410,34615495557,2185100988,2708429715
AT4G27000.1,0,0,24531916.2,0,104462472,0
AT4G27070.1,8918698.678,0,0,0,0,0
AT4G27080.1,0,0,0,0,30239198,0
AT4G27090.1,7879306.197,79294877.27,269679461.1,487018885.4,5661956384,5101093846
AT4G27230.1,0,0,220638917.7,0,0,0
AT4G27320.1,0,0,0,0,209054084,228856407.6
AT4G27390.1,0,28796329.89,0,0,0,0
AT4G27440.1,10990771527,6458325449,1458610097,1695221278,807250536,683758106.5
AT4G27450.1,0,0,0,0,53595696,0
AT4G27500.1,0,0,104750643.2,145350405.1,312599035,170442331.1
AT4G27520.1,0,35404176.17,721881902.1,280535816.9,7275624904,7224713797
AT4G27560.1,0,0,0,0,177420123,406790607.6
AT4G27585.1,0,0,8856233268,9804115079,78940551.5,144264085.9
AT4G27700.1,3462052428,3634659358,149827381.9,503065200.2,2276102950,2196250369
AT4G27720.1,0,0,0,0,13444402,0
AT4G27740.1,0,0,6999333730,2672306605,90128192,191905138.4
AT4G27800.1,678177815.5,826865497.6,0,0,311036408,338047687.6
AT4G28025.1,396232504.2,828759625.3,0,0,187495952,188597863.5
AT4G28030.1,10279576.73,0,0,0,0,0
AT4G28060.1,0,0,578086462.2,667314625.2,0,0
AT4G28070.1,0,0,0,23008363.54,0,0
AT4G28080.1,0,0,0,0,125338809.5,79616459.7
AT4G28210.1,0,18173566.91,0,0,0,0
AT4G28220.1,0,0,8067312825,9911646546,102854212,251491985.1
AT4G28250.1,0,0,0,0,13573565,38332494.11
AT4G28360.1,0,0,123672994.2,150457528,0,0
AT4G28390.1,0,0,2664994309,2045890848,0,43872858.93
AT4G28400.1,0,0,0,22556731.52,159188618,0
AT4G28440.1,0,0,93773483.81,99651125.81,372040579,277709281.3
AT4G28470.1,0,0,0,0,0,0
AT4G28480.1,0,0,0,0,25046266,0
AT4G28510.1,0,0,10158917597,9787053503,298223440,419354445.9
AT4G28540.1,0,0,0,0,88363608,68999040.82
AT4G28660.1,1174523908,518554528.8,0,0,533149656,974749400.9
AT4G28706.1,310966050.4,0,0,0,165027640,70601267.28
AT4G28730.1,140689156.4,29038826.96,0,0,55799396,52194179.25
AT4G28740.1,421077165.1,1044088997,0,0,175070578,298834760.7
AT4G28750.1,31041710140,70946935832,11954249033,7854599384,20574702892,13505402320
AT4G28770.1,0,0,0,0,28781288,0
AT4G29010.1,35572233.86,211397552.9,6605297835,5732238033,1990471778,1177379478
AT4G29060.1,16308147546,1200224389,0,0,12442117878,7215944273
AT4G29120.1,0,0,865155956.4,528821262.2,251329660,270393195.7
AT4G29130.1,11712974.2,0,17016728612,18882210200,454777042.7,608020364.2
AT4G29160.1,0,0,0,0,170675136,47238154.22
AT4G29210.1,0,0,0,0,84290078,134830752.6
AT4G29220.1,0,0,0,0,133230692,145398219.6
AT4G29260.1,0,0,0,0,63984960,129836263.8
AT4G29350.1,0,0,164849496.4,0,1661809304,1629263723
AT4G29390.1,0,0,94220665.63,0,345461600,592790284.3
AT4G29410.1,0,0,0,0,0,542687364.9
AT4G29440.1,0,0,0,0,1962084.5,0
AT4G29480.1,0,15633276.81,12605988296,15030206235,447685776,192178757.7
AT4G29490.1,0,0,0,0,94615960,105142782.7
AT4G29510.1,31603172.59,0,0,0,22561196,0
AT4G29520.1,0,0,48838035.27,60500152.06,0,0
AT4G29590.1,102626397.2,57627743.74,0,0,190001188,281821996.2
AT4G29610.1,0,0,0,0,0,54751479.17
AT4G29660.1,0,0,62410268.57,73578235.23,0,0
AT4G29670.1,357431510.2,20806180.91,0,0,284477032,200287232
AT4G29680.1,0,0,0,0,65198780,197935266.8
AT4G29700.1,0,0,0,0,0,65191497.76
AT4G29720.1,0,0,0,0,0,15958917.8
AT4G29810.1,0,0,108462118,135608394.7,226076676,233653971.6
AT4G29830.1,0,0,0,0,40201348,56219442.71
AT4G29840.1,2132484847,456563913.8,0,0,1985009176,1049461356
AT4G29900.1,0,0,0,43791976.16,156985670,0
AT4G29910.1,0,0,65863302.83,0,0,0
AT4G30000.1,0,0,2743774299,2888209158,878604960,956109718
AT4G30010.1,0,17970194.01,30344289957,28067443040,1660141103,1569431301
AT4G30160.1,0,0,0,0,677871375,207061166.1
AT4G30190.1,0,0,395265562.8,324401219,806174538,317598654.9
AT4G30220.1,0,0,0,0,0,33027884.96
AT4G30270.1,0,0,0,0,1684856352,934932610.8
AT4G30310.1,0,0,0,0,23511184,152536200.6
AT4G30440.1,0,0,59726586.2,86183547.05,0,0
AT4G30490.1,0,0,959967752.9,682979809,0,0
AT4G30530.1,0,0,0,0,684189160,781620796.3
AT4G30580.1,64588245.52,79796716.89,0,0,0,39251260.78
AT4G30620.1,0,0,0,0,61437060,75767007.53
AT4G30690.1,222717724.9,7868016.065,0,0,139638642,31218273.12
AT4G30720.1,240591074,0,0,0,15916870,14201191.49
AT4G30810.1,0,0,12053886.46,0,298759466,129524542.6
AT4G30845.1,35618929.56,77443899.52,0,0,0,0
AT4G30910.1,105350536.1,46320328.96,0,0,0,12128074.24
AT4G30920.1,436906879.4,47036128.19,204252920.1,131378544.9,268383092,334500175.6
AT4G30930.1,0,0,907253952.2,142759246.9,0,0
AT4G30950.1,551842149.3,45067444.92,0,0,62631512,82331864.15
AT4G31040.1,0,29476595.36,0,0,0,0
AT4G31120.1,0,0,0,0,45438018,39677073.02
AT4G31140.1,0,0,0,0,438074860,314779653.3
AT4G31170.1,0,0,0,0,24854850,0
AT4G31180.1,20679479.47,0,0,61604323.77,3677604818,2332168252
AT4G31210.1,0,0,49466387.57,71671877.47,0,0
AT4G31300.1,0,0,0,62146270.21,1719935298,1748431891
AT4G31310.1,0,0,0,0,96629744,36099786.37
AT4G31320.1,0,0,0,0,0,102898561.1
AT4G31340.1,0,0,0,0,59882152,92836684.37
AT4G31390.1,1019534577,2039119620,0,0,269305116,610899252.2
AT4G31400.1,160246715.3,6314992.183,0,0,0,0
AT4G31460.1,0,0,249519427.3,272943606.9,0,0
AT4G31480.1,0,0,16095766.17,0,1620019028,1452744450
AT4G31500.1,0,0,366397367.8,289145214.5,840959848,307002402.1
AT4G31530.1,938183365.6,146104392.1,0,0,997422632,373229560.4
AT4G31570.1,0,0,18536624.85,0,0,0
AT4G31700.1,0,0,211483876,678131234.6,820230560,526355977.4
AT4G31780.1,138888293.3,46652833.62,20161830.23,0,0,0
AT4G31810.1,0,0,926718713.5,351897436.8,0,0
AT4G31840.1,0,0,0,0,130272360,68722277.89
AT4G31880.1,0,0,1291060876,1230753355,0,18363959.24
AT4G31930.1,0,0,105136970.9,84450165.3,0,0
AT4G31990.1,8799018490,1845736700,0,0,5946985703,4906641675
AT4G32060.1,0,0,0,108140514.8,0,0
AT4G32150.1,0,0,24819225.09,35446592.93,118660602,88667046.29
AT4G32180.1,0,0,0,0,45219142,0
AT4G32210.1,0,0,1557888694,1583349226,0,0
AT4G32260.1,34650527897,1.07E+11,3363561461,2194389548,26936176496,25418133803
AT4G32285.1,0,0,0,0,29192816,0
AT4G32320.1,69034467.85,77402397.27,0,0,52847596,82533458.23
AT4G32360.1,0,0,270009429.3,110544003.8,0,0
AT4G32390.1,0,0,42117679.04,21896082.95,27368708.5,35855250.33
AT4G32400.1,35142493.33,17980469.71,0,0,18785538,0
AT4G32410.1,0,0,40387871.69,214438224.6,0,15086118.66
AT4G32430.1,0,0,0,0,30395282,0
AT4G32470.1,14224415.79,25132296.82,30224781783,31325674036,468520864,784145870.4
AT4G32520.1,1247307791,491665748,0,0,735853906,557693327.6
AT4G32530.1,0,0,0,0,195949040,0
AT4G32590.1,16578508.68,15692794.97,0,0,0,35255546.5
AT4G32605.1,0,0,510296623.9,987646221.2,0,0
AT4G32640.1,0,0,0,77531384.73,24008238,0
AT4G32720.1,0,0,0,0,41417863,72232703.64
AT4G32770.1,435575402.6,1023792498,0,0,458094616,358042744
AT4G32915.1,46589518.27,0,195577484.5,290277101.6,0,0
AT4G32940.1,0,0,0,0,139172176,391718763.3
AT4G32980.1,0,0,0,42380089.97,0,0
AT4G33010.1,96820750.82,297070366.7,3.18E+11,2.71E+11,15443937978,17735707567
AT4G33030.1,411662469.1,30624422.16,0,0,255582539,73062586.58
AT4G33090.1,0,0,18640214.19,0,1590462904,2530793017
AT4G33100.1,0,0,24357296.86,0,0,0
AT4G33220.1,0,0,0,0,261586846,0
AT4G33250.1,0,0,0,0,402968928,264465400.8
AT4G33350.1,457197674,286158417.9,92530276.56,110459975.8,279419488,337909314.7
AT4G33360.1,0,0,74182930.78,55310234.44,44698916,0
AT4G33420.1,0,0,0,0,0,33064659.85
AT4G33470.1,28146146.51,0,0,0,0,0
AT4G33500.1,1185869134,365814232,0,0,213353633,549467000.1
AT4G33510.1,2063215565,489003677.9,54050095.02,119111851.8,962329601,821885000.6
AT4G33520.1,99802626.52,0,0,61209212.55,0,0
AT4G33580.1,0,0,0,0,54803906,0
AT4G33625.1,0,0,43272688.89,27344402.7,145087708,170800878.8
AT4G33630.1,0,0,68634943.62,111774828.4,0,0
AT4G33640.1,0,0,0,0,0,56558396.13
AT4G33650.1,185475779,190229508.6,197326840,53464015.84,798327292,848194205.1
AT4G33670.1,0,0,0,0,218156394,266949033.9
AT4G33680.1,2650552362,553050659.5,0,0,1923699004,1803558890
AT4G33740.1,0,0,0,114929580,0,0
AT4G33760.1,311775874.6,25799503.13,258404040.1,188920315.9,222403932,315537532.6
AT4G33910.1,0,0,64322768.83,112660357.6,0,12331892.93
AT4G34030.1,0,0,6393346713,5431177641,553206268,212700571.5
AT4G34050.1,0,0,0,0,800996440,583892685.1
AT4G34090.1,204320513.1,32840224.54,0,0,357594740,476296697.9
AT4G34110.1,0,0,118230597.4,87198720.87,462084172,999078974.6
AT4G34120.1,1213563168,385767037.1,0,0,1273158680,1775140959
AT4G34150.1,0,0,62201348.86,0,295144296,0
AT4G34180.1,0,0,50698702.61,73128006.29,397579584,605575353.7
AT4G34200.1,3797561515,1774162996,48353055.74,0,1885238276,1851776670
AT4G34215.1,0,0,0,0,0,39358115.39
AT4G34230.1,0,0,0,0,340905628,160909799.4
AT4G34240.1,771570258.3,1144454694,0,0,321379919,293846201.7
AT4G34260.1,0,0,0,0,0,21397460.25
AT4G34290.1,38849656.75,0,0,0,0,0
AT4G34310.1,0,0,20678981.65,34210405.68,0,0
AT4G34350.1,1313745203,42851941.28,0,0,384069076,195243651.3
AT4G34450.1,0,0,0,60126952.44,2110972050,2810302918
AT4G34480.1,0,0,0,0,23287856,66752246.72
AT4G34490.1,0,0,104412373.1,0,902949054,1045632421
AT4G34540.1,0,0,0,0,102079939,0
AT4G34620.1,3948652231,1031445525,7593721490,8453244933,1360154455,894364707.6
AT4G34670.1,0,0,38223650.19,66825160.64,1639847736,1882213527
AT4G34700.1,0,0,14776555300,13854039057,101929472,252846214.1
AT4G34730.1,247427476.2,0,0,0,48546372,108707894.1
AT4G34740.1,734427494,124595742.7,0,0,280264156,487814360.7
AT4G34830.1,349661115.9,42425208.55,0,0,0,0
AT4G34870.1,33050771.34,0,1401954208,1163871449,2641042628,2448169979
AT4G34890.1,0,0,0,0,0,55548878.62
AT4G34920.1,0,0,0,0,211375164,140722004.5
AT4G34940.1,0,0,616707592.3,1129247334,0,0
AT4G34980.1,0,6676683.832,0,0,324220536,658467654.7
AT4G35000.1,236878004.8,97284091.74,5793941705,5869442928,2210106504,1360293575
AT4G35060.1,0,0,0,0,69484936,0
AT4G35090.1,0,0,7348944770,5192644212,4050537067,2510218540
AT4G35100.1,0,0,614338290,532641754.5,2140047458,537092720.3
AT4G35220.1,0,0,32839622.13,0,182057676,439448145.5
AT4G35230.1,0,0,123643226.1,130018524.2,283721330,191788314.9
AT4G35250.1,7010352472,7712510144,877840391.4,482268032.8,5378298708,4412896483
AT4G35260.1,21422511.97,0,15920908323,13715117497,308701048,789873720.4
AT4G35310.1,0,0,0,0,146883152,141049100.4
AT4G35360.1,0,0,0,0,59529844,80281373.14
AT4G35450.1,22574040.66,4864356.751,316361865.8,0,1155603504,501924193.7
AT4G35460.1,0,0,0,124877904,0,0
AT4G35470.1,0,0,0,0,75292864,0
AT4G35490.1,0,0,799241261.8,323671595,0,0
AT4G35570.1,0,0,0,0,0,21318031.13
AT4G35630.1,1365148857,697172384.1,0,0,279337068,413708066.1
AT4G35760.1,173085208.3,0,0,0,374828608,0
AT4G35770.1,15494598.04,0,0,0,0,0
AT4G35790.1,0,0,105912020,61509943.27,134560824,216235508.8
AT4G35800.1,0,5252934.313,133496035.2,71664620.76,0,0
AT4G35830.1,8613165.42,0,187016076.7,407152892.1,3889332324,2686015802
AT4G35850.1,0,0,5324693770,3672729920,42548332,59691609.78
AT4G35860.1,0,0,301652155.9,273127085.2,54448532,164471908.8
AT4G35905.1,0,0,188394591.4,281563686.6,0,0
AT4G36020.1,0,0,0,0,0,68649668.64
AT4G36130.1,0,0,0,0,137776816,0
AT4G36195.1,0,0,0,0,432277244,689329379.3
AT4G36220.1,0,0,30920099.17,0,304323648,595142193.7
AT4G36250.1,0,0,93989854.46,96081493.45,207762438,114536029
AT4G36390.1,29671468.17,0,0,0,0,0
AT4G36400.1,0,0,2053677232,1158449220,112092990,65999259.07
AT4G36420.1,0,0,126450128.2,101763224.6,0,0
AT4G36530.1,332606390.7,79083360.48,0,0,74064320,72678449.4
AT4G36630.1,0,0,39341868.6,0,0,22496208.3
AT4G36660.1,0,0,0,54503120.16,0,0
AT4G36680.1,0,0,1245386947,1445894000,0,0
AT4G36720.1,0,0,82580766.94,36296453.56,0,0
AT4G36750.1,0,0,35212447.25,54957967.77,219351114,101962101.6
AT4G36760.1,0,0,0,0,349066740,260142892.2
AT4G36800.1,0,0,0,0,132075504,114356908.7
AT4G36810.1,155406989.2,0,0,0,85996440.5,65174894.73
AT4G36910.1,22961323.06,6738191.631,0,0,0,15477317.29
AT4G36940.1,0,0,0,0,45290340,35026980.02
AT4G36945.1,0,0,0,0,206611310,230686975
AT4G37000.1,1003182289,264533053.2,0,0,1152842404,1790763119
AT4G37040.1,0,0,0,60738698.11,0,0
AT4G37110.1,0,0,0,675479143.3,0,0
AT4G37120.1,0,0,0,0,0,15008355.86
AT4G37130.1,0,0,113575115.6,0,0,0
AT4G37200.1,1219730038,1751607645,0,0,427554464,306039052.9
AT4G37210.1,0,0,0,0,20295627.5,0
AT4G37270.1,23310993.75,32654028.87,0,0,0,17986160.93
AT4G37300.1,0,0,0,83198888.75,915633052,503960478.1
AT4G37510.1,70860255.84,0,38665282.68,0,50637343,0
AT4G37530.1,0,0,0,0,28021866,0
AT4G37550.1,0,0,0,0,149799392,354075833.8
AT4G37640.1,0,0,34225167.22,34445186.89,70807320,26802101.99
AT4G37660.1,0,0,416154393.3,178171646.7,0,0
AT4G37800.1,0,0,0,0,283741644,279706969.8
AT4G37830.1,0,0,6272577667,6896637427,0,0
AT4G37870.1,0,0,0,0,359393048,292071934.7
AT4G37910.1,0,0,13237816956,12937627151,664659991,249608224.4
AT4G37925.1,1396281608,1773387963,75624270.05,0,732955920,832847690.9
AT4G37930.1,748016515.8,270862023.7,4.08E+11,4.54E+11,21046266921,20181777071
AT4G37980.1,0,0,63061679.82,202130224.9,1260418384,2238054661
AT4G38100.1,192329299.7,0,0,0,152498352,190671635.7
AT4G38130.1,0,0,0,0,11944185,0
AT4G38150.1,0,0,49264755.67,69601305.02,0,0
AT4G38220.1,0,0,613457892.8,292206221.4,2448606472,2286869686
AT4G38225.1,25566358.99,0,0,0,76053424,0
AT4G38240.1,0,0,60483489.67,59060900.09,0,0
AT4G38350.1,0,0,49889238.47,110370422,212054068,692102222.2
AT4G38420.1,0,23692381.82,0,0,0,0
AT4G38460.1,214437913.9,120121208.9,169194829.6,0,244625384,2304237165
AT4G38510.1,9456974.165,0,43504992.55,0,518133840,708434301.2
AT4G38550.1,0,0,0,0,92475368,0
AT4G38580.1,0,0,0,0,53218536,194086224.7
AT4G38600.1,0,0,0,0,0,9223431.358
AT4G38630.1,0,0,39331486.21,0,602074312,495344958.6
AT4G38680.1,0,49316280.65,172316815.3,457597336.7,34777900,516695881.3
AT4G38690.1,0,0,0,0,417204228,30788962.9
AT4G38740.1,0,0,323515536.3,271941332.1,1240490824,1300884288
AT4G38800.1,0,0,0,0,155750544,65011613.02
AT4G38810.1,0,0,0,0,286646908,180499254
AT4G38890.1,0,0,0,0,0,14891362.71
AT4G38970.1,46372991574,11520962870,1339584545,1000015208,29327139092,30622074042
AT4G39030.1,0,17784654.22,0,0,9980576,0
AT4G39040.1,59613471.09,0,0,0,21983028,0
AT4G39080.1,0,0,669975965.4,1074068055,2331903660,2362892233
AT4G39100.1,0,0,0,0,94392288,0
AT4G39120.1,23626370.17,0,0,0,67764992,136883213.7
AT4G39150.1,0,0,0,0,188343176,288455165.4
AT4G39200.1,0,0,0,297068514.3,672799080,653082557.7
AT4G39210.1,0,53878069.11,0,0,35892036,679373068.7
AT4G39235.1,0,0,297791319.1,274097264.1,0,0
AT4G39260.1,136395791.5,83138094.88,775808758.1,943518469.1,3567465802,2215007671
AT4G39280.1,0,0,0,0,65504436,182111718.8
AT4G39330.1,0,0,79409132.82,72551137.77,1931918947,525790511.4
AT4G39460.1,531374916.1,226465601.1,629013597.7,220712343,365047727,1002391882
AT4G39520.1,0,0,0,0,48430016,0
AT4G39640.1,0,4601961.617,0,0,221433720,0
AT4G39660.1,0,3315862.656,10035079826,5954027990,441399552,485164507.2
AT4G39680.1,0,0,0,0,67883644,0
AT4G39690.1,0,0,10290170539,13067961435,387754754,556250511.3
AT4G39710.1,1457868320,1929803754,0,0,690346944,838519121.8
AT4G39730.1,0,487401403.2,1030782031,971171235.3,1685939880,3203712428
AT4G39740.1,0,0,358683576.2,468047738.5,0,0
AT4G39800.1,0,0,0,0,122873154,1431492281
AT4G39850.1,0,0,66926315.91,90412924.22,0,23006276.82
AT4G39880.1,0,0,743732019.8,525091426.2,0,0
AT4G39960.1,304313055.3,457753894.5,0,0,0,25997134.34
AT4G39970.1,585574318.2,48833862.62,0,0,201277124,508197870.3
AT4G39980.1,198172688,97402425.63,0,0,145686372,0
AT4G39990.1,0,0,0,0,107844624,26724732.15
AT5G01010.1,0,0,0,0,95644036,239565430.8
AT5G01220.1,591926397,472591086.2,0,0,163062359,37802236.54
AT5G01350.1,0,0,801592595.7,426499833.4,0,0
AT5G01390.1,0,0,0,0,0,9996227.967
AT5G01410.1,0,0,98643523.84,51284309.8,527676536,1492328836
AT5G01500.1,179227740.7,152601348,0,0,0,0
AT5G01510.1,0,13599749.22,0,0,0,0
AT5G01530.1,1.11E+11,1.77E+11,6628989607,3052145906,36054834744,31408566307
AT5G01590.1,731731018.4,333573484.8,0,0,142357880,180458085.7
AT5G01600.1,2282120333,2043691018,0,0,122664368,4176260953
AT5G01650.1,263018847.9,26894458.56,0,0,567356720,451678377.1
AT5G01750.1,29114928.54,0,515377714.7,548382909.7,121575400,231343236.9
AT5G01870.1,11708700.77,0,0,0,0,0
AT5G01920.1,1585433434,3012421010,0,0,1059145040,862893579.8
AT5G02050.1,0,0,2419181391,4636060869,124175956,68740598.77
AT5G02120.1,279674421,417564768.9,0,0,211357520,224700299.7
AT5G02130.1,0,0,945067208.9,326160811.4,0,0
AT5G02160.1,9068110618,17727431537,474618886.2,0,2200384592,2158007333
AT5G02240.1,0,0,196884014.6,218349643.1,2589588316,3727815173
AT5G02250.1,9028816.817,0,0,0,0,0
AT5G02280.1,0,0,0,0,22735138,15130442.43
AT5G02450.1,0,0,0,385296615.4,457592288,0
AT5G02490.1,0,0,0,0,656947472,0
AT5G02500.1,31989388.34,81967696.16,206787024,118334602.4,6236534496,6981227458
AT5G02530.1,0,0,466797294.1,908065904.3,60714707,243134050.9
AT5G02560.1,0,113686637.9,3783032543,3845972216,90260472,157880700.3
AT5G02570.1,0,0,51969738.12,0,0,0
AT5G02590.1,0,0,0,0,0,26539814.11
AT5G02610.1,0,0,0,0,177922032,260246933.8
AT5G02740.1,0,0,2283292578,1310204189,0,0
AT5G02770.1,0,0,0,0,102144884,131109607.7
AT5G02790.1,15221978.83,0,0,0,2718649516,3720905767
AT5G02870.1,33259381.38,0,491658566.2,541592266.6,2454650420,2044290460
AT5G02940.1,10847574538,698612080.8,12131329.93,62605396.94,61546023050,729873632.3
AT5G02960.1,0,0,0,198528060.5,1089088898,383673329.7
AT5G03040.1,0,0,0,0,55787808,0
AT5G03160.1,0,0,0,0,21740168,0
AT5G03290.1,0,0,19658944588,20565134725,869259822,1313792751
AT5G03300.1,0,0,0,54986576.85,392714864,328419920.4
AT5G03350.1,377842927.8,1308919145,907431898.2,509569729.1,3648127150,1022009565
AT5G03370.1,0,0,565672115.9,438340064.9,0,73025309.22
AT5G03420.1,13939324.96,10618246.31,0,0,0,0
AT5G03430.1,0,0,0,0,160782976,133778628
AT5G03460.1,0,0,30628849.41,0,17799206,0
AT5G03520.1,0,0,0,37047373.28,90566573,189897074
AT5G03530.1,0,0,17247931.89,0,0,0
AT5G03540.1,0,0,0,0,71378206,0
AT5G03555.1,7818763.232,0,0,0,0,0
AT5G03630.1,0,0,34747008.94,46085555.97,2493462010,3237218392
AT5G03650.1,340166371.3,11143573.13,0,0,201459414,495978710.3
AT5G03660.1,0,0,0,0,244973870,220215217
AT5G03690.1,0,0,0,0,18881228,37662686.94
AT5G03740.1,0,0,0,0,84993056,0
AT5G03830.1,0,0,74905654.98,191334124.1,0,0
AT5G03850.1,0,0,110656428.8,451180990.2,646017344,639125939.9
AT5G03880.1,2896420193,4516691889,118507.2842,19532714.23,1795533495,1975249334
AT5G03900.1,740642611.5,1289720754,0,0,0,53560224.87
AT5G03905.1,0,0,873579029.8,700348115.7,0,0
AT5G03910.1,50752902.08,0,0,0,0,11335521.28
AT5G03940.1,4109635573,1264705690,83898806.13,0,2461609636,1617463325
AT5G04130.1,43482196.46,65084256.99,309568114.8,324998789.1,0,0
AT5G04140.1,28128060153,3916774482,477758438.9,50160009.04,27697274013,28423424274
AT5G04170.1,0,0,0,0,184484720,0
AT5G04230.1,0,0,0,0,44561255,0
AT5G04280.1,0,5923628.62,133275679.1,103645901.5,96277102,101756514.6
AT5G04360.1,713060149.1,49923505.03,0,0,185734394,655777878.4
AT5G04400.1,0,0,0,73203263.03,0,0
AT5G04430.1,0,0,47435834.51,42765742.51,863646872,313269469.3
AT5G04440.1,59856676.02,0,0,0,66143294,32610651.23
AT5G04590.1,10346302392,3388660436,0,0,3197806863,3405113138
AT5G04710.1,145708441.4,244618999.9,40653284.01,0,53411284,50030786.8
AT5G04740.1,1253750948,398969686.7,0,0,862198144,799695591.8
AT5G04750.1,0,0,5137137619,5310168251,0,413275378.1
AT5G04810.1,41085991.83,0,0,0,0,0
AT5G04830.1,0,0,3061470907,2177020406,23025340,0
AT5G04885.1,0,0,16262503.77,0,284126466,40631274.67
AT5G04900.1,454102783,914471725.4,80424205.41,70470600.66,151006824,164806039.3
AT5G04930.1,0,0,0,0,12230803,0
AT5G04940.1,0,0,64261124.53,143219919.9,0,0
AT5G04990.1,0,25653953.27,210072422.1,136898068.6,27103318,0
AT5G05000.1,812481842.7,613436752.8,174488991.2,33106676.69,539633410,282019231.2
AT5G05010.1,0,0,0,0,1089044308,1141076241
AT5G05200.1,0,1127256104,0,0,0,163138770.8
AT5G05270.1,0,0,0,0,0,34897159.9
AT5G05350.1,0,8275691.944,0,0,0,0
AT5G05360.1,0,0,0,0,5514042.5,0
AT5G05480.1,0,0,0,0,0,70852893.76
AT5G05490.1,0,0,0,74073482.4,0,0
AT5G05520.1,0,0,3843512448,3509879016,20742538,0
AT5G05590.1,335781380.9,97076314.72,0,0,58052792,69170304.09
AT5G05730.1,333982614.5,90385299.75,0,0,58408740,0
AT5G05740.1,994359475.5,3569853221,0,0,514717952,919805200.3
AT5G05780.1,0,0,0,0,742745525,336725131.5
AT5G05870.1,0,0,0,0,27912138,23753855.38
AT5G05940.1,0,12759579.9,0,0,0,0
AT5G05980.1,0,0,0,0,0,42763402.24
AT5G05990.1,0,0,101400035.9,0,0,0
AT5G06060.1,0,0,38660982.39,0,424480512,889206300.4
AT5G06110.1,0,0,0,0,0,65589465.79
AT5G06130.1,78567721.37,0,0,0,0,0
AT5G06140.1,0,0,0,0,60167044,82660766
AT5G06160.1,0,0,0,0,80378148,110742050.5
AT5G06210.1,0,0,247826111.9,191593614.8,0,0
AT5G06260.1,0,0,0,0,0,15069736.81
AT5G06290.1,8342156421,397611946.8,0,0,6502284480,6302214564
AT5G06320.1,0,27519050.58,355079233.8,114221005.5,758591536,0
AT5G06410.1,0,0,201035876.7,89834609.36,0,0
AT5G06460.1,0,0,0,0,12897561,0
AT5G06530.1,0,0,22402655.28,30463143.7,39931008,0
AT5G06580.1,0,0,5887813715,4494865380,242790752,432430420.4
AT5G06600.1,0,0,0,0,148839231,294213480.3
AT5G06660.1,0,0,27695948.98,0,0,93027911.21
AT5G06690.1,50425047.94,44367505.65,1099985863,0,140919736,83288264.65
AT5G06830.1,0,0,0,0,0,20192222.65
AT5G06860.1,0,0,0,0,102731848,53112576.59
AT5G06870.1,64959482.53,51132512.1,0,0,429458316,323365836.2
AT5G07020.1,7137861859,11199120394,261803714.6,275159783,2164641666,3124648102
AT5G07030.1,92823624.45,282771278.7,0,0,1710547240,715990636.8
AT5G07090.1,0,0,0,0,862723456,858165509.2
AT5G07270.1,0,28064072.35,0,0,0,0
AT5G07300.1,0,0,0,18754899.41,84426442,0
AT5G07320.1,0,0,226465256.3,40563692.12,0,0
AT5G07340.1,0,0,0,0,238524532,258778424.9
AT5G07350.1,0,0,0,0,392811176.5,239903385.7
AT5G07440.1,20460814.93,0,10303711243,11359524632,685900448,569957484.6
AT5G07460.1,0,0,0,0,192961224,0
AT5G07470.1,0,0,0,0,54142860,228116460.5
AT5G07830.1,0,0,0,0,0,219872149.3
AT5G07900.1,0,12152225.19,0,0,0,0
AT5G07910.1,0,0,0,0,0,32933697.35
AT5G07950.1,0,0,0,69660603.66,0,0
AT5G08040.1,0,0,6943091127,1970571832,0,0
AT5G08050.1,5619524078,6045637662,175808988.1,317706404.4,2176585856,3427388716
AT5G08060.1,0,0,17550326585,19514328194,110809880,83009861.17
AT5G08080.1,0,0,0,61935555.98,320949884,157404018.3
AT5G08100.1,0,0,0,0,34100424,145360630.8
AT5G08160.1,0,0,85322213.92,15403822.18,136751000,79409153.77
AT5G08170.1,0,0,0,0,0,49800513.2
AT5G08180.1,0,0,0,0,45224820,54230085.71
AT5G08250.1,0,0,0,323488244.9,0,0
AT5G08260.1,0,0,0,0,92187508,228687422.6
AT5G08270.1,0,0,44546353.77,0,0,0
AT5G08280.1,7363435797,996717222.4,0,0,4141324082,2169848012
AT5G08300.1,0,0,18640349041,20562756598,1020045600,969293674.5
AT5G08370.1,0,0,0,0,40620832,60962484.32
AT5G08380.1,0,0,0,0,334638400,391462674.6
AT5G08410.1,627092600.5,62948969.33,0,0,619304488,486746828.2
AT5G08530.1,0,0,38381224891,33109457604,1566110970,1842466432
AT5G08540.1,1541250445,754316894.9,365643244.7,259215662.1,931501304,838031826.7
AT5G08570.1,0,0,0,0,59150984,0
AT5G08590.1,0,0,47864487.11,72936102.92,260271752,266764483
AT5G08610.1,80381945.69,48352328.14,140528595.3,0,0,0
AT5G08640.1,0,0,0,0,0,17095586.33
AT5G08650.1,279776870.5,0,0,0,76906096,191024907.4
AT5G08680.1,681569904.2,857748345,6.13E+11,6.52E+11,29462060665,39170724931
AT5G08740.1,865532739,1805547901,0,0,262059506.5,499652837.6
AT5G09225.1,0,0,39462720.28,87434976.72,0,0
AT5G09230.1,0,0,54096274.08,201829371,0,0
AT5G09270.1,0,0,103401664.6,125701394.1,0,0
AT5G09420.1,0,0,84975310.19,154322458.5,0,0
AT5G09440.1,0,21531090.93,0,0,240241228,59496590.78
AT5G09450.1,0,0,152605005.4,96587848.72,0,0
AT5G09510.1,0,0,0,0,412291168,386541088.2
AT5G09590.1,4926252.551,7027539.111,29595217490,20832918878,4403546938,4423047004
AT5G09620.1,0,0,0,0,22614316,0
AT5G09650.1,7259851081,1837306667,293921621.9,68119173.55,7195093866,6546733548
AT5G09660.1,738088165.4,765768667.5,22612501965,22170023961,14018179702,17768086088
AT5G09680.1,0,0,0,0,0,58196267.99
AT5G09770.1,0,0,350363548,59413676.07,0,0
AT5G09810.1,0,9286356.497,1170024368,495447997.9,4560788004,4065316214
AT5G09820.1,0,0,0,0,0,59879023
AT5G09830.1,0,0,0,0,123491472,75338927.72
AT5G09840.1,0,0,180821437.4,94149572.43,0,0
AT5G09900.1,0,0,0,0,655143688,515569683
AT5G10010.1,0,4443372.054,1022181093,1575430448,74676366,59581622.78
AT5G10050.1,12040971.78,0,8668440.948,0,32433322,17463983.7
AT5G10160.1,1245000576,212521971.3,0,0,309814410,0
AT5G10300.1,0,0,0,0,0,47814851.73
AT5G10330.1,183869980.1,29723891.76,0,0,63656768,62574390.87
AT5G10360.1,0,18303535.66,159137960.5,182128467.8,727419808,655302081
AT5G10450.1,0,0,310958146.2,513974199.4,4714021726,3327081074
AT5G10460.1,0,0,0,0,0,33039826.17
AT5G10470.1,0,0,100103282.7,83600301.34,243686700,223795095.5
AT5G10540.1,0,0,0,0,461937540,154397732.3
AT5G10560.1,0,0,0,0,261288808,378006857.5
AT5G10630.1,0,0,0,0,65544260,0
AT5G10730.1,0,0,8708739655,7279984087,164778772,378120480.4
AT5G10760.1,0,8301428.589,0,0,346643168,92692311.9
AT5G10780.1,0,0,35992788.2,0,45044692,48080356.29
AT5G10840.1,0,0,25152501.47,62762261.72,71328144,66574556.53
AT5G10860.1,0,0,75463020596,74374523250,3916961689,2829500681
AT5G10920.1,575427918.4,138813088.5,0,0,543003216,443024414.3
AT5G10980.1,70444747.89,160646267.5,6155722504,3855685205,329783264,270466728.3
AT5G11040.1,0,0,0,0,22459002,0
AT5G11060.1,0,0,90811184.88,58655662.76,0,0
AT5G11170.1,0,13933886.39,0,0,1589405438,1916603911
AT5G11280.1,0,0,0,31537895.77,0,0
AT5G11330.1,0,0,0,0,140933932,218569084.4
AT5G11390.1,0,0,0,22885522.08,0,0
AT5G11420.1,0,33569705.39,0,0,2161997512,950779787.7
AT5G11450.1,2159232971,1950789197,0,0,1130854416,1168893418
AT5G11480.1,67585247.01,0,0,0,0,0
AT5G11490.1,0,0,0,0,30559886,27286538.04
AT5G11520.1,96525556.13,18403225.7,1187318696,1047291849,542568414,515453212.8
AT5G11560.1,0,0,286394853.4,233180809.3,418681996,554793106
AT5G11580.1,0,0,0,0,43614534,66130026.16
AT5G11600.1,0,0,16515894.66,0,0,0
AT5G11670.1,95689240.58,93067997.01,1563740432,1055469429,5871498769,9915838081
AT5G11680.1,0,0,0,0,62583284,38533289.38
AT5G11690.1,0,0,26913688.58,0,0,0
AT5G11710.1,0,0,0,0,63241020,0
AT5G11720.1,0,0,0,0,134685628,0
AT5G11730.1,0,0,48114169.09,0,0,0
AT5G11750.1,0,0,553602430.4,558332505.2,0,0
AT5G11770.1,0,0,16704216470,15393734760,630517240,1537696884
AT5G11810.1,0,0,0,0,38816752,31204433.68
AT5G11840.1,53259997.75,140799980.2,0,0,0,0
AT5G11880.1,249384062.7,5252157.415,0,0,203428220,3190554.975
AT5G11900.1,0,0,0,0,58708848,28492138.54
AT5G11950.1,0,0,34570592.49,0,128297052,215817989.5
AT5G11980.1,0,0,30994353.75,0,0,0
AT5G12040.1,316833394.7,42442337.54,271931241.4,215111627.4,955015220,549731377.4
AT5G12080.1,0,0,0,0,53934224,0
AT5G12100.1,0,0,0,29777900.54,0,0
AT5G12110.1,0,0,0,0,106570696,0
AT5G12130.1,224510144.8,264101052.3,0,0,0,0
AT5G12140.1,0,0,202616048.9,180320042.5,247654624,68983829.25
AT5G12170.2,8623353.448,12579133.1,0,0,0,0
AT5G12200.1,0,0,64007567.95,0,380445576,307510653.9
AT5G12250.1,0,0,0,16977729.4,265959110,308838316.3
AT5G12290.1,0,0,2237116079,3169926778,0,0
AT5G12370.1,0,40611172.38,112721532,81586261.32,84448832,84900300.03
AT5G12410.1,0,0,0,0,11075201,25139405.04
AT5G12470.1,1272622913,620840944.7,0,219337289.6,1736152208,2402602160
AT5G12480.1,0,0,0,0,43719856,0
AT5G12860.1,1835754739,460044380,317914859.7,430569992.3,513205088,1254743643
AT5G12890.1,0,0,0,0,120957990,99980931.24
AT5G12940.1,0,0,0,0,462682276,123849038.7
AT5G12950.1,0,0,0,0,497630792,623117248.4
AT5G13030.1,463433522.3,76362966.33,794801110.7,398720126.3,862608088,1000085246
AT5G13050.1,0,0,0,0,44366416,691190133.6
AT5G13120.1,3378501397,3561248191,0,0,1920179973,2245232625
AT5G13200.1,0,0,0,32699035.99,484642392,164801349.6
AT5G13280.1,86257763.57,0,0,0,0,0
AT5G13300.1,0,0,0,0,19548882,0
AT5G13370.1,0,0,0,0,51209310,12884185.15
AT5G13390.1,0,0,20248079.49,0,0,0
AT5G13410.1,1435460679,1141840147,72446337.16,139214300.7,1291248792,995203033.1
AT5G13420.1,2040265117,1613725404,0,0,3757273680,1151210744
AT5G13440.1,11973366.71,23033352.41,8889016687,9825548770,924953784,1398470655
AT5G13450.1,33900947.12,69297855.58,94453370492,1.11E+11,2796286844,5055207602
AT5G13490.1,0,0,1276822531,1233883836,68797856,70064494.77
AT5G13510.1,4788114296,1788926397,57661799.05,35280394.29,3825639968,3872088620
AT5G13560.1,0,0,0,0,67579166,33484369.42
AT5G13630.1,4131724611,437803365.8,0,0,498723232,192960542.9
AT5G13640.1,0,0,69858043.75,130883783.7,75391804,494169143.5
AT5G13650.1,631425273.6,0,0,0,92634194,0
AT5G13660.1,0,0,0,0,43099824,0
AT5G13690.1,0,0,0,0,21462516,33407276.58
AT5G13710.1,0,0,0,0,34053104,30304752.33
AT5G13720.1,222901541.2,53682602.29,0,0,160291656,0
AT5G13770.1,10204373.94,0,0,0,0,0
AT5G13780.1,0,0,0,0,0,50153199.77
AT5G13850.1,0,0,0,0,136379624,0
AT5G13930.1,0,0,0,0,0,642503983.8
AT5G13980.1,0,62435708.97,0,0,1760056320,2295039028
AT5G14030.1,0,0,516337801.1,349879422.1,417240352,418929088.9
AT5G14040.1,0,0,82212163644,1.09E+11,6685094231,9277631732
AT5G14060.1,263351828.5,16461269.66,71638904.95,0,0,108024272.8
AT5G14105.1,0,0,619185640.7,1348368979,0,0
AT5G14120.1,0,0,0,235455428.4,384890468,55689180.85
AT5G14170.1,0,0,18801283.93,63334117.12,0,20965693.51
AT5G14200.1,9067515.758,0,0,0,234467578,225800108.5
AT5G14220.1,566700644.5,311555912,200924581.5,0,346953472,326639851.3
AT5G14250.1,0,0,0,0,63480942,62406290.59
AT5G14260.1,770242070,72423666.85,0,0,356194216,354795293.2
AT5G14320.1,6468045175,3952984967,8664978.028,63367251.66,1581883140,1444650307
AT5G14430.1,0,0,197109897.1,49296017.79,0,0
AT5G14540.1,0,0,0,0,112523506,60335820.97
AT5G14580.1,0,0,124109921.1,238196694,0,0
AT5G14590.1,320497289.6,0,4775475788,3642063833,958703262,1207590436
AT5G14620.1,0,0,0,0,6493132.5,0
AT5G14660.1,840786969.1,87927914.3,0,0,598379592,268922290.3
AT5G14670.1,47428368.43,58362918.03,487094284.6,146320044.7,9532485169,8661651151
AT5G14680.1,0,0,0,0,38057880,0
AT5G14740.1,33548177.22,14048695.47,4904178580,3474009797,13090528176,7984786073
AT5G14780.1,546479962.7,431074242.5,3.03E+11,2.24E+11,15488275260,20315728727
AT5G14800.1,0,0,0,0,42592020,0
AT5G14910.1,1876805863,29717520.86,0,0,907083072,831029532.2
AT5G14930.1,0,0,0,0,40131572,0
AT5G14950.1,0,0,816559769.9,340561716.3,14543661,0
AT5G15090.1,93473959.08,108816984.6,51769701252,65103555767,4665725059,6885027083
AT5G15200.1,47472204.49,66458279.55,256288324.9,767310721.1,1908395456,0
AT5G15210.1,0,0,0,139613100.2,0,0
AT5G15320.1,0,0,6670192525,10339122235,0,0
AT5G15350.1,0,0,0,29999816.06,187455216,0
AT5G15400.1,0,0,0,0,31711812,0
AT5G15450.1,887181243.2,261840853.4,0,0,1157237152,2486392416
AT5G15490.1,0,0,0,0,39702300,53813695.88
AT5G15610.1,0,0,0,0,0,122094451.8
AT5G15640.1,0,0,2464868920,2026380248,21067202,19259064.67
AT5G15650.1,0,0,0,0,380213792,441656107.6
AT5G15802.1,0,40125487.66,0,0,0,0
AT5G15870.1,0,0,0,0,1055230592,994701708.5
AT5G15910.1,0,0,3733878438,4055690450,35834756,152789529.9
AT5G15960.1,0,0,39141863.01,115085848.9,271323648,0
AT5G15970.1,36866442.25,79012579.84,4336995604,5489264162,12762562976,4937386462
AT5G15980.1,0,0,661929319.8,607150312.6,0,0
AT5G16010.1,118391555.9,113307802.9,231081354.8,205031477.6,312255036,225806810.3
AT5G16040.1,0,0,41442865.36,0,0,0
AT5G16050.1,0,0,54403238.89,54867576.79,259287536,290410596.9
AT5G16060.1,0,0,155977325.7,0,0,8715521.421
AT5G16070.1,0,0,0,0,277258564,151768033.5
AT5G16130.1,0,0,238823754.7,0,993029378,329057992.4
AT5G16150.1,0,259781561.2,199031864.6,0,583557804.6,542642875
AT5G16270.1,0,0,15626051.78,0,0,37366993.3
AT5G16280.1,0,0,0,0,169360400,0
AT5G16290.1,114849107,9688126.089,0,0,47574734,0
AT5G16300.1,0,0,0,28771584.56,13475425,0
AT5G16370.1,0,0,90692275.59,173415815.3,78274276,0
AT5G16390.1,1972396572,473695259.5,0,0,630267264,364320814
AT5G16400.1,356478787.2,0,0,0,356141552,162959972.6
AT5G16410.1,34622752.08,8979018.923,0,0,0,0
AT5G16440.1,18240656.49,10845039.55,0,0,137264912,100811703.2
AT5G16450.1,0,23572905.43,0,0,0,144510582.5
AT5G16470.1,4407710.313,105463023.5,584297662.8,1120422230,0,0
AT5G16510.1,0,0,0,0,232482932,264136869.3
AT5G16550.1,0,0,13575502.5,0,0,79111293.5
AT5G16570.1,0,0,0,0,0,64596756.37
AT5G16590.1,0,0,0,0,79764198,43214183.44
AT5G16620.1,1216078706,421278978.7,7521305.823,0,628211134,604830605.3
AT5G16660.1,500094105.8,426398693.2,100823302.4,100063197.1,564375142,285963790.1
AT5G16690.1,55215897.68,17418119.23,0,0,0,0
AT5G16710.1,11713066173,1708204469,0,79231758.43,8617843720,8335337273
AT5G16715.1,511030564.3,0,0,0,336151452,124849139.2
AT5G16730.1,0,0,0,0,11806304,18602341.09
AT5G16810.1,237593112.3,34204938.71,0,0,0,37578044.14
AT5G16840.1,0,0,0,71487983.11,491964046,543253220.7
AT5G16870.1,0,0,25671809.4,0,0,0
AT5G16880.1,0,0,0,0,677954792,243208195.5
AT5G16930.1,0,0,594493767.5,855072429.6,0,0
AT5G16950.1,0,0,178786591.7,345621903.6,0,0
AT5G16970.1,0,0,0,0,1555838494,2345360720
AT5G16990.1,0,0,0,0,62089756,176105421.4
AT5G17000.1,0,0,0,0,164851288,142028107.8
AT5G17010.1,0,0,0,0,0,24902517.72
AT5G17020.1,0,0,0,0,523712349,328997192.3
AT5G17050.1,0,0,0,0,0,143050460.9
AT5G17070.1,0,0,0,0,0,83886892.67
AT5G17170.1,5129321498,11134343676,514892310.8,448559421.1,1687782213,3463001809
AT5G17220.1,0,0,0,0,0,1087445870
AT5G17230.1,269455460.5,155686199.5,0,0,0,15835936.87
AT5G17270.1,114712265.6,0,0,102672257.4,0,0
AT5G17310.1,0,0,0,0,504092604,461886573.9
AT5G17380.1,0,0,0,0,604974747,1102051667
AT5G17520.1,163445528.7,64796754.01,0,0,60031816,82326474.4
AT5G17530.1,345071476.8,56248616.34,0,0,361075510,221186548.8
AT5G17550.1,0,0,0,0,0,27989115.35
AT5G17560.1,91984773.53,0,1021166729,809151551,40299808,140433135
AT5G17630.1,170584982.5,37202841.95,0,0,75878400,203840086.6
AT5G17670.1,89344275.95,167830118.4,0,0,77432154,39143435.59
AT5G17710.1,1339930055,259955119.2,0,0,1937359410,1898300997
AT5G17770.1,0,0,2983795434,2489851166,763064642,448773989.7
AT5G17870.1,281929120.9,0,0,0,211806704,242406478.9
AT5G17920.1,174918421.6,175214285.3,1715636985,2049598940,25525245636,17024250308
AT5G17990.1,699658445,152868969.9,0,0,291315548,149134617.8
AT5G18100.1,0,0,303651985,279130694.7,0,693247513.2
AT5G18110.1,0,0,0,0,0,17115165.53
AT5G18170.1,0,17420234.96,29350325454,24649522883,1748449504,2942283637
AT5G18280.1,0,0,151620414.6,45920142.92,0,0
AT5G18400.1,0,0,0,0,21269576,14587357.89
AT5G18470.1,0,27172486.43,0,0,250396148,0
AT5G18480.1,0,0,158186023.4,123339125.2,22883370,54918312.53
AT5G18550.1,0,0,0,0,0,11355511.69
AT5G18570.1,88143750.42,0,0,0,0,0
AT5G18620.1,0,0,20418743.94,0,0,0
AT5G18660.1,1476425170,1041616931,0,0,536909350,550411998.5
AT5G18790.1,0,0,316819106.4,383882835.2,0,0
AT5G18800.1,0,0,2805851137,3655425535,75979276,72368920.62
AT5G18850.1,0,0,0,0,5838736.5,0
AT5G18900.1,0,0,80832817.18,0,0,37886097.72
AT5G18960.1,0,37863607.96,90150591.87,0,0,0
AT5G19140.1,0,0,71351728.29,92766421.82,1079637884,1168496599
AT5G19150.1,0,0,0,0,0,22155225.67
AT5G19151.1,0,0,142889857.8,0,0,0
AT5G19180.1,0,0,0,0,36588212,28293116.95
AT5G19220.1,6517456020,597684658.4,23177890.43,0,6416196768,8261202950
AT5G19240.1,0,0,175298907.8,185571776.9,0,0
AT5G19250.1,0,0,0,11515774.2,1539962752,2387784710
AT5G19320.1,0,0,265132537.4,28914315.4,0,32299896.34
AT5G19350.1,0,0,0,0,0,666336420.1
AT5G19370.1,645818693.3,28057797.93,1534378975,1396061011,71476344,475441270.6
AT5G19440.1,0,0,0,0,274777800,423530914.6
AT5G19460.1,104195608.3,0,116771080.7,31537116.84,0,85976106.18
AT5G19470.1,0,0,0,0,0,29169033.99
AT5G19500.1,0,8913317.738,0,0,0,0
AT5G19510.1,0,16248571.45,105467869,51578795.75,3145952496,2861921902
AT5G19540.1,14485894.01,0,0,0,0,0
AT5G19550.1,0,0,0,48478625.94,1164845100,1304097643
AT5G19620.1,479013108.3,175823521.3,49003382.35,45232443.13,421352012,222305076.8
AT5G19690.1,0,0,200446882.2,210701847.7,309310706,223724474.6
AT5G19750.1,0,0,0,0,30052838,0
AT5G19760.1,0,0,1.22E+11,94464310822,2061088552,4449089889
AT5G19780.1,0,0,220219270.9,293975117.7,2312182464,2174889033
AT5G19820.1,0,0,89230696.66,170528483.4,1153544210,322673731.3
AT5G19850.1,60012799.36,42448276.83,0,0,0,0
AT5G19855.1,80147223.54,0,0,0,28280368,0
AT5G19860.1,0,0,0,0,861024684,229611725.1
AT5G19940.1,7290075051,6085444314,75953865.56,183170471.6,2910612604,1381477251
AT5G19990.1,0,0,0,0,300506288,500465699.8
AT5G20010.1,0,46114413.79,2242904699,3010981874,1165170224,3092091652
AT5G20060.1,0,0,0,39304506.43,0,0
AT5G20070.1,0,0,0,0,0,58374787.04
AT5G20080.1,0,0,30453522698,26942207273,598408438,1222571163
AT5G20090.1,0,0,8659429481,11389009221,76815890,77141066.91
AT5G20130.1,15511323.63,0,0,0,0,0
AT5G20140.1,2870721983,910379029.2,0,0,69791048,9969602451
AT5G20180.1,0,0,125525580.9,123367629.4,0,0
AT5G20230.1,0,0,0,0,241456416,0
AT5G20280.1,0,0,73493319.1,0,426950256,1355505450
AT5G20290.1,0,50245245.67,2820415180,1783785512,6860218542,7029761091
AT5G20410.1,78907014.06,43737964.5,0,0,0,0
AT5G20490.1,0,0,0,0,0,6070337.338
AT5G20500.1,0,0,360411375.5,273938072.5,184793552,34417334.14
AT5G20570.1,0,0,40033532.3,0,0,13116793.95
AT5G20590.1,0,0,0,0,0,64446573.27
AT5G20630.1,474599224,1232163907,0,0,2908207312,1851047602
AT5G20650.1,0,0,256707122.8,0,313594912,191229181.3
AT5G20660.1,0,0,0,0,47963440,36732934.61
AT5G20720.1,18386152756,3409659778,166181386,158228832.2,12279839200,7612311454
AT5G20830.1,0,0,0,0,85380102,730960032.8
AT5G20890.1,0,0,0,0,939561812,580205950
AT5G20920.1,0,4380964.645,0,66949350.25,613733416,296529521
AT5G20935.1,0,0,0,0,0,32791916.69
AT5G20950.1,19174217.99,111743398.1,0,0,1219850888,584253743.1
AT5G20970.1,0,0,0,0,0,332774684.8
AT5G20980.1,20148823.45,0,110284442.2,0,39768058,55751397.11
AT5G20990.1,0,0,0,0,0,30609125.41
AT5G21010.1,0,0,0,0,0,1635581.083
AT5G21060.1,0,0,0,0,144525600,287893372.3
AT5G21100.1,0,0,0,0,94284636,0
AT5G21160.1,0,0,0,0,14610623,0
AT5G21430.1,1912901025,2110510250,0,0,1033419540,1099279063
AT5G21930.1,7216749.435,14835693.84,0,0,0,0
AT5G22020.1,0,0,0,0,0,127142725.4
AT5G22300.1,0,0,0,0,0,103064260.7
AT5G22330.1,0,0,606608943.8,568404409.6,43864996,84286357.38
AT5G22340.1,321035159.3,260797388.2,0,0,0,0
AT5G22350.1,0,0,763534112.8,895877294.1,0,0
AT5G22360.1,0,0,26248298.21,0,0,0
AT5G22440.1,0,0,0,0,23978612,0
AT5G22460.1,0,0,0,84698677.66,0,0
AT5G22510.1,195631850.4,0,0,0,160566188,70789036.96
AT5G22580.1,119340714.2,72202085.09,0,0,4181702039,1434647318
AT5G22620.1,110952478.1,10844454.76,0,0,120787148,0
AT5G22640.1,371596387.8,231444650.5,0,0,17704752,0
AT5G22650.1,0,0,976383199.9,0,0,29832575.29
AT5G22770.1,0,0,116658026.6,90385887.98,749443154,518859153.5
AT5G22790.1,52538240.1,0,0,0,0,55877757.91
AT5G22800.1,1437845727,58132223.8,0,0,1593206212,973853973.4
AT5G22830.1,372506487.8,296841145.9,0,0,0,0
AT5G22875.1,0,0,383235642.7,358141047,0,0
AT5G22880.1,51108787.99,205174707.8,1467352565,1683611940,306712832,231370731.1
AT5G23010.1,54757084.7,73769951.28,0,0,70738544,40806346.2
AT5G23020.1,0,5561132.991,0,0,0,0
AT5G23040.1,365485522.7,29834509.15,93483080.33,20379901.53,33183448,0
AT5G23050.1,0,0,0,0,14451417,0
AT5G23060.1,22330313229,55986279480,8397793627,663096332.9,9606988426,17112177180
AT5G23120.1,16405437635,17963762395,322179048.2,79383889.7,12500910752,15230012180
AT5G23140.1,0,0,5009719769,5737229303,176126500,0
AT5G23200.1,0,0,988545757.3,891727098.4,0,0
AT5G23210.1,0,62069678.37,0,0,50703556,371140157.4
AT5G23240.1,41806691.99,62463866.86,0,0,0,0
AT5G23250.1,0,0,2981258339,2833063303,89798920,125770519.2
AT5G23290.1,0,0,0,0,75824832,20713096.45
AT5G23300.1,0,0,3035104837,2634105619,34961280,135205723.9
AT5G23310.1,213382524.8,89237635.44,0,0,0,0
AT5G23395.1,0,0,136115033.5,287631641.2,0,0
AT5G23440.1,165188259,20905935.27,0,0,280701678,298161955.9
AT5G23535.1,0,0,327898218.5,25170320.6,0,0
AT5G23540.1,0,0,47424062.88,44611911.18,228098438,231876792.8
AT5G23630.1,0,0,0,35464138.86,0,0
AT5G23740.1,0,0,0,0,398502080,360120428.6
AT5G23750.1,0,0,0,0,209414576,181712743.7
AT5G23760.1,0,0,0,0,79145856,103701879.6
AT5G23820.1,0,0,0,0,656314256,0
AT5G23860.1,0,0,0,0,70597120,36410884.84
AT5G23890.1,942754330,732018532.2,34174392.18,0,424376060,472152187.7
AT5G23900.1,0,0,51007986.45,50894286.59,509881474,454145096.8
AT5G23920.1,0,0,0,0,122491176,166812802.5
AT5G24020.1,197370851.4,0,0,0,168462656,49259914.18
AT5G24165.1,0,0,12467418517,16018360959,552399244,529720435.2
AT5G24260.1,0,0,0,0,74218376,28972262.78
AT5G24300.1,1085753531,94174040.58,0,0,1352118062,1767145061
AT5G24314.1,33529118.06,17886436.3,0,0,18959358,0
AT5G24400.1,621280439.4,70714078.59,0,0,553822116,557299759.5
AT5G24420.1,0,0,0,0,91029920,0
AT5G24460.1,0,0,0,0,0,21509610.14
AT5G24490.1,5505130692,890105659.7,287315893.8,308374391.6,2366942937,594644996.1
AT5G24520.1,0,0,0,146162940.3,41052612,24632362.08
AT5G24650.1,183416454.6,165726539.6,0,0,227827385,166393760.7
AT5G24690.1,573547084.7,44306435.38,19984530.53,26307403.82,150826370,101076016
AT5G24710.1,0,0,0,0,0,28571262.74
AT5G24780.1,21173505.36,0,0,0,0,0
AT5G24940.1,0,0,0,0,19541868,10225212.1
AT5G25100.1,0,0,280495236.6,180831933.4,120963008,20314054.76
AT5G25120.1,0,0,0,0,3695027,8688336.434
AT5G25220.1,0,0,28276419.44,0,0,0
AT5G25250.1,0,0,140233917,157170667.4,0,0
AT5G25265.1,0,0,238707227.6,86666191.51,0,0
AT5G25460.1,0,16351944.56,0,0,1169302532,136917937.9
AT5G25610.1,0,0,0,0,377761168,148328746.1
AT5G25754.1,0,0,92197005.28,132908638.9,838971406,164695019
AT5G25900.1,65207422.48,221888186.6,0,0,15727915,0
AT5G25940.1,906097.7096,1363963.056,9322478378,8418827791,143124828,192692674.2
AT5G25980.1,552921124.2,3359143916,35682891292,35254282388,32956916779,39151538961
AT5G26000.1,115580380.5,1357396312,11497662168,7456483293,68966175712,85649689395
AT5G26340.1,0,0,0,0,0,64580943.56
AT5G26360.1,0,0,139528822.2,1333299.009,1001232628,1577873895
AT5G26570.1,2038448527,419337702.2,0,0,1673967621,6657963727
AT5G26667.1,0,0,57887593.65,24585361.52,557035840,183220892.1
AT5G26710.1,0,0,0,0,609004892,582096680.9
AT5G26742.1,2859753080,462856885.4,0,0,1143216786,898953152.3
AT5G26780.1,0,0,3601096462,4132298303,140801755,219307739.8
AT5G26830.1,0,0,293334172.1,116282189.2,743116228,443126961.4
AT5G26860.1,0,0,3834124278,2520618460,28134395,263125684.4
AT5G27290.1,35926607.54,383260064,0,0,25533910,54591706.17
AT5G27380.1,42649449.35,10748901.4,0,0,710702340,1006464030
AT5G27390.1,363285137.6,382917866.7,0,0,123156892,106086829.7
AT5G27430.1,0,0,0,0,54863696,0
AT5G27470.1,0,0,0,0,819504040,651871447.2
AT5G27520.1,0,0,14680185.31,0,0,0
AT5G27540.1,0,0,10989385648,16531903645,253336916,296953959.5
AT5G27560.1,584480745.3,82058990.97,0,0,142259488,190838121.2
AT5G27600.1,0,0,424859242.7,0,0,0
AT5G27640.1,0,0,0,22305309.81,555491388,373408832.6
AT5G27670.1,48947451.99,285238983.8,10510119259,11892099782,382321392,893743348.1
AT5G27700.1,0,0,0,0,129725256,157793107.1
AT5G27710.1,0,0,0,20550728.81,25474754,0
AT5G27720.1,0,0,0,0,43446380,27181152.19
AT5G27740.1,0,0,30105949.83,0,0,0
AT5G27760.1,0,0,1047017866,1040620975,0,0
AT5G27770.1,0,17742769.44,384236063.3,162821257.9,212750352,211565475.8
AT5G27820.1,0,0,737533118.3,350777177,0,0
AT5G27850.1,0,0,0,24670296.65,479994624,477235827.5
AT5G28020.1,0,0,0,0,514710952,324244589.8
AT5G28040.1,0,0,189986117.1,37467922.94,0,0
AT5G28060.1,0,0,194878874.6,178976559.1,436554404,328001679.6
AT5G28500.1,1001375626,82793438.71,0,0,25528970,225075890.5
AT5G28540.1,0,0,253383385.4,174474251.3,391446056,433246670.1
AT5G28750.1,1472871268,673496444.1,0,0,689582660,976242956.1
AT5G28840.1,0,0,99903483.62,415095490.5,1909782094,1350268364
AT5G28900.1,0,0,0,0,33913668,0
AT5G30490.1,0,0,0,0,70627384,0
AT5G30510.1,14569380789,2731026722,65107578.3,57093692.49,9809758254,5868689651
AT5G32470.1,0,0,68467694.93,76016393.34,0,26077770.25
AT5G33320.1,586506326.4,137599921.5,1605064034,0,600740247.5,514899146.8
AT5G34850.1,0,0,0,0,1277462124,1038695511
AT5G35100.1,758538071.3,655958328,0,0,330799387,800481062
AT5G35160.1,0,0,207031609.1,165370806.6,104526800,205162947.5
AT5G35170.1,3204938011,1434074167,0,0,1927319035,2710244414
AT5G35180.1,0,0,0,0,449473376,72145743.9
AT5G35220.1,219601032.2,288400846.4,0,0,23870676,27878094.96
AT5G35360.1,7651710157,1810251333,0,0,5389562263,4098683118
AT5G35430.1,0,0,0,0,0,37534689.88
AT5G35460.1,0,0,0,0,22253298,0
AT5G35530.1,0,0,0,0,559887200,474760602.2
AT5G35590.1,0,0,0,0,418806952,170851617.7
AT5G35620.1,0,0,0,0,173204256,379816347
AT5G35630.1,37228808827,5908660767,819122126.5,732200200.4,51562458583,37030748991
AT5G35700.1,0,0,0,0,0,20008509.25
AT5G35735.1,0,0,12880847.46,0,0,0
AT5G35790.1,1370864793,461146532.9,0,0,385785320,509271142.7
AT5G35970.1,888116053.7,146654496.3,0,0,789768667,451137709.4
AT5G36120.1,50525931.77,0,0,0,0,0
AT5G36160.1,0,0,0,0,146403432,179962288.2
AT5G36170.1,308371577.9,0,0,0,157576904,139321715.7
AT5G36210.1,20198808.73,0,121757893.9,0,427413888,1101562722
AT5G36220.1,0,0,0,0,0,18319484.09
AT5G36230.1,0,0,12702626.27,13551744.95,137975975,0
AT5G36790.1,7751925409,1314108319,126594779.4,0,9392301505,27556492806
AT5G36880.1,1024141270,195445827.6,0,0,940648818,1273334195
AT5G36890.1,0,0,0,0,0,61836363.56
AT5G37360.1,3336390386,5422836358,0,11219429.96,1435261987,1766818240
AT5G37400.1,0,0,0,51834281.89,0,0
AT5G37475.1,0,0,0,0,169854388,182468142.8
AT5G37510.1,0,0,67323523449,62143753030,2294617406,6902851470
AT5G37530.1,0,0,33587964.53,0,0,0
AT5G37590.1,0,0,20810310.04,139679209.5,0,0
AT5G37600.1,0,0,0,0,0,205229905
AT5G37720.1,0,0,0,0,0,26453762.67
AT5G37830.1,0,0,0,0,832438420,563935584.8
AT5G37850.1,7442604.273,0,0,0,155424820,186812166.3
AT5G38060.1,23087003.63,8218482.472,0,0,0,45909602.85
AT5G38410.1,65545227434,6987140843,1003843958,801437741.2,45835471785,40087099490
AT5G38430.1,24009412749,2310063440,145677198.3,141800019.7,12793582368,14132966483
AT5G38470.1,0,0,48044049.11,0,538783320,582779366.5
AT5G38480.1,0,13700663.01,334659305.8,70248104.26,2867236060,2543118172
AT5G38510.1,16215728.91,0,0,0,0,0
AT5G38520.1,387173474.4,612689363.6,0,0,286776664,348584416.9
AT5G38530.1,32698700.32,75620240.98,0,0,79352832,334497886.6
AT5G38660.1,4283220343,5153684643,121538705.8,118146406.4,2404480732,2313202469
AT5G38830.1,0,0,0,0,77598292,81473956.64
AT5G38980.1,0,0,203950724.6,0,0,0
AT5G39040.1,0,0,0,0,26968714,0
AT5G39050.1,0,0,0,0,49611053,30886695.72
AT5G39340.1,0,0,0,0,23179740,0
AT5G39410.1,71252396.88,153157615.4,1102294943,744488124.4,384926750,1048455615
AT5G39510.1,0,0,51576711.4,77165073.98,250480528,154019912.5
AT5G39590.1,0,0,587954656.3,1073701571,140014228,0
AT5G39600.1,0,0,124794880.7,92495986.2,0,0
AT5G39730.1,0,0,0,0,996822492,722318546
AT5G39740.1,0,0,0,38389951.22,255038416,0
AT5G39790.1,17439382.93,13271082.5,0,0,0,0
AT5G39800.1,0,0,92832158.51,180221221.3,0,0
AT5G39830.1,882448237.9,845353438.9,0,0,407395840,581272301.6
AT5G39850.1,0,0,0,0,143598576,75817761.42
AT5G39950.1,0,0,0,0,344975760,0
AT5G40170.1,0,0,0,0,16063361,0
AT5G40370.1,0,0,148077515.2,0,1541787428,1650816172
AT5G40390.1,0,0,0,0,214925410,136385866.9
AT5G40450.1,30996752.6,0,25715531.15,13961284.72,3992764812,2154404937
AT5G40480.1,0,6349354.256,539033890.7,641923971.9,29544422,14906846.98
AT5G40580.1,0,0,0,0,732738252,270521270
AT5G40610.1,0,0,1119964910,1077653928,0,0
AT5G40650.1,0,0,1802791559,1466598192,0,0
AT5G40660.1,0,0,0,44233546.98,0,0
AT5G40670.1,0,0,0,0,0,28057563.11
AT5G40760.1,0,0,0,0,152022148,104105031.2
AT5G40770.1,41804639.58,32609089.16,24142163526,29394933692,591692341.5,890673555.5
AT5G40780.1,0,0,0,0,35379784,0
AT5G40810.1,0,17952122.25,9293628546,9448277820,789617485,1154350205
AT5G40870.1,0,0,0,0,19757524,25762794.8
AT5G40890.1,0,0,54387940.62,116716408.4,0,0
AT5G40930.1,0,0,856151167.5,1164569919,28770900,31256050.8
AT5G40950.1,7751371874,247222369.4,309979418.4,82651453.18,3524997640,1412446175
AT5G41010.1,0,0,24343172.43,0,0,0
AT5G41210.1,49194213.92,0,3163252532,1331978674,599498936,80562021.63
AT5G41480.1,5581024.28,0,193109132.8,70492685.36,0,0
AT5G41520.1,0,0,30251035.58,0,804684064,971191590.4
AT5G41600.1,0,0,0,0,0,16104274.81
AT5G41670.1,1629353857,861292848.2,61483487.04,0,760698039.5,798724169.8
AT5G41685.1,0,0,965444297.2,811915076,0,0
AT5G41700.1,0,0,0,0,515585136,0
AT5G41761.1,0,0,33299630.91,0,0,0
AT5G41790.1,0,0,622431568.9,484865038.1,576971994,1232460052
AT5G41850.1,0,7415828.51,0,0,0,0
AT5G41950.1,0,0,22413369.05,0,35144728,90004605.65
AT5G41960.1,83602816.75,67812107.83,0,0,0,0
AT5G41970.1,12540794.77,0,577884361.3,383080091.5,453102872,476984128
AT5G42000.1,0,0,0,18377467.26,0,0
AT5G42020.1,0,0,272868462.7,153492244.3,418515276,0
AT5G42030.1,0,92286805.48,0,0,0,0
AT5G42070.1,206872131.6,263706795.3,0,0,183820692,183577943.1
AT5G42080.1,0,9855406.245,925137718,456300838.9,1210468240,756653856
AT5G42090.1,0,0,0,0,534000288,24832659.18
AT5G42100.1,24669695.04,65552948.12,0,0,0,48306395.38
AT5G42130.1,106039012.7,13004265.48,0,0,65649264,201153161.9
AT5G42150.1,0,0,2143761106,2566580578,74273072,62171061
AT5G42190.1,0,0,0,0,125463965,121521681.7
AT5G42240.1,0,0,0,0,189984200,183020629.3
AT5G42270.1,29931598864,12636325061,204957222.1,288348354.5,3646332160,3774242798
AT5G42300.1,0,0,57971073.33,0,0,0
AT5G42390.1,517704557.2,32108870,0,0,131046712,253681282.7
AT5G42480.1,281505375.9,103048942.9,0,0,94907014,0
AT5G42570.1,0,0,48439431.17,35559311.61,410005078,400848856.3
AT5G42650.1,51516143365,75589568467,1842331781,2045595629,11946592482,14175848596
AT5G42720.1,0,0,0,0,69636664,0
AT5G42740.1,0,15059401.49,50389989.13,70947078.58,1026167980,765103236.6
AT5G42765.1,1092712379,1643555859,76152938.19,102582920,582270403,160612873.2
AT5G42770.1,0,0,0,0,29573014,21034216.43
AT5G42790.1,0,0,0,0,360574556,363142046.4
AT5G42850.1,0,0,0,0,213889464,445823695
AT5G42890.1,0,0,887303416.2,695336841.2,114696856,101531212
AT5G42950.1,0,0,0,0,19318024,0
AT5G42960.1,196137969.5,237413802.1,165392373.1,41958751.4,464710432,269022982.1
AT5G42970.1,0,0,0,53892234.98,99571240,94337804.58
AT5G42980.1,69297232.45,28431594.12,210097851.7,63365069.65,6326722564,4689571823
AT5G43010.1,0,0,0,0,21922444,16092225.16
AT5G43060.1,0,0,38449337.72,0,31643518,0
AT5G43090.1,0,0,0,0,107985928,172526769
AT5G43140.1,0,0,397554597.2,358441514.7,0,0
AT5G43280.1,0,12753583.06,298148540.4,60558358.87,0,0
AT5G43330.1,0,0,0,0,64055132,67762714.41
AT5G43430.1,0,0,5100271388,3541332878,0,8171735.246
AT5G43460.1,0,0,93864967.59,30736648.44,104152472,45753059.41
AT5G43470.1,0,0,0,0,0,70724535.95
AT5G43500.1,0,0,38418068.21,0,0,0
AT5G43600.1,0,0,0,0,287105615,292382135.5
AT5G43745.1,74560421.24,22482262.71,0,0,24599518,0
AT5G43750.1,253673849.7,1041769929,0,0,129640912,460055135.7
AT5G43780.1,165147162,65028355.89,0,0,540025866,511866014.1
AT5G43830.1,0,0,29004524.73,33332034.16,660973232,286067992.8
AT5G43850.1,0,0,0,0,37703160,15550112.28
AT5G43860.1,0,0,0,0,0,25466844.56
AT5G43940.1,72566184.01,68296748.22,364190979.4,294298980,5527835906,5451927780
AT5G43960.1,0,0,77140956.18,129511811.1,244742078,340681758.3
AT5G43970.1,0,0,4481880497,8290837907,320487760,451356801.9
AT5G44000.1,47234105.41,66079847.35,0,0,0,0
AT5G44020.1,377607007.5,589642255.3,2.70E+11,2.53E+11,880254696,549525591.8
AT5G44070.1,0,7667898.858,150013464.4,212757415.8,824713826,927991242.6
AT5G44090.1,0,0,0,0,155045216,9390348.468
AT5G44130.1,0,0,93212557.11,0,1687314688,1541732758
AT5G44180.1,0,0,32933206.35,72720085.97,0,0
AT5G44320.1,0,0,0,0,179003686,213686622
AT5G44340.1,0,0,86925037.14,27334319.87,21862984,18271227.51
AT5G44400.1,0,22408054.58,0,0,396763688,269220869.9
AT5G44520.1,23963174.03,0,0,0,0,0
AT5G44650.1,2500315369,2701709649,0,0,859218016,835977143.5
AT5G44710.1,0,0,310570753,492076903.2,0,0
AT5G44720.1,0,0,0,0,325015631,657993774.8
AT5G44730.1,0,0,3223427358,3612794620,1218970556,1234034854
AT5G44785.1,0,0,30260418.73,0,0,0
AT5G45040.1,0,19992900.88,0,0,0,0
AT5G45160.1,0,0,0,0,0,178353903.2
AT5G45170.1,1822732963,387683725.4,0,0,1171767366,365253838.8
AT5G45280.1,0,23029087.08,0,0,0,195794915
AT5G45390.1,1500634007,213384832.2,4702736.231,6355005.959,1079959147,2032422811
AT5G45420.1,0,0,0,0,37226905,32142532.09
AT5G45500.1,0,0,0,0,15228668,0
AT5G45590.1,0,0,258538042.4,0,0,0
AT5G45620.1,0,0,0,0,89817640,215734100.4
AT5G45650.1,0,0,0,0,0,19946454.04
AT5G45680.1,1734304333,2364097969,0,0,2217294976,2499871668
AT5G45750.1,0,15273210.89,0,0,34156488,24604923.71
AT5G45930.1,386576042.2,0,0,0,114657440,0
AT5G45950.1,0,0,0,0,151815496,0
AT5G46020.1,0,14266696.56,74325094.02,91971075.56,0,0
AT5G46070.1,0,50703782.98,3116490751,4112490206,665038098,239560996.7
AT5G46110.1,11036804548,3327223797,2520123200,1336931339,15775380398,10310310978
AT5G46160.1,0,0,552473133.7,264961958,0,0
AT5G46180.1,0,0,2182267317,1396618982,0,52005146.96
AT5G46210.1,0,0,0,0,11448586,17962018.68
AT5G46290.1,2446167072,988585654.5,0,0,498516136,967778401.4
AT5G46390.1,126956415,325434342.4,0,0,44253815,0
AT5G46420.1,14431000.88,0,0,0,0,0
AT5G46430.1,0,0,30245384.28,22947979.72,0,33849378.34
AT5G46570.1,0,0,0,0,9887268,0
AT5G46580.1,233869883.7,33311661.05,0,0,146824321,71951210.19
AT5G46630.1,0,0,85583862.54,32365351.31,265643780,150842528.6
AT5G46700.1,0,0,0,0,97804152,0
AT5G46750.1,0,0,0,0,39176058,59166164.35
AT5G46780.1,0,0,50077936.36,30641951.7,0,0
AT5G46790.1,0,0,0,0,86660504,169020199.8
AT5G46800.1,0,14655179.77,63656658068,57182187002,3793261922,3800034568
AT5G46860.1,0,0,61560251.81,68054300.89,369954832,149777323.7
AT5G47010.1,0,0,0,0,33316440,83444069.41
AT5G47030.1,146087391.3,83539471.8,24735773216,25113816174,597839680,852278572.3
AT5G47110.1,2119493216,1291958157,0,0,473120912,164973843.3
AT5G47190.1,2756730831,833090135.1,30741141.3,0,637385208,1191373681
AT5G47200.1,0,0,45248380.74,0,109465642,0
AT5G47210.1,12892379.01,0,3531608061,6008112283,1104586154,1210069975
AT5G47320.1,0,0,513337579.5,590391139.9,0,0
AT5G47330.1,0,0,0,0,86390256,0
AT5G47435.1,0,0,393570636.4,253990384.6,0,0
AT5G47520.1,0,0,27389578.1,0,89142320,0
AT5G47560.1,0,0,0,0,13349790,0
AT5G47570.1,0,0,9844642496,6936443076,0,180589260.8
AT5G47630.1,0,0,889836381.9,108950869.6,0,0
AT5G47640.1,0,0,0,0,145077328,0
AT5G47650.1,0,0,0,0,29119550,34166334.68
AT5G47690.1,0,0,0,0,36508684,38644966.85
AT5G47760.1,0,0,0,0,0,17499310.23
AT5G47770.1,0,0,34618930.62,101925042.6,294550082,38801128.07
AT5G47840.1,552684475.5,108718442.2,0,0,592416452,800325808.9
AT5G47860.1,121691564.5,388426873.1,0,0,9413621,73737770.62
AT5G47870.1,381688190.6,133632550.9,138117924,0,309803328,205167925
AT5G47880.1,0,0,0,0,72520472,0
AT5G47890.1,0,0,19209472623,12135837367,0,378087532.1
AT5G47930.1,0,0,341594642.8,168097259.1,0,0
AT5G48020.1,0,0,0,0,44404464,67037319.74
AT5G48030.1,0,0,825852622.4,831088464.5,0,0
AT5G48180.1,0,0,0,0,37726176,0
AT5G48220.1,602638165.7,28811454.86,0,0,320096264,322905117.2
AT5G48230.1,0,0,42700559.01,55939902.19,349470630,135273386.8
AT5G48300.1,8479461892,1166559845,344047927.7,0,7810321132,13039004158
AT5G48330.1,0,0,18489013.21,0,0,0
AT5G48380.1,0,0,100701438.7,62027629.66,362705392,198642796.9
AT5G48440.1,109277552,0,0,0,0,0
AT5G48480.1,0,0,0,0,169816024,0
AT5G48540.1,0,0,0,15603771.18,31608532,33015819.74
AT5G48580.1,0,0,0,0,124356456,228365909.7
AT5G48620.1,0,0,23232695.56,0,11014230,0
AT5G48790.1,898862253.3,1614989602,49249094.14,41241512.13,391821824,480739427
AT5G48810.1,0,18446183.58,608049026.5,684491345,1215076340,2230772492
AT5G48880.1,0,0,275376284.3,136799167.6,38056696,336211227.9
AT5G48960.1,718637530.2,42888396.24,0,0,215239066,335218144.9
AT5G48970.1,0,0,593081314.4,161227817.5,0,0
AT5G49020.1,0,0,0,0,0,24945393.13
AT5G49030.1,524592260.6,15067676.56,607952798.9,164939564.9,448275920,281902284.3
AT5G49190.1,0,0,0,30289172.39,0,0
AT5G49210.1,0,0,84371796.08,152822323.4,0,0
AT5G49360.1,0,15938822.78,356080068.6,228907539,521659924,0
AT5G49460.1,0,0,0,0,21525756,0
AT5G49510.1,0,0,0,0,16131348,0
AT5G49555.1,0,0,4770647256,3715594490,94813328,288206680.4
AT5G49570.1,0,0,0,0,54931480,48514057.76
AT5G49630.1,0,0,0,0,0,72344284.49
AT5G49650.1,0,0,0,0,490081880,388246733.6
AT5G49720.1,0,0,0,0,22147510,0
AT5G49760.1,0,0,152522578.4,102033087.7,734603304,161932058
AT5G49810.1,0,0,0,0,409339196,1269332122
AT5G49840.1,0,0,154691615.1,115575099.3,0,0
AT5G49900.1,0,0,0,0,37381440,0
AT5G49910.1,4937825331,790949536.9,0,0,3316305416,2954246707
AT5G49970.1,84562337.78,0,1226290010,976677211.8,413870420,348177737.2
AT5G49980.1,0,0,0,0,0,39917396.04
AT5G49990.1,0,0,0,0,51352240,0
AT5G50100.1,13107382.79,38843742.46,0,126054716,0,0
AT5G50110.1,3938605.531,0,0,0,0,0
AT5G50230.1,0,0,217993532.6,310407452.1,0,429804543.9
AT5G50250.1,1676516239,404348165.7,0,0,1072561520,1776345073
AT5G50370.1,0,0,4709252263,4448029982,365890560,531710170.1
AT5G50460.1,0,0,0,0,0,59590050.45
AT5G50640.1,0,0,0,15792240.93,0,65763947.88
AT5G50810.1,0,0,1820333088,940185240.7,0,0
AT5G50850.1,0,25107629.05,76922266007,75177087495,2492244396,2267318297
AT5G50920.1,11875126115,2855973168,786281643.6,1050557873,8206429246,8037803490
AT5G50950.1,0,0,0,63798366.82,765754526,160057419
AT5G50960.1,0,0,0,0,42223340,0
AT5G51010.1,593267978.5,1616600903,0,0,358600800,349906191.4
AT5G51040.1,0,0,99938732.24,0,0,0
AT5G51050.1,0,0,254251944.7,633224106.8,0,0
AT5G51070.1,225702004.4,11545706.62,0,0,41380976,46591795.72
AT5G51080.1,0,0,67116678.34,29783402.99,0,0
AT5G51100.1,189079812.5,62040273.04,0,0,0,36766814.92
AT5G51110.1,180584069.9,21305558.67,0,0,0,55179649.16
AT5G51120.1,0,0,0,0,102253884.5,98853537.5
AT5G51200.1,0,0,362747486.2,0,0,0
AT5G51220.1,0,0,447371781,481599588.3,0,0
AT5G51430.1,0,0,29163049.22,0,17226852,0
AT5G51540.1,0,0,119402838.3,0,0,0
AT5G51545.1,487583656.2,1083095104,0,0,129068808,120103359.8
AT5G51570.1,0,0,31656045.42,34234832.17,357564908,560577506.6
AT5G51590.1,0,0,0,27581732.08,0,0
AT5G51660.1,0,0,0,0,13388817,0
AT5G51690.1,29759866.65,0,0,0,0,0
AT5G51720.1,284259492.9,109440197.2,0,0,664036464,1276803250
AT5G51740.1,0,0,1398736721,1346482508,44016330,33956372.52
AT5G51820.1,5953632129,821571968.7,0,0,6352887672,6608279568
AT5G51840.1,0,0,0,16024314.18,0,0
AT5G51970.1,0,131743961.3,74254554.72,164120861.5,1776497776,1465524679
AT5G52030.1,3367073.416,0,0,0,0,0
AT5G52040.1,0,0,0,0,46611932,0
AT5G52100.1,180948383.6,0,0,0,83401822,0
AT5G52110.1,52658261.68,109005173.3,0,0,0,0
AT5G52190.1,0,0,0,0,56985224,62939077.69
AT5G52230.1,0,8520027.164,0,0,0,0
AT5G52240.1,0,0,73559151.53,110715152.3,209990512,223782366.2
AT5G52310.1,0,81242472.17,618264328.3,351241456.7,14795897238,10626870933
AT5G52370.1,0,0,256235385.8,30888959.47,0,0
AT5G52410.1,143461219.8,84056302.24,0,0,0,0
AT5G52420.1,0,0,49045249.64,147340830.8,142841936,138095853.1
AT5G52440.1,400726611,656475522.8,0,0,459887744,190084637.5
AT5G52470.1,0,15599719.56,28482486.74,13441544.48,197755592,148224060.3
AT5G52520.1,948068126.2,129440520.1,240272014.8,434709101.7,853539550.5,751699586.4
AT5G52540.1,161376456.4,0,0,0,106471984,204293959.8
AT5G52560.1,0,0,0,0,106508708,0
AT5G52640.1,0,0,0,0,338475218,0
AT5G52650.1,0,0,7481386.658,0,323424000,115721775.4
AT5G52780.1,100076492.4,97442922.5,0,0,107627952,0
AT5G52810.1,0,0,0,0,75529184,0
AT5G52840.1,0,14835720.92,30848491722,33571028964,1544285627,1404205711
AT5G52920.1,2266541958,220531149.1,0,0,635062102,551245655.2
AT5G52960.1,88171809.66,0,0,0,105063196,50029889.22
AT5G52970.1,678494258.7,406932887.9,0,0,391974544,239403020.9
AT5G53070.1,0,0,1487061688,427340716.4,0,0
AT5G53140.1,0,0,748723981.9,868443650.6,724658232,679985602.9
AT5G53170.1,198991751.1,20321122.04,0,0,75062730,103324457.1
AT5G53340.1,0,0,28791546.89,0,0,0
AT5G53350.1,0,0,2256324449,1484766722,100506620,166617213.9
AT5G53370.1,0,0,0,0,45655116,81897177.06
AT5G53400.1,0,0,0,0,44243732,160311124.1
AT5G53460.1,1915521256,15418853,0,0,167486420,0
AT5G53480.1,0,0,398049041.5,161463627.3,1015127988,1189929240
AT5G53490.1,4079977784,3496372262,27371270.64,0,4084468440,4209934923
AT5G53530.1,0,0,0,95938003.66,231229564,171213884.4
AT5G53540.1,0,0,66084445.36,0,0,0
AT5G53560.1,0,0,577292725.8,512699661.5,1909761500,1436137089
AT5G53580.1,350494286,200608277.3,51667593.6,31617769.52,219943128,51782655.23
AT5G53650.1,0,0,5817364065,6293495783,0,0
AT5G53780.1,0,0,41436174.04,0,0,0
AT5G53850.1,100546791.3,0,0,0,221950340,338516222.8
AT5G53860.1,73111171.4,23502520.85,0,0,0,0
AT5G54060.1,0,0,0,0,0,73940219.33
AT5G54080.1,0,0,0,0,0,55014606.65
AT5G54100.1,0,0,580516159.6,387948603.4,0,0
AT5G54110.1,0,0,0,0,57490452,29555176.76
AT5G54160.1,0,0,0,0,205455860,111691869.5
AT5G54180.1,0,16035987.48,0,0,0,0
AT5G54190.1,72484696.95,0,0,0,0,0
AT5G54270.1,39106077824,48187035044,4205316926,4088810702,24392082928,22496885020
AT5G54430.1,0,0,0,0,615468040,497529983.2
AT5G54440.1,0,0,0,0,17567740,0
AT5G54500.1,0,20798437.32,302097721.6,422751309.8,2079018190,1532463656
AT5G54580.1,0,0,463146859.4,464001882.8,0,0
AT5G54600.1,5129345149,1588408956,107185000.4,45263986.52,3361379232,1902760224
AT5G54640.1,0,0,64926948.24,0,0,0
AT5G54750.1,0,0,0,0,381717680,90442580.27
AT5G54770.1,5649454966,900562268.8,0,0,5037571364,4270431352
AT5G54800.1,0,0,0,0,31218572,111222733
AT5G54810.1,666811950,324669088.8,0,0,315345634,335731681.4
AT5G54900.1,0,0,0,0,52105296,0
AT5G54940.1,0,0,71452376.01,17144925.01,0,0
AT5G54960.1,0,0,0,95383178.22,518196952,1637724799
AT5G55070.1,0,19282382.95,23246045426,23457085188,1172699578,1339477882
AT5G55125.1,0,0,262748781.9,54086180.55,0,0
AT5G55140.1,0,0,66012943.78,185752116.1,0,0
AT5G55160.1,0,0,0,24479654.88,128748088,166126778.8
AT5G55200.1,0,0,310489549.5,165453057,0,0
AT5G55210.1,0,0,25352361.76,24193179.6,0,0
AT5G55220.1,6292174377,437501619.7,0,0,3759642077,2336125297
AT5G55230.1,0,0,0,0,210229916,323018497.5
AT5G55280.1,677422538,60819267.2,0,0,242137016,356906471.6
AT5G55480.1,0,0,0,0,205127972,415055404.2
AT5G55510.1,2534543.756,0,0,0,0,0
AT5G55610.1,0,0,9658249210,12516315329,41429620,295155283.4
AT5G55660.1,0,0,0,81117697.54,24619036,171487383.4
AT5G55670.1,0,0,0,0,0,8009625.433
AT5G55710.1,180777136.5,235870981.1,0,0,181760368,0
AT5G55730.1,0,0,0,0,627446176,563118476.2
AT5G55740.1,7929246.837,0,0,0,0,0
AT5G55860.1,0,0,0,0,21304398,11643857.22
AT5G55940.1,0,0,0,0,0,28563075.04
AT5G55990.1,0,0,0,0,52453798,256249613.4
AT5G56010.1,0,0,0,0,315504032,121780259
AT5G56030.1,0,10004890.53,0,336828155.5,275601640,246140134
AT5G56090.1,128797474.7,82933727.17,105511560.2,162874864.4,137825472,92654965.83
AT5G56260.1,0,0,0,0,396098024,123755518.9
AT5G56350.1,0,0,0,0,177032796,347654656.1
AT5G56360.1,0,0,0,0,0,32583307.34
AT5G56450.1,0,0,53945781.74,0,0,0
AT5G56490.1,0,197306882.1,0,0,0,0
AT5G56500.1,428553268.6,225560734.2,0,0,26423482,36955460.69
AT5G56600.1,0,0,0,0,158832608,0
AT5G56630.1,0,0,0,0,51479592,115038541.1
AT5G56660.1,0,0,0,0,0,27181736.26
AT5G56680.1,0,0,0,11666957.6,934357930,540605737.9
AT5G56710.1,0,0,84201726.84,230546483.6,407571968,0
AT5G56730.1,0,0,302750027.6,0,31397080,21162623.62
AT5G56940.1,0,0,31374487.24,179160809.5,0,0
AT5G56950.1,0,0,0,0,106838108,0
AT5G57020.1,0,0,0,0,462151142,172053834
AT5G57030.1,188756447.6,311236626.4,0,0,125019692,0
AT5G57040.1,220753674,0,0,0,103884348,94166051.72
AT5G57110.1,0,0,67289755.49,67318084.33,414558304,239663964.6
AT5G57170.1,0,106006706.4,0,0,0,122829676.3
AT5G57230.1,0,0,149836739.5,100661209.9,0,0
AT5G57290.1,0,8074477.939,94677592.58,0,963058140,358571940.8
AT5G57300.1,0,0,273344204.4,327551523.3,0,0
AT5G57330.1,0,0,0,0,166671404,382475171.8
AT5G57345.1,630464032.8,659659165.5,0,0,48441632,0
AT5G57350.1,0,0,0,0,125320964,133446522.4
AT5G57370.1,0,0,142421722.5,185102281,0,0
AT5G57460.1,0,0,0,0,0,58975798.58
AT5G57490.1,0,0,12529412832,9568881658,332336300,153913385.4
AT5G57580.1,0,0,55410043.57,147731388.3,0,0
AT5G57590.1,0,0,29902849.66,0,0,0
AT5G57610.1,0,0,0,0,0,24738694.89
AT5G57655.1,0,0,88639168.31,83989870.17,1227596488,477401076.1
AT5G57850.1,714594765.4,155229349.8,0,0,549568264,978930984.3
AT5G57870.1,0,8044161.997,0,32597417.92,1301099272,1036417074
AT5G57960.1,0,0,0,0,0,1755509971
AT5G58005.1,0,0,1112531609,1617932797,33151962,133502797.1
AT5G58030.1,0,0,0,0,59473876,44440350.91
AT5G58060.1,0,0,69364122.07,97706976.57,152812190,100200474.7
AT5G58070.1,0,186263990.9,703264109.5,919758045.8,2461498316,3112125303
AT5G58090.1,0,0,0,0,150141548,78122155.06
AT5G58140.1,0,0,1692908491,10849760691,1417036868,513368319.6
AT5G58210.1,0,0,0,223639080.8,0,0
AT5G58220.1,0,0,14630024.6,0,55299368,24731351.08
AT5G58230.1,0,0,0,0,0,69341322.57
AT5G58240.1,0,0,41951477.38,0,50471272,45137158.4
AT5G58250.1,2788771671,704612377.8,0,0,874539600,320059866.8
AT5G58260.1,851221495.8,1639644279,20701814.99,0,320393868,603344887.7
AT5G58270.1,36417642.56,306129675.3,2326765971,3306486330,0,1484400867
AT5G58290.1,0,0,0,0,456384776,708502031.8
AT5G58330.1,6664145471,1275986097,18341829.57,0,5790480410,5535537139
AT5G58390.1,0,0,0,0,29368966,144222906.9
AT5G58420.1,0,0,0,0,500597344,481970258.4
AT5G58450.1,0,0,0,0,50393070,0
AT5G58470.1,0,0,156874796.6,0,0,49396028.08
AT5G58490.1,0,0,0,0,439998300,793793134.3
AT5G58590.1,0,0,0,0,0,126831908.2
AT5G58670.1,0,0,0,77835068.07,50969871,21634184.37
AT5G58710.1,0,0,189096770,256129366.5,595119136,412936839.1
AT5G58770.1,0,0,0,0,118732720,0
AT5G58800.1,0,0,0,0,18713306,0
AT5G58870.1,0,7432492.038,0,0,4716465.5,0
AT5G59150.1,0,0,0,0,44818700,61537549.87
AT5G59200.1,0,5849692.149,101356232.5,79973780.36,0,0
AT5G59250.1,842883120.9,865899298.2,102408797,108096155.7,741776304,1195423720
AT5G59290.1,0,0,0,0,792731708,392221200.2
AT5G59320.1,0,0,0,76238691.67,633457344,329335547.7
AT5G59420.1,0,0,0,0,244211590,176247856.9
AT5G59470.1,0,0,0,0,0,119896479
AT5G59720.1,0,0,52810678.25,0,0,0
AT5G59750.1,143570009.9,0,0,0,67360378,36641746.8
AT5G59850.1,42138305.32,55070947.53,395820522.1,322959503.7,4302198176,4198987125
AT5G59870.1,0,143337447.1,11841842213,14686337587,312030976,515308174.6
AT5G59880.1,0,0,212463501.1,271481889.1,769593072,764607924.5
AT5G59910.1,0,0,3206655046,256457378.2,708938960,699973117.7
AT5G59950.1,0,47755592.73,69348241.32,0,143366608,81090480.82
AT5G60030.1,0,0,86860831.02,93767721.34,0,0
AT5G60040.1,0,0,28386822.47,12486211.06,0,0
AT5G60160.1,0,0,0,40447621.38,699973035,641169474.7
AT5G60360.1,0,0,322227213,553541972.9,1316302592,651105561.7
AT5G60460.1,0,0,9295521.897,0,100583366,55908758.14
AT5G60540.1,0,0,0,0,17161970,99588906.97
AT5G60600.1,2175088423,118716991.4,0,0,1382422446,955978783.5
AT5G60640.1,0,0,459250390.4,199416501.5,2960148789,2740784649
AT5G60670.1,0,0,0,0,62412916,52249708.77
AT5G60730.1,0,0,114544952.3,77264377.74,0,0
AT5G60790.1,0,0,0,0,126262596,310392009.3
AT5G60920.1,0,0,0,0,49945776,0
AT5G60960.1,0,0,1328721410,839983744.9,0,0
AT5G60980.1,0,0,47074399.77,45810000.7,412089768,419239354.2
AT5G61030.1,0,0,606965692.2,690137797.9,0,0
AT5G61170.1,0,0,0,42623209.74,254330064,288922216.7
AT5G61220.1,0,0,4078669459,3441990133,64369688,0
AT5G61240.1,0,0,121461466.9,151909199.6,0,35834187.33
AT5G61310.1,0,0,304207326.6,531647364.6,0,0
AT5G61410.1,7955485000,1233530880,105619923.9,0,7244429716,7809903139
AT5G61500.1,0,0,0,0,36866108,122598546.5
AT5G61510.1,0,0,0,0,288982104,1610867371
AT5G61580.1,80392129.91,9171995.948,0,0,35698912,36521896.65
AT5G61640.1,0,0,0,0,0,25586426.3
AT5G61670.1,64784992.8,82945257.08,0,0,44854516,44646004.48
AT5G61740.1,0,0,22112486.33,0,0,0
AT5G61760.1,0,0,45203802.5,0,75283696,0
AT5G61780.1,0,0,0,0,481619060,257020052.2
AT5G61790.1,8799047.909,0,1804015016,743816585.8,4003528616,2462015755
AT5G61810.1,0,0,4895067404,5273410638,70676702,67552359.29
AT5G61820.1,0,0,0,0,108463936,158673900.7
AT5G61840.1,0,0,0,29080034.7,0,0
AT5G61970.1,0,0,0,0,203421536,232780835.3
AT5G61990.1,0,0,15688044.03,0,0,0
AT5G62050.1,0,0,41787857.29,0,0,0
AT5G62140.1,141665827.6,67499004.46,0,0,165104846,0
AT5G62200.1,0,0,58503902.84,51434320.64,169675038,274054455.2
AT5G62270.1,0,0,290374389.1,468951661.6,0,0
AT5G62310.1,0,0,129326813.9,0,0,0
AT5G62350.1,0,0,43600438.87,0,1033960112,0
AT5G62390.1,0,0,266116302.3,40128371.9,55829536,0
AT5G62530.1,0,0,23628430000,22267707109,1613181570,1219504826
AT5G62575.1,0,0,2238280920,1708387071,110485456,131610983.9
AT5G62630.1,0,0,0,0,58076084,75943851.67
AT5G62670.1,0,0,232105627,218842858,386243436,333765477.7
AT5G62690.1,0,0,18483644.86,22927943.87,201669248,389906757.2
AT5G62720.1,123284377.5,0,0,0,39569288,34398603.12
AT5G62740.1,0,0,45622992.93,238331482.4,0,0
AT5G62790.1,2199621596,148642313.8,0,0,1510235491,742697189.8
AT5G62810.1,0,0,423378614.5,544745184,24306974,0
AT5G62840.1,75974906.8,39627308.26,0,0,0,0
AT5G62890.1,0,0,0,0,47675268,47150453.65
AT5G63000.1,0,0,202642146.3,99534123.01,0,0
AT5G63030.1,0,31517601.65,0,0,0,0
AT5G63040.1,72746138.93,19091082.43,0,0,0,0
AT5G63050.1,44569000.31,0,0,0,4980448,0
AT5G63180.1,0,0,0,0,0,34334312.56
AT5G63310.1,2529517673,893792975.9,0,0,4039464659,3852123093
AT5G63380.1,0,0,0,40701749.37,0,0
AT5G63400.1,0,32932705.85,36421085617,41079159535,2098415556,2281794031
AT5G63420.1,1230557921,545640033.2,0,0,386074056,579468512.1
AT5G63490.1,0,0,26879306.65,0,0,0
AT5G63510.1,0,0,2318298930,2416578209,0,0
AT5G63530.1,0,0,0,0,15422033,28218512.84
AT5G63570.1,2160238821,669820034.8,0,0,1684246704,1408426706
AT5G63620.1,0,0,11291560704,8728280456,147666568,311768106.4
AT5G63680.1,0,0,0,0,55542360,56804396.64
AT5G63800.1,10382081.13,68728639.96,0,0,674794154,459263501.7
AT5G63810.1,0,0,0,0,111291808,27897560.35
AT5G63840.1,0,0,168104869,73729188.12,311287262,491046052.3
AT5G63860.1,0,0,0,0,767199362,975770194.9
AT5G63870.1,0,0,0,0,26453330,0
AT5G63880.1,0,3964811.017,0,0,32812422,22093099.6
AT5G63890.1,483179731.7,110898930.4,0,0,672108928,522714065.2
AT5G63910.1,0,0,58597034.6,0,18242346,0
AT5G63980.1,377171081.7,84089377.11,160898214.7,142433756.8,909774004,629305545.7
AT5G64030.1,0,0,0,0,23846020,0
AT5G64040.1,1.14E+11,1.32E+11,12161755442,12845614333,43790855512,37108792966
AT5G64050.1,1237555588,194059523.6,61193406.03,98814290.64,396385592,143698756.3
AT5G64110.1,39890283.72,20167751.99,0,0,0,0
AT5G64130.1,0,0,54237508.18,73153864.14,0,0
AT5G64140.1,0,0,0,22319084.25,315384128,300272090.7
AT5G64180.1,0,0,0,0,0,37704327.64
AT5G64250.1,0,0,0,0,265979784,238259170.7
AT5G64260.1,0,0,112455255.6,0,61873764,0
AT5G64270.1,0,0,0,0,46791917,28441835.58
AT5G64280.1,43255112.46,0,0,0,0,0
AT5G64290.1,1516069838,450764802.9,477445114.2,504161762.4,906931876,880135104
AT5G64300.1,81372577.86,0,0,0,31529652,0
AT5G64350.1,0,0,0,0,91603712,154894526.1
AT5G64370.1,0,0,0,0,77809452,71433357.65
AT5G64380.1,140945564.6,0,0,0,88155436,193913031.1
AT5G64400.1,0,0,2341724229,2220822695,116761176,0
AT5G64410.1,0,0,0,0,20754446,0
AT5G64430.1,0,0,0,0,54443248,0
AT5G64440.1,0,0,19596575.21,0,89813328,58578761.41
AT5G64460.1,0,0,11568380.55,0,90209050,2147906183
AT5G64500.1,0,0,0,0,7189120.5,0
AT5G64570.1,0,0,0,0,419323039,338736876.4
AT5G64580.1,136119141.1,18325926.06,0,0,0,0
AT5G64670.1,0,0,729112149.3,625360767.2,0,9568308.138
AT5G64840.1,33961161.24,0,0,0,0,0
AT5G64860.1,1053641737,125928583.8,0,0,889607056,1206912686
AT5G64940.1,696248277.9,761566942,74291722.8,0,233459310,110486479.4
AT5G65010.1,0,0,0,0,265418918,0
AT5G65020.1,0,0,24540264.43,23529826.41,706781948,354651089.4
AT5G65220.1,4395088499,1128298374,49337981.69,23547337.38,3131789936,1600590866
AT5G65250.1,127775362.2,16338441.09,0,27752424.55,47718852,45914932.48
AT5G65270.1,0,5053319.804,0,0,200572326,100850487.9
AT5G65410.1,0,0,97803669.62,256755011.5,0,0
AT5G65430.1,0,0,222770201.2,78453033.53,1982050972,1720067848
AT5G65460.1,0,0,0,0,11387290,0
AT5G65470.1,0,0,68475418.63,0,0,0
AT5G65610.1,0,0,0,190092973.7,0,0
AT5G65620.1,628210904,85093350.86,75537551.76,83114464.58,1274895268,1426941102
AT5G65685.1,42760360.98,0,0,0,0,0
AT5G65720.1,0,0,17477835414,12968875975,960543576,1275715618
AT5G65750.1,0,0,20871845905,18067505342,461864561.5,1180489690
AT5G65760.1,0,0,0,0,176826348,580520698.8
AT5G65770.1,0,0,0,0,0,67598910.9
AT5G65780.1,337600189.1,43264425.79,0,0,137654292,77094442.3
AT5G65810.1,0,0,34602202.31,25262056.4,0,0
AT5G65840.1,404498160.5,43472539.64,0,48064354.33,975423422,781179800.5
AT5G65880.1,0,0,969025827.7,661212219.6,0,0
AT5G65940.1,0,0,69773771.31,0,29866666,0
AT5G65950.1,0,0,0,0,0,0
AT5G66030.1,0,0,0,0,56153452,0
AT5G66040.1,0,33836283.75,250923973.2,50636205.68,823198688,464655085.6
AT5G66060.1,0,0,41583895.54,45105600.49,52120680,7236835.802
AT5G66090.1,760386432.8,226595590.1,0,0,633064250,794474609.8
AT5G66110.1,0,0,0,295632330.7,0,0
AT5G66120.1,1494924216,357548639.7,65769848.61,0,1477274824,1549484293
AT5G66140.1,0,0,0,0,0,37985771.71
AT5G66190.1,32145823412,28583540681,553622593.3,405499939.2,17148373160,18916430186
AT5G66290.1,0,0,0,0,0,117765511
AT5G66420.1,0,0,54172511.84,84848691.84,579097040,1099488763
AT5G66450.1,0,15552047.82,0,0,0,0
AT5G66470.1,146121701.6,10615142.1,1619770743,2580170439,0,0
AT5G66510.1,0,0,11888456013,13724720472,280198000,620284570.5
AT5G66530.1,1600838591,83288331.11,0,0,1625273624,1946386675
AT5G66550.1,79714580.65,0,0,0,96048452,61257520.88
AT5G66570.1,1.79E+11,2.39E+11,5209401515,4905258519,73520356512,52493492399
AT5G66590.1,0,0,0,0,20654836,0
AT5G66680.1,0,15968483.27,814285828.7,1096777344,2782495600,1399875666
AT5G66720.1,139075854.4,0,100685899.5,0,34748996,0
AT5G66760.1,0,0,30214367783,29429942678,655607768,1188472321
AT5G66860.1,0,0,496895826.2,449428088.4,0,0
AT5G67030.1,3473437458,3203041271,106311240.9,94659800.72,2791399630,2798230944
AT5G67150.1,0,0,0,0,30069484,47605001.24
AT5G67290.1,18114782.11,5847653.85,0,0,0,43190026.17
AT5G67330.1,0,0,46712916.59,31938296.41,0,106874346.1
AT5G67360.1,0,0,0,0,623326764,765153784.4
AT5G67385.1,0,0,0,0,0,14487789.12
AT5G67490.1,0,0,204801218.7,0,0,0
AT5G67500.1,28140413.5,42750644.97,70532951800,68698925793,3658757159,4068768241
AT5G67510.1,0,0,0,0,0,79719378.29
AT5G67590.1,0,7371781.449,12804710266,13165757620,907092692,1369802259
AT5G67610.1,0,0,20391285.3,16021822.6,0,0
AT5G67630.1,0,0,500417823.1,794264413.3,30374824,181273948.8
ATCG00020.1,1.70E+11,2.95E+11,12677864791,11369843406,1.15E+11,1.05E+11
ATCG00120.1,5.13E+11,7.90E+11,54916220516,52099521932,2.88E+11,3.67E+11
ATCG00130.2 atpf,44552156675,86534795544,3934420041,4973177071,24266494359,20930309547
ATCG00140.1,142918092.9,404094775.5,40747250.6,0,148036325.8,85668309.85
ATCG00150.1,2791120776,2054309517,0,0,2601296458,3118242047
ATCG00160.1,4826309662,1229077394,321187425.8,176368783.7,1760896996,2246959313
ATCG00170.1,636717091.6,128088579,0,0,13140254,0
ATCG00180.2,71435639.47,23509091.05,0,0,0,0
ATCG00190.2 RPOB,512767605.9,531072297.1,0,0,29389802,0
ATCG00270.1,2.07E+11,3.72E+11,14504015261,13620259924,1.41E+11,1.39E+11
ATCG00280.1,3.67E+11,5.27E+11,22184166221,22968410742,2.15E+11,2.34E+11
ATCG00330.2 RPS14,2514707955,363915798.3,93458542.93,0,819223512,233736117.1
ATCG00340.1,1.93E+11,2.77E+11,11469501082,8308686903,90708821829,80010380599
ATCG00350.1,2.23E+11,2.87E+11,8987655694,11643444453,1.48E+11,1.11E+11
ATCG00360.1,126195785.2,52078594.28,0,0,63449220,208776725.6
ATCG00380.1,4647259170,1031166805,320190029.8,249251157,3697541248,3090568533
ATCG00420.1,742737779.1,1017890622,0,0,187479108,523619963
ATCG00430.1,1796429386,2232964798,106335714.6,0,799024064,1208279535
ATCG00470.1,17862971517,41968282958,363744075.5,360177566.1,6879300200,9453932461
ATCG00480.1,5.64E+11,8.75E+11,38850665699,29634515144,2.77E+11,3.79E+11
ATCG00490.1,1.96E+12,3.22E+11,77660073757,64084351930,1.83E+12,1.54E+12
ATCG00500.2 ACCD,2815546306,576327114.9,89228731.33,0,1338937202,580824754.1
ATCG00520.1,975566434.5,1471623329,0,0,0,174400630.6
ATCG00540.1,1.15E+11,1.54E+11,4831199769,4082206443,50756845312,60082158555
ATCG00550.1,351025365.5,518191015.9,0,0,0,0
ATCG00560.1,279567839.2,710903537.5,34455158.87,0,217808754,283003319.3
ATCG00570.2 PSBF,7350017147,6065007530,3150847187,1076399416,5070827008,5489382835
ATCG00580.2 PSBE,1.13E+11,1.96E+11,6755446655,6883368173,50078597771,51002743922
ATCG00640.1,0,53588050.95,322679036.7,75750860.99,0,0
ATCG00650.1,3348724538,409601683.4,178335387.4,226416856.3,1641365968,1992506883
ATCG00660.1,2661930347,1974246253,0,0,758012360,178768785.7
ATCG00670.2 CLPP1,1177608420,16693887.94,25497192.61,0,1020023530,1055307754
ATCG00680.1,3.61E+11,5.98E+11,27952673383,29637943007,1.85E+11,1.84E+11
ATCG00700.1,387385295,955179192.5,41056313.3,78268273.69,188064000,0
ATCG00710.1,119449755,8582191733,4930397636,2696988162,2831997812,4387967603
ATCG00720.1,18720090891,14324498159,3159037911,4317356111,6802988896,17123176940
ATCG00730.1,9996414850,13679414971,721460812.6,388280672.9,11596576505,12445132677
ATCG00740.2 RPOA,299085839.3,88248845.89,0,0,140426652,32719255.9
ATCG00750.1,1362111460,619020309.3,340170260.1,45317000.45,759232241,1059565226
ATCG00770.1,4146809691,791514140.7,356205599.1,205785176.9,3567116613,1450412484
ATCG00780.1,5147468340,972342353.9,1847314924,1214260164,3868920808,2295164505
ATCG00790.1,2085287368,631297434.7,736613026.8,0,967766128,703910831
ATCG00800.1,6598693649,1191260217,1830180324,1269133960,5002813128,3856037544
ATCG00810.1,3013156058,584667828.4,21461967.26,111472762.9,2548820248,1180668413
ATCG00820.1,2866279783,396961820.3,0,0,1171822802,955001433.8
ATCG00830.1,4474033982,2331721061,670256771,200329465.6,2986028725,3184547832
ATCG00840.2 RPL23,1633473235,253570635.7,135649926.6,88365606.53,650157312,902171231.1
ATCG00860.1,185526088,12720806.94,0,0,0,0
ATCG00890.2 NDHB,39295018.46,85872296.75,0,0,105657536,129329180
ATCG00900.1,5844569972,1333218488,81620736.53,0,5009649488,4055889380
ATCG01010.2 NDHF,1371533919,1199324430,0,0,548253732,479050470.6
ATCG01020.1,810460207,158146274.5,143806110.3,0,0,71119375.35
ATCG01050.2,126065848.8,0,0,0,132134216,169594234.7
ATCG01060.1,57414190713,70694613303,6080190642,3801775807,18275946971,12529443405
ATCG01070.1,350833705.7,587368302.5,0,0,229838832,0
ATCG01090.1,1720978969,1579957093,0,111810659.3,780235390,482811451.2
ATCG01100.1,478499646.3,384285278,0,0,144976400,47940050.84
ATCG01110.1,4167901533,4090268868,0,0,1747943887,2557086578
ATCG01120.1,3325846434,591314618.7,270649856.7,58818366.19,1728131071,1126930629
ATCG01130.1,1624230624,806269507.3,0,72016604.5,84060942,162414503.5
ATMG00060.2  NAD5C,0,0,2547100556,2223645275,93192584,478396100.3
ATMG00070.2 sp,0,0,24708905062,31047917448,773124240,1558501854
ATMG00080.2,0,0,340097591,398815507.1,0,0
ATMG00090.2,0,0,432162868.9,712457045.2,0,0
ATMG00160.2 sp,24134016.72,37127393.16,20084561594,22025918432,1453358760,2082337549
ATMG00210.2,0,0,576371693.7,30277145.56,0,0
ATMG00220.2 tr,0,0,4831328770,5221915303,553830062,577565803.4
ATMG00270.2 tr,0,0,2819742216,2302849598,0,0
ATMG00285.2 sp,0,0,3141961083,1907174935,279661060,426624553.2
ATMG00290.2 tr,0,0,2490326741,3019645413,0,0
ATMG00410.2 sp,0,0,0,36691325.12,0,0
ATMG00480.1,0,11096233.98,34095648774,37091566083,1351754356,1472554201
ATMG00510.2 tr,11215948.95,14651978.66,39669537859,47455984386,1391708664,1791903163
ATMG00516.2,0,0,259305031.3,950467717.8,145752444,463375061.5
ATMG00560.2 tr,0,0,499473370,287609757.8,0,0
ATMG00580.2 tr,0,0,1455440122,2212961320,322463696,459345881.3
ATMG00640.2 sp,2659505.416,12116381.26,16839179869,14305675368,559548726,2755933411
ATMG00730.2 sp,0,0,146458418.7,0,22462040,31183347.07
ATMG00830.2 tr,0,0,0,171078255.8,0,0
ATMG00980.2 sp,414129349.7,95231563.16,413154013.8,287554400.5,95762320,0
ATMG00990.2 sp,0,0,389577998.4,567977092.6,0,0
ATMG01080.2 sp,347479007.5,0,368226846.3,4431725413,0,212431625
ATMG01190.2 sp,1217219999,1214020306,6.13E+11,6.55E+11,29103159031,39789430112
ATMG01270.2 tr,0,0,381551748.8,334579212.8,0,0